pdb_id,pdb_file,pdb_path,chain_count,min_chain_length,max_chain_length,resolution,receptor_chain,ligand_chain,split
1a22,1a22_complex.pdb,C:\Users\86198\Desktop\P-P\03_dataset_split\train\1a22_complex.pdb,2,191,205,2.6,A,B,train
1ava,1ava_complex.pdb,C:\Users\86198\Desktop\P-P\03_dataset_split\train\1ava_complex.pdb,2,181,403,1.9,A,C,train
1avg,1avg_complex.pdb,C:\Users\86198\Desktop\P-P\03_dataset_split\train\1avg_complex.pdb,2,142,259,2.6,H,I,train
1ay7,1ay7_complex.pdb,C:\Users\86198\Desktop\P-P\03_dataset_split\train\1ay7_complex.pdb,2,89,96,1.7,A,B,train
1b2s,1b2s_complex.pdb,C:\Users\86198\Desktop\P-P\03_dataset_split\train\1b2s_complex.pdb,2,90,110,1.82,B,E,train
1bvn,1bvn_complex.pdb,C:\Users\86198\Desktop\P-P\03_dataset_split\train\1bvn_complex.pdb,2,71,496,2.5,P,T,train
1cn4,1cn4_complex.pdb,C:\Users\86198\Desktop\P-P\03_dataset_split\train\1cn4_complex.pdb,2,161,218,2.8,B,C,train
1de4,1de4_complex.pdb,C:\Users\86198\Desktop\P-P\03_dataset_split\train\1de4_complex.pdb,3,99,635,2.8,AB,C,train
1djs,1djs_complex.pdb,C:\Users\86198\Desktop\P-P\03_dataset_split\train\1djs_complex.pdb,2,134,212,2.4,A,B,train
1dp5,1dp5_complex.pdb,C:\Users\86198\Desktop\P-P\03_dataset_split\train\1dp5_complex.pdb,2,31,329,2.2,A,B,train
1du3,1du3_complex.pdb,C:\Users\86198\Desktop\P-P\03_dataset_split\train\1du3_complex.pdb,2,103,150,2.2,C,F,train
1e3u,1e3u_complex.pdb,C:\Users\86198\Desktop\P-P\03_dataset_split\train\1e3u_complex.pdb,2,243,245,1.66,B,D,train
1e6e,1e6e_complex.pdb,C:\Users\86198\Desktop\P-P\03_dataset_split\train\1e6e_complex.pdb,2,113,457,2.3,A,B,train
1eer,1eer_complex.pdb,C:\Users\86198\Desktop\P-P\03_dataset_split\train\1eer_complex.pdb,2,166,213,1.9,A,B,train
1efn,1efn_complex.pdb,C:\Users\86198\Desktop\P-P\03_dataset_split\train\1efn_complex.pdb,2,57,104,2.5,C,D,train
1es0,1es0_complex.pdb,C:\Users\86198\Desktop\P-P\03_dataset_split\train\1es0_complex.pdb,2,182,208,2.6,A,B,train
1ezu,1ezu_complex.pdb,C:\Users\86198\Desktop\P-P\03_dataset_split\train\1ezu_complex.pdb,2,140,223,2.4,B,C,train
1f3v,1f3v_complex.pdb,C:\Users\86198\Desktop\P-P\03_dataset_split\train\1f3v_complex.pdb,2,158,164,2.0,A,B,train
1fak,1fak_complex.pdb,C:\Users\86198\Desktop\P-P\03_dataset_split\train\1fak_complex.pdb,2,55,254,2.1,H,I,train
1fg9,1fg9_complex.pdb,C:\Users\86198\Desktop\P-P\03_dataset_split\train\1fg9_complex.pdb,2,127,212,2.9,A,C,train
1fle,1fle_complex.pdb,C:\Users\86198\Desktop\P-P\03_dataset_split\train\1fle_complex.pdb,2,47,240,1.9,E,I,train
1gcq,1gcq_complex.pdb,C:\Users\86198\Desktop\P-P\03_dataset_split\train\1gcq_complex.pdb,2,57,69,1.68,B,C,train
1gl0,1gl0_complex.pdb,C:\Users\86198\Desktop\P-P\03_dataset_split\train\1gl0_complex.pdb,2,32,245,3.0,E,I,train
1gla,1gla_complex.pdb,C:\Users\86198\Desktop\P-P\03_dataset_split\train\1gla_complex.pdb,2,168,496,2.6,F,G,train
1go4,1go4_complex.pdb,C:\Users\86198\Desktop\P-P\03_dataset_split\train\1go4_complex.pdb,2,87,195,2.05,B,F,train
1gpw,1gpw_complex.pdb,C:\Users\86198\Desktop\P-P\03_dataset_split\train\1gpw_complex.pdb,2,201,253,2.4,A,B,train
1hcf,1hcf_complex.pdb,C:\Users\86198\Desktop\P-P\03_dataset_split\train\1hcf_complex.pdb,2,101,127,2.7,A,X,train
1he8,1he8_complex.pdb,C:\Users\86198\Desktop\P-P\03_dataset_split\train\1he8_complex.pdb,2,166,797,3.0,A,B,train
1hia,1hia_complex.pdb,C:\Users\86198\Desktop\P-P\03_dataset_split\train\1hia_complex.pdb,3,48,150,2.4,AB,I,train
1i3o,1i3o_complex.pdb,C:\Users\86198\Desktop\P-P\03_dataset_split\train\1i3o_complex.pdb,3,101,144,2.7,CD,F,train
1i4d,1i4d_complex.pdb,C:\Users\86198\Desktop\P-P\03_dataset_split\train\1i4d_complex.pdb,2,177,200,2.5,A,D,train
1i4e,1i4e_complex.pdb,C:\Users\86198\Desktop\P-P\03_dataset_split\train\1i4e_complex.pdb,2,241,291,3.0,A,B,train
1i8l,1i8l_complex.pdb,C:\Users\86198\Desktop\P-P\03_dataset_split\train\1i8l_complex.pdb,2,118,199,3.0,A,C,train
1j7d,1j7d_complex.pdb,C:\Users\86198\Desktop\P-P\03_dataset_split\train\1j7d_complex.pdb,2,140,149,1.85,A,B,train
1jiw,1jiw_complex.pdb,C:\Users\86198\Desktop\P-P\03_dataset_split\train\1jiw_complex.pdb,2,105,470,1.74,P,I,train
1k93,1k93_complex.pdb,C:\Users\86198\Desktop\P-P\03_dataset_split\train\1k93_complex.pdb,2,143,489,2.95,A,D,train
1kac,1kac_complex.pdb,C:\Users\86198\Desktop\P-P\03_dataset_split\train\1kac_complex.pdb,2,124,185,2.6,A,B,train
1kgy,1kgy_complex.pdb,C:\Users\86198\Desktop\P-P\03_dataset_split\train\1kgy_complex.pdb,2,138,181,2.7,A,E,train
1kkl,1kkl_complex.pdb,C:\Users\86198\Desktop\P-P\03_dataset_split\train\1kkl_complex.pdb,2,86,177,2.8,C,H,train
1ktk,1ktk_complex.pdb,C:\Users\86198\Desktop\P-P\03_dataset_split\train\1ktk_complex.pdb,2,206,247,3.0,A,E,train
1lfd,1lfd_complex.pdb,C:\Users\86198\Desktop\P-P\03_dataset_split\train\1lfd_complex.pdb,2,87,167,2.1,C,D,train
1lqs,1lqs_complex.pdb,C:\Users\86198\Desktop\P-P\03_dataset_split\train\1lqs_complex.pdb,2,142,207,2.7,R,L,train
1lzw,1lzw_complex.pdb,C:\Users\86198\Desktop\P-P\03_dataset_split\train\1lzw_complex.pdb,2,91,146,2.5,A,B,train
1m1e,1m1e_complex.pdb,C:\Users\86198\Desktop\P-P\03_dataset_split\train\1m1e_complex.pdb,2,70,521,2.1,A,B,train
1mzw,1mzw_complex.pdb,C:\Users\86198\Desktop\P-P\03_dataset_split\train\1mzw_complex.pdb,2,31,173,2.0,A,B,train
1nf3,1nf3_complex.pdb,C:\Users\86198\Desktop\P-P\03_dataset_split\train\1nf3_complex.pdb,2,123,194,2.1,B,D,train
1nm5,1nm5_complex.pdb,C:\Users\86198\Desktop\P-P\03_dataset_split\train\1nm5_complex.pdb,2,174,358,2.4,B,C,train
1o94,1o94_complex.pdb,C:\Users\86198\Desktop\P-P\03_dataset_split\train\1o94_complex.pdb,3,189,729,2.0,A,CD,train
1oph,1oph_complex.pdb,C:\Users\86198\Desktop\P-P\03_dataset_split\train\1oph_complex.pdb,2,223,375,2.3,A,B,train
1p27,1p27_complex.pdb,C:\Users\86198\Desktop\P-P\03_dataset_split\train\1p27_complex.pdb,2,92,144,2.0,A,B,train
1pk1,1pk1_complex.pdb,C:\Users\86198\Desktop\P-P\03_dataset_split\train\1pk1_complex.pdb,2,64,67,1.8,C,D,train
1pvh,1pvh_complex.pdb,C:\Users\86198\Desktop\P-P\03_dataset_split\train\1pvh_complex.pdb,2,169,201,2.5,C,D,train
1r6q,1r6q_complex.pdb,C:\Users\86198\Desktop\P-P\03_dataset_split\train\1r6q_complex.pdb,2,91,142,2.35,B,D,train
1s1q,1s1q_complex.pdb,C:\Users\86198\Desktop\P-P\03_dataset_split\train\1s1q_complex.pdb,2,71,137,2.0,A,B,train
1s4y,1s4y_complex.pdb,C:\Users\86198\Desktop\P-P\03_dataset_split\train\1s4y_complex.pdb,2,95,112,2.3,C,D,train
1shz,1shz_complex.pdb,C:\Users\86198\Desktop\P-P\03_dataset_split\train\1shz_complex.pdb,2,217,327,2.85,D,F,train
1sv0,1sv0_complex.pdb,C:\Users\86198\Desktop\P-P\03_dataset_split\train\1sv0_complex.pdb,2,79,81,2.07,B,D,train
1t0p,1t0p_complex.pdb,C:\Users\86198\Desktop\P-P\03_dataset_split\train\1t0p_complex.pdb,2,86,174,1.66,A,B,train
1t44,1t44_complex.pdb,C:\Users\86198\Desktop\P-P\03_dataset_split\train\1t44_complex.pdb,2,144,370,2.0,G,A,train
1t6b,1t6b_complex.pdb,C:\Users\86198\Desktop\P-P\03_dataset_split\train\1t6b_complex.pdb,2,170,688,2.5,X,Y,train
1te1,1te1_complex.pdb,C:\Users\86198\Desktop\P-P\03_dataset_split\train\1te1_complex.pdb,2,190,274,2.5,A,B,train
1tm1,1tm1_complex.pdb,C:\Users\86198\Desktop\P-P\03_dataset_split\train\1tm1_complex.pdb,2,64,281,1.7,E,I,train
1u7f,1u7f_complex.pdb,C:\Users\86198\Desktop\P-P\03_dataset_split\train\1u7f_complex.pdb,2,191,196,2.6,A,B,train
1ul1,1ul1_complex.pdb,C:\Users\86198\Desktop\P-P\03_dataset_split\train\1ul1_complex.pdb,2,259,327,2.9,X,A,train
1us7,1us7_complex.pdb,C:\Users\86198\Desktop\P-P\03_dataset_split\train\1us7_complex.pdb,2,201,207,2.3,A,B,train
1usu,1usu_complex.pdb,C:\Users\86198\Desktop\P-P\03_dataset_split\train\1usu_complex.pdb,2,142,256,2.15,A,B,train
1v7p,1v7p_complex.pdb,C:\Users\86198\Desktop\P-P\03_dataset_split\train\1v7p_complex.pdb,3,127,193,1.9,AB,C,train
1vet,1vet_complex.pdb,C:\Users\86198\Desktop\P-P\03_dataset_split\train\1vet_complex.pdb,2,118,122,1.9,A,B,train
1w1w,1w1w_complex.pdb,C:\Users\86198\Desktop\P-P\03_dataset_split\train\1w1w_complex.pdb,2,79,345,2.9,C,G,train
1wdw,1wdw_complex.pdb,C:\Users\86198\Desktop\P-P\03_dataset_split\train\1wdw_complex.pdb,2,248,385,3.0,C,D,train
1wpx,1wpx_complex.pdb,C:\Users\86198\Desktop\P-P\03_dataset_split\train\1wpx_complex.pdb,2,219,421,2.7,A,B,train
1wr6,1wr6_complex.pdb,C:\Users\86198\Desktop\P-P\03_dataset_split\train\1wr6_complex.pdb,2,72,88,2.6,C,G,train
1wrd,1wrd_complex.pdb,C:\Users\86198\Desktop\P-P\03_dataset_split\train\1wrd_complex.pdb,2,76,98,1.75,A,B,train
1wve,1wve_complex.pdb,C:\Users\86198\Desktop\P-P\03_dataset_split\train\1wve_complex.pdb,2,75,515,1.85,A,C,train
1x75,1x75_complex.pdb,C:\Users\86198\Desktop\P-P\03_dataset_split\train\1x75_complex.pdb,2,101,132,2.8,B,D,train
1xd3,1xd3_complex.pdb,C:\Users\86198\Desktop\P-P\03_dataset_split\train\1xd3_complex.pdb,2,75,229,1.45,A,B,train
1xdt,1xdt_complex.pdb,C:\Users\86198\Desktop\P-P\03_dataset_split\train\1xdt_complex.pdb,2,41,535,2.65,T,R,train
1xt9,1xt9_complex.pdb,C:\Users\86198\Desktop\P-P\03_dataset_split\train\1xt9_complex.pdb,2,76,210,2.2,A,B,train
1xu1,1xu1_complex.pdb,C:\Users\86198\Desktop\P-P\03_dataset_split\train\1xu1_complex.pdb,2,36,137,1.9,B,S,train
1y6k,1y6k_complex.pdb,C:\Users\86198\Desktop\P-P\03_dataset_split\train\1y6k_complex.pdb,2,145,205,2.52,L,R,train
1y8n,1y8n_complex.pdb,C:\Users\86198\Desktop\P-P\03_dataset_split\train\1y8n_complex.pdb,2,102,389,2.6,A,B,train
1yc0,1yc0_complex.pdb,C:\Users\86198\Desktop\P-P\03_dataset_split\train\1yc0_complex.pdb,2,66,245,2.6,A,I,train
1ycs,1ycs_complex.pdb,C:\Users\86198\Desktop\P-P\03_dataset_split\train\1ycs_complex.pdb,2,191,193,2.2,A,B,train
1yrt,1yrt_complex.pdb,C:\Users\86198\Desktop\P-P\03_dataset_split\train\1yrt_complex.pdb,2,69,358,2.1,A,B,train
1yvb,1yvb_complex.pdb,C:\Users\86198\Desktop\P-P\03_dataset_split\train\1yvb_complex.pdb,2,111,241,2.7,A,I,train
1z7x,1z7x_complex.pdb,C:\Users\86198\Desktop\P-P\03_dataset_split\train\1z7x_complex.pdb,2,126,460,1.95,Z,Y,train
1z92,1z92_complex.pdb,C:\Users\86198\Desktop\P-P\03_dataset_split\train\1z92_complex.pdb,2,128,128,2.8,A,B,train
1zhi,1zhi_complex.pdb,C:\Users\86198\Desktop\P-P\03_dataset_split\train\1zhi_complex.pdb,2,125,205,2.7,A,B,train
1zm4,1zm4_complex.pdb,C:\Users\86198\Desktop\P-P\03_dataset_split\train\1zm4_complex.pdb,2,207,822,2.9,C,D,train
2aep,2aep_complex.pdb,C:\Users\86198\Desktop\P-P\03_dataset_split\train\2aep_complex.pdb,3,129,388,2.1,HL,A,train
2ajf,2ajf_complex.pdb,C:\Users\86198\Desktop\P-P\03_dataset_split\train\2ajf_complex.pdb,2,180,597,2.9,A,E,train
2arp,2arp_complex.pdb,C:\Users\86198\Desktop\P-P\03_dataset_split\train\2arp_complex.pdb,2,116,148,2.0,A,F,train
2ass,2ass_complex.pdb,C:\Users\86198\Desktop\P-P\03_dataset_split\train\2ass_complex.pdb,2,69,325,3.0,B,C,train
2aw2,2aw2_complex.pdb,C:\Users\86198\Desktop\P-P\03_dataset_split\train\2aw2_complex.pdb,2,102,107,2.8,X,Y,train
2aze,2aze_complex.pdb,C:\Users\86198\Desktop\P-P\03_dataset_split\train\2aze_complex.pdb,2,101,149,2.55,A,B,train
2b0z,2b0z_complex.pdb,C:\Users\86198\Desktop\P-P\03_dataset_split\train\2b0z_complex.pdb,2,108,294,2.7,A,B,train
2b42,2b42_complex.pdb,C:\Users\86198\Desktop\P-P\03_dataset_split\train\2b42_complex.pdb,2,184,376,2.5,A,B,train
2b4j,2b4j_complex.pdb,C:\Users\86198\Desktop\P-P\03_dataset_split\train\2b4j_complex.pdb,2,82,153,2.02,A,D,train
2b7c,2b7c_complex.pdb,C:\Users\86198\Desktop\P-P\03_dataset_split\train\2b7c_complex.pdb,2,90,437,1.8,A,B,train
2btf,2btf_complex.pdb,C:\Users\86198\Desktop\P-P\03_dataset_split\train\2btf_complex.pdb,2,139,373,2.55,A,P,train
2byk,2byk_complex.pdb,C:\Users\86198\Desktop\P-P\03_dataset_split\train\2byk_complex.pdb,2,66,92,2.4,C,D,train
2c0l,2c0l_complex.pdb,C:\Users\86198\Desktop\P-P\03_dataset_split\train\2c0l_complex.pdb,2,122,305,2.3,A,B,train
2c1t,2c1t_complex.pdb,C:\Users\86198\Desktop\P-P\03_dataset_split\train\2c1t_complex.pdb,2,45,423,2.6,B,D,train
2c7m,2c7m_complex.pdb,C:\Users\86198\Desktop\P-P\03_dataset_split\train\2c7m_complex.pdb,2,58,74,2.4,A,B,train
2cjs,2cjs_complex.pdb,C:\Users\86198\Desktop\P-P\03_dataset_split\train\2cjs_complex.pdb,2,54,163,1.78,A,C,train
2dsp,2dsp_complex.pdb,C:\Users\86198\Desktop\P-P\03_dataset_split\train\2dsp_complex.pdb,2,67,92,2.5,B,I,train
2dsq,2dsq_complex.pdb,C:\Users\86198\Desktop\P-P\03_dataset_split\train\2dsq_complex.pdb,3,63,87,2.8,IG,B,train
2efd,2efd_complex.pdb,C:\Users\86198\Desktop\P-P\03_dataset_split\train\2efd_complex.pdb,2,165,246,3.0,A,B,train
2es4,2es4_complex.pdb,C:\Users\86198\Desktop\P-P\03_dataset_split\train\2es4_complex.pdb,2,277,319,1.85,B,E,train
2f4m,2f4m_complex.pdb,C:\Users\86198\Desktop\P-P\03_dataset_split\train\2f4m_complex.pdb,2,61,295,1.85,A,B,train
2f5z,2f5z_complex.pdb,C:\Users\86198\Desktop\P-P\03_dataset_split\train\2f5z_complex.pdb,2,43,471,2.18,B,K,train
2f9z,2f9z_complex.pdb,C:\Users\86198\Desktop\P-P\03_dataset_split\train\2f9z_complex.pdb,2,159,201,2.4,A,C,train
2fdb,2fdb_complex.pdb,C:\Users\86198\Desktop\P-P\03_dataset_split\train\2fdb_complex.pdb,2,149,210,2.28,M,P,train
2fu5,2fu5_complex.pdb,C:\Users\86198\Desktop\P-P\03_dataset_split\train\2fu5_complex.pdb,2,117,176,2.0,A,D,train
2g2u,2g2u_complex.pdb,C:\Users\86198\Desktop\P-P\03_dataset_split\train\2g2u_complex.pdb,2,165,265,1.6,A,B,train
2gh0,2gh0_complex.pdb,C:\Users\86198\Desktop\P-P\03_dataset_split\train\2gh0_complex.pdb,2,100,200,1.92,C,A,train
2h62,2h62_complex.pdb,C:\Users\86198\Desktop\P-P\03_dataset_split\train\2h62_complex.pdb,3,84,104,1.85,AB,C,train
2hev,2hev_complex.pdb,C:\Users\86198\Desktop\P-P\03_dataset_split\train\2hev_complex.pdb,2,126,140,2.41,F,R,train
2hrk,2hrk_complex.pdb,C:\Users\86198\Desktop\P-P\03_dataset_split\train\2hrk_complex.pdb,2,121,177,2.05,A,B,train
2i26,2i26_complex.pdb,C:\Users\86198\Desktop\P-P\03_dataset_split\train\2i26_complex.pdb,2,118,129,2.5,N,L,train
2i3s,2i3s_complex.pdb,C:\Users\86198\Desktop\P-P\03_dataset_split\train\2i3s_complex.pdb,2,36,340,1.9,E,F,train
2ij0,2ij0_complex.pdb,C:\Users\86198\Desktop\P-P\03_dataset_split\train\2ij0_complex.pdb,2,118,191,2.25,A,E,train
2iy0,2iy0_complex.pdb,C:\Users\86198\Desktop\P-P\03_dataset_split\train\2iy0_complex.pdb,3,76,226,2.77,AB,C,train
2iyb,2iyb_complex.pdb,C:\Users\86198\Desktop\P-P\03_dataset_split\train\2iyb_complex.pdb,2,63,112,2.35,D,H,train
2j12,2j12_complex.pdb,C:\Users\86198\Desktop\P-P\03_dataset_split\train\2j12_complex.pdb,2,120,182,1.5,A,B,train
2j1k,2j1k_complex.pdb,C:\Users\86198\Desktop\P-P\03_dataset_split\train\2j1k_complex.pdb,2,117,182,2.3,Z,S,train
2j7p,2j7p_complex.pdb,C:\Users\86198\Desktop\P-P\03_dataset_split\train\2j7p_complex.pdb,2,265,292,1.97,A,D,train
2j8x,2j8x_complex.pdb,C:\Users\86198\Desktop\P-P\03_dataset_split\train\2j8x_complex.pdb,2,83,230,2.3,A,B,train
2jjs,2jjs_complex.pdb,C:\Users\86198\Desktop\P-P\03_dataset_split\train\2jjs_complex.pdb,2,115,119,1.85,B,D,train
2nqd,2nqd_complex.pdb,C:\Users\86198\Desktop\P-P\03_dataset_split\train\2nqd_complex.pdb,2,109,221,1.75,A,B,train
2nup,2nup_complex.pdb,C:\Users\86198\Desktop\P-P\03_dataset_split\train\2nup_complex.pdb,3,157,748,2.8,AB,C,train
2nyz,2nyz_complex.pdb,C:\Users\86198\Desktop\P-P\03_dataset_split\train\2nyz_complex.pdb,2,66,371,2.6,B,E,train
2o3b,2o3b_complex.pdb,C:\Users\86198\Desktop\P-P\03_dataset_split\train\2o3b_complex.pdb,2,135,241,2.3,A,B,train
2o8v,2o8v_complex.pdb,C:\Users\86198\Desktop\P-P\03_dataset_split\train\2o8v_complex.pdb,2,108,243,3.0,A,B,train
2omz,2omz_complex.pdb,C:\Users\86198\Desktop\P-P\03_dataset_split\train\2omz_complex.pdb,2,105,466,1.6,A,B,train
2oob,2oob_complex.pdb,C:\Users\86198\Desktop\P-P\03_dataset_split\train\2oob_complex.pdb,2,44,72,1.9,A,B,train
2ot3,2ot3_complex.pdb,C:\Users\86198\Desktop\P-P\03_dataset_split\train\2ot3_complex.pdb,2,166,253,2.1,A,B,train
2oza,2oza_complex.pdb,C:\Users\86198\Desktop\P-P\03_dataset_split\train\2oza_complex.pdb,2,340,348,2.7,A,B,train
2pjy,2pjy_complex.pdb,C:\Users\86198\Desktop\P-P\03_dataset_split\train\2pjy_complex.pdb,3,79,112,3.0,AC,B,train
2ptt,2ptt_complex.pdb,C:\Users\86198\Desktop\P-P\03_dataset_split\train\2ptt_complex.pdb,2,103,108,1.63,A,B,train
2q0o,2q0o_complex.pdb,C:\Users\86198\Desktop\P-P\03_dataset_split\train\2q0o_complex.pdb,2,86,235,2.0,A,C,train
2qc1,2qc1_complex.pdb,C:\Users\86198\Desktop\P-P\03_dataset_split\train\2qc1_complex.pdb,2,74,212,1.94,A,B,train
2qna,2qna_complex.pdb,C:\Users\86198\Desktop\P-P\03_dataset_split\train\2qna_complex.pdb,2,30,756,2.84,A,B,train
2v3b,2v3b_complex.pdb,C:\Users\86198\Desktop\P-P\03_dataset_split\train\2v3b_complex.pdb,2,53,381,2.45,A,B,train
2v5q,2v5q_complex.pdb,C:\Users\86198\Desktop\P-P\03_dataset_split\train\2v5q_complex.pdb,2,129,285,2.3,A,D,train
2v6x,2v6x_complex.pdb,C:\Users\86198\Desktop\P-P\03_dataset_split\train\2v6x_complex.pdb,2,37,80,1.98,A,B,train
2v9t,2v9t_complex.pdb,C:\Users\86198\Desktop\P-P\03_dataset_split\train\2v9t_complex.pdb,2,107,210,1.7,A,B,train
2vdb,2vdb_complex.pdb,C:\Users\86198\Desktop\P-P\03_dataset_split\train\2vdb_complex.pdb,2,55,579,2.52,A,B,train
2ve7,2ve7_complex.pdb,C:\Users\86198\Desktop\P-P\03_dataset_split\train\2ve7_complex.pdb,2,242,313,2.88,B,D,train
2vlo,2vlo_complex.pdb,C:\Users\86198\Desktop\P-P\03_dataset_split\train\2vlo_complex.pdb,2,90,132,1.8,A,B,train
2vsm,2vsm_complex.pdb,C:\Users\86198\Desktop\P-P\03_dataset_split\train\2vsm_complex.pdb,2,140,416,1.8,A,B,train
2w19,2w19_complex.pdb,C:\Users\86198\Desktop\P-P\03_dataset_split\train\2w19_complex.pdb,2,72,431,2.15,A,C,train
2w80,2w80_complex.pdb,C:\Users\86198\Desktop\P-P\03_dataset_split\train\2w80_complex.pdb,2,123,244,2.35,E,F,train
2wbj,2wbj_complex.pdb,C:\Users\86198\Desktop\P-P\03_dataset_split\train\2wbj_complex.pdb,4,178,270,3.0,CD,AB,train
2wel,2wel_complex.pdb,C:\Users\86198\Desktop\P-P\03_dataset_split\train\2wel_complex.pdb,2,145,308,1.9,A,D,train
2wg3,2wg3_complex.pdb,C:\Users\86198\Desktop\P-P\03_dataset_split\train\2wg3_complex.pdb,2,160,425,2.6,A,C,train
2wii,2wii_complex.pdb,C:\Users\86198\Desktop\P-P\03_dataset_split\train\2wii_complex.pdb,3,245,912,2.7,AB,C,train
2wjv,2wjv_complex.pdb,C:\Users\86198\Desktop\P-P\03_dataset_split\train\2wjv_complex.pdb,2,60,798,2.85,B,E,train
2wp3,2wp3_complex.pdb,C:\Users\86198\Desktop\P-P\03_dataset_split\train\2wp3_complex.pdb,2,97,99,1.48,O,T,train
2wus,2wus_complex.pdb,C:\Users\86198\Desktop\P-P\03_dataset_split\train\2wus_complex.pdb,2,82,333,2.9,B,S,train
2wy3,2wy3_complex.pdb,C:\Users\86198\Desktop\P-P\03_dataset_split\train\2wy3_complex.pdb,2,137,176,1.8,A,B,train
2x1w,2x1w_complex.pdb,C:\Users\86198\Desktop\P-P\03_dataset_split\train\2x1w_complex.pdb,2,98,184,2.7,A,M,train
2x9a,2x9a_complex.pdb,C:\Users\86198\Desktop\P-P\03_dataset_split\train\2x9a_complex.pdb,2,61,90,2.47,C,D,train
2xgy,2xgy_complex.pdb,C:\Users\86198\Desktop\P-P\03_dataset_split\train\2xgy_complex.pdb,2,137,165,1.8,A,B,train
2xhe,2xhe_complex.pdb,C:\Users\86198\Desktop\P-P\03_dataset_split\train\2xhe_complex.pdb,2,220,567,2.8,A,B,train
2xqr,2xqr_complex.pdb,C:\Users\86198\Desktop\P-P\03_dataset_split\train\2xqr_complex.pdb,2,146,537,2.58,E,F,train
2y8t,2y8t_complex.pdb,C:\Users\86198\Desktop\P-P\03_dataset_split\train\2y8t_complex.pdb,2,36,405,1.95,D,E,train
2ygg,2ygg_complex.pdb,C:\Users\86198\Desktop\P-P\03_dataset_split\train\2ygg_complex.pdb,2,66,146,2.23,A,B,train
2yvj,2yvj_complex.pdb,C:\Users\86198\Desktop\P-P\03_dataset_split\train\2yvj_complex.pdb,2,106,402,1.9,A,B,train
2z3q,2z3q_complex.pdb,C:\Users\86198\Desktop\P-P\03_dataset_split\train\2z3q_complex.pdb,2,77,117,1.85,C,D,train
3a4s,3a4s_complex.pdb,C:\Users\86198\Desktop\P-P\03_dataset_split\train\3a4s_complex.pdb,2,74,159,2.7,B,C,train
3aon,3aon_complex.pdb,C:\Users\86198\Desktop\P-P\03_dataset_split\train\3aon_complex.pdb,2,99,180,2.0,A,B,train
3bik,3bik_complex.pdb,C:\Users\86198\Desktop\P-P\03_dataset_split\train\3bik_complex.pdb,2,116,212,2.65,A,B,train
3bow,3bow_complex.pdb,C:\Users\86198\Desktop\P-P\03_dataset_split\train\3bow_complex.pdb,3,71,682,2.4,AB,C,train
3bp8,3bp8_complex.pdb,C:\Users\86198\Desktop\P-P\03_dataset_split\train\3bp8_complex.pdb,2,75,395,2.85,B,D,train
3brt,3brt_complex.pdb,C:\Users\86198\Desktop\P-P\03_dataset_split\train\3brt_complex.pdb,2,39,62,2.25,A,D,train
3bs5,3bs5_complex.pdb,C:\Users\86198\Desktop\P-P\03_dataset_split\train\3bs5_complex.pdb,2,74,83,2.0,A,B,train
3c9a,3c9a_complex.pdb,C:\Users\86198\Desktop\P-P\03_dataset_split\train\3c9a_complex.pdb,2,48,207,1.6,B,D,train
3ch5,3ch5_complex.pdb,C:\Users\86198\Desktop\P-P\03_dataset_split\train\3ch5_complex.pdb,2,37,199,2.1,A,B,train
3cqc,3cqc_complex.pdb,C:\Users\86198\Desktop\P-P\03_dataset_split\train\3cqc_complex.pdb,2,225,258,2.53,A,B,train
3cqx,3cqx_complex.pdb,C:\Users\86198\Desktop\P-P\03_dataset_split\train\3cqx_complex.pdb,2,81,377,2.3,B,C,train
3d7t,3d7t_complex.pdb,C:\Users\86198\Desktop\P-P\03_dataset_split\train\3d7t_complex.pdb,2,263,276,2.9,A,B,train
3dbh,3dbh_complex.pdb,C:\Users\86198\Desktop\P-P\03_dataset_split\train\3dbh_complex.pdb,3,76,515,2.85,CD,J,train
3dgc,3dgc_complex.pdb,C:\Users\86198\Desktop\P-P\03_dataset_split\train\3dgc_complex.pdb,2,141,207,2.5,M,S,train
3eab,3eab_complex.pdb,C:\Users\86198\Desktop\P-P\03_dataset_split\train\3eab_complex.pdb,2,48,88,2.5,B,H,train
3ejj,3ejj_complex.pdb,C:\Users\86198\Desktop\P-P\03_dataset_split\train\3ejj_complex.pdb,2,148,277,2.4,A,X,train
3f1p,3f1p_complex.pdb,C:\Users\86198\Desktop\P-P\03_dataset_split\train\3f1p_complex.pdb,2,111,114,1.17,A,B,train
3f4y,3f4y_complex.pdb,C:\Users\86198\Desktop\P-P\03_dataset_split\train\3f4y_complex.pdb,2,36,38,2.0,C,F,train
3f5c,3f5c_complex.pdb,C:\Users\86198\Desktop\P-P\03_dataset_split\train\3f5c_complex.pdb,2,183,243,3.0,A,B,train
3f7p,3f7p_complex.pdb,C:\Users\86198\Desktop\P-P\03_dataset_split\train\3f7p_complex.pdb,2,205,231,2.75,B,D,train
3ff7,3ff7_complex.pdb,C:\Users\86198\Desktop\P-P\03_dataset_split\train\3ff7_complex.pdb,2,100,112,1.8,B,D,train
3fhc,3fhc_complex.pdb,C:\Users\86198\Desktop\P-P\03_dataset_split\train\3fhc_complex.pdb,2,224,397,2.8,A,B,train
3fie,3fie_complex.pdb,C:\Users\86198\Desktop\P-P\03_dataset_split\train\3fie_complex.pdb,2,33,415,2.1,A,C,train
3fpu,3fpu_complex.pdb,C:\Users\86198\Desktop\P-P\03_dataset_split\train\3fpu_complex.pdb,2,66,100,1.76,A,B,train
3fxd,3fxd_complex.pdb,C:\Users\86198\Desktop\P-P\03_dataset_split\train\3fxd_complex.pdb,2,49,58,2.1,A,B,train
3g9v,3g9v_complex.pdb,C:\Users\86198\Desktop\P-P\03_dataset_split\train\3g9v_complex.pdb,2,139,198,2.76,C,D,train
3g9w,3g9w_complex.pdb,C:\Users\86198\Desktop\P-P\03_dataset_split\train\3g9w_complex.pdb,2,40,217,2.17,A,D,train
3gb8,3gb8_complex.pdb,C:\Users\86198\Desktop\P-P\03_dataset_split\train\3gb8_complex.pdb,2,268,993,2.9,A,B,train
3gc3,3gc3_complex.pdb,C:\Users\86198\Desktop\P-P\03_dataset_split\train\3gc3_complex.pdb,2,348,380,2.2,A,B,train
3gni,3gni_complex.pdb,C:\Users\86198\Desktop\P-P\03_dataset_split\train\3gni_complex.pdb,2,309,335,2.35,A,B,train
3h2u,3h2u_complex.pdb,C:\Users\86198\Desktop\P-P\03_dataset_split\train\3h2u_complex.pdb,2,182,279,2.75,A,B,train
3h6s,3h6s_complex.pdb,C:\Users\86198\Desktop\P-P\03_dataset_split\train\3h6s_complex.pdb,2,150,220,2.22,B,F,train
3hct,3hct_complex.pdb,C:\Users\86198\Desktop\P-P\03_dataset_split\train\3hct_complex.pdb,2,104,148,2.1,A,B,train
3he6,3he6_complex.pdb,C:\Users\86198\Desktop\P-P\03_dataset_split\train\3he6_complex.pdb,4,99,292,2.9,AB,CD,train
3hg0,3hg0_complex.pdb,C:\Users\86198\Desktop\P-P\03_dataset_split\train\3hg0_complex.pdb,2,124,137,2.1,A,D,train
3hpw,3hpw_complex.pdb,C:\Users\86198\Desktop\P-P\03_dataset_split\train\3hpw_complex.pdb,2,33,101,1.45,B,C,train
3htu,3htu_complex.pdb,C:\Users\86198\Desktop\P-P\03_dataset_split\train\3htu_complex.pdb,2,35,75,2.0,A,B,train
3hug,3hug_complex.pdb,C:\Users\86198\Desktop\P-P\03_dataset_split\train\3hug_complex.pdb,2,64,77,2.35,I,J,train
3idb,3idb_complex.pdb,C:\Users\86198\Desktop\P-P\03_dataset_split\train\3idb_complex.pdb,2,158,341,1.62,A,B,train
3ixe,3ixe_complex.pdb,C:\Users\86198\Desktop\P-P\03_dataset_split\train\3ixe_complex.pdb,2,70,171,1.9,A,B,train
3ixs,3ixs_complex.pdb,C:\Users\86198\Desktop\P-P\03_dataset_split\train\3ixs_complex.pdb,2,34,111,1.7,C,D,train
3jsv,3jsv_complex.pdb,C:\Users\86198\Desktop\P-P\03_dataset_split\train\3jsv_complex.pdb,3,76,86,2.7,CD,A,train
3k3q,3k3q_complex.pdb,C:\Users\86198\Desktop\P-P\03_dataset_split\train\3k3q_complex.pdb,3,137,249,2.6,BC,A,train
3k6g,3k6g_complex.pdb,C:\Users\86198\Desktop\P-P\03_dataset_split\train\3k6g_complex.pdb,2,31,92,1.95,C,F,train
3k8p,3k8p_complex.pdb,C:\Users\86198\Desktop\P-P\03_dataset_split\train\3k8p_complex.pdb,2,289,602,2.6,C,D,train
3k9m,3k9m_complex.pdb,C:\Users\86198\Desktop\P-P\03_dataset_split\train\3k9m_complex.pdb,2,98,254,2.61,A,C,train
3kbt,3kbt_complex.pdb,C:\Users\86198\Desktop\P-P\03_dataset_split\train\3kbt_complex.pdb,2,159,284,2.75,A,D,train
3knb,3knb_complex.pdb,C:\Users\86198\Desktop\P-P\03_dataset_split\train\3knb_complex.pdb,2,96,98,1.4,A,B,train
3kyi,3kyi_complex.pdb,C:\Users\86198\Desktop\P-P\03_dataset_split\train\3kyi_complex.pdb,2,127,134,2.8,A,B,train
3kz1,3kz1_complex.pdb,C:\Users\86198\Desktop\P-P\03_dataset_split\train\3kz1_complex.pdb,2,179,369,2.7,A,F,train
3l9j,3l9j_complex.pdb,C:\Users\86198\Desktop\P-P\03_dataset_split\train\3l9j_complex.pdb,2,134,149,2.1,C,T,train
3lb8,3lb8_complex.pdb,C:\Users\86198\Desktop\P-P\03_dataset_split\train\3lb8_complex.pdb,2,103,417,2.6,B,D,train
3lbx,3lbx_complex.pdb,C:\Users\86198\Desktop\P-P\03_dataset_split\train\3lbx_complex.pdb,2,140,184,2.8,A,B,train
3lh2,3lh2_complex.pdb,C:\Users\86198\Desktop\P-P\03_dataset_split\train\3lh2_complex.pdb,3,66,131,2.65,HL,S,train
3lk3,3lk3_complex.pdb,C:\Users\86198\Desktop\P-P\03_dataset_split\train\3lk3_complex.pdb,3,49,270,2.68,AB,T,train
3m0a,3m0a_complex.pdb,C:\Users\86198\Desktop\P-P\03_dataset_split\train\3m0a_complex.pdb,2,62,74,2.61,C,D,train
3m18,3m18_complex.pdb,C:\Users\86198\Desktop\P-P\03_dataset_split\train\3m18_complex.pdb,2,127,245,1.95,A,B,train
3m63,3m63_complex.pdb,C:\Users\86198\Desktop\P-P\03_dataset_split\train\3m63_complex.pdb,2,72,957,2.4,A,B,train
3me2,3me2_complex.pdb,C:\Users\86198\Desktop\P-P\03_dataset_split\train\3me2_complex.pdb,2,156,166,2.8,A,R,train
3mzg,3mzg_complex.pdb,C:\Users\86198\Desktop\P-P\03_dataset_split\train\3mzg_complex.pdb,2,186,206,2.1,A,B,train
3noc,3noc_complex.pdb,C:\Users\86198\Desktop\P-P\03_dataset_split\train\3noc_complex.pdb,2,154,1032,2.7,B,D,train
3nvn,3nvn_complex.pdb,C:\Users\86198\Desktop\P-P\03_dataset_split\train\3nvn_complex.pdb,2,383,474,2.26,A,B,train
3nvq,3nvq_complex.pdb,C:\Users\86198\Desktop\P-P\03_dataset_split\train\3nvq_complex.pdb,2,474,588,2.4,A,B,train
3o5t,3o5t_complex.pdb,C:\Users\86198\Desktop\P-P\03_dataset_split\train\3o5t_complex.pdb,2,112,295,2.09,A,B,train
3oiq,3oiq_complex.pdb,C:\Users\86198\Desktop\P-P\03_dataset_split\train\3oiq_complex.pdb,2,30,212,2.4,A,B,train
3ojm,3ojm_complex.pdb,C:\Users\86198\Desktop\P-P\03_dataset_split\train\3ojm_complex.pdb,2,145,211,2.1,A,B,train
3oky,3oky_complex.pdb,C:\Users\86198\Desktop\P-P\03_dataset_split\train\3oky_complex.pdb,2,542,621,2.19,A,B,train
3ol2,3ol2_complex.pdb,C:\Users\86198\Desktop\P-P\03_dataset_split\train\3ol2_complex.pdb,2,511,625,2.99,A,B,train
3olm,3olm_complex.pdb,C:\Users\86198\Desktop\P-P\03_dataset_split\train\3olm_complex.pdb,2,74,420,2.5,A,D,train
3ona,3ona_complex.pdb,C:\Users\86198\Desktop\P-P\03_dataset_split\train\3ona_complex.pdb,2,66,158,2.6,A,B,train
3onl,3onl_complex.pdb,C:\Users\86198\Desktop\P-P\03_dataset_split\train\3onl_complex.pdb,2,95,140,2.2,A,C,train
3orv,3orv_complex.pdb,C:\Users\86198\Desktop\P-P\03_dataset_split\train\3orv_complex.pdb,3,123,376,1.91,A,CD,train
3oun,3oun_complex.pdb,C:\Users\86198\Desktop\P-P\03_dataset_split\train\3oun_complex.pdb,2,91,256,2.71,A,B,train
3p71,3p71_complex.pdb,C:\Users\86198\Desktop\P-P\03_dataset_split\train\3p71_complex.pdb,2,303,315,2.7,T,C,train
3p8m,3p8m_complex.pdb,C:\Users\86198\Desktop\P-P\03_dataset_split\train\3p8m_complex.pdb,2,43,87,2.9,A,D,train
3p9w,3p9w_complex.pdb,C:\Users\86198\Desktop\P-P\03_dataset_split\train\3p9w_complex.pdb,2,97,122,2.41,E,F,train
3q9n,3q9n_complex.pdb,C:\Users\86198\Desktop\P-P\03_dataset_split\train\3q9n_complex.pdb,2,141,157,2.0,A,C,train
3qhy,3qhy_complex.pdb,C:\Users\86198\Desktop\P-P\03_dataset_split\train\3qhy_complex.pdb,2,258,271,2.06,A,B,train
3qlu,3qlu_complex.pdb,C:\Users\86198\Desktop\P-P\03_dataset_split\train\3qlu_complex.pdb,2,374,382,2.91,A,C,train
3qq8,3qq8_complex.pdb,C:\Users\86198\Desktop\P-P\03_dataset_split\train\3qq8_complex.pdb,2,80,177,2.0,A,B,train
3qwq,3qwq_complex.pdb,C:\Users\86198\Desktop\P-P\03_dataset_split\train\3qwq_complex.pdb,2,100,613,2.75,A,B,train
3r9a,3r9a_complex.pdb,C:\Users\86198\Desktop\P-P\03_dataset_split\train\3r9a_complex.pdb,2,299,388,2.35,C,D,train
3rbb,3rbb_complex.pdb,C:\Users\86198\Desktop\P-P\03_dataset_split\train\3rbb_complex.pdb,2,58,140,2.35,C,D,train
3rgf,3rgf_complex.pdb,C:\Users\86198\Desktop\P-P\03_dataset_split\train\3rgf_complex.pdb,2,266,339,2.2,A,B,train
3rpg,3rpg_complex.pdb,C:\Users\86198\Desktop\P-P\03_dataset_split\train\3rpg_complex.pdb,3,99,149,2.65,BC,A,train
3rt0,3rt0_complex.pdb,C:\Users\86198\Desktop\P-P\03_dataset_split\train\3rt0_complex.pdb,2,172,331,2.11,A,C,train
3s2k,3s2k_complex.pdb,C:\Users\86198\Desktop\P-P\03_dataset_split\train\3s2k_complex.pdb,2,85,619,2.8,B,C,train
3sf4,3sf4_complex.pdb,C:\Users\86198\Desktop\P-P\03_dataset_split\train\3sf4_complex.pdb,2,45,362,2.6,A,D,train
3sgb,3sgb_complex.pdb,C:\Users\86198\Desktop\P-P\03_dataset_split\train\3sgb_complex.pdb,2,50,185,1.8,E,I,train
3sja,3sja_complex.pdb,C:\Users\86198\Desktop\P-P\03_dataset_split\train\3sja_complex.pdb,2,61,351,3.0,B,D,train
3t0y,3t0y_complex.pdb,C:\Users\86198\Desktop\P-P\03_dataset_split\train\3t0y_complex.pdb,2,31,126,2.1,C,D,train
3t6g,3t6g_complex.pdb,C:\Users\86198\Desktop\P-P\03_dataset_split\train\3t6g_complex.pdb,2,134,313,2.5,A,B,train
3tl8,3tl8_complex.pdb,C:\Users\86198\Desktop\P-P\03_dataset_split\train\3tl8_complex.pdb,2,88,306,2.5,D,F,train
3tq7,3tq7_complex.pdb,C:\Users\86198\Desktop\P-P\03_dataset_split\train\3tq7_complex.pdb,2,60,71,2.3,B,P,train
3tu3,3tu3_complex.pdb,C:\Users\86198\Desktop\P-P\03_dataset_split\train\3tu3_complex.pdb,2,119,564,1.92,A,B,train
3tvj,3tvj_complex.pdb,C:\Users\86198\Desktop\P-P\03_dataset_split\train\3tvj_complex.pdb,3,35,242,1.28,AB,I,train
3twi,3twi_complex.pdb,C:\Users\86198\Desktop\P-P\03_dataset_split\train\3twi_complex.pdb,2,117,136,2.55,C,F,train
3uir,3uir_complex.pdb,C:\Users\86198\Desktop\P-P\03_dataset_split\train\3uir_complex.pdb,2,57,247,2.78,B,D,train
3ujg,3ujg_complex.pdb,C:\Users\86198\Desktop\P-P\03_dataset_split\train\3ujg_complex.pdb,2,299,327,2.6,A,B,train
3ul4,3ul4_complex.pdb,C:\Users\86198\Desktop\P-P\03_dataset_split\train\3ul4_complex.pdb,2,63,142,1.95,A,B,train
3ux9,3ux9_complex.pdb,C:\Users\86198\Desktop\P-P\03_dataset_split\train\3ux9_complex.pdb,2,148,230,2.8,C,D,train
3uz0,3uz0_complex.pdb,C:\Users\86198\Desktop\P-P\03_dataset_split\train\3uz0_complex.pdb,2,112,140,2.82,A,B,train
3v1c,3v1c_complex.pdb,C:\Users\86198\Desktop\P-P\03_dataset_split\train\3v1c_complex.pdb,2,46,47,1.13,A,B,train
3vv2,3vv2_complex.pdb,C:\Users\86198\Desktop\P-P\03_dataset_split\train\3vv2_complex.pdb,2,65,320,1.83,A,B,train
3vys,3vys_complex.pdb,C:\Users\86198\Desktop\P-P\03_dataset_split\train\3vys_complex.pdb,3,53,368,2.35,AB,C,train
3vza,3vza_complex.pdb,C:\Users\86198\Desktop\P-P\03_dataset_split\train\3vza_complex.pdb,3,31,99,1.9,BD,F,train
3w6j,3w6j_complex.pdb,C:\Users\86198\Desktop\P-P\03_dataset_split\train\3w6j_complex.pdb,2,146,170,2.6,D,F,train
3wn5,3wn5_complex.pdb,C:\Users\86198\Desktop\P-P\03_dataset_split\train\3wn5_complex.pdb,3,171,212,2.78,AB,C,train
3wqb,3wqb_complex.pdb,C:\Users\86198\Desktop\P-P\03_dataset_split\train\3wqb_complex.pdb,2,99,597,1.41,A,B,train
3wrx,3wrx_complex.pdb,C:\Users\86198\Desktop\P-P\03_dataset_split\train\3wrx_complex.pdb,2,424,437,2.5,B,D,train
3wwn,3wwn_complex.pdb,C:\Users\86198\Desktop\P-P\03_dataset_split\train\3wwn_complex.pdb,2,54,269,1.85,A,B,train
3zet,3zet_complex.pdb,C:\Users\86198\Desktop\P-P\03_dataset_split\train\3zet_complex.pdb,2,229,337,2.31,A,B,train
3zkq,3zkq_complex.pdb,C:\Users\86198\Desktop\P-P\03_dataset_split\train\3zkq_complex.pdb,2,113,386,1.51,A,D,train
3znz,3znz_complex.pdb,C:\Users\86198\Desktop\P-P\03_dataset_split\train\3znz_complex.pdb,2,146,274,1.9,A,B,train
3zuv,3zuv_complex.pdb,C:\Users\86198\Desktop\P-P\03_dataset_split\train\3zuv_complex.pdb,2,122,357,2.72,C,D,train
3zv0,3zv0_complex.pdb,C:\Users\86198\Desktop\P-P\03_dataset_split\train\3zv0_complex.pdb,2,161,340,2.8,A,C,train
3zwh,3zwh_complex.pdb,C:\Users\86198\Desktop\P-P\03_dataset_split\train\3zwh_complex.pdb,2,43,93,1.94,A,Q,train
3zwl,3zwl_complex.pdb,C:\Users\86198\Desktop\P-P\03_dataset_split\train\3zwl_complex.pdb,2,39,352,2.2,D,F,train
3zyi,3zyi_complex.pdb,C:\Users\86198\Desktop\P-P\03_dataset_split\train\3zyi_complex.pdb,2,330,398,2.6,A,B,train
4a49,4a49_complex.pdb,C:\Users\86198\Desktop\P-P\03_dataset_split\train\4a49_complex.pdb,2,76,146,2.21,A,B,train
4afq,4afq_complex.pdb,C:\Users\86198\Desktop\P-P\03_dataset_split\train\4afq_complex.pdb,2,61,226,1.51,A,C,train
4ap2,4ap2_complex.pdb,C:\Users\86198\Desktop\P-P\03_dataset_split\train\4ap2_complex.pdb,2,270,365,2.8,A,B,train
4aqe,4aqe_complex.pdb,C:\Users\86198\Desktop\P-P\03_dataset_split\train\4aqe_complex.pdb,2,206,238,2.27,A,B,train
4awx,4awx_complex.pdb,C:\Users\86198\Desktop\P-P\03_dataset_split\train\4awx_complex.pdb,2,63,259,2.3,A,B,train
4b0m,4b0m_complex.pdb,C:\Users\86198\Desktop\P-P\03_dataset_split\train\4b0m_complex.pdb,3,135,216,1.8,BM,A,train
4bkx,4bkx_complex.pdb,C:\Users\86198\Desktop\P-P\03_dataset_split\train\4bkx_complex.pdb,2,169,369,3.0,A,B,train
4brw,4brw_complex.pdb,C:\Users\86198\Desktop\P-P\03_dataset_split\train\4brw_complex.pdb,2,30,376,2.8,A,B,train
4byf,4byf_complex.pdb,C:\Users\86198\Desktop\P-P\03_dataset_split\train\4byf_complex.pdb,2,148,711,2.74,C,D,train
4c1n,4c1n_complex.pdb,C:\Users\86198\Desktop\P-P\03_dataset_split\train\4c1n_complex.pdb,3,309,509,2.53,CD,J,train
4c2a,4c2a_complex.pdb,C:\Users\86198\Desktop\P-P\03_dataset_split\train\4c2a_complex.pdb,2,202,266,2.08,A,B,train
4c5g,4c5g_complex.pdb,C:\Users\86198\Desktop\P-P\03_dataset_split\train\4c5g_complex.pdb,2,30,445,2.1,A,B,train
4c7n,4c7n_complex.pdb,C:\Users\86198\Desktop\P-P\03_dataset_split\train\4c7n_complex.pdb,2,47,51,2.1,A,B,train
4c9b,4c9b_complex.pdb,C:\Users\86198\Desktop\P-P\03_dataset_split\train\4c9b_complex.pdb,2,284,391,2.0,A,B,train
4cc4,4cc4_complex.pdb,C:\Users\86198\Desktop\P-P\03_dataset_split\train\4cc4_complex.pdb,2,64,263,2.6,C,D,train
4cdk,4cdk_complex.pdb,C:\Users\86198\Desktop\P-P\03_dataset_split\train\4cdk_complex.pdb,2,107,155,2.8,C,G,train
4cj1,4cj1_complex.pdb,C:\Users\86198\Desktop\P-P\03_dataset_split\train\4cj1_complex.pdb,2,67,544,1.63,A,B,train
4ct0,4ct0_complex.pdb,C:\Users\86198\Desktop\P-P\03_dataset_split\train\4ct0_complex.pdb,2,96,494,2.45,A,B,train
4cvw,4cvw_complex.pdb,C:\Users\86198\Desktop\P-P\03_dataset_split\train\4cvw_complex.pdb,2,101,883,2.67,A,C,train
4dbg,4dbg_complex.pdb,C:\Users\86198\Desktop\P-P\03_dataset_split\train\4dbg_complex.pdb,2,82,146,2.71,A,B,train
4dck,4dck_complex.pdb,C:\Users\86198\Desktop\P-P\03_dataset_split\train\4dck_complex.pdb,3,145,153,2.2,BC,A,train
4doh,4doh_complex.pdb,C:\Users\86198\Desktop\P-P\03_dataset_split\train\4doh_complex.pdb,3,153,204,2.8,BR,A,train
4dpg,4dpg_complex.pdb,C:\Users\86198\Desktop\P-P\03_dataset_split\train\4dpg_complex.pdb,2,31,504,2.84,E,L,train
4dra,4dra_complex.pdb,C:\Users\86198\Desktop\P-P\03_dataset_split\train\4dra_complex.pdb,2,74,98,2.41,C,G,train
4dt1,4dt1_complex.pdb,C:\Users\86198\Desktop\P-P\03_dataset_split\train\4dt1_complex.pdb,2,213,232,1.9,A,B,train
4dx8,4dx8_complex.pdb,C:\Users\86198\Desktop\P-P\03_dataset_split\train\4dx8_complex.pdb,2,120,139,2.54,E,K,train
4dzu,4dzu_complex.pdb,C:\Users\86198\Desktop\P-P\03_dataset_split\train\4dzu_complex.pdb,2,38,198,2.1,A,B,train
4eee,4eee_complex.pdb,C:\Users\86198\Desktop\P-P\03_dataset_split\train\4eee_complex.pdb,2,115,156,2.71,C,D,train
4eef,4eef_complex.pdb,C:\Users\86198\Desktop\P-P\03_dataset_split\train\4eef_complex.pdb,3,45,325,2.7,AB,G,train
4eig,4eig_complex.pdb,C:\Users\86198\Desktop\P-P\03_dataset_split\train\4eig_complex.pdb,2,117,159,2.5,A,B,train
4eoz,4eoz_complex.pdb,C:\Users\86198\Desktop\P-P\03_dataset_split\train\4eoz_complex.pdb,2,116,283,2.4,C,D,train
4eqa,4eqa_complex.pdb,C:\Users\86198\Desktop\P-P\03_dataset_split\train\4eqa_complex.pdb,2,146,150,1.6,A,C,train
4etp,4etp_complex.pdb,C:\Users\86198\Desktop\P-P\03_dataset_split\train\4etp_complex.pdb,2,307,384,2.3,A,B,train
4euk,4euk_complex.pdb,C:\Users\86198\Desktop\P-P\03_dataset_split\train\4euk_complex.pdb,2,147,152,1.95,A,B,train
4exp,4exp_complex.pdb,C:\Users\86198\Desktop\P-P\03_dataset_split\train\4exp_complex.pdb,2,171,283,2.8,A,X,train
4f0z,4f0z_complex.pdb,C:\Users\86198\Desktop\P-P\03_dataset_split\train\4f0z_complex.pdb,3,30,357,1.7,AB,C,train
4f48,4f48_complex.pdb,C:\Users\86198\Desktop\P-P\03_dataset_split\train\4f48_complex.pdb,2,99,241,3.0,A,B,train
4f6r,4f6r_complex.pdb,C:\Users\86198\Desktop\P-P\03_dataset_split\train\4f6r_complex.pdb,3,79,437,2.64,AB,C,train
4fzv,4fzv_complex.pdb,C:\Users\86198\Desktop\P-P\03_dataset_split\train\4fzv_complex.pdb,2,207,340,2.0,A,B,train
4g59,4g59_complex.pdb,C:\Users\86198\Desktop\P-P\03_dataset_split\train\4g59_complex.pdb,2,172,264,2.44,A,C,train
4g6u,4g6u_complex.pdb,C:\Users\86198\Desktop\P-P\03_dataset_split\train\4g6u_complex.pdb,2,160,205,2.35,A,B,train
4g6v,4g6v_complex.pdb,C:\Users\86198\Desktop\P-P\03_dataset_split\train\4g6v_complex.pdb,2,103,132,2.64,A,B,train
4geh,4geh_complex.pdb,C:\Users\86198\Desktop\P-P\03_dataset_split\train\4geh_complex.pdb,2,69,198,1.95,C,D,train
4h2w,4h2w_complex.pdb,C:\Users\86198\Desktop\P-P\03_dataset_split\train\4h2w_complex.pdb,2,75,295,1.95,A,D,train
4h5s,4h5s_complex.pdb,C:\Users\86198\Desktop\P-P\03_dataset_split\train\4h5s_complex.pdb,2,96,100,1.7,A,B,train
4hcn,4hcn_complex.pdb,C:\Users\86198\Desktop\P-P\03_dataset_split\train\4hcn_complex.pdb,2,77,250,2.6,A,B,train
4hdo,4hdo_complex.pdb,C:\Users\86198\Desktop\P-P\03_dataset_split\train\4hdo_complex.pdb,2,167,314,1.67,A,B,train
4hfk,4hfk_complex.pdb,C:\Users\86198\Desktop\P-P\03_dataset_split\train\4hfk_complex.pdb,2,98,160,2.1,A,B,train
4hh3,4hh3_complex.pdb,C:\Users\86198\Desktop\P-P\03_dataset_split\train\4hh3_complex.pdb,2,217,251,1.75,A,C,train
4hx3,4hx3_complex.pdb,C:\Users\86198\Desktop\P-P\03_dataset_split\train\4hx3_complex.pdb,2,114,133,2.7,G,H,train
4i0c,4i0c_complex.pdb,C:\Users\86198\Desktop\P-P\03_dataset_split\train\4i0c_complex.pdb,2,127,130,1.95,A,D,train
4i6l,4i6l_complex.pdb,C:\Users\86198\Desktop\P-P\03_dataset_split\train\4i6l_complex.pdb,2,75,229,2.49,A,B,train
4ilg,4ilg_complex.pdb,C:\Users\86198\Desktop\P-P\03_dataset_split\train\4ilg_complex.pdb,3,245,321,2.1,BC,A,train
4ilw,4ilw_complex.pdb,C:\Users\86198\Desktop\P-P\03_dataset_split\train\4ilw_complex.pdb,2,159,182,2.1,A,D,train
4imy,4imy_complex.pdb,C:\Users\86198\Desktop\P-P\03_dataset_split\train\4imy_complex.pdb,2,33,250,2.94,B,G,train
4iu3,4iu3_complex.pdb,C:\Users\86198\Desktop\P-P\03_dataset_split\train\4iu3_complex.pdb,2,207,236,1.97,A,B,train
4iyp,4iyp_complex.pdb,C:\Users\86198\Desktop\P-P\03_dataset_split\train\4iyp_complex.pdb,2,146,202,2.8,A,C,train
4j2y,4j2y_complex.pdb,C:\Users\86198\Desktop\P-P\03_dataset_split\train\4j2y_complex.pdb,2,174,223,2.0,A,B,train
4j6g,4j6g_complex.pdb,C:\Users\86198\Desktop\P-P\03_dataset_split\train\4j6g_complex.pdb,2,149,162,2.4,B,D,train
4jeg,4jeg_complex.pdb,C:\Users\86198\Desktop\P-P\03_dataset_split\train\4jeg_complex.pdb,2,93,118,2.3,A,B,train
4jgh,4jgh_complex.pdb,C:\Users\86198\Desktop\P-P\03_dataset_split\train\4jgh_complex.pdb,3,96,378,3.0,AC,D,train
4jmf,4jmf_complex.pdb,C:\Users\86198\Desktop\P-P\03_dataset_split\train\4jmf_complex.pdb,2,50,116,2.1,A,B,train
4jw3,4jw3_complex.pdb,C:\Users\86198\Desktop\P-P\03_dataset_split\train\4jw3_complex.pdb,2,96,112,2.6,B,D,train
4k1r,4k1r_complex.pdb,C:\Users\86198\Desktop\P-P\03_dataset_split\train\4k1r_complex.pdb,2,77,189,1.63,A,B,train
4k5a,4k5a_complex.pdb,C:\Users\86198\Desktop\P-P\03_dataset_split\train\4k5a_complex.pdb,2,161,164,1.5,A,B,train
4k81,4k81_complex.pdb,C:\Users\86198\Desktop\P-P\03_dataset_split\train\4k81_complex.pdb,2,171,251,2.4,C,D,train
4kfz,4kfz_complex.pdb,C:\Users\86198\Desktop\P-P\03_dataset_split\train\4kfz_complex.pdb,2,127,148,2.8,B,D,train
4kjy,4kjy_complex.pdb,C:\Users\86198\Desktop\P-P\03_dataset_split\train\4kjy_complex.pdb,2,113,116,1.93,C,D,train
4kr0,4kr0_complex.pdb,C:\Users\86198\Desktop\P-P\03_dataset_split\train\4kr0_complex.pdb,2,208,728,2.7,A,B,train
4kt1,4kt1_complex.pdb,C:\Users\86198\Desktop\P-P\03_dataset_split\train\4kt1_complex.pdb,2,90,461,2.5,A,E,train
4kt3,4kt3_complex.pdb,C:\Users\86198\Desktop\P-P\03_dataset_split\train\4kt3_complex.pdb,2,127,146,1.44,A,B,train
4kt5,4kt5_complex.pdb,C:\Users\86198\Desktop\P-P\03_dataset_split\train\4kt5_complex.pdb,2,88,112,2.7,A,C,train
4lad,4lad_complex.pdb,C:\Users\86198\Desktop\P-P\03_dataset_split\train\4lad_complex.pdb,2,69,163,2.3,A,B,train
4llo,4llo_complex.pdb,C:\Users\86198\Desktop\P-P\03_dataset_split\train\4llo_complex.pdb,2,121,171,2.0,E,F,train
4lrz,4lrz_complex.pdb,C:\Users\86198\Desktop\P-P\03_dataset_split\train\4lrz_complex.pdb,2,211,294,2.32,D,E,train
4lxr,4lxr_complex.pdb,C:\Users\86198\Desktop\P-P\03_dataset_split\train\4lxr_complex.pdb,2,66,767,2.2,A,K,train
4m0w,4m0w_complex.pdb,C:\Users\86198\Desktop\P-P\03_dataset_split\train\4m0w_complex.pdb,2,76,317,1.4,A,B,train
4m5f,4m5f_complex.pdb,C:\Users\86198\Desktop\P-P\03_dataset_split\train\4m5f_complex.pdb,2,124,399,2.5,A,B,train
4mjs,4mjs_complex.pdb,C:\Users\86198\Desktop\P-P\03_dataset_split\train\4mjs_complex.pdb,2,88,88,2.5,W,X,train
4mne,4mne_complex.pdb,C:\Users\86198\Desktop\P-P\03_dataset_split\train\4mne_complex.pdb,2,272,285,2.85,D,C,train
4mqw,4mqw_complex.pdb,C:\Users\86198\Desktop\P-P\03_dataset_split\train\4mqw_complex.pdb,3,88,299,2.9,AB,X,train
4mrt,4mrt_complex.pdb,C:\Users\86198\Desktop\P-P\03_dataset_split\train\4mrt_complex.pdb,2,77,225,2.0,C,A,train
4nee,4nee_complex.pdb,C:\Users\86198\Desktop\P-P\03_dataset_split\train\4nee_complex.pdb,3,132,388,2.88,BD,C,train
4ng2,4ng2_complex.pdb,C:\Users\86198\Desktop\P-P\03_dataset_split\train\4ng2_complex.pdb,2,94,166,2.41,D,L,train
4nn6,4nn6_complex.pdb,C:\Users\86198\Desktop\P-P\03_dataset_split\train\4nn6_complex.pdb,3,101,196,2.54,AC,B,train
4noo,4noo_complex.pdb,C:\Users\86198\Desktop\P-P\03_dataset_split\train\4noo_complex.pdb,2,92,197,2.3,C,D,train
4nqw,4nqw_complex.pdb,C:\Users\86198\Desktop\P-P\03_dataset_split\train\4nqw_complex.pdb,2,73,149,2.4,A,B,train
4nst,4nst_complex.pdb,C:\Users\86198\Desktop\P-P\03_dataset_split\train\4nst_complex.pdb,2,246,330,2.2,A,B,train
4nzl,4nzl_complex.pdb,C:\Users\86198\Desktop\P-P\03_dataset_split\train\4nzl_complex.pdb,2,98,218,1.85,A,B,train
4o1q,4o1q_complex.pdb,C:\Users\86198\Desktop\P-P\03_dataset_split\train\4o1q_complex.pdb,3,124,376,2.59,CD,A,train
4ons,4ons_complex.pdb,C:\Users\86198\Desktop\P-P\03_dataset_split\train\4ons_complex.pdb,2,61,243,2.8,A,B,train
4ov6,4ov6_complex.pdb,C:\Users\86198\Desktop\P-P\03_dataset_split\train\4ov6_complex.pdb,3,92,294,2.69,AB,F,train
4oyd,4oyd_complex.pdb,C:\Users\86198\Desktop\P-P\03_dataset_split\train\4oyd_complex.pdb,2,117,156,1.8,A,B,train
4p1n,4p1n_complex.pdb,C:\Users\86198\Desktop\P-P\03_dataset_split\train\4p1n_complex.pdb,2,53,213,2.2,B,D,train
4p3y,4p3y_complex.pdb,C:\Users\86198\Desktop\P-P\03_dataset_split\train\4p3y_complex.pdb,2,181,386,2.15,A,B,train
4p6i,4p6i_complex.pdb,C:\Users\86198\Desktop\P-P\03_dataset_split\train\4p6i_complex.pdb,2,101,295,2.3,A,D,train
4pbv,4pbv_complex.pdb,C:\Users\86198\Desktop\P-P\03_dataset_split\train\4pbv_complex.pdb,2,198,258,2.5,B,D,train
4per,4per_complex.pdb,C:\Users\86198\Desktop\P-P\03_dataset_split\train\4per_complex.pdb,2,113,460,1.92,A,B,train
4pj2,4pj2_complex.pdb,C:\Users\86198\Desktop\P-P\03_dataset_split\train\4pj2_complex.pdb,2,122,125,1.24,B,C,train
4pj7,4pj7_complex.pdb,C:\Users\86198\Desktop\P-P\03_dataset_split\train\4pj7_complex.pdb,3,199,270,2.5,HG,A,train
4plo,4plo_complex.pdb,C:\Users\86198\Desktop\P-P\03_dataset_split\train\4plo_complex.pdb,2,204,417,2.9,B,A,train
4pw9,4pw9_complex.pdb,C:\Users\86198\Desktop\P-P\03_dataset_split\train\4pw9_complex.pdb,2,83,363,2.49,A,B,train
4qd2,4qd2_complex.pdb,C:\Users\86198\Desktop\P-P\03_dataset_split\train\4qd2_complex.pdb,4,143,286,2.4,ABD,E,train
4qlb,4qlb_complex.pdb,C:\Users\86198\Desktop\P-P\03_dataset_split\train\4qlb_complex.pdb,2,34,649,2.6,C,G,train
4qt8,4qt8_complex.pdb,C:\Users\86198\Desktop\P-P\03_dataset_split\train\4qt8_complex.pdb,2,243,651,3.0,A,C,train
4qxa,4qxa_complex.pdb,C:\Users\86198\Desktop\P-P\03_dataset_split\train\4qxa_complex.pdb,2,147,172,2.3,A,B,train
4r8i,4r8i_complex.pdb,C:\Users\86198\Desktop\P-P\03_dataset_split\train\4r8i_complex.pdb,1,68,68,2.05,A,B,train
4rs1,4rs1_complex.pdb,C:\Users\86198\Desktop\P-P\03_dataset_split\train\4rs1_complex.pdb,2,112,281,2.68,B,A,train
4s0s,4s0s_complex.pdb,C:\Users\86198\Desktop\P-P\03_dataset_split\train\4s0s_complex.pdb,2,94,287,2.8,B,E,train
4tq1,4tq1_complex.pdb,C:\Users\86198\Desktop\P-P\03_dataset_split\train\4tq1_complex.pdb,2,32,269,1.8,A,B,train
4u4c,4u4c_complex.pdb,C:\Users\86198\Desktop\P-P\03_dataset_split\train\4u4c_complex.pdb,2,56,930,2.4,A,B,train
4u97,4u97_complex.pdb,C:\Users\86198\Desktop\P-P\03_dataset_split\train\4u97_complex.pdb,2,293,293,2.65,A,B,train
4uem,4uem_complex.pdb,C:\Users\86198\Desktop\P-P\03_dataset_split\train\4uem_complex.pdb,2,98,309,2.82,A,B,train
4uyp,4uyp_complex.pdb,C:\Users\86198\Desktop\P-P\03_dataset_split\train\4uyp_complex.pdb,2,73,144,1.49,A,D,train
4v3k,4v3k_complex.pdb,C:\Users\86198\Desktop\P-P\03_dataset_split\train\4v3k_complex.pdb,3,70,146,2.04,DE,F,train
4w6y,4w6y_complex.pdb,C:\Users\86198\Desktop\P-P\03_dataset_split\train\4w6y_complex.pdb,2,128,146,1.57,A,B,train
4wen,4wen_complex.pdb,C:\Users\86198\Desktop\P-P\03_dataset_split\train\4wen_complex.pdb,2,121,262,1.89,A,B,train
4wwi,4wwi_complex.pdb,C:\Users\86198\Desktop\P-P\03_dataset_split\train\4wwi_complex.pdb,2,56,205,2.31,B,E,train
4x33,4x33_complex.pdb,C:\Users\86198\Desktop\P-P\03_dataset_split\train\4x33_complex.pdb,2,60,331,1.45,A,B,train
4x7e,4x7e_complex.pdb,C:\Users\86198\Desktop\P-P\03_dataset_split\train\4x7e_complex.pdb,2,120,315,2.11,B,D,train
4xhu,4xhu_complex.pdb,C:\Users\86198\Desktop\P-P\03_dataset_split\train\4xhu_complex.pdb,2,89,352,2.09,A,B,train
4xwj,4xwj_complex.pdb,C:\Users\86198\Desktop\P-P\03_dataset_split\train\4xwj_complex.pdb,2,83,153,2.1,A,B,train
4xxb,4xxb_complex.pdb,C:\Users\86198\Desktop\P-P\03_dataset_split\train\4xxb_complex.pdb,2,42,166,2.4,A,B,train
4xxw,4xxw_complex.pdb,C:\Users\86198\Desktop\P-P\03_dataset_split\train\4xxw_complex.pdb,2,204,229,2.26,A,D,train
4y5o,4y5o_complex.pdb,C:\Users\86198\Desktop\P-P\03_dataset_split\train\4y5o_complex.pdb,2,78,103,2.35,A,B,train
4yc7,4yc7_complex.pdb,C:\Users\86198\Desktop\P-P\03_dataset_split\train\4yc7_complex.pdb,2,179,291,2.5,B,A,train
4yn0,4yn0_complex.pdb,C:\Users\86198\Desktop\P-P\03_dataset_split\train\4yn0_complex.pdb,2,168,202,2.2,A,B,train
4yoc,4yoc_complex.pdb,C:\Users\86198\Desktop\P-P\03_dataset_split\train\4yoc_complex.pdb,2,529,901,2.92,A,C,train
4yvq,4yvq_complex.pdb,C:\Users\86198\Desktop\P-P\03_dataset_split\train\4yvq_complex.pdb,2,89,119,2.4,A,C,train
4yyp,4yyp_complex.pdb,C:\Users\86198\Desktop\P-P\03_dataset_split\train\4yyp_complex.pdb,2,32,87,2.6,A,B,train
4z2m,4z2m_complex.pdb,C:\Users\86198\Desktop\P-P\03_dataset_split\train\4z2m_complex.pdb,5,70,281,2.98,GHIJ,B,train
4z80,4z80_complex.pdb,C:\Users\86198\Desktop\P-P\03_dataset_split\train\4z80_complex.pdb,2,31,466,1.53,B,D,train
4z8l,4z8l_complex.pdb,C:\Users\86198\Desktop\P-P\03_dataset_split\train\4z8l_complex.pdb,3,79,318,2.6,AB,C,train
4zgq,4zgq_complex.pdb,C:\Users\86198\Desktop\P-P\03_dataset_split\train\4zgq_complex.pdb,2,102,275,3.0,A,B,train
4zgy,4zgy_complex.pdb,C:\Users\86198\Desktop\P-P\03_dataset_split\train\4zgy_complex.pdb,2,125,403,2.63,A,B,train
4zi2,4zi2_complex.pdb,C:\Users\86198\Desktop\P-P\03_dataset_split\train\4zi2_complex.pdb,2,125,175,2.2,B,D,train
4zk9,4zk9_complex.pdb,C:\Users\86198\Desktop\P-P\03_dataset_split\train\4zk9_complex.pdb,2,61,216,2.6,A,B,train
4zlt,4zlt_complex.pdb,C:\Users\86198\Desktop\P-P\03_dataset_split\train\4zlt_complex.pdb,2,62,384,3.0,A,L,train
4zrj,4zrj_complex.pdb,C:\Users\86198\Desktop\P-P\03_dataset_split\train\4zrj_complex.pdb,2,84,302,2.3,A,B,train
5aoq,5aoq_complex.pdb,C:\Users\86198\Desktop\P-P\03_dataset_split\train\5aoq_complex.pdb,2,90,246,2.7,B,L,train
5b3h,5b3h_complex.pdb,C:\Users\86198\Desktop\P-P\03_dataset_split\train\5b3h_complex.pdb,2,54,410,2.7,B,C,train
5b64,5b64_complex.pdb,C:\Users\86198\Desktop\P-P\03_dataset_split\train\5b64_complex.pdb,2,116,180,2.7,A,B,train
5bqe,5bqe_complex.pdb,C:\Users\86198\Desktop\P-P\03_dataset_split\train\5bqe_complex.pdb,2,97,101,2.3,A,B,train
5bt1,5bt1_complex.pdb,C:\Users\86198\Desktop\P-P\03_dataset_split\train\5bt1_complex.pdb,2,90,244,2.62,A,D,train
5cff,5cff_complex.pdb,C:\Users\86198\Desktop\P-P\03_dataset_split\train\5cff_complex.pdb,2,69,87,2.5,B,E,train
5cxb,5cxb_complex.pdb,C:\Users\86198\Desktop\P-P\03_dataset_split\train\5cxb_complex.pdb,2,352,476,2.1,A,B,train
5czf,5czf_complex.pdb,C:\Users\86198\Desktop\P-P\03_dataset_split\train\5czf_complex.pdb,2,45,92,2.67,A,D,train
5d28,5d28_complex.pdb,C:\Users\86198\Desktop\P-P\03_dataset_split\train\5d28_complex.pdb,2,120,245,2.85,D,C,train
5d50,5d50_complex.pdb,C:\Users\86198\Desktop\P-P\03_dataset_split\train\5d50_complex.pdb,2,67,130,2.49,B,F,train
5dcq,5dcq_complex.pdb,C:\Users\86198\Desktop\P-P\03_dataset_split\train\5dcq_complex.pdb,2,159,206,1.83,C,F,train
5dmj,5dmj_complex.pdb,C:\Users\86198\Desktop\P-P\03_dataset_split\train\5dmj_complex.pdb,2,117,165,2.79,A,B,train
5e3e,5e3e_complex.pdb,C:\Users\86198\Desktop\P-P\03_dataset_split\train\5e3e_complex.pdb,2,92,112,1.7,C,D,train
5e4e,5e4e_complex.pdb,C:\Users\86198\Desktop\P-P\03_dataset_split\train\5e4e_complex.pdb,3,113,309,3.0,BC,A,train
5e95,5e95_complex.pdb,C:\Users\86198\Desktop\P-P\03_dataset_split\train\5e95_complex.pdb,2,94,168,1.4,B,A,train
5eb1,5eb1_complex.pdb,C:\Users\86198\Desktop\P-P\03_dataset_split\train\5eb1_complex.pdb,2,124,148,1.8,C,D,train
5ee4,5ee4_complex.pdb,C:\Users\86198\Desktop\P-P\03_dataset_split\train\5ee4_complex.pdb,3,141,306,2.3,CD,A,train
5eg3,5eg3_complex.pdb,C:\Users\86198\Desktop\P-P\03_dataset_split\train\5eg3_complex.pdb,2,113,308,2.61,A,B,train
5elu,5elu_complex.pdb,C:\Users\86198\Desktop\P-P\03_dataset_split\train\5elu_complex.pdb,2,75,91,2.35,A,B,train
5eof,5eof_complex.pdb,C:\Users\86198\Desktop\P-P\03_dataset_split\train\5eof_complex.pdb,2,41,74,2.05,A,D,train
5ep6,5ep6_complex.pdb,C:\Users\86198\Desktop\P-P\03_dataset_split\train\5ep6_complex.pdb,2,36,46,1.45,A,B,train
5f1b,5f1b_complex.pdb,C:\Users\86198\Desktop\P-P\03_dataset_split\train\5f1b_complex.pdb,3,90,215,2.3,AB,C,train
5f3x,5f3x_complex.pdb,C:\Users\86198\Desktop\P-P\03_dataset_split\train\5f3x_complex.pdb,2,75,190,2.65,A,B,train
5f4e,5f4e_complex.pdb,C:\Users\86198\Desktop\P-P\03_dataset_split\train\5f4e_complex.pdb,2,214,233,2.4,A,B,train
5f5s,5f5s_complex.pdb,C:\Users\86198\Desktop\P-P\03_dataset_split\train\5f5s_complex.pdb,2,53,177,2.4,A,B,train
5fhx,5fhx_complex.pdb,C:\Users\86198\Desktop\P-P\03_dataset_split\train\5fhx_complex.pdb,3,124,345,2.55,HL,A,train
5fqd,5fqd_complex.pdb,C:\Users\86198\Desktop\P-P\03_dataset_split\train\5fqd_complex.pdb,2,390,836,2.45,B,A,train
5ft8,5ft8_complex.pdb,C:\Users\86198\Desktop\P-P\03_dataset_split\train\5ft8_complex.pdb,2,141,400,2.5,I,Y,train
5fug,5fug_complex.pdb,C:\Users\86198\Desktop\P-P\03_dataset_split\train\5fug_complex.pdb,3,57,90,2.7,AB,C,train
5g15,5g15_complex.pdb,C:\Users\86198\Desktop\P-P\03_dataset_split\train\5g15_complex.pdb,2,88,265,2.06,A,B,train
5gjk,5gjk_complex.pdb,C:\Users\86198\Desktop\P-P\03_dataset_split\train\5gjk_complex.pdb,2,68,94,2.05,A,B,train
5gpg,5gpg_complex.pdb,C:\Users\86198\Desktop\P-P\03_dataset_split\train\5gpg_complex.pdb,2,92,117,1.67,A,B,train
5gy2,5gy2_complex.pdb,C:\Users\86198\Desktop\P-P\03_dataset_split\train\5gy2_complex.pdb,2,169,442,2.1,A,C,train
5hk5,5hk5_complex.pdb,C:\Users\86198\Desktop\P-P\03_dataset_split\train\5hk5_complex.pdb,2,105,138,2.9,E,A,train
5hlz,5hlz_complex.pdb,C:\Users\86198\Desktop\P-P\03_dataset_split\train\5hlz_complex.pdb,2,86,204,2.85,E,F,train
5hvf,5hvf_complex.pdb,C:\Users\86198\Desktop\P-P\03_dataset_split\train\5hvf_complex.pdb,2,118,381,2.85,A,B,train
5ifs,5ifs_complex.pdb,C:\Users\86198\Desktop\P-P\03_dataset_split\train\5ifs_complex.pdb,2,181,460,2.46,A,B,train
5imy,5imy_complex.pdb,C:\Users\86198\Desktop\P-P\03_dataset_split\train\5imy_complex.pdb,2,78,474,2.4,A,C,train
5j11,5j11_complex.pdb,C:\Users\86198\Desktop\P-P\03_dataset_split\train\5j11_complex.pdb,3,127,196,2.56,AC,B,train
5j4a,5j4a_complex.pdb,C:\Users\86198\Desktop\P-P\03_dataset_split\train\5j4a_complex.pdb,2,104,116,2.0,A,B,train
5j57,5j57_complex.pdb,C:\Users\86198\Desktop\P-P\03_dataset_split\train\5j57_complex.pdb,2,127,264,1.7,A,B,train
5jg6,5jg6_complex.pdb,C:\Users\86198\Desktop\P-P\03_dataset_split\train\5jg6_complex.pdb,2,66,75,2.0,D,C,train
5jjd,5jjd_complex.pdb,C:\Users\86198\Desktop\P-P\03_dataset_split\train\5jjd_complex.pdb,2,97,235,2.4,A,B,train
5jmc,5jmc_complex.pdb,C:\Users\86198\Desktop\P-P\03_dataset_split\train\5jmc_complex.pdb,2,92,430,2.64,E,F,train
5jsb,5jsb_complex.pdb,C:\Users\86198\Desktop\P-P\03_dataset_split\train\5jsb_complex.pdb,2,116,151,2.74,G,H,train
5jw7,5jw7_complex.pdb,C:\Users\86198\Desktop\P-P\03_dataset_split\train\5jw7_complex.pdb,2,61,262,2.85,A,B,train
5k22,5k22_complex.pdb,C:\Users\86198\Desktop\P-P\03_dataset_split\train\5k22_complex.pdb,2,149,156,3.0,A,B,train
5kho,5kho_complex.pdb,C:\Users\86198\Desktop\P-P\03_dataset_split\train\5kho_complex.pdb,2,125,167,2.78,B,D,train
5kve,5kve_complex.pdb,C:\Users\86198\Desktop\P-P\03_dataset_split\train\5kve_complex.pdb,2,101,244,1.7,E,L,train
5kwy,5kwy_complex.pdb,C:\Users\86198\Desktop\P-P\03_dataset_split\train\5kwy_complex.pdb,2,132,208,2.41,A,D,train
5ky4,5ky4_complex.pdb,C:\Users\86198\Desktop\P-P\03_dataset_split\train\5ky4_complex.pdb,2,36,354,1.47,A,B,train
5lhn,5lhn_complex.pdb,C:\Users\86198\Desktop\P-P\03_dataset_split\train\5lhn_complex.pdb,2,135,247,2.55,A,B,train
5lp5,5lp5_complex.pdb,C:\Users\86198\Desktop\P-P\03_dataset_split\train\5lp5_complex.pdb,2,156,530,2.74,B,D,train
5lpu,5lpu_complex.pdb,C:\Users\86198\Desktop\P-P\03_dataset_split\train\5lpu_complex.pdb,2,95,338,2.1,B,D,train
5lrw,5lrw_complex.pdb,C:\Users\86198\Desktop\P-P\03_dataset_split\train\5lrw_complex.pdb,2,75,289,2.0,C,D,train
5lz6,5lz6_complex.pdb,C:\Users\86198\Desktop\P-P\03_dataset_split\train\5lz6_complex.pdb,2,31,126,2.6,A,B,train
5m2m,5m2m_complex.pdb,C:\Users\86198\Desktop\P-P\03_dataset_split\train\5m2m_complex.pdb,2,127,151,2.3,G,H,train
5ma4,5ma4_complex.pdb,C:\Users\86198\Desktop\P-P\03_dataset_split\train\5ma4_complex.pdb,2,229,294,1.4,B,A,train
5me5,5me5_complex.pdb,C:\Users\86198\Desktop\P-P\03_dataset_split\train\5me5_complex.pdb,2,37,162,1.9,A,B,train
5mfc,5mfc_complex.pdb,C:\Users\86198\Desktop\P-P\03_dataset_split\train\5mfc_complex.pdb,2,237,282,2.4,C,D,train
5mj3,5mj3_complex.pdb,C:\Users\86198\Desktop\P-P\03_dataset_split\train\5mj3_complex.pdb,3,99,306,1.74,AB,C,train
5ml9,5ml9_complex.pdb,C:\Users\86198\Desktop\P-P\03_dataset_split\train\5ml9_complex.pdb,2,103,172,2.35,A,B,train
5mtj,5mtj_complex.pdb,C:\Users\86198\Desktop\P-P\03_dataset_split\train\5mtj_complex.pdb,2,96,109,1.95,A,B,train
5mv8,5mv8_complex.pdb,C:\Users\86198\Desktop\P-P\03_dataset_split\train\5mv8_complex.pdb,2,120,506,1.88,A,B,train
5n47,5n47_complex.pdb,C:\Users\86198\Desktop\P-P\03_dataset_split\train\5n47_complex.pdb,2,176,280,3.0,C,D,train
5nqg,5nqg_complex.pdb,C:\Users\86198\Desktop\P-P\03_dataset_split\train\5nqg_complex.pdb,2,33,394,2.15,A,B,train
5nt1,5nt1_complex.pdb,C:\Users\86198\Desktop\P-P\03_dataset_split\train\5nt1_complex.pdb,2,119,173,2.82,A,J,train
5nt7,5nt7_complex.pdb,C:\Users\86198\Desktop\P-P\03_dataset_split\train\5nt7_complex.pdb,2,92,159,1.4,D,C,train
5nus,5nus_complex.pdb,C:\Users\86198\Desktop\P-P\03_dataset_split\train\5nus_complex.pdb,2,74,226,2.2,A,B,train
5nvl,5nvl_complex.pdb,C:\Users\86198\Desktop\P-P\03_dataset_split\train\5nvl_complex.pdb,2,69,172,2.3,A,B,train
5nzz,5nzz_complex.pdb,C:\Users\86198\Desktop\P-P\03_dataset_split\train\5nzz_complex.pdb,2,335,367,2.6,C,H,train
5o0w,5o0w_complex.pdb,C:\Users\86198\Desktop\P-P\03_dataset_split\train\5o0w_complex.pdb,2,137,360,2.57,A,E,train
5o74,5o74_complex.pdb,C:\Users\86198\Desktop\P-P\03_dataset_split\train\5o74_complex.pdb,2,169,193,2.5,I,J,train
5oaq,5oaq_complex.pdb,C:\Users\86198\Desktop\P-P\03_dataset_split\train\5oaq_complex.pdb,2,40,218,1.95,A,L,train
5oc7,5oc7_complex.pdb,C:\Users\86198\Desktop\P-P\03_dataset_split\train\5oc7_complex.pdb,2,92,120,1.65,A,C,train
5odw,5odw_complex.pdb,C:\Users\86198\Desktop\P-P\03_dataset_split\train\5odw_complex.pdb,2,198,762,2.8,B,D,train
5oen,5oen_complex.pdb,C:\Users\86198\Desktop\P-P\03_dataset_split\train\5oen_complex.pdb,2,171,175,2.92,A,B,train
5omb,5omb_complex.pdb,C:\Users\86198\Desktop\P-P\03_dataset_split\train\5omb_complex.pdb,2,98,125,1.94,B,C,train
5ovw,5ovw_complex.pdb,C:\Users\86198\Desktop\P-P\03_dataset_split\train\5ovw_complex.pdb,2,126,245,2.65,F,L,train
5oyl,5oyl_complex.pdb,C:\Users\86198\Desktop\P-P\03_dataset_split\train\5oyl_complex.pdb,2,46,409,2.25,A,D,train
5swk,5swk_complex.pdb,C:\Users\86198\Desktop\P-P\03_dataset_split\train\5swk_complex.pdb,2,84,106,1.92,A,C,train
5szh,5szh_complex.pdb,C:\Users\86198\Desktop\P-P\03_dataset_split\train\5szh_complex.pdb,2,148,175,2.3,A,B,train
5szj,5szj_complex.pdb,C:\Users\86198\Desktop\P-P\03_dataset_split\train\5szj_complex.pdb,2,153,175,2.66,A,B,train
5t0f,5t0f_complex.pdb,C:\Users\86198\Desktop\P-P\03_dataset_split\train\5t0f_complex.pdb,2,32,186,2.4,A,B,train
5tar,5tar_complex.pdb,C:\Users\86198\Desktop\P-P\03_dataset_split\train\5tar_complex.pdb,2,148,184,1.9,A,B,train
5tdy,5tdy_complex.pdb,C:\Users\86198\Desktop\P-P\03_dataset_split\train\5tdy_complex.pdb,2,42,86,2.11,C,D,train
5tvq,5tvq_complex.pdb,C:\Users\86198\Desktop\P-P\03_dataset_split\train\5tvq_complex.pdb,2,75,253,2.35,A,B,train
5tzn,5tzn_complex.pdb,C:\Users\86198\Desktop\P-P\03_dataset_split\train\5tzn_complex.pdb,2,122,144,2.6,W,G,train
5uk5,5uk5_complex.pdb,C:\Users\86198\Desktop\P-P\03_dataset_split\train\5uk5_complex.pdb,2,194,299,2.51,A,B,train
5un7,5un7_complex.pdb,C:\Users\86198\Desktop\P-P\03_dataset_split\train\5un7_complex.pdb,2,61,302,2.1,A,B,train
5upk,5upk_complex.pdb,C:\Users\86198\Desktop\P-P\03_dataset_split\train\5upk_complex.pdb,2,178,288,2.4,B,C,train
5uwc,5uwc_complex.pdb,C:\Users\86198\Desktop\P-P\03_dataset_split\train\5uwc_complex.pdb,2,112,267,2.4,G,I,train
5v5g,5v5g_complex.pdb,C:\Users\86198\Desktop\P-P\03_dataset_split\train\5v5g_complex.pdb,2,80,164,2.1,C,D,train
5v69,5v69_complex.pdb,C:\Users\86198\Desktop\P-P\03_dataset_split\train\5v69_complex.pdb,2,75,322,2.55,A,B,train
5vu0,5vu0_complex.pdb,C:\Users\86198\Desktop\P-P\03_dataset_split\train\5vu0_complex.pdb,2,172,216,2.26,A,C,train
5w3x,5w3x_complex.pdb,C:\Users\86198\Desktop\P-P\03_dataset_split\train\5w3x_complex.pdb,2,67,335,2.0,A,B,train
5w8t,5w8t_complex.pdb,C:\Users\86198\Desktop\P-P\03_dataset_split\train\5w8t_complex.pdb,2,77,319,2.76,B,A,train
5wpa,5wpa_complex.pdb,C:\Users\86198\Desktop\P-P\03_dataset_split\train\5wpa_complex.pdb,2,237,255,2.29,A,B,train
5x0w,5x0w_complex.pdb,C:\Users\86198\Desktop\P-P\03_dataset_split\train\5x0w_complex.pdb,2,84,138,3.0,E,F,train
5xfs,5xfs_complex.pdb,C:\Users\86198\Desktop\P-P\03_dataset_split\train\5xfs_complex.pdb,3,78,293,2.9,AB,C,train
5xis,5xis_complex.pdb,C:\Users\86198\Desktop\P-P\03_dataset_split\train\5xis_complex.pdb,3,72,79,1.78,A,BC,train
5xiu,5xiu_complex.pdb,C:\Users\86198\Desktop\P-P\03_dataset_split\train\5xiu_complex.pdb,2,47,73,1.8,A,B,train
5xjo,5xjo_complex.pdb,C:\Users\86198\Desktop\P-P\03_dataset_split\train\5xjo_complex.pdb,3,52,523,2.63,AC,E,train
5xqz,5xqz_complex.pdb,C:\Users\86198\Desktop\P-P\03_dataset_split\train\5xqz_complex.pdb,2,68,193,2.1,B,D,train
5y1z,5y1z_complex.pdb,C:\Users\86198\Desktop\P-P\03_dataset_split\train\5y1z_complex.pdb,2,135,307,2.68,B,D,train
5y4r,5y4r_complex.pdb,C:\Users\86198\Desktop\P-P\03_dataset_split\train\5y4r_complex.pdb,2,118,272,2.3,B,C,train
5z2w,5z2w_complex.pdb,C:\Users\86198\Desktop\P-P\03_dataset_split\train\5z2w_complex.pdb,2,35,209,3.0,A,B,train
5z7g,5z7g_complex.pdb,C:\Users\86198\Desktop\P-P\03_dataset_split\train\5z7g_complex.pdb,2,43,110,2.3,A,D,train
6a6x,6a6x_complex.pdb,C:\Users\86198\Desktop\P-P\03_dataset_split\train\6a6x_complex.pdb,2,75,115,2.7,B,C,train
6a7v,6a7v_complex.pdb,C:\Users\86198\Desktop\P-P\03_dataset_split\train\6a7v_complex.pdb,2,62,138,1.67,G,H,train
6aqr,6aqr_complex.pdb,C:\Users\86198\Desktop\P-P\03_dataset_split\train\6aqr_complex.pdb,2,76,470,2.1,A,D,train
6arq,6arq_complex.pdb,C:\Users\86198\Desktop\P-P\03_dataset_split\train\6arq_complex.pdb,2,111,303,2.88,A,D,train
6b6u,6b6u_complex.pdb,C:\Users\86198\Desktop\P-P\03_dataset_split\train\6b6u_complex.pdb,2,519,525,1.35,A,B,train
6b8n,6b8n_complex.pdb,C:\Users\86198\Desktop\P-P\03_dataset_split\train\6b8n_complex.pdb,2,76,145,2.2,E,F,train
6bmt,6bmt_complex.pdb,C:\Users\86198\Desktop\P-P\03_dataset_split\train\6bmt_complex.pdb,2,70,579,2.4,A,B,train
6bx5,6bx5_complex.pdb,C:\Users\86198\Desktop\P-P\03_dataset_split\train\6bx5_complex.pdb,2,95,125,3.0,B,D,train
6ch2,6ch2_complex.pdb,C:\Users\86198\Desktop\P-P\03_dataset_split\train\6ch2_complex.pdb,2,146,331,2.7,C,F,train
6co2,6co2_complex.pdb,C:\Users\86198\Desktop\P-P\03_dataset_split\train\6co2_complex.pdb,2,118,180,2.49,B,C,train
6d7g,6d7g_complex.pdb,C:\Users\86198\Desktop\P-P\03_dataset_split\train\6d7g_complex.pdb,3,201,399,2.75,DE,A,train
6dg5,6dg5_complex.pdb,C:\Users\86198\Desktop\P-P\03_dataset_split\train\6dg5_complex.pdb,3,100,209,2.52,BC,A,train
6dgf,6dgf_complex.pdb,C:\Users\86198\Desktop\P-P\03_dataset_split\train\6dgf_complex.pdb,2,76,343,2.34,A,B,train
6eg1,6eg1_complex.pdb,C:\Users\86198\Desktop\P-P\03_dataset_split\train\6eg1_complex.pdb,2,219,295,2.95,C,D,train
6ejm,6ejm_complex.pdb,C:\Users\86198\Desktop\P-P\03_dataset_split\train\6ejm_complex.pdb,2,91,229,2.15,B,H,train
6f2g,6f2g_complex.pdb,C:\Users\86198\Desktop\P-P\03_dataset_split\train\6f2g_complex.pdb,2,131,430,2.92,A,B,train
6fc2,6fc2_complex.pdb,C:\Users\86198\Desktop\P-P\03_dataset_split\train\6fc2_complex.pdb,2,60,183,1.92,A,B,train
6fe4,6fe4_complex.pdb,C:\Users\86198\Desktop\P-P\03_dataset_split\train\6fe4_complex.pdb,2,72,117,3.0,A,F,train
6ff3,6ff3_complex.pdb,C:\Users\86198\Desktop\P-P\03_dataset_split\train\6ff3_complex.pdb,2,40,210,2.57,A,B,train
6fg8,6fg8_complex.pdb,C:\Users\86198\Desktop\P-P\03_dataset_split\train\6fg8_complex.pdb,2,188,189,1.25,A,B,train
6fp7,6fp7_complex.pdb,C:\Users\86198\Desktop\P-P\03_dataset_split\train\6fp7_complex.pdb,2,163,225,1.58,A,B,train
6fpg,6fpg_complex.pdb,C:\Users\86198\Desktop\P-P\03_dataset_split\train\6fpg_complex.pdb,2,159,265,1.8,G,H,train
6fq0,6fq0_complex.pdb,C:\Users\86198\Desktop\P-P\03_dataset_split\train\6fq0_complex.pdb,2,144,239,2.5,C,D,train
6fto,6fto_complex.pdb,C:\Users\86198\Desktop\P-P\03_dataset_split\train\6fto_complex.pdb,2,66,75,1.6,A,C,train
6fu9,6fu9_complex.pdb,C:\Users\86198\Desktop\P-P\03_dataset_split\train\6fu9_complex.pdb,2,79,84,1.2,A,B,train
6fub,6fub_complex.pdb,C:\Users\86198\Desktop\P-P\03_dataset_split\train\6fub_complex.pdb,2,81,93,1.3,B,A,train
6fuz,6fuz_complex.pdb,C:\Users\86198\Desktop\P-P\03_dataset_split\train\6fuz_complex.pdb,2,112,267,2.7,A,N,train
6gbg,6gbg_complex.pdb,C:\Users\86198\Desktop\P-P\03_dataset_split\train\6gbg_complex.pdb,2,110,367,2.8,D,A,train
6gho,6gho_complex.pdb,C:\Users\86198\Desktop\P-P\03_dataset_split\train\6gho_complex.pdb,2,126,274,1.79,A,B,train
6gjq,6gjq_complex.pdb,C:\Users\86198\Desktop\P-P\03_dataset_split\train\6gjq_complex.pdb,2,121,195,2.49,G,H,train
6gtq,6gtq_complex.pdb,C:\Users\86198\Desktop\P-P\03_dataset_split\train\6gtq_complex.pdb,2,38,172,2.49,A,C,train
6h6z,6h6z_complex.pdb,C:\Users\86198\Desktop\P-P\03_dataset_split\train\6h6z_complex.pdb,2,126,291,2.09,A,D,train
6her,6her_complex.pdb,C:\Users\86198\Desktop\P-P\03_dataset_split\train\6her_complex.pdb,2,110,124,1.2,A,B,train
6hul,6hul_complex.pdb,C:\Users\86198\Desktop\P-P\03_dataset_split\train\6hul_complex.pdb,2,241,416,2.55,A,B,train
6i2m,6i2m_complex.pdb,C:\Users\86198\Desktop\P-P\03_dataset_split\train\6i2m_complex.pdb,2,196,358,2.3,A,B,train
6i3f,6i3f_complex.pdb,C:\Users\86198\Desktop\P-P\03_dataset_split\train\6i3f_complex.pdb,2,338,457,2.55,A,B,train
6ib8,6ib8_complex.pdb,C:\Users\86198\Desktop\P-P\03_dataset_split\train\6ib8_complex.pdb,2,65,265,1.65,A,C,train
6ihb,6ihb_complex.pdb,C:\Users\86198\Desktop\P-P\03_dataset_split\train\6ihb_complex.pdb,2,94,517,2.84,R,A,train
6imf,6imf_complex.pdb,C:\Users\86198\Desktop\P-P\03_dataset_split\train\6imf_complex.pdb,2,89,220,2.3,A,B,train
6in9,6in9_complex.pdb,C:\Users\86198\Desktop\P-P\03_dataset_split\train\6in9_complex.pdb,2,45,291,1.8,B,C,train
6ird,6ird_complex.pdb,C:\Users\86198\Desktop\P-P\03_dataset_split\train\6ird_complex.pdb,2,190,259,2.81,B,C,train
6iwd,6iwd_complex.pdb,C:\Users\86198\Desktop\P-P\03_dataset_split\train\6iwd_complex.pdb,2,49,293,1.8,A,B,train
6jdj,6jdj_complex.pdb,C:\Users\86198\Desktop\P-P\03_dataset_split\train\6jdj_complex.pdb,2,62,113,2.6,B,C,train
6jhw,6jhw_complex.pdb,C:\Users\86198\Desktop\P-P\03_dataset_split\train\6jhw_complex.pdb,2,116,138,2.04,A,B,train
6kbr,6kbr_complex.pdb,C:\Users\86198\Desktop\P-P\03_dataset_split\train\6kbr_complex.pdb,2,55,223,2.0,A,C,train
6km7,6km7_complex.pdb,C:\Users\86198\Desktop\P-P\03_dataset_split\train\6km7_complex.pdb,2,34,312,1.8,B,D,train
6m7l,6m7l_complex.pdb,C:\Users\86198\Desktop\P-P\03_dataset_split\train\6m7l_complex.pdb,2,379,433,2.65,B,A,train
6m9k,6m9k_complex.pdb,C:\Users\86198\Desktop\P-P\03_dataset_split\train\6m9k_complex.pdb,2,63,226,2.3,C,F,train
6mav,6mav_complex.pdb,C:\Users\86198\Desktop\P-P\03_dataset_split\train\6mav_complex.pdb,2,161,179,2.37,A,B,train
6mba,6mba_complex.pdb,C:\Users\86198\Desktop\P-P\03_dataset_split\train\6mba_complex.pdb,2,137,145,1.8,A,B,train
6mkz,6mkz_complex.pdb,C:\Users\86198\Desktop\P-P\03_dataset_split\train\6mkz_complex.pdb,2,134,162,2.65,C,B,train
6n85,6n85_complex.pdb,C:\Users\86198\Desktop\P-P\03_dataset_split\train\6n85_complex.pdb,2,393,426,2.5,B,M,train
6ndz,6ndz_complex.pdb,C:\Users\86198\Desktop\P-P\03_dataset_split\train\6ndz_complex.pdb,2,122,190,2.26,A,B,train
6ne4,6ne4_complex.pdb,C:\Users\86198\Desktop\P-P\03_dataset_split\train\6ne4_complex.pdb,2,119,194,1.65,B,A,train
6o07,6o07_complex.pdb,C:\Users\86198\Desktop\P-P\03_dataset_split\train\6o07_complex.pdb,3,137,774,2.7,BC,A,train
6o3o,6o3o_complex.pdb,C:\Users\86198\Desktop\P-P\03_dataset_split\train\6o3o_complex.pdb,2,223,301,2.8,A,C,train
6o60,6o60_complex.pdb,C:\Users\86198\Desktop\P-P\03_dataset_split\train\6o60_complex.pdb,3,159,392,2.5,CD,A,train
6oan,6oan_complex.pdb,C:\Users\86198\Desktop\P-P\03_dataset_split\train\6oan_complex.pdb,2,229,268,2.9,A,B,train
6obn,6obn_complex.pdb,C:\Users\86198\Desktop\P-P\03_dataset_split\train\6obn_complex.pdb,2,285,298,2.7,A,C,train
6og4,6og4_complex.pdb,C:\Users\86198\Desktop\P-P\03_dataset_split\train\6og4_complex.pdb,2,34,83,1.7,A,C,train
6plm,6plm_complex.pdb,C:\Users\86198\Desktop\P-P\03_dataset_split\train\6plm_complex.pdb,2,147,757,2.59,B,D,train
6pnq,6pnq_complex.pdb,C:\Users\86198\Desktop\P-P\03_dataset_split\train\6pnq_complex.pdb,2,143,198,1.95,A,B,train
6rhv,6rhv_complex.pdb,C:\Users\86198\Desktop\P-P\03_dataset_split\train\6rhv_complex.pdb,3,170,288,2.29,GH,C,train
6s29,6s29_complex.pdb,C:\Users\86198\Desktop\P-P\03_dataset_split\train\6s29_complex.pdb,2,57,404,1.99,C,D,train
6saz,6saz_complex.pdb,C:\Users\86198\Desktop\P-P\03_dataset_split\train\6saz_complex.pdb,2,200,244,3.0,C,D,train
6u2h,6u2h_complex.pdb,C:\Users\86198\Desktop\P-P\03_dataset_split\train\6u2h_complex.pdb,2,230,285,2.5,A,D,train
1a4y,1a4y_complex.pdb,C:\Users\86198\Desktop\P-P\03_dataset_split\val\1a4y_complex.pdb,2,123,460,2.0,A,B,val
1ak4,1ak4_complex.pdb,C:\Users\86198\Desktop\P-P\03_dataset_split\val\1ak4_complex.pdb,2,145,165,2.36,A,D,val
1atn,1atn_complex.pdb,C:\Users\86198\Desktop\P-P\03_dataset_split\val\1atn_complex.pdb,2,260,371,2.8,A,D,val
1b27,1b27_complex.pdb,C:\Users\86198\Desktop\P-P\03_dataset_split\val\1b27_complex.pdb,2,89,108,2.1,C,F,val
1d6r,1d6r_complex.pdb,C:\Users\86198\Desktop\P-P\03_dataset_split\val\1d6r_complex.pdb,2,58,223,2.3,A,I,val
1dzb,1dzb_complex.pdb,C:\Users\86198\Desktop\P-P\03_dataset_split\val\1dzb_complex.pdb,2,129,238,2.0,A,X,val
1e96,1e96_complex.pdb,C:\Users\86198\Desktop\P-P\03_dataset_split\val\1e96_complex.pdb,2,178,185,2.4,A,B,val
1flt,1flt_complex.pdb,C:\Users\86198\Desktop\P-P\03_dataset_split\val\1flt_complex.pdb,2,95,98,1.7,W,X,val
1jtg,1jtg_complex.pdb,C:\Users\86198\Desktop\P-P\03_dataset_split\val\1jtg_complex.pdb,2,165,263,1.73,A,B,val
1k5d,1k5d_complex.pdb,C:\Users\86198\Desktop\P-P\03_dataset_split\val\1k5d_complex.pdb,2,206,344,2.7,A,C,val
1ktz,1ktz_complex.pdb,C:\Users\86198\Desktop\P-P\03_dataset_split\val\1ktz_complex.pdb,2,82,106,2.15,A,B,val
1l2w,1l2w_complex.pdb,C:\Users\86198\Desktop\P-P\03_dataset_split\val\1l2w_complex.pdb,2,57,122,2.0,A,I,val
1l4d,1l4d_complex.pdb,C:\Users\86198\Desktop\P-P\03_dataset_split\val\1l4d_complex.pdb,2,122,249,2.3,A,B,val
1l4z,1l4z_complex.pdb,C:\Users\86198\Desktop\P-P\03_dataset_split\val\1l4z_complex.pdb,2,136,248,2.8,A,B,val
1ldt,1ldt_complex.pdb,C:\Users\86198\Desktop\P-P\03_dataset_split\val\1ldt_complex.pdb,2,46,223,1.9,T,L,val
1lw6,1lw6_complex.pdb,C:\Users\86198\Desktop\P-P\03_dataset_split\val\1lw6_complex.pdb,2,63,281,1.5,E,I,val
1nez,1nez_complex.pdb,C:\Users\86198\Desktop\P-P\03_dataset_split\val\1nez_complex.pdb,3,120,274,2.1,HG,A,val
1nw9,1nw9_complex.pdb,C:\Users\86198\Desktop\P-P\03_dataset_split\val\1nw9_complex.pdb,2,91,250,2.4,A,B,val
1oc0,1oc0_complex.pdb,C:\Users\86198\Desktop\P-P\03_dataset_split\val\1oc0_complex.pdb,2,37,374,2.28,A,B,val
1oyh,1oyh_complex.pdb,C:\Users\86198\Desktop\P-P\03_dataset_split\val\1oyh_complex.pdb,2,426,427,2.62,I,L,val
1pxv,1pxv_complex.pdb,C:\Users\86198\Desktop\P-P\03_dataset_split\val\1pxv_complex.pdb,2,111,183,1.8,A,C,val
1ta3,1ta3_complex.pdb,C:\Users\86198\Desktop\P-P\03_dataset_split\val\1ta3_complex.pdb,2,274,301,1.7,A,B,val
1uex,1uex_complex.pdb,C:\Users\86198\Desktop\P-P\03_dataset_split\val\1uex_complex.pdb,2,123,202,2.85,B,C,val
1uuz,1uuz_complex.pdb,C:\Users\86198\Desktop\P-P\03_dataset_split\val\1uuz_complex.pdb,2,129,130,1.8,A,D,val
1v18,1v18_complex.pdb,C:\Users\86198\Desktop\P-P\03_dataset_split\val\1v18_complex.pdb,2,36,516,2.1,A,B,val
1x1w,1x1w_complex.pdb,C:\Users\86198\Desktop\P-P\03_dataset_split\val\1x1w_complex.pdb,2,90,108,2.1,A,D,val
1xg2,1xg2_complex.pdb,C:\Users\86198\Desktop\P-P\03_dataset_split\val\1xg2_complex.pdb,2,151,317,1.9,A,B,val
1xxd,1xxd_complex.pdb,C:\Users\86198\Desktop\P-P\03_dataset_split\val\1xxd_complex.pdb,2,137,238,2.91,A,C,val
1yru,1yru_complex.pdb,C:\Users\86198\Desktop\P-P\03_dataset_split\val\1yru_complex.pdb,2,69,358,2.5,A,B,val
1zjd,1zjd_complex.pdb,C:\Users\86198\Desktop\P-P\03_dataset_split\val\1zjd_complex.pdb,2,57,237,2.6,A,B,val
1zv5,1zv5_complex.pdb,C:\Users\86198\Desktop\P-P\03_dataset_split\val\1zv5_complex.pdb,2,119,129,2.0,L,A,val
2aq1,2aq1_complex.pdb,C:\Users\86198\Desktop\P-P\03_dataset_split\val\2aq1_complex.pdb,2,109,236,2.1,C,D,val
2bp7,2bp7_complex.pdb,C:\Users\86198\Desktop\P-P\03_dataset_split\val\2bp7_complex.pdb,2,338,407,2.9,A,B,val
2g45,2g45_complex.pdb,C:\Users\86198\Desktop\P-P\03_dataset_split\val\2g45_complex.pdb,2,76,117,1.99,A,B,val
2h9g,2h9g_complex.pdb,C:\Users\86198\Desktop\P-P\03_dataset_split\val\2h9g_complex.pdb,3,108,220,2.32,BA,R,val
2i25,2i25_complex.pdb,C:\Users\86198\Desktop\P-P\03_dataset_split\val\2i25_complex.pdb,2,114,129,1.8,N,L,val
2ijo,2ijo_complex.pdb,C:\Users\86198\Desktop\P-P\03_dataset_split\val\2ijo_complex.pdb,3,41,176,2.3,BI,A,val
2iwg,2iwg_complex.pdb,C:\Users\86198\Desktop\P-P\03_dataset_split\val\2iwg_complex.pdb,2,181,207,2.35,D,E,val
2iy1,2iy1_complex.pdb,C:\Users\86198\Desktop\P-P\03_dataset_split\val\2iy1_complex.pdb,2,83,226,2.46,A,B,val
2o98,2o98_complex.pdb,C:\Users\86198\Desktop\P-P\03_dataset_split\val\2o98_complex.pdb,2,50,237,2.7,B,Q,val
2oor,2oor_complex.pdb,C:\Users\86198\Desktop\P-P\03_dataset_split\val\2oor_complex.pdb,2,173,364,2.32,B,C,val
2p8q,2p8q_complex.pdb,C:\Users\86198\Desktop\P-P\03_dataset_split\val\2p8q_complex.pdb,2,39,873,2.35,A,B,val
2pcb,2pcb_complex.pdb,C:\Users\86198\Desktop\P-P\03_dataset_split\val\2pcb_complex.pdb,2,104,294,2.8,A,B,val
2pms,2pms_complex.pdb,C:\Users\86198\Desktop\P-P\03_dataset_split\val\2pms_complex.pdb,2,125,331,2.91,A,D,val
2uzi,2uzi_complex.pdb,C:\Users\86198\Desktop\P-P\03_dataset_split\val\2uzi_complex.pdb,3,104,166,2.0,HL,R,val
2w2x,2w2x_complex.pdb,C:\Users\86198\Desktop\P-P\03_dataset_split\val\2w2x_complex.pdb,2,107,177,2.3,A,D,val
2w8b,2w8b_complex.pdb,C:\Users\86198\Desktop\P-P\03_dataset_split\val\2w8b_complex.pdb,2,108,409,1.86,A,H,val
2w9e,2w9e_complex.pdb,C:\Users\86198\Desktop\P-P\03_dataset_split\val\2w9e_complex.pdb,3,99,215,2.9,HL,A,val
2wo2,2wo2_complex.pdb,C:\Users\86198\Desktop\P-P\03_dataset_split\val\2wo2_complex.pdb,2,140,178,2.45,A,B,val
2xb6,2xb6_complex.pdb,C:\Users\86198\Desktop\P-P\03_dataset_split\val\2xb6_complex.pdb,2,177,540,2.6,A,C,val
2xtj,2xtj_complex.pdb,C:\Users\86198\Desktop\P-P\03_dataset_split\val\2xtj_complex.pdb,3,107,248,2.7,DB,A,val
2y0b,2y0b_complex.pdb,C:\Users\86198\Desktop\P-P\03_dataset_split\val\2y0b_complex.pdb,3,94,140,2.1,AB,G,val
2z7f,2z7f_complex.pdb,C:\Users\86198\Desktop\P-P\03_dataset_split\val\2z7f_complex.pdb,2,50,218,1.7,E,I,val
2za4,2za4_complex.pdb,C:\Users\86198\Desktop\P-P\03_dataset_split\val\2za4_complex.pdb,2,90,109,1.58,C,D,val
2zxx,2zxx_complex.pdb,C:\Users\86198\Desktop\P-P\03_dataset_split\val\2zxx_complex.pdb,2,77,181,2.8,E,F,val
3a6b,3a6b_complex.pdb,C:\Users\86198\Desktop\P-P\03_dataset_split\val\3a6b_complex.pdb,3,107,129,1.8,HL,Y,val
3au4,3au4_complex.pdb,C:\Users\86198\Desktop\P-P\03_dataset_split\val\3au4_complex.pdb,2,32,526,1.9,A,B,val
3bh6,3bh6_complex.pdb,C:\Users\86198\Desktop\P-P\03_dataset_split\val\3bh6_complex.pdb,2,161,314,2.6,A,B,val
3bk3,3bk3_complex.pdb,C:\Users\86198\Desktop\P-P\03_dataset_split\val\3bk3_complex.pdb,2,67,104,2.7,B,D,val
3bn3,3bn3_complex.pdb,C:\Users\86198\Desktop\P-P\03_dataset_split\val\3bn3_complex.pdb,2,180,196,2.1,A,B,val
3ddc,3ddc_complex.pdb,C:\Users\86198\Desktop\P-P\03_dataset_split\val\3ddc_complex.pdb,2,133,166,1.8,A,B,val
3doe,3doe_complex.pdb,C:\Users\86198\Desktop\P-P\03_dataset_split\val\3doe_complex.pdb,2,116,189,2.25,A,B,val
3g7z,3g7z_complex.pdb,C:\Users\86198\Desktop\P-P\03_dataset_split\val\3g7z_complex.pdb,2,33,101,2.35,B,D,val
3h8d,3h8d_complex.pdb,C:\Users\86198\Desktop\P-P\03_dataset_split\val\3h8d_complex.pdb,2,38,120,2.2,A,E,val
3it8,3it8_complex.pdb,C:\Users\86198\Desktop\P-P\03_dataset_split\val\3it8_complex.pdb,2,152,299,2.8,G,J,val
3k1r,3k1r_complex.pdb,C:\Users\86198\Desktop\P-P\03_dataset_split\val\3k1r_complex.pdb,2,74,192,2.3,A,B,val
3k75,3k75_complex.pdb,C:\Users\86198\Desktop\P-P\03_dataset_split\val\3k75_complex.pdb,2,152,248,2.95,B,D,val
3lev,3lev_complex.pdb,C:\Users\86198\Desktop\P-P\03_dataset_split\val\3lev_complex.pdb,3,177,237,2.5,HL,A,val
3ma2,3ma2_complex.pdb,C:\Users\86198\Desktop\P-P\03_dataset_split\val\3ma2_complex.pdb,2,124,171,2.05,D,C,val
3mca,3mca_complex.pdb,C:\Users\86198\Desktop\P-P\03_dataset_split\val\3mca_complex.pdb,2,347,384,2.74,A,B,val
3o6f,3o6f_complex.pdb,C:\Users\86198\Desktop\P-P\03_dataset_split\val\3o6f_complex.pdb,4,178,245,2.8,CD,AB,val
3onw,3onw_complex.pdb,C:\Users\86198\Desktop\P-P\03_dataset_split\val\3onw_complex.pdb,2,35,316,2.38,A,C,val
3q9u,3q9u_complex.pdb,C:\Users\86198\Desktop\P-P\03_dataset_split\val\3q9u_complex.pdb,2,141,157,2.3,A,C,val
3qbt,3qbt_complex.pdb,C:\Users\86198\Desktop\P-P\03_dataset_split\val\3qbt_complex.pdb,2,130,170,2.0,A,B,val
3rzw,3rzw_complex.pdb,C:\Users\86198\Desktop\P-P\03_dataset_split\val\3rzw_complex.pdb,2,75,89,2.15,B,C,val
3tac,3tac_complex.pdb,C:\Users\86198\Desktop\P-P\03_dataset_split\val\3tac_complex.pdb,2,292,326,2.2,A,B,val
3uyo,3uyo_complex.pdb,C:\Users\86198\Desktop\P-P\03_dataset_split\val\3uyo_complex.pdb,2,94,114,1.83,A,D,val
3uyp,3uyp_complex.pdb,C:\Users\86198\Desktop\P-P\03_dataset_split\val\3uyp_complex.pdb,2,96,226,2.0,A,B,val
3vhx,3vhx_complex.pdb,C:\Users\86198\Desktop\P-P\03_dataset_split\val\3vhx_complex.pdb,2,106,162,2.81,C,D,val
3zeu,3zeu_complex.pdb,C:\Users\86198\Desktop\P-P\03_dataset_split\val\3zeu_complex.pdb,2,225,337,1.65,D,E,val
4apx,4apx_complex.pdb,C:\Users\86198\Desktop\P-P\03_dataset_split\val\4apx_complex.pdb,2,208,238,1.65,A,B,val
4b1y,4b1y_complex.pdb,C:\Users\86198\Desktop\P-P\03_dataset_split\val\4b1y_complex.pdb,2,30,375,1.29,B,M,val
4b93,4b93_complex.pdb,C:\Users\86198\Desktop\P-P\03_dataset_split\val\4b93_complex.pdb,2,164,191,2.0,A,B,val
4c4k,4c4k_complex.pdb,C:\Users\86198\Desktop\P-P\03_dataset_split\val\4c4k_complex.pdb,2,94,97,1.95,O,T,val
4dh2,4dh2_complex.pdb,C:\Users\86198\Desktop\P-P\03_dataset_split\val\4dh2_complex.pdb,2,72,158,1.75,A,B,val
4did,4did_complex.pdb,C:\Users\86198\Desktop\P-P\03_dataset_split\val\4did_complex.pdb,2,127,179,2.35,A,B,val
4dxa,4dxa_complex.pdb,C:\Users\86198\Desktop\P-P\03_dataset_split\val\4dxa_complex.pdb,2,168,311,1.95,A,B,val
4en3,4en3_complex.pdb,C:\Users\86198\Desktop\P-P\03_dataset_split\val\4en3_complex.pdb,3,184,253,2.57,AB,C,val
4etw,4etw_complex.pdb,C:\Users\86198\Desktop\P-P\03_dataset_split\val\4etw_complex.pdb,2,75,255,2.05,C,D,val
4fq0,4fq0_complex.pdb,C:\Users\86198\Desktop\P-P\03_dataset_split\val\4fq0_complex.pdb,2,80,180,2.82,A,D,val
4g8a,4g8a_complex.pdb,C:\Users\86198\Desktop\P-P\03_dataset_split\val\4g8a_complex.pdb,2,140,605,2.4,B,D,val
4gla,4gla_complex.pdb,C:\Users\86198\Desktop\P-P\03_dataset_split\val\4gla_complex.pdb,2,89,129,2.75,A,D,val
4gn5,4gn5_complex.pdb,C:\Users\86198\Desktop\P-P\03_dataset_split\val\4gn5_complex.pdb,2,107,129,1.86,B,C,val
4h2s,4h2s_complex.pdb,C:\Users\86198\Desktop\P-P\03_dataset_split\val\4h2s_complex.pdb,2,74,297,2.15,B,D,val
4hkx,4hkx_complex.pdb,C:\Users\86198\Desktop\P-P\03_dataset_split\val\4hkx_complex.pdb,3,211,226,2.5,AB,E,val
4i9x,4i9x_complex.pdb,C:\Users\86198\Desktop\P-P\03_dataset_split\val\4i9x_complex.pdb,2,103,205,2.1,B,C,val
4j4p,4j4p_complex.pdb,C:\Users\86198\Desktop\P-P\03_dataset_split\val\4j4p_complex.pdb,3,215,317,2.91,CD,B,val
4jeh,4jeh_complex.pdb,C:\Users\86198\Desktop\P-P\03_dataset_split\val\4jeh_complex.pdb,2,221,563,2.5,A,B,val
4jlr,4jlr_complex.pdb,C:\Users\86198\Desktop\P-P\03_dataset_split\val\4jlr_complex.pdb,3,103,220,2.71,AB,C,val
4k3j,4k3j_complex.pdb,C:\Users\86198\Desktop\P-P\03_dataset_split\val\4k3j_complex.pdb,3,217,509,2.8,HL,B,val
4kgg,4kgg_complex.pdb,C:\Users\86198\Desktop\P-P\03_dataset_split\val\4kgg_complex.pdb,2,149,163,2.78,D,A,val
4kgq,4kgq_complex.pdb,C:\Users\86198\Desktop\P-P\03_dataset_split\val\4kgq_complex.pdb,2,149,167,2.27,B,C,val
4kht,4kht_complex.pdb,C:\Users\86198\Desktop\P-P\03_dataset_split\val\4kht_complex.pdb,3,66,219,2.82,HL,A,val
4krl,4krl_complex.pdb,C:\Users\86198\Desktop\P-P\03_dataset_split\val\4krl_complex.pdb,2,122,205,2.85,B,A,val
4m1g,4m1g_complex.pdb,C:\Users\86198\Desktop\P-P\03_dataset_split\val\4m1g_complex.pdb,4,86,220,1.6,HL,AB,val
4m6b,4m6b_complex.pdb,C:\Users\86198\Desktop\P-P\03_dataset_split\val\4m6b_complex.pdb,2,31,187,1.78,D,F,val
4n7v,4n7v_complex.pdb,C:\Users\86198\Desktop\P-P\03_dataset_split\val\4n7v_complex.pdb,2,33,222,2.76,A,C,val
4ojk,4ojk_complex.pdb,C:\Users\86198\Desktop\P-P\03_dataset_split\val\4ojk_complex.pdb,2,37,174,2.66,A,C,val
4p23,4p23_complex.pdb,C:\Users\86198\Desktop\P-P\03_dataset_split\val\4p23_complex.pdb,4,179,239,2.25,CD,AB,val
4pp8,4pp8_complex.pdb,C:\Users\86198\Desktop\P-P\03_dataset_split\val\4pp8_complex.pdb,2,125,168,1.95,A,C,val
4q5e,4q5e_complex.pdb,C:\Users\86198\Desktop\P-P\03_dataset_split\val\4q5e_complex.pdb,3,76,168,1.87,BC,A,val
4qlp,4qlp_complex.pdb,C:\Users\86198\Desktop\P-P\03_dataset_split\val\4qlp_complex.pdb,2,175,199,1.1,A,B,val
4rwt,4rwt_complex.pdb,C:\Users\86198\Desktop\P-P\03_dataset_split\val\4rwt_complex.pdb,2,280,369,2.98,B,D,val
4tq0,4tq0_complex.pdb,C:\Users\86198\Desktop\P-P\03_dataset_split\val\4tq0_complex.pdb,2,40,271,2.7,E,F,val
4u32,4u32_complex.pdb,C:\Users\86198\Desktop\P-P\03_dataset_split\val\4u32_complex.pdb,2,54,224,1.65,X,A,val
4w4l,4w4l_complex.pdb,C:\Users\86198\Desktop\P-P\03_dataset_split\val\4w4l_complex.pdb,3,84,297,2.45,AB,C,val
4w6w,4w6w_complex.pdb,C:\Users\86198\Desktop\P-P\03_dataset_split\val\4w6w_complex.pdb,2,124,142,2.51,A,B,val
4wv1,4wv1_complex.pdb,C:\Users\86198\Desktop\P-P\03_dataset_split\val\4wv1_complex.pdb,3,98,230,2.36,ED,F,val
4x7d,4x7d_complex.pdb,C:\Users\86198\Desktop\P-P\03_dataset_split\val\4x7d_complex.pdb,2,116,307,2.15,B,C,val
4zak,4zak_complex.pdb,C:\Users\86198\Desktop\P-P\03_dataset_split\val\4zak_complex.pdb,3,203,273,2.82,CD,A,val
4zqu,4zqu_complex.pdb,C:\Users\86198\Desktop\P-P\03_dataset_split\val\4zqu_complex.pdb,2,124,174,2.09,A,B,val
5aam,5aam_complex.pdb,C:\Users\86198\Desktop\P-P\03_dataset_split\val\5aam_complex.pdb,2,95,242,2.49,A,C,val
5bn5,5bn5_complex.pdb,C:\Users\86198\Desktop\P-P\03_dataset_split\val\5bn5_complex.pdb,2,410,566,3.0,A,B,val
5c0n,5c0n_complex.pdb,C:\Users\86198\Desktop\P-P\03_dataset_split\val\5c0n_complex.pdb,3,131,219,3.0,HL,A,val
5c4v,5c4v_complex.pdb,C:\Users\86198\Desktop\P-P\03_dataset_split\val\5c4v_complex.pdb,2,91,188,2.6,C,D,val
5d93,5d93_complex.pdb,C:\Users\86198\Desktop\P-P\03_dataset_split\val\5d93_complex.pdb,3,212,238,2.2,FE,D,val
5e8e,5e8e_complex.pdb,C:\Users\86198\Desktop\P-P\03_dataset_split\val\5e8e_complex.pdb,3,215,259,1.9,BA,H,val
5hgg,5hgg_complex.pdb,C:\Users\86198\Desktop\P-P\03_dataset_split\val\5hgg_complex.pdb,2,127,246,1.97,A,T,val
5iia,5iia_complex.pdb,C:\Users\86198\Desktop\P-P\03_dataset_split\val\5iia_complex.pdb,2,108,126,1.7,G,H,val
5j7c,5j7c_complex.pdb,C:\Users\86198\Desktop\P-P\03_dataset_split\val\5j7c_complex.pdb,2,98,128,2.54,B,D,val
5jh5,5jh5_complex.pdb,C:\Users\86198\Desktop\P-P\03_dataset_split\val\5jh5_complex.pdb,3,96,263,2.55,CD,A,val
5jw9,5jw9_complex.pdb,C:\Users\86198\Desktop\P-P\03_dataset_split\val\5jw9_complex.pdb,2,35,113,2.0,A,B,val
5kw9,5kw9_complex.pdb,C:\Users\86198\Desktop\P-P\03_dataset_split\val\5kw9_complex.pdb,3,219,290,2.3,HL,A,val
5ky0,5ky0_complex.pdb,C:\Users\86198\Desktop\P-P\03_dataset_split\val\5ky0_complex.pdb,2,38,354,1.53,A,B,val
5lqb,5lqb_complex.pdb,C:\Users\86198\Desktop\P-P\03_dataset_split\val\5lqb_complex.pdb,3,128,219,1.95,HL,A,val
5lxm,5lxm_complex.pdb,C:\Users\86198\Desktop\P-P\03_dataset_split\val\5lxm_complex.pdb,2,36,266,2.08,A,D,val
5m2j,5m2j_complex.pdb,C:\Users\86198\Desktop\P-P\03_dataset_split\val\5m2j_complex.pdb,2,115,149,1.9,A,D,val
5mr4,5mr4_complex.pdb,C:\Users\86198\Desktop\P-P\03_dataset_split\val\5mr4_complex.pdb,2,98,297,2.4,B,D,val
5mtn,5mtn_complex.pdb,C:\Users\86198\Desktop\P-P\03_dataset_split\val\5mtn_complex.pdb,2,90,94,2.85,A,B,val
5mzv,5mzv_complex.pdb,C:\Users\86198\Desktop\P-P\03_dataset_split\val\5mzv_complex.pdb,3,161,305,2.8,AB,C,val
5omn,5omn_complex.pdb,C:\Users\86198\Desktop\P-P\03_dataset_split\val\5omn_complex.pdb,2,113,315,2.68,B,C,val
5ua4,5ua4_complex.pdb,C:\Users\86198\Desktop\P-P\03_dataset_split\val\5ua4_complex.pdb,2,32,135,2.6,A,B,val
5ufe,5ufe_complex.pdb,C:\Users\86198\Desktop\P-P\03_dataset_split\val\5ufe_complex.pdb,2,58,166,2.3,A,B,val
5uzu,5uzu_complex.pdb,C:\Users\86198\Desktop\P-P\03_dataset_split\val\5uzu_complex.pdb,2,68,577,2.4,B,A,val
5v5h,5v5h_complex.pdb,C:\Users\86198\Desktop\P-P\03_dataset_split\val\5v5h_complex.pdb,2,79,162,1.5,A,B,val
5vz4,5vz4_complex.pdb,C:\Users\86198\Desktop\P-P\03_dataset_split\val\5vz4_complex.pdb,2,108,190,2.2,A,B,val
5w06,5w06_complex.pdb,C:\Users\86198\Desktop\P-P\03_dataset_split\val\5w06_complex.pdb,3,208,221,2.6,HL,T,val
5w08,5w08_complex.pdb,C:\Users\86198\Desktop\P-P\03_dataset_split\val\5w08_complex.pdb,3,212,273,2.6,QR,D,val
5w9a,5w9a_complex.pdb,C:\Users\86198\Desktop\P-P\03_dataset_split\val\5w9a_complex.pdb,2,113,193,2.74,B,D,val
5wi9,5wi9_complex.pdb,C:\Users\86198\Desktop\P-P\03_dataset_split\val\5wi9_complex.pdb,3,212,431,2.7,FE,B,val
5wuj,5wuj_complex.pdb,C:\Users\86198\Desktop\P-P\03_dataset_split\val\5wuj_complex.pdb,2,37,105,2.3,A,B,val
5xoc,5xoc_complex.pdb,C:\Users\86198\Desktop\P-P\03_dataset_split\val\5xoc_complex.pdb,2,133,194,2.4,A,B,val
5ywr,5ywr_complex.pdb,C:\Users\86198\Desktop\P-P\03_dataset_split\val\5ywr_complex.pdb,2,87,150,1.47,A,B,val
5z78,5z78_complex.pdb,C:\Users\86198\Desktop\P-P\03_dataset_split\val\5z78_complex.pdb,2,122,200,1.76,A,C,val
6b9j,6b9j_complex.pdb,C:\Users\86198\Desktop\P-P\03_dataset_split\val\6b9j_complex.pdb,3,214,226,2.9,HL,X,val
6bx8,6bx8_complex.pdb,C:\Users\86198\Desktop\P-P\03_dataset_split\val\6bx8_complex.pdb,2,55,224,1.98,A,B,val
6f3z,6f3z_complex.pdb,C:\Users\86198\Desktop\P-P\03_dataset_split\val\6f3z_complex.pdb,2,188,225,2.0,C,D,val
6fhp,6fhp_complex.pdb,C:\Users\86198\Desktop\P-P\03_dataset_split\val\6fhp_complex.pdb,2,62,342,1.7,B,D,val
6fv0,6fv0_complex.pdb,C:\Users\86198\Desktop\P-P\03_dataset_split\val\6fv0_complex.pdb,2,114,270,2.29,A,F,val
6gwc,6gwc_complex.pdb,C:\Users\86198\Desktop\P-P\03_dataset_split\val\6gwc_complex.pdb,2,217,437,2.6,A,C,val
6h3t,6h3t_complex.pdb,C:\Users\86198\Desktop\P-P\03_dataset_split\val\6h3t_complex.pdb,3,113,230,2.84,HL,A,val
6isu,6isu_complex.pdb,C:\Users\86198\Desktop\P-P\03_dataset_split\val\6isu_complex.pdb,2,76,227,1.87,A,B,val
6k7o,6k7o_complex.pdb,C:\Users\86198\Desktop\P-P\03_dataset_split\val\6k7o_complex.pdb,3,94,225,3.0,DE,Q,val
6mm6,6mm6_complex.pdb,C:\Users\86198\Desktop\P-P\03_dataset_split\val\6mm6_complex.pdb,2,204,331,2.39,E,F,val
6mud,6mud_complex.pdb,C:\Users\86198\Desktop\P-P\03_dataset_split\val\6mud_complex.pdb,2,136,147,2.69,A,B,val
6n6r,6n6r_complex.pdb,C:\Users\86198\Desktop\P-P\03_dataset_split\val\6n6r_complex.pdb,2,67,148,1.95,A,D,val
6nmr,6nmr_complex.pdb,C:\Users\86198\Desktop\P-P\03_dataset_split\val\6nmr_complex.pdb,3,113,221,2.42,HL,S,val
6o3a,6o3a_complex.pdb,C:\Users\86198\Desktop\P-P\03_dataset_split\val\6o3a_complex.pdb,3,118,218,2.1,BA,E,val
6otc,6otc_complex.pdb,C:\Users\86198\Desktop\P-P\03_dataset_split\val\6otc_complex.pdb,3,122,221,1.7,HL,A,val
6p7y,6p7y_complex.pdb,C:\Users\86198\Desktop\P-P\03_dataset_split\val\6p7y_complex.pdb,2,141,430,2.84,C,D,val
6phb,6phb_complex.pdb,C:\Users\86198\Desktop\P-P\03_dataset_split\val\6phb_complex.pdb,3,176,220,2.0,BA,E,val
6phc,6phc_complex.pdb,C:\Users\86198\Desktop\P-P\03_dataset_split\val\6phc_complex.pdb,3,159,228,2.9,CD,E,val
6q0h,6q0h_complex.pdb,C:\Users\86198\Desktop\P-P\03_dataset_split\val\6q0h_complex.pdb,3,211,232,2.75,HL,A,val
6umt,6umt_complex.pdb,C:\Users\86198\Desktop\P-P\03_dataset_split\val\6umt_complex.pdb,2,102,117,1.99,A,B,val
1azz,1azz_complex.pdb,C:\Users\86198\Desktop\P-P\03_dataset_split\test\1azz_complex.pdb,2,138,226,2.3,B,D,test
1buh,1buh_complex.pdb,C:\Users\86198\Desktop\P-P\03_dataset_split\test\1buh_complex.pdb,2,70,294,2.6,A,B,test
1ewy,1ewy_complex.pdb,C:\Users\86198\Desktop\P-P\03_dataset_split\test\1ewy_complex.pdb,2,98,303,2.38,A,C,test
1f34,1f34_complex.pdb,C:\Users\86198\Desktop\P-P\03_dataset_split\test\1f34_complex.pdb,2,148,325,2.45,A,B,test
1ffw,1ffw_complex.pdb,C:\Users\86198\Desktop\P-P\03_dataset_split\test\1ffw_complex.pdb,2,68,128,2.7,A,B,test
1fqj,1fqj_complex.pdb,C:\Users\86198\Desktop\P-P\03_dataset_split\test\1fqj_complex.pdb,3,38,317,2.02,BC,A,test
1ib1,1ib1_complex.pdb,C:\Users\86198\Desktop\P-P\03_dataset_split\test\1ib1_complex.pdb,2,178,227,2.7,A,E,test
1iqd,1iqd_complex.pdb,C:\Users\86198\Desktop\P-P\03_dataset_split\test\1iqd_complex.pdb,3,156,215,2.0,BA,C,test
1j7v,1j7v_complex.pdb,C:\Users\86198\Desktop\P-P\03_dataset_split\test\1j7v_complex.pdb,2,150,205,2.9,L,R,test
1kxv,1kxv_complex.pdb,C:\Users\86198\Desktop\P-P\03_dataset_split\test\1kxv_complex.pdb,2,121,496,1.6,B,D,test
1nca,1nca_complex.pdb,C:\Users\86198\Desktop\P-P\03_dataset_split\test\1nca_complex.pdb,3,214,389,2.5,HL,N,test
1nma,1nma_complex.pdb,C:\Users\86198\Desktop\P-P\03_dataset_split\test\1nma_complex.pdb,3,109,378,3.0,HL,N,test
1oey,1oey_complex.pdb,C:\Users\86198\Desktop\P-P\03_dataset_split\test\1oey_complex.pdb,2,74,101,2.0,B,K,test
1oyv,1oyv_complex.pdb,C:\Users\86198\Desktop\P-P\03_dataset_split\test\1oyv_complex.pdb,2,116,274,2.5,A,I,test
1rke,1rke_complex.pdb,C:\Users\86198\Desktop\P-P\03_dataset_split\test\1rke_complex.pdb,2,182,262,2.35,A,B,test
1rvj,1rvj_complex.pdb,C:\Users\86198\Desktop\P-P\03_dataset_split\test\1rvj_complex.pdb,3,238,301,2.75,H,LM,test
1tdq,1tdq_complex.pdb,C:\Users\86198\Desktop\P-P\03_dataset_split\test\1tdq_complex.pdb,2,126,271,2.6,A,B,test
1to1,1to1_complex.pdb,C:\Users\86198\Desktop\P-P\03_dataset_split\test\1to1_complex.pdb,2,64,281,1.68,E,I,test
1u0s,1u0s_complex.pdb,C:\Users\86198\Desktop\P-P\03_dataset_split\test\1u0s_complex.pdb,2,86,118,1.9,Y,A,test
1u7v,1u7v_complex.pdb,C:\Users\86198\Desktop\P-P\03_dataset_split\test\1u7v_complex.pdb,2,196,208,2.7,A,B,test
1usv,1usv_complex.pdb,C:\Users\86198\Desktop\P-P\03_dataset_split\test\1usv_complex.pdb,2,146,256,2.7,E,F,test
1vg0,1vg0_complex.pdb,C:\Users\86198\Desktop\P-P\03_dataset_split\test\1vg0_complex.pdb,2,186,500,2.2,A,B,test
1wej,1wej_complex.pdb,C:\Users\86198\Desktop\P-P\03_dataset_split\test\1wej_complex.pdb,3,104,223,1.8,HL,F,test
1xqs,1xqs_complex.pdb,C:\Users\86198\Desktop\P-P\03_dataset_split\test\1xqs_complex.pdb,2,165,264,2.9,B,D,test
1xx9,1xx9_complex.pdb,C:\Users\86198\Desktop\P-P\03_dataset_split\test\1xx9_complex.pdb,2,139,238,2.2,B,D,test
1y3c,1y3c_complex.pdb,C:\Users\86198\Desktop\P-P\03_dataset_split\test\1y3c_complex.pdb,2,64,281,1.69,E,I,test
1ze3,1ze3_complex.pdb,C:\Users\86198\Desktop\P-P\03_dataset_split\test\1ze3_complex.pdb,3,122,205,1.84,CH,D,test
2b5i,2b5i_complex.pdb,C:\Users\86198\Desktop\P-P\03_dataset_split\test\2b5i_complex.pdb,4,127,202,2.3,BCD,A,test
2bdn,2bdn_complex.pdb,C:\Users\86198\Desktop\P-P\03_dataset_split\test\2bdn_complex.pdb,3,68,217,2.53,HL,A,test
2c1m,2c1m_complex.pdb,C:\Users\86198\Desktop\P-P\03_dataset_split\test\2c1m_complex.pdb,2,46,424,2.2,A,B,test
2ftm,2ftm_complex.pdb,C:\Users\86198\Desktop\P-P\03_dataset_split\test\2ftm_complex.pdb,2,58,223,1.65,A,B,test
2g81,2g81_complex.pdb,C:\Users\86198\Desktop\P-P\03_dataset_split\test\2g81_complex.pdb,2,56,223,1.55,E,I,test
2hle,2hle_complex.pdb,C:\Users\86198\Desktop\P-P\03_dataset_split\test\2hle_complex.pdb,2,138,188,2.05,A,B,test
2hqs,2hqs_complex.pdb,C:\Users\86198\Desktop\P-P\03_dataset_split\test\2hqs_complex.pdb,2,107,414,1.5,D,E,test
2i3t,2i3t_complex.pdb,C:\Users\86198\Desktop\P-P\03_dataset_split\test\2i3t_complex.pdb,2,43,340,2.8,E,F,test
2i9b,2i9b_complex.pdb,C:\Users\86198\Desktop\P-P\03_dataset_split\test\2i9b_complex.pdb,2,122,278,2.8,B,F,test
2j8s,2j8s_complex.pdb,C:\Users\86198\Desktop\P-P\03_dataset_split\test\2j8s_complex.pdb,2,156,1033,2.54,B,D,test
2psm,2psm_complex.pdb,C:\Users\86198\Desktop\P-P\03_dataset_split\test\2psm_complex.pdb,2,69,117,2.19,B,C,test
2sni,2sni_complex.pdb,C:\Users\86198\Desktop\P-P\03_dataset_split\test\2sni_complex.pdb,2,64,275,2.1,E,I,test
2vyr,2vyr_complex.pdb,C:\Users\86198\Desktop\P-P\03_dataset_split\test\2vyr_complex.pdb,2,86,123,2.0,C,G,test
2w2n,2w2n_complex.pdb,C:\Users\86198\Desktop\P-P\03_dataset_split\test\2w2n_complex.pdb,2,49,294,2.3,A,E,test
2w81,2w81_complex.pdb,C:\Users\86198\Desktop\P-P\03_dataset_split\test\2w81_complex.pdb,2,122,241,2.35,E,F,test
2wd5,2wd5_complex.pdb,C:\Users\86198\Desktop\P-P\03_dataset_split\test\2wd5_complex.pdb,2,177,194,2.7,A,B,test
2wp0,2wp0_complex.pdb,C:\Users\86198\Desktop\P-P\03_dataset_split\test\2wp0_complex.pdb,2,86,180,2.67,A,C,test
2wpt,2wpt_complex.pdb,C:\Users\86198\Desktop\P-P\03_dataset_split\test\2wpt_complex.pdb,2,82,118,1.78,A,B,test
2wwk,2wwk_complex.pdb,C:\Users\86198\Desktop\P-P\03_dataset_split\test\2wwk_complex.pdb,2,99,99,1.7,O,T,test
2x2d,2x2d_complex.pdb,C:\Users\86198\Desktop\P-P\03_dataset_split\test\2x2d_complex.pdb,2,146,163,1.9,C,D,test
2xqw,2xqw_complex.pdb,C:\Users\86198\Desktop\P-P\03_dataset_split\test\2xqw_complex.pdb,2,123,294,2.3,A,C,test
2xtt,2xtt_complex.pdb,C:\Users\86198\Desktop\P-P\03_dataset_split\test\2xtt_complex.pdb,2,35,223,0.93,A,B,test
2y9m,2y9m_complex.pdb,C:\Users\86198\Desktop\P-P\03_dataset_split\test\2y9m_complex.pdb,2,115,166,2.6,A,B,test
3b4v,3b4v_complex.pdb,C:\Users\86198\Desktop\P-P\03_dataset_split\test\3b4v_complex.pdb,2,114,206,2.48,F,G,test
3beg,3beg_complex.pdb,C:\Users\86198\Desktop\P-P\03_dataset_split\test\3beg_complex.pdb,2,90,348,2.9,A,B,test
3bpl,3bpl_complex.pdb,C:\Users\86198\Desktop\P-P\03_dataset_split\test\3bpl_complex.pdb,3,126,202,2.93,AB,C,test
3dbl,3dbl_complex.pdb,C:\Users\86198\Desktop\P-P\03_dataset_split\test\3dbl_complex.pdb,3,76,524,2.9,HG,L,test
3di2,3di2_complex.pdb,C:\Users\86198\Desktop\P-P\03_dataset_split\test\3di2_complex.pdb,2,115,195,2.7,A,B,test
3di3,3di3_complex.pdb,C:\Users\86198\Desktop\P-P\03_dataset_split\test\3di3_complex.pdb,2,118,193,2.9,A,B,test
3e1z,3e1z_complex.pdb,C:\Users\86198\Desktop\P-P\03_dataset_split\test\3e1z_complex.pdb,2,109,212,1.86,A,B,test
3e2l,3e2l_complex.pdb,C:\Users\86198\Desktop\P-P\03_dataset_split\test\3e2l_complex.pdb,2,165,260,1.87,A,C,test
3egg,3egg_complex.pdb,C:\Users\86198\Desktop\P-P\03_dataset_split\test\3egg_complex.pdb,2,66,294,1.85,B,D,test
3fju,3fju_complex.pdb,C:\Users\86198\Desktop\P-P\03_dataset_split\test\3fju_complex.pdb,2,65,307,1.6,A,B,test
3g7a,3g7a_complex.pdb,C:\Users\86198\Desktop\P-P\03_dataset_split\test\3g7a_complex.pdb,2,30,36,2.8,A,B,test
3hi6,3hi6_complex.pdb,C:\Users\86198\Desktop\P-P\03_dataset_split\test\3hi6_complex.pdb,3,180,220,2.3,XY,B,test
3ifq,3ifq_complex.pdb,C:\Users\86198\Desktop\P-P\03_dataset_split\test\3ifq_complex.pdb,2,95,548,2.8,A,C,test
3mj7,3mj7_complex.pdb,C:\Users\86198\Desktop\P-P\03_dataset_split\test\3mj7_complex.pdb,2,200,229,2.8,A,B,test
3mjh,3mjh_complex.pdb,C:\Users\86198\Desktop\P-P\03_dataset_split\test\3mjh_complex.pdb,2,33,167,2.03,C,D,test
3o6q,3o6q_complex.pdb,C:\Users\86198\Desktop\P-P\03_dataset_split\test\3o6q_complex.pdb,2,44,140,2.5,C,D,test
3q1s,3q1s_complex.pdb,C:\Users\86198\Desktop\P-P\03_dataset_split\test\3q1s_complex.pdb,3,124,225,2.15,HL,I,test
3qc8,3qc8_complex.pdb,C:\Users\86198\Desktop\P-P\03_dataset_split\test\3qc8_complex.pdb,2,80,170,2.2,A,B,test
3qt2,3qt2_complex.pdb,C:\Users\86198\Desktop\P-P\03_dataset_split\test\3qt2_complex.pdb,2,110,307,2.55,A,C,test
3scm,3scm_complex.pdb,C:\Users\86198\Desktop\P-P\03_dataset_split\test\3scm_complex.pdb,3,200,289,2.5,CD,A,test
3skj,3skj_complex.pdb,C:\Users\86198\Desktop\P-P\03_dataset_split\test\3skj_complex.pdb,3,99,231,2.5,IM,F,test
3t1q,3t1q_complex.pdb,C:\Users\86198\Desktop\P-P\03_dataset_split\test\3t1q_complex.pdb,2,132,184,2.7,A,B,test
3t2n,3t2n_complex.pdb,C:\Users\86198\Desktop\P-P\03_dataset_split\test\3t2n_complex.pdb,3,212,361,2.55,IM,B,test
3tje,3tje_complex.pdb,C:\Users\86198\Desktop\P-P\03_dataset_split\test\3tje_complex.pdb,3,109,235,1.93,HL,F,test
3u43,3u43_complex.pdb,C:\Users\86198\Desktop\P-P\03_dataset_split\test\3u43_complex.pdb,2,92,132,1.72,A,B,test
3vg9,3vg9_complex.pdb,C:\Users\86198\Desktop\P-P\03_dataset_split\test\3vg9_complex.pdb,3,212,304,2.7,CB,A,test
3vpj,3vpj_complex.pdb,C:\Users\86198\Desktop\P-P\03_dataset_split\test\3vpj_complex.pdb,2,146,148,2.5,A,E,test
3vux,3vux_complex.pdb,C:\Users\86198\Desktop\P-P\03_dataset_split\test\3vux_complex.pdb,2,34,76,1.7,A,G,test
3vyr,3vyr_complex.pdb,C:\Users\86198\Desktop\P-P\03_dataset_split\test\3vyr_complex.pdb,2,72,371,2.55,A,B,test
3wa5,3wa5_complex.pdb,C:\Users\86198\Desktop\P-P\03_dataset_split\test\3wa5_complex.pdb,2,124,403,1.9,A,B,test
3zwz,3zwz_complex.pdb,C:\Users\86198\Desktop\P-P\03_dataset_split\test\3zwz_complex.pdb,2,36,297,2.1,A,B,test
4ag2,4ag2_complex.pdb,C:\Users\86198\Desktop\P-P\03_dataset_split\test\4ag2_complex.pdb,2,58,226,1.8,B,D,test
4aoq,4aoq_complex.pdb,C:\Users\86198\Desktop\P-P\03_dataset_split\test\4aoq_complex.pdb,2,35,223,2.0,C,F,test
4d9q,4d9q_complex.pdb,C:\Users\86198\Desktop\P-P\03_dataset_split\test\4d9q_complex.pdb,3,213,228,2.28,HL,A,test
4dge,4dge_complex.pdb,C:\Users\86198\Desktop\P-P\03_dataset_split\test\4dge_complex.pdb,2,145,164,2.2,B,D,test
4dgi,4dgi_complex.pdb,C:\Users\86198\Desktop\P-P\03_dataset_split\test\4dgi_complex.pdb,3,97,218,2.4,HL,A,test
4ds8,4ds8_complex.pdb,C:\Users\86198\Desktop\P-P\03_dataset_split\test\4ds8_complex.pdb,2,185,322,2.21,A,B,test
4gaf,4gaf_complex.pdb,C:\Users\86198\Desktop\P-P\03_dataset_split\test\4gaf_complex.pdb,2,152,310,2.15,A,B,test
4gn4,4gn4_complex.pdb,C:\Users\86198\Desktop\P-P\03_dataset_split\test\4gn4_complex.pdb,2,108,129,1.86,B,A,test
4hem,4hem_complex.pdb,C:\Users\86198\Desktop\P-P\03_dataset_split\test\4hem_complex.pdb,2,123,130,1.65,B,E,test
4hep,4hep_complex.pdb,C:\Users\86198\Desktop\P-P\03_dataset_split\test\4hep_complex.pdb,2,130,162,1.75,A,G,test
4hjj,4hjj_complex.pdb,C:\Users\86198\Desktop\P-P\03_dataset_split\test\4hjj_complex.pdb,3,157,348,2.1,HL,A,test
4iiq,4iiq_complex.pdb,C:\Users\86198\Desktop\P-P\03_dataset_split\test\4iiq_complex.pdb,3,199,359,2.86,AB,C,test
4leo,4leo_complex.pdb,C:\Users\86198\Desktop\P-P\03_dataset_split\test\4leo_complex.pdb,3,219,604,2.64,AB,C,test
4lyl,4lyl_complex.pdb,C:\Users\86198\Desktop\P-P\03_dataset_split\test\4lyl_complex.pdb,2,82,223,1.93,E,F,test
4ml7,4ml7_complex.pdb,C:\Users\86198\Desktop\P-P\03_dataset_split\test\4ml7_complex.pdb,2,98,129,1.8,A,B,test
4nl9,4nl9_complex.pdb,C:\Users\86198\Desktop\P-P\03_dataset_split\test\4nl9_complex.pdb,2,60,63,1.5,B,C,test
4pvz,4pvz_complex.pdb,C:\Users\86198\Desktop\P-P\03_dataset_split\test\4pvz_complex.pdb,2,35,422,2.5,A,C,test
4qti,4qti_complex.pdb,C:\Users\86198\Desktop\P-P\03_dataset_split\test\4qti_complex.pdb,3,212,277,3.0,HL,U,test
4rdq,4rdq_complex.pdb,C:\Users\86198\Desktop\P-P\03_dataset_split\test\4rdq_complex.pdb,3,212,366,2.85,IH,A,test
4re1,4re1_complex.pdb,C:\Users\86198\Desktop\P-P\03_dataset_split\test\4re1_complex.pdb,2,50,218,2.2,B,C,test
4rt6,4rt6_complex.pdb,C:\Users\86198\Desktop\P-P\03_dataset_split\test\4rt6_complex.pdb,2,185,813,2.8,A,B,test
4udm,4udm_complex.pdb,C:\Users\86198\Desktop\P-P\03_dataset_split\test\4udm_complex.pdb,2,84,96,2.96,A,B,test
4wem,4wem_complex.pdb,C:\Users\86198\Desktop\P-P\03_dataset_split\test\4wem_complex.pdb,2,121,258,1.55,A,B,test
4wo4,4wo4_complex.pdb,C:\Users\86198\Desktop\P-P\03_dataset_split\test\4wo4_complex.pdb,3,200,273,2.5,CD,A,test
4x7f,4x7f_complex.pdb,C:\Users\86198\Desktop\P-P\03_dataset_split\test\4x7f_complex.pdb,2,114,314,1.7,A,C,test
4xr8,4xr8_complex.pdb,C:\Users\86198\Desktop\P-P\03_dataset_split\test\4xr8_complex.pdb,3,151,381,2.25,BH,D,test
4ypg,4ypg_complex.pdb,C:\Users\86198\Desktop\P-P\03_dataset_split\test\4ypg_complex.pdb,3,159,219,3.0,BA,C,test
4zrp,4zrp_complex.pdb,C:\Users\86198\Desktop\P-P\03_dataset_split\test\4zrp_complex.pdb,2,79,409,2.1,B,D,test
5bk1,5bk1_complex.pdb,C:\Users\86198\Desktop\P-P\03_dataset_split\test\5bk1_complex.pdb,3,209,366,2.15,CD,B,test
5bnq,5bnq_complex.pdb,C:\Users\86198\Desktop\P-P\03_dataset_split\test\5bnq_complex.pdb,2,156,166,2.8,A,R,test
5c67,5c67_complex.pdb,C:\Users\86198\Desktop\P-P\03_dataset_split\test\5c67_complex.pdb,2,54,224,1.83,A,E,test
5cw7,5cw7_complex.pdb,C:\Users\86198\Desktop\P-P\03_dataset_split\test\5cw7_complex.pdb,2,56,94,2.83,I,J,test
5d70,5d70_complex.pdb,C:\Users\86198\Desktop\P-P\03_dataset_split\test\5d70_complex.pdb,3,115,216,2.06,HL,A,test
5d71,5d71_complex.pdb,C:\Users\86198\Desktop\P-P\03_dataset_split\test\5d71_complex.pdb,3,114,215,2.25,HL,A,test
5djt,5djt_complex.pdb,C:\Users\86198\Desktop\P-P\03_dataset_split\test\5djt_complex.pdb,2,59,144,1.4,A,B,test
5dob,5dob_complex.pdb,C:\Users\86198\Desktop\P-P\03_dataset_split\test\5dob_complex.pdb,2,165,237,2.47,A,B,test
5ee5,5ee5_complex.pdb,C:\Users\86198\Desktop\P-P\03_dataset_split\test\5ee5_complex.pdb,2,164,204,2.28,A,B,test
5fr1,5fr1_complex.pdb,C:\Users\86198\Desktop\P-P\03_dataset_split\test\5fr1_complex.pdb,2,175,190,2.75,A,B,test
5hpy,5hpy_complex.pdb,C:\Users\86198\Desktop\P-P\03_dataset_split\test\5hpy_complex.pdb,2,178,201,2.4,D,F,test
5hys,5hys_complex.pdb,C:\Users\86198\Desktop\P-P\03_dataset_split\test\5hys_complex.pdb,3,213,222,2.5,HL,I,test
5ip4,5ip4_complex.pdb,C:\Users\86198\Desktop\P-P\03_dataset_split\test\5ip4_complex.pdb,2,80,110,1.81,B,D,test
5ius,5ius_complex.pdb,C:\Users\86198\Desktop\P-P\03_dataset_split\test\5ius_complex.pdb,2,119,214,2.89,A,C,test
5jds,5jds_complex.pdb,C:\Users\86198\Desktop\P-P\03_dataset_split\test\5jds_complex.pdb,2,115,127,1.7,B,A,test
5jem,5jem_complex.pdb,C:\Users\86198\Desktop\P-P\03_dataset_split\test\5jem_complex.pdb,2,42,203,2.5,B,D,test
5jke,5jke_complex.pdb,C:\Users\86198\Desktop\P-P\03_dataset_split\test\5jke_complex.pdb,2,215,237,2.86,A,B,test
5k59,5k59_complex.pdb,C:\Users\86198\Desktop\P-P\03_dataset_split\test\5k59_complex.pdb,3,212,295,2.84,HL,A,test
5kof,5kof_complex.pdb,C:\Users\86198\Desktop\P-P\03_dataset_split\test\5kof_complex.pdb,2,75,407,2.4,A,C,test
5l21,5l21_complex.pdb,C:\Users\86198\Desktop\P-P\03_dataset_split\test\5l21_complex.pdb,2,119,428,1.68,A,B,test
5m2i,5m2i_complex.pdb,C:\Users\86198\Desktop\P-P\03_dataset_split\test\5m2i_complex.pdb,2,121,148,2.15,A,H,test
5mrv,5mrv_complex.pdb,C:\Users\86198\Desktop\P-P\03_dataset_split\test\5mrv_complex.pdb,2,53,307,1.85,A,C,test
5nh3,5nh3_complex.pdb,C:\Users\86198\Desktop\P-P\03_dataset_split\test\5nh3_complex.pdb,3,94,113,2.35,HL,A,test
5nvk,5nvk_complex.pdb,C:\Users\86198\Desktop\P-P\03_dataset_split\test\5nvk_complex.pdb,2,66,183,2.9,G,H,test
5nvn,5nvn_complex.pdb,C:\Users\86198\Desktop\P-P\03_dataset_split\test\5nvn_complex.pdb,2,35,179,1.9,C,D,test
5o05,5o05_complex.pdb,C:\Users\86198\Desktop\P-P\03_dataset_split\test\5o05_complex.pdb,2,118,315,2.0,D,A,test
5o2u,5o2u_complex.pdb,C:\Users\86198\Desktop\P-P\03_dataset_split\test\5o2u_complex.pdb,2,73,116,2.76,C,D,test
5ohp,5ohp_complex.pdb,C:\Users\86198\Desktop\P-P\03_dataset_split\test\5ohp_complex.pdb,2,76,334,2.8,A,B,test
5t5w,5t5w_complex.pdb,C:\Users\86198\Desktop\P-P\03_dataset_split\test\5t5w_complex.pdb,3,160,198,2.85,AC,B,test
5tfw,5tfw_complex.pdb,C:\Users\86198\Desktop\P-P\03_dataset_split\test\5tfw_complex.pdb,3,154,233,2.17,HL,O,test
5th9,5th9_complex.pdb,C:\Users\86198\Desktop\P-P\03_dataset_split\test\5th9_complex.pdb,3,214,229,3.0,IM,B,test
5tz2,5tz2_complex.pdb,C:\Users\86198\Desktop\P-P\03_dataset_split\test\5tz2_complex.pdb,3,114,220,2.3,HL,C,test
5vag,5vag_complex.pdb,C:\Users\86198\Desktop\P-P\03_dataset_split\test\5vag_complex.pdb,3,209,221,1.9,CB,A,test
5vxz,5vxz_complex.pdb,C:\Users\86198\Desktop\P-P\03_dataset_split\test\5vxz_complex.pdb,2,102,395,2.3,A,C,test
5w6g,5w6g_complex.pdb,C:\Users\86198\Desktop\P-P\03_dataset_split\test\5w6g_complex.pdb,3,214,326,2.79,HL,A,test
5xj4,5xj4_complex.pdb,C:\Users\86198\Desktop\P-P\03_dataset_split\test\5xj4_complex.pdb,3,113,211,2.3,HL,A,test
5xjg,5xjg_complex.pdb,C:\Users\86198\Desktop\P-P\03_dataset_split\test\5xjg_complex.pdb,2,30,494,2.4,A,B,test
5yoy,5yoy_complex.pdb,C:\Users\86198\Desktop\P-P\03_dataset_split\test\5yoy_complex.pdb,3,108,153,2.73,RO,J,test
6a3w,6a3w_complex.pdb,C:\Users\86198\Desktop\P-P\03_dataset_split\test\6a3w_complex.pdb,3,107,133,2.0,GH,I,test
6a6i,6a6i_complex.pdb,C:\Users\86198\Desktop\P-P\03_dataset_split\test\6a6i_complex.pdb,2,74,94,2.6,A,B,test
6aod,6aod_complex.pdb,C:\Users\86198\Desktop\P-P\03_dataset_split\test\6aod_complex.pdb,3,207,236,1.8,BA,C,test
6ath,6ath_complex.pdb,C:\Users\86198\Desktop\P-P\03_dataset_split\test\6ath_complex.pdb,3,55,281,1.82,AB,C,test
6b12,6b12_complex.pdb,C:\Users\86198\Desktop\P-P\03_dataset_split\test\6b12_complex.pdb,2,117,148,1.71,A,C,test
6blh,6blh_complex.pdb,C:\Users\86198\Desktop\P-P\03_dataset_split\test\6blh_complex.pdb,3,35,223,2.0,HL,G,test
6bxc,6bxc_complex.pdb,C:\Users\86198\Desktop\P-P\03_dataset_split\test\6bxc_complex.pdb,2,165,441,2.5,A,C,test
6cwg,6cwg_complex.pdb,C:\Users\86198\Desktop\P-P\03_dataset_split\test\6cwg_complex.pdb,2,127,260,2.6,C,D,test
6dkj,6dkj_complex.pdb,C:\Users\86198\Desktop\P-P\03_dataset_split\test\6dkj_complex.pdb,3,106,221,1.95,AB,D,test
6er6,6er6_complex.pdb,C:\Users\86198\Desktop\P-P\03_dataset_split\test\6er6_complex.pdb,2,88,127,1.56,B,A,test
6ere,6ere_complex.pdb,C:\Users\86198\Desktop\P-P\03_dataset_split\test\6ere_complex.pdb,2,87,126,2.25,B,C,test
6fc3,6fc3_complex.pdb,C:\Users\86198\Desktop\P-P\03_dataset_split\test\6fc3_complex.pdb,2,48,179,1.75,A,B,test
6hpr,6hpr_complex.pdb,C:\Users\86198\Desktop\P-P\03_dataset_split\test\6hpr_complex.pdb,3,63,146,1.7,A,CD,test
6j4o,6j4o_complex.pdb,C:\Users\86198\Desktop\P-P\03_dataset_split\test\6j4o_complex.pdb,2,35,233,2.3,A,B,test
6j4s,6j4s_complex.pdb,C:\Users\86198\Desktop\P-P\03_dataset_split\test\6j4s_complex.pdb,2,32,250,2.8,A,B,test
6j5f,6j5f_complex.pdb,C:\Users\86198\Desktop\P-P\03_dataset_split\test\6j5f_complex.pdb,3,94,120,1.8,HL,A,test
6jbt,6jbt_complex.pdb,C:\Users\86198\Desktop\P-P\03_dataset_split\test\6jbt_complex.pdb,3,118,223,2.47,HL,F,test
6nms,6nms_complex.pdb,C:\Users\86198\Desktop\P-P\03_dataset_split\test\6nms_complex.pdb,3,116,220,2.11,HL,S,test
6o39,6o39_complex.pdb,C:\Users\86198\Desktop\P-P\03_dataset_split\test\6o39_complex.pdb,3,120,221,1.8,BA,C,test
6on9,6on9_complex.pdb,C:\Users\86198\Desktop\P-P\03_dataset_split\test\6on9_complex.pdb,2,110,116,2.0,A,B,test
6plk,6plk_complex.pdb,C:\Users\86198\Desktop\P-P\03_dataset_split\test\6plk_complex.pdb,3,103,225,2.3,IM,F,test
6ppg,6ppg_complex.pdb,C:\Users\86198\Desktop\P-P\03_dataset_split\test\6ppg_complex.pdb,3,122,223,2.75,BA,G,test
6q18,6q18_complex.pdb,C:\Users\86198\Desktop\P-P\03_dataset_split\test\6q18_complex.pdb,3,210,231,2.55,HL,A,test
6q69,6q69_complex.pdb,C:\Users\86198\Desktop\P-P\03_dataset_split\test\6q69_complex.pdb,2,43,128,2.75,A,B,test
6r2g,6r2g_complex.pdb,C:\Users\86198\Desktop\P-P\03_dataset_split\test\6r2g_complex.pdb,2,34,161,1.9,A,C,test
6rhw,6rhw_complex.pdb,C:\Users\86198\Desktop\P-P\03_dataset_split\test\6rhw_complex.pdb,3,168,288,2.75,GH,C,test
6s53,6s53_complex.pdb,C:\Users\86198\Desktop\P-P\03_dataset_split\test\6s53_complex.pdb,3,76,149,2.8,CD,A,test
6sak,6sak_complex.pdb,C:\Users\86198\Desktop\P-P\03_dataset_split\test\6sak_complex.pdb,2,95,274,2.0,A,C,test
