pdb_id,pdb_file,pdb_path,chain_count,min_chain_length,max_chain_length,resolution,receptor_chain,ligand_chain
1a22,1a22_complex.pdb,C:\Users\86198\Desktop\P-P\01_cleaned_protein_pdb\1a22_complex.pdb,2,191,205,2.6,A,B
1a4y,1a4y_complex.pdb,C:\Users\86198\Desktop\P-P\01_cleaned_protein_pdb\1a4y_complex.pdb,4,123,460,2.0,A,B
1acb,1acb_complex.pdb,C:\Users\86198\Desktop\P-P\01_cleaned_protein_pdb\1acb_complex.pdb,2,63,241,2.0,E,I
1ahw,1ahw_complex.pdb,C:\Users\86198\Desktop\P-P\01_cleaned_protein_pdb\1ahw_complex.pdb,6,208,214,3.0,BA,C
1ak4,1ak4_complex.pdb,C:\Users\86198\Desktop\P-P\01_cleaned_protein_pdb\1ak4_complex.pdb,4,145,165,2.36,A,D
1an1,1an1_complex.pdb,C:\Users\86198\Desktop\P-P\01_cleaned_protein_pdb\1an1_complex.pdb,2,40,222,2.03,E,I
1atn,1atn_complex.pdb,C:\Users\86198\Desktop\P-P\01_cleaned_protein_pdb\1atn_complex.pdb,2,260,371,2.8,A,D
1ava,1ava_complex.pdb,C:\Users\86198\Desktop\P-P\01_cleaned_protein_pdb\1ava_complex.pdb,4,181,403,1.9,A,C
1avg,1avg_complex.pdb,C:\Users\86198\Desktop\P-P\01_cleaned_protein_pdb\1avg_complex.pdb,3,41,259,2.6,H,I
1avx,1avx_complex.pdb,C:\Users\86198\Desktop\P-P\01_cleaned_protein_pdb\1avx_complex.pdb,2,177,223,1.9,A,B
1avz,1avz_complex.pdb,C:\Users\86198\Desktop\P-P\01_cleaned_protein_pdb\1avz_complex.pdb,3,57,103,3.0,B,C
1axi,1axi_complex.pdb,C:\Users\86198\Desktop\P-P\01_cleaned_protein_pdb\1axi_complex.pdb,2,189,205,2.1,A,B
1ay7,1ay7_complex.pdb,C:\Users\86198\Desktop\P-P\01_cleaned_protein_pdb\1ay7_complex.pdb,2,89,96,1.7,A,B
1azz,1azz_complex.pdb,C:\Users\86198\Desktop\P-P\01_cleaned_protein_pdb\1azz_complex.pdb,4,137,226,2.3,B,D
1b27,1b27_complex.pdb,C:\Users\86198\Desktop\P-P\01_cleaned_protein_pdb\1b27_complex.pdb,6,78,110,2.1,C,F
1b2s,1b2s_complex.pdb,C:\Users\86198\Desktop\P-P\01_cleaned_protein_pdb\1b2s_complex.pdb,6,89,110,1.82,B,E
1b2u,1b2u_complex.pdb,C:\Users\86198\Desktop\P-P\01_cleaned_protein_pdb\1b2u_complex.pdb,6,89,110,2.1,A,D
1b3s,1b3s_complex.pdb,C:\Users\86198\Desktop\P-P\01_cleaned_protein_pdb\1b3s_complex.pdb,6,89,110,2.39,C,F
1b6c,1b6c_complex.pdb,C:\Users\86198\Desktop\P-P\01_cleaned_protein_pdb\1b6c_complex.pdb,8,107,326,2.6,E,F
1bj1,1bj1_complex.pdb,C:\Users\86198\Desktop\P-P\01_cleaned_protein_pdb\1bj1_complex.pdb,6,94,224,2.4,KJ,V
1bql,1bql_complex.pdb,C:\Users\86198\Desktop\P-P\01_cleaned_protein_pdb\1bql_complex.pdb,3,129,214,2.6,HL,Y
1brs,1brs_complex.pdb,C:\Users\86198\Desktop\P-P\01_cleaned_protein_pdb\1brs_complex.pdb,6,88,110,2.0,C,F
1bth,1bth_complex.pdb,C:\Users\86198\Desktop\P-P\01_cleaned_protein_pdb\1bth_complex.pdb,6,31,254,2.3,H,P
1buh,1buh_complex.pdb,C:\Users\86198\Desktop\P-P\01_cleaned_protein_pdb\1buh_complex.pdb,2,70,294,2.6,A,B
1bvk,1bvk_complex.pdb,C:\Users\86198\Desktop\P-P\01_cleaned_protein_pdb\1bvk_complex.pdb,6,108,129,2.7,ED,F
1bvn,1bvn_complex.pdb,C:\Users\86198\Desktop\P-P\01_cleaned_protein_pdb\1bvn_complex.pdb,2,71,496,2.5,P,T
1c9p,1c9p_complex.pdb,C:\Users\86198\Desktop\P-P\01_cleaned_protein_pdb\1c9p_complex.pdb,2,50,222,2.8,A,B
1clv,1clv_complex.pdb,C:\Users\86198\Desktop\P-P\01_cleaned_protein_pdb\1clv_complex.pdb,2,32,470,2.0,A,I
1cn4,1cn4_complex.pdb,C:\Users\86198\Desktop\P-P\01_cleaned_protein_pdb\1cn4_complex.pdb,3,161,218,2.8,B,C
1cz8,1cz8_complex.pdb,C:\Users\86198\Desktop\P-P\01_cleaned_protein_pdb\1cz8_complex.pdb,6,94,224,2.4,HL,W
1d6r,1d6r_complex.pdb,C:\Users\86198\Desktop\P-P\01_cleaned_protein_pdb\1d6r_complex.pdb,2,58,223,2.3,A,I
1de4,1de4_complex.pdb,C:\Users\86198\Desktop\P-P\01_cleaned_protein_pdb\1de4_complex.pdb,3,99,635,2.8,AB,C
1dee,1dee_complex.pdb,C:\Users\86198\Desktop\P-P\01_cleaned_protein_pdb\1dee_complex.pdb,8,51,223,2.7,DC,G
1dfj,1dfj_complex.pdb,C:\Users\86198\Desktop\P-P\01_cleaned_protein_pdb\1dfj_complex.pdb,2,124,456,2.5,E,I
1dhk,1dhk_complex.pdb,C:\Users\86198\Desktop\P-P\01_cleaned_protein_pdb\1dhk_complex.pdb,2,199,495,1.85,A,B
1djs,1djs_complex.pdb,C:\Users\86198\Desktop\P-P\01_cleaned_protein_pdb\1djs_complex.pdb,2,134,212,2.4,A,B
1dp5,1dp5_complex.pdb,C:\Users\86198\Desktop\P-P\01_cleaned_protein_pdb\1dp5_complex.pdb,2,31,329,2.2,A,B
1dqj,1dqj_complex.pdb,C:\Users\86198\Desktop\P-P\01_cleaned_protein_pdb\1dqj_complex.pdb,3,129,214,2.0,BA,C
1du3,1du3_complex.pdb,C:\Users\86198\Desktop\P-P\01_cleaned_protein_pdb\1du3_complex.pdb,12,103,150,2.2,C,F
1dzb,1dzb_complex.pdb,C:\Users\86198\Desktop\P-P\01_cleaned_protein_pdb\1dzb_complex.pdb,4,129,238,2.0,A,X
1e3u,1e3u_complex.pdb,C:\Users\86198\Desktop\P-P\01_cleaned_protein_pdb\1e3u_complex.pdb,4,243,245,1.66,B,D
1e6e,1e6e_complex.pdb,C:\Users\86198\Desktop\P-P\01_cleaned_protein_pdb\1e6e_complex.pdb,4,106,457,2.3,A,B
1e6j,1e6j_complex.pdb,C:\Users\86198\Desktop\P-P\01_cleaned_protein_pdb\1e6j_complex.pdb,3,210,219,3.0,HL,P
1e96,1e96_complex.pdb,C:\Users\86198\Desktop\P-P\01_cleaned_protein_pdb\1e96_complex.pdb,2,178,185,2.4,A,B
1eaw,1eaw_complex.pdb,C:\Users\86198\Desktop\P-P\01_cleaned_protein_pdb\1eaw_complex.pdb,4,56,241,2.93,C,D
1eer,1eer_complex.pdb,C:\Users\86198\Desktop\P-P\01_cleaned_protein_pdb\1eer_complex.pdb,3,166,213,1.9,A,B
1efn,1efn_complex.pdb,C:\Users\86198\Desktop\P-P\01_cleaned_protein_pdb\1efn_complex.pdb,4,57,104,2.5,C,D
1eja,1eja_complex.pdb,C:\Users\86198\Desktop\P-P\01_cleaned_protein_pdb\1eja_complex.pdb,2,53,223,2.7,A,B
1emv,1emv_complex.pdb,C:\Users\86198\Desktop\P-P\01_cleaned_protein_pdb\1emv_complex.pdb,2,83,131,1.7,A,B
1eo8,1eo8_complex.pdb,C:\Users\86198\Desktop\P-P\01_cleaned_protein_pdb\1eo8_complex.pdb,4,175,319,2.8,HL,A
1es0,1es0_complex.pdb,C:\Users\86198\Desktop\P-P\01_cleaned_protein_pdb\1es0_complex.pdb,2,182,208,2.6,A,B
1ewy,1ewy_complex.pdb,C:\Users\86198\Desktop\P-P\01_cleaned_protein_pdb\1ewy_complex.pdb,3,98,303,2.38,A,C
1ezs,1ezs_complex.pdb,C:\Users\86198\Desktop\P-P\01_cleaned_protein_pdb\1ezs_complex.pdb,4,131,223,2.3,B,C
1ezu,1ezu_complex.pdb,C:\Users\86198\Desktop\P-P\01_cleaned_protein_pdb\1ezu_complex.pdb,4,140,223,2.4,B,C
1f34,1f34_complex.pdb,C:\Users\86198\Desktop\P-P\01_cleaned_protein_pdb\1f34_complex.pdb,2,148,325,2.45,A,B
1f3v,1f3v_complex.pdb,C:\Users\86198\Desktop\P-P\01_cleaned_protein_pdb\1f3v_complex.pdb,2,158,164,2.0,A,B
1f5r,1f5r_complex.pdb,C:\Users\86198\Desktop\P-P\01_cleaned_protein_pdb\1f5r_complex.pdb,2,57,223,1.65,A,I
1f7z,1f7z_complex.pdb,C:\Users\86198\Desktop\P-P\01_cleaned_protein_pdb\1f7z_complex.pdb,2,56,223,1.55,A,I
1fak,1fak_complex.pdb,C:\Users\86198\Desktop\P-P\01_cleaned_protein_pdb\1fak_complex.pdb,4,55,254,2.1,H,I
1fc2,1fc2_complex.pdb,C:\Users\86198\Desktop\P-P\01_cleaned_protein_pdb\1fc2_complex.pdb,2,44,207,2.8,C,D
1fe8,1fe8_complex.pdb,C:\Users\86198\Desktop\P-P\01_cleaned_protein_pdb\1fe8_complex.pdb,9,186,211,2.03,IM,B
1ffw,1ffw_complex.pdb,C:\Users\86198\Desktop\P-P\01_cleaned_protein_pdb\1ffw_complex.pdb,4,68,128,2.7,A,B
1fg9,1fg9_complex.pdb,C:\Users\86198\Desktop\P-P\01_cleaned_protein_pdb\1fg9_complex.pdb,5,127,212,2.9,A,C
1fle,1fle_complex.pdb,C:\Users\86198\Desktop\P-P\01_cleaned_protein_pdb\1fle_complex.pdb,2,47,240,1.9,E,I
1flt,1flt_complex.pdb,C:\Users\86198\Desktop\P-P\01_cleaned_protein_pdb\1flt_complex.pdb,4,94,98,1.7,W,X
1fqj,1fqj_complex.pdb,C:\Users\86198\Desktop\P-P\01_cleaned_protein_pdb\1fqj_complex.pdb,5,38,317,2.02,BC,A
1fsk,1fsk_complex.pdb,C:\Users\86198\Desktop\P-P\01_cleaned_protein_pdb\1fsk_complex.pdb,12,159,220,2.9,FE,D
1fy8,1fy8_complex.pdb,C:\Users\86198\Desktop\P-P\01_cleaned_protein_pdb\1fy8_complex.pdb,2,56,223,1.7,E,I
1gcq,1gcq_complex.pdb,C:\Users\86198\Desktop\P-P\01_cleaned_protein_pdb\1gcq_complex.pdb,3,56,69,1.68,B,C
1gl0,1gl0_complex.pdb,C:\Users\86198\Desktop\P-P\01_cleaned_protein_pdb\1gl0_complex.pdb,2,32,245,3.0,E,I
1gl1,1gl1_complex.pdb,C:\Users\86198\Desktop\P-P\01_cleaned_protein_pdb\1gl1_complex.pdb,6,33,245,2.1,C,K
1gla,1gla_complex.pdb,C:\Users\86198\Desktop\P-P\01_cleaned_protein_pdb\1gla_complex.pdb,2,168,496,2.6,F,G
1go4,1go4_complex.pdb,C:\Users\86198\Desktop\P-P\01_cleaned_protein_pdb\1go4_complex.pdb,8,87,196,2.05,B,F
1gpw,1gpw_complex.pdb,C:\Users\86198\Desktop\P-P\01_cleaned_protein_pdb\1gpw_complex.pdb,6,201,253,2.4,A,B
1grn,1grn_complex.pdb,C:\Users\86198\Desktop\P-P\01_cleaned_protein_pdb\1grn_complex.pdb,2,191,197,2.1,A,B
1gua,1gua_complex.pdb,C:\Users\86198\Desktop\P-P\01_cleaned_protein_pdb\1gua_complex.pdb,2,76,167,2.0,A,B
1h1v,1h1v_complex.pdb,C:\Users\86198\Desktop\P-P\01_cleaned_protein_pdb\1h1v_complex.pdb,2,331,371,3.0,A,G
1h59,1h59_complex.pdb,C:\Users\86198\Desktop\P-P\01_cleaned_protein_pdb\1h59_complex.pdb,2,45,63,2.1,A,B
1hcf,1hcf_complex.pdb,C:\Users\86198\Desktop\P-P\01_cleaned_protein_pdb\1hcf_complex.pdb,4,101,127,2.7,A,X
1he8,1he8_complex.pdb,C:\Users\86198\Desktop\P-P\01_cleaned_protein_pdb\1he8_complex.pdb,2,166,797,3.0,A,B
1hez,1hez_complex.pdb,C:\Users\86198\Desktop\P-P\01_cleaned_protein_pdb\1hez_complex.pdb,5,61,224,2.7,BA,E
1hia,1hia_complex.pdb,C:\Users\86198\Desktop\P-P\01_cleaned_protein_pdb\1hia_complex.pdb,6,48,150,2.4,AB,I
1hrt,1hrt_complex.pdb,C:\Users\86198\Desktop\P-P\01_cleaned_protein_pdb\1hrt_complex.pdb,3,36,259,2.8,H,I
1i2m,1i2m_complex.pdb,C:\Users\86198\Desktop\P-P\01_cleaned_protein_pdb\1i2m_complex.pdb,4,170,396,1.76,A,B
1i3o,1i3o_complex.pdb,C:\Users\86198\Desktop\P-P\01_cleaned_protein_pdb\1i3o_complex.pdb,6,101,144,2.7,CD,F
1i4d,1i4d_complex.pdb,C:\Users\86198\Desktop\P-P\01_cleaned_protein_pdb\1i4d_complex.pdb,3,177,200,2.5,A,D
1i4e,1i4e_complex.pdb,C:\Users\86198\Desktop\P-P\01_cleaned_protein_pdb\1i4e_complex.pdb,2,241,291,3.0,A,B
1i8l,1i8l_complex.pdb,C:\Users\86198\Desktop\P-P\01_cleaned_protein_pdb\1i8l_complex.pdb,4,118,199,3.0,A,C
1ib1,1ib1_complex.pdb,C:\Users\86198\Desktop\P-P\01_cleaned_protein_pdb\1ib1_complex.pdb,8,178,227,2.7,A,E
1ibr,1ibr_complex.pdb,C:\Users\86198\Desktop\P-P\01_cleaned_protein_pdb\1ibr_complex.pdb,4,169,458,2.3,A,B
1icf,1icf_complex.pdb,C:\Users\86198\Desktop\P-P\01_cleaned_protein_pdb\1icf_complex.pdb,6,42,175,2.0,A,I
1id5,1id5_complex.pdb,C:\Users\86198\Desktop\P-P\01_cleaned_protein_pdb\1id5_complex.pdb,3,30,256,2.5,H,I
1ijk,1ijk_complex.pdb,C:\Users\86198\Desktop\P-P\01_cleaned_protein_pdb\1ijk_complex.pdb,3,117,199,2.6,BC,A
1iqd,1iqd_complex.pdb,C:\Users\86198\Desktop\P-P\01_cleaned_protein_pdb\1iqd_complex.pdb,3,156,215,2.0,BA,C
1j2j,1j2j_complex.pdb,C:\Users\86198\Desktop\P-P\01_cleaned_protein_pdb\1j2j_complex.pdb,2,41,165,1.6,A,B
1j7d,1j7d_complex.pdb,C:\Users\86198\Desktop\P-P\01_cleaned_protein_pdb\1j7d_complex.pdb,2,140,149,1.85,A,B
1j7v,1j7v_complex.pdb,C:\Users\86198\Desktop\P-P\01_cleaned_protein_pdb\1j7v_complex.pdb,2,150,205,2.9,L,R
1jiw,1jiw_complex.pdb,C:\Users\86198\Desktop\P-P\01_cleaned_protein_pdb\1jiw_complex.pdb,2,105,470,1.74,P,I
1jmo,1jmo_complex.pdb,C:\Users\86198\Desktop\P-P\01_cleaned_protein_pdb\1jmo_complex.pdb,3,47,425,2.2,H,A
1jps,1jps_complex.pdb,C:\Users\86198\Desktop\P-P\01_cleaned_protein_pdb\1jps_complex.pdb,3,207,217,1.85,HL,T
1jrh,1jrh_complex.pdb,C:\Users\86198\Desktop\P-P\01_cleaned_protein_pdb\1jrh_complex.pdb,3,95,206,2.8,HL,I
1jtd,1jtd_complex.pdb,C:\Users\86198\Desktop\P-P\01_cleaned_protein_pdb\1jtd_complex.pdb,2,262,273,2.3,A,B
1jtg,1jtg_complex.pdb,C:\Users\86198\Desktop\P-P\01_cleaned_protein_pdb\1jtg_complex.pdb,4,165,263,1.73,A,B
1k5d,1k5d_complex.pdb,C:\Users\86198\Desktop\P-P\01_cleaned_protein_pdb\1k5d_complex.pdb,12,146,344,2.7,A,C
1k93,1k93_complex.pdb,C:\Users\86198\Desktop\P-P\01_cleaned_protein_pdb\1k93_complex.pdb,6,143,507,2.95,A,D
1kac,1kac_complex.pdb,C:\Users\86198\Desktop\P-P\01_cleaned_protein_pdb\1kac_complex.pdb,2,124,185,2.6,A,B
1kgy,1kgy_complex.pdb,C:\Users\86198\Desktop\P-P\01_cleaned_protein_pdb\1kgy_complex.pdb,8,138,181,2.7,A,E
1kig,1kig_complex.pdb,C:\Users\86198\Desktop\P-P\01_cleaned_protein_pdb\1kig_complex.pdb,3,51,241,3.0,H,I
1kkl,1kkl_complex.pdb,C:\Users\86198\Desktop\P-P\01_cleaned_protein_pdb\1kkl_complex.pdb,6,86,177,2.8,C,H
1ktk,1ktk_complex.pdb,C:\Users\86198\Desktop\P-P\01_cleaned_protein_pdb\1ktk_complex.pdb,6,179,247,3.0,A,E
1ktz,1ktz_complex.pdb,C:\Users\86198\Desktop\P-P\01_cleaned_protein_pdb\1ktz_complex.pdb,2,82,106,2.15,A,B
1kxp,1kxp_complex.pdb,C:\Users\86198\Desktop\P-P\01_cleaned_protein_pdb\1kxp_complex.pdb,2,361,438,2.1,A,D
1kxq,1kxq_complex.pdb,C:\Users\86198\Desktop\P-P\01_cleaned_protein_pdb\1kxq_complex.pdb,8,120,496,1.6,D,E
1kxt,1kxt_complex.pdb,C:\Users\86198\Desktop\P-P\01_cleaned_protein_pdb\1kxt_complex.pdb,6,125,496,2.0,A,B
1kxv,1kxv_complex.pdb,C:\Users\86198\Desktop\P-P\01_cleaned_protein_pdb\1kxv_complex.pdb,4,119,496,1.6,B,D
1l0x,1l0x_complex.pdb,C:\Users\86198\Desktop\P-P\01_cleaned_protein_pdb\1l0x_complex.pdb,4,221,236,2.8,C,D
1l0y,1l0y_complex.pdb,C:\Users\86198\Desktop\P-P\01_cleaned_protein_pdb\1l0y_complex.pdb,4,220,236,2.5,C,D
1l2w,1l2w_complex.pdb,C:\Users\86198\Desktop\P-P\01_cleaned_protein_pdb\1l2w_complex.pdb,12,55,122,2.0,A,I
1l4d,1l4d_complex.pdb,C:\Users\86198\Desktop\P-P\01_cleaned_protein_pdb\1l4d_complex.pdb,2,122,249,2.3,A,B
1l4z,1l4z_complex.pdb,C:\Users\86198\Desktop\P-P\01_cleaned_protein_pdb\1l4z_complex.pdb,2,136,248,2.8,A,B
1ldt,1ldt_complex.pdb,C:\Users\86198\Desktop\P-P\01_cleaned_protein_pdb\1ldt_complex.pdb,2,46,223,1.9,T,L
1lfd,1lfd_complex.pdb,C:\Users\86198\Desktop\P-P\01_cleaned_protein_pdb\1lfd_complex.pdb,4,87,167,2.1,C,D
1lp1,1lp1_complex.pdb,C:\Users\86198\Desktop\P-P\01_cleaned_protein_pdb\1lp1_complex.pdb,2,54,55,2.3,A,B
1lqs,1lqs_complex.pdb,C:\Users\86198\Desktop\P-P\01_cleaned_protein_pdb\1lqs_complex.pdb,4,142,207,2.7,R,L
1lw6,1lw6_complex.pdb,C:\Users\86198\Desktop\P-P\01_cleaned_protein_pdb\1lw6_complex.pdb,2,63,281,1.5,E,I
1lzw,1lzw_complex.pdb,C:\Users\86198\Desktop\P-P\01_cleaned_protein_pdb\1lzw_complex.pdb,2,91,146,2.5,A,B
1m1e,1m1e_complex.pdb,C:\Users\86198\Desktop\P-P\01_cleaned_protein_pdb\1m1e_complex.pdb,2,70,521,2.1,A,B
1mhh,1mhh_complex.pdb,C:\Users\86198\Desktop\P-P\01_cleaned_protein_pdb\1mhh_complex.pdb,6,62,219,2.1,BA,E
1mlc,1mlc_complex.pdb,C:\Users\86198\Desktop\P-P\01_cleaned_protein_pdb\1mlc_complex.pdb,6,129,218,2.5,DC,F
1mzw,1mzw_complex.pdb,C:\Users\86198\Desktop\P-P\01_cleaned_protein_pdb\1mzw_complex.pdb,2,31,173,2.0,A,B
1nca,1nca_complex.pdb,C:\Users\86198\Desktop\P-P\01_cleaned_protein_pdb\1nca_complex.pdb,3,214,389,2.5,HL,N
1nez,1nez_complex.pdb,C:\Users\86198\Desktop\P-P\01_cleaned_protein_pdb\1nez_complex.pdb,4,99,274,2.1,HG,A
1nf3,1nf3_complex.pdb,C:\Users\86198\Desktop\P-P\01_cleaned_protein_pdb\1nf3_complex.pdb,4,123,194,2.1,B,D
1nl0,1nl0_complex.pdb,C:\Users\86198\Desktop\P-P\01_cleaned_protein_pdb\1nl0_complex.pdb,3,33,224,2.2,HL,G
1nm5,1nm5_complex.pdb,C:\Users\86198\Desktop\P-P\01_cleaned_protein_pdb\1nm5_complex.pdb,3,174,374,2.4,B,C
1nma,1nma_complex.pdb,C:\Users\86198\Desktop\P-P\01_cleaned_protein_pdb\1nma_complex.pdb,3,109,378,3.0,HL,N
1nsn,1nsn_complex.pdb,C:\Users\86198\Desktop\P-P\01_cleaned_protein_pdb\1nsn_complex.pdb,3,138,217,2.8,HL,S
1nvu,1nvu_complex.pdb,C:\Users\86198\Desktop\P-P\01_cleaned_protein_pdb\1nvu_complex.pdb,3,166,481,2.2,Q,S
1nw9,1nw9_complex.pdb,C:\Users\86198\Desktop\P-P\01_cleaned_protein_pdb\1nw9_complex.pdb,2,91,250,2.4,A,B
1o94,1o94_complex.pdb,C:\Users\86198\Desktop\P-P\01_cleaned_protein_pdb\1o94_complex.pdb,6,189,729,2.0,A,CD
1ob1,1ob1_complex.pdb,C:\Users\86198\Desktop\P-P\01_cleaned_protein_pdb\1ob1_complex.pdb,6,96,219,2.9,ED,F
1oc0,1oc0_complex.pdb,C:\Users\86198\Desktop\P-P\01_cleaned_protein_pdb\1oc0_complex.pdb,2,37,374,2.28,A,B
1oey,1oey_complex.pdb,C:\Users\86198\Desktop\P-P\01_cleaned_protein_pdb\1oey_complex.pdb,8,74,102,2.0,B,K
1op9,1op9_complex.pdb,C:\Users\86198\Desktop\P-P\01_cleaned_protein_pdb\1op9_complex.pdb,2,121,130,1.86,A,B
1oph,1oph_complex.pdb,C:\Users\86198\Desktop\P-P\01_cleaned_protein_pdb\1oph_complex.pdb,2,223,375,2.3,A,B
1oyh,1oyh_complex.pdb,C:\Users\86198\Desktop\P-P\01_cleaned_protein_pdb\1oyh_complex.pdb,2,426,427,2.62,I,L
1oyv,1oyv_complex.pdb,C:\Users\86198\Desktop\P-P\01_cleaned_protein_pdb\1oyv_complex.pdb,3,116,274,2.5,A,I
1p0s,1p0s_complex.pdb,C:\Users\86198\Desktop\P-P\01_cleaned_protein_pdb\1p0s_complex.pdb,3,88,235,2.8,H,E
1p27,1p27_complex.pdb,C:\Users\86198\Desktop\P-P\01_cleaned_protein_pdb\1p27_complex.pdb,4,92,144,2.0,A,B
1p2c,1p2c_complex.pdb,C:\Users\86198\Desktop\P-P\01_cleaned_protein_pdb\1p2c_complex.pdb,6,129,217,2.0,ED,F
1p3q,1p3q_complex.pdb,C:\Users\86198\Desktop\P-P\01_cleaned_protein_pdb\1p3q_complex.pdb,4,34,74,1.7,R,V
1p6a,1p6a_complex.pdb,C:\Users\86198\Desktop\P-P\01_cleaned_protein_pdb\1p6a_complex.pdb,2,124,185,2.9,A,B
1pk1,1pk1_complex.pdb,C:\Users\86198\Desktop\P-P\01_cleaned_protein_pdb\1pk1_complex.pdb,4,64,70,1.8,C,D
1pvh,1pvh_complex.pdb,C:\Users\86198\Desktop\P-P\01_cleaned_protein_pdb\1pvh_complex.pdb,4,169,201,2.5,C,D
1pxv,1pxv_complex.pdb,C:\Users\86198\Desktop\P-P\01_cleaned_protein_pdb\1pxv_complex.pdb,4,111,183,1.8,A,C
1qfu,1qfu_complex.pdb,C:\Users\86198\Desktop\P-P\01_cleaned_protein_pdb\1qfu_complex.pdb,4,174,318,2.8,HL,A
1qty,1qty_complex.pdb,C:\Users\86198\Desktop\P-P\01_cleaned_protein_pdb\1qty_complex.pdb,8,94,96,2.7,S,T
1r0r,1r0r_complex.pdb,C:\Users\86198\Desktop\P-P\01_cleaned_protein_pdb\1r0r_complex.pdb,2,51,274,1.1,E,I
1r6q,1r6q_complex.pdb,C:\Users\86198\Desktop\P-P\01_cleaned_protein_pdb\1r6q_complex.pdb,4,91,142,2.35,B,D
1ri8,1ri8_complex.pdb,C:\Users\86198\Desktop\P-P\01_cleaned_protein_pdb\1ri8_complex.pdb,2,124,129,1.85,A,B
1rjc,1rjc_complex.pdb,C:\Users\86198\Desktop\P-P\01_cleaned_protein_pdb\1rjc_complex.pdb,2,126,129,1.4,A,B
1rke,1rke_complex.pdb,C:\Users\86198\Desktop\P-P\01_cleaned_protein_pdb\1rke_complex.pdb,2,182,262,2.35,A,B
1rv6,1rv6_complex.pdb,C:\Users\86198\Desktop\P-P\01_cleaned_protein_pdb\1rv6_complex.pdb,4,92,95,2.45,W,X
1rvj,1rvj_complex.pdb,C:\Users\86198\Desktop\P-P\01_cleaned_protein_pdb\1rvj_complex.pdb,3,238,301,2.75,H,LM
1s1q,1s1q_complex.pdb,C:\Users\86198\Desktop\P-P\01_cleaned_protein_pdb\1s1q_complex.pdb,4,71,137,2.0,A,B
1s4y,1s4y_complex.pdb,C:\Users\86198\Desktop\P-P\01_cleaned_protein_pdb\1s4y_complex.pdb,4,91,116,2.3,C,D
1sbb,1sbb_complex.pdb,C:\Users\86198\Desktop\P-P\01_cleaned_protein_pdb\1sbb_complex.pdb,4,233,239,2.4,C,D
1sg1,1sg1_complex.pdb,C:\Users\86198\Desktop\P-P\01_cleaned_protein_pdb\1sg1_complex.pdb,3,105,160,2.4,B,X
1shz,1shz_complex.pdb,C:\Users\86198\Desktop\P-P\01_cleaned_protein_pdb\1shz_complex.pdb,4,217,327,2.85,D,F
1sq0,1sq0_complex.pdb,C:\Users\86198\Desktop\P-P\01_cleaned_protein_pdb\1sq0_complex.pdb,2,198,265,2.6,A,B
1sv0,1sv0_complex.pdb,C:\Users\86198\Desktop\P-P\01_cleaned_protein_pdb\1sv0_complex.pdb,4,77,82,2.07,B,D
1sy6,1sy6_complex.pdb,C:\Users\86198\Desktop\P-P\01_cleaned_protein_pdb\1sy6_complex.pdb,3,168,219,2.1,HL,A
1t0p,1t0p_complex.pdb,C:\Users\86198\Desktop\P-P\01_cleaned_protein_pdb\1t0p_complex.pdb,2,86,174,1.66,A,B
1t44,1t44_complex.pdb,C:\Users\86198\Desktop\P-P\01_cleaned_protein_pdb\1t44_complex.pdb,2,144,370,2.0,G,A
1t6b,1t6b_complex.pdb,C:\Users\86198\Desktop\P-P\01_cleaned_protein_pdb\1t6b_complex.pdb,2,170,688,2.5,X,Y
1ta3,1ta3_complex.pdb,C:\Users\86198\Desktop\P-P\01_cleaned_protein_pdb\1ta3_complex.pdb,2,274,301,1.7,A,B
1taw,1taw_complex.pdb,C:\Users\86198\Desktop\P-P\01_cleaned_protein_pdb\1taw_complex.pdb,2,54,223,1.8,A,B
1tbr,1tbr_complex.pdb,C:\Users\86198\Desktop\P-P\01_cleaned_protein_pdb\1tbr_complex.pdb,6,49,259,2.6,K,S
1tdq,1tdq_complex.pdb,C:\Users\86198\Desktop\P-P\01_cleaned_protein_pdb\1tdq_complex.pdb,2,126,271,2.6,A,B
1te1,1te1_complex.pdb,C:\Users\86198\Desktop\P-P\01_cleaned_protein_pdb\1te1_complex.pdb,2,190,274,2.5,A,B
1th1,1th1_complex.pdb,C:\Users\86198\Desktop\P-P\01_cleaned_protein_pdb\1th1_complex.pdb,4,49,520,2.5,B,D
1tm1,1tm1_complex.pdb,C:\Users\86198\Desktop\P-P\01_cleaned_protein_pdb\1tm1_complex.pdb,2,64,281,1.7,E,I
1tm3,1tm3_complex.pdb,C:\Users\86198\Desktop\P-P\01_cleaned_protein_pdb\1tm3_complex.pdb,2,64,281,1.57,E,I
1tm4,1tm4_complex.pdb,C:\Users\86198\Desktop\P-P\01_cleaned_protein_pdb\1tm4_complex.pdb,2,64,281,1.7,E,I
1tm5,1tm5_complex.pdb,C:\Users\86198\Desktop\P-P\01_cleaned_protein_pdb\1tm5_complex.pdb,2,64,281,1.45,E,I
1tm7,1tm7_complex.pdb,C:\Users\86198\Desktop\P-P\01_cleaned_protein_pdb\1tm7_complex.pdb,2,64,281,1.59,E,I
1to1,1to1_complex.pdb,C:\Users\86198\Desktop\P-P\01_cleaned_protein_pdb\1to1_complex.pdb,2,64,281,1.68,E,I
1tzh,1tzh_complex.pdb,C:\Users\86198\Desktop\P-P\01_cleaned_protein_pdb\1tzh_complex.pdb,6,94,222,2.6,HL,V
1tzi,1tzi_complex.pdb,C:\Users\86198\Desktop\P-P\01_cleaned_protein_pdb\1tzi_complex.pdb,3,97,222,2.8,BA,V
1u0s,1u0s_complex.pdb,C:\Users\86198\Desktop\P-P\01_cleaned_protein_pdb\1u0s_complex.pdb,2,86,118,1.9,Y,A
1u7f,1u7f_complex.pdb,C:\Users\86198\Desktop\P-P\01_cleaned_protein_pdb\1u7f_complex.pdb,3,191,196,2.6,A,B
1u7v,1u7v_complex.pdb,C:\Users\86198\Desktop\P-P\01_cleaned_protein_pdb\1u7v_complex.pdb,3,194,208,2.7,A,B
1uad,1uad_complex.pdb,C:\Users\86198\Desktop\P-P\01_cleaned_protein_pdb\1uad_complex.pdb,4,92,173,2.1,B,D
1uex,1uex_complex.pdb,C:\Users\86198\Desktop\P-P\01_cleaned_protein_pdb\1uex_complex.pdb,3,123,202,2.85,B,C
1ugh,1ugh_complex.pdb,C:\Users\86198\Desktop\P-P\01_cleaned_protein_pdb\1ugh_complex.pdb,2,82,223,1.9,E,I
1ul1,1ul1_complex.pdb,C:\Users\86198\Desktop\P-P\01_cleaned_protein_pdb\1ul1_complex.pdb,6,255,355,2.9,X,A
1us7,1us7_complex.pdb,C:\Users\86198\Desktop\P-P\01_cleaned_protein_pdb\1us7_complex.pdb,2,201,207,2.3,A,B
1usu,1usu_complex.pdb,C:\Users\86198\Desktop\P-P\01_cleaned_protein_pdb\1usu_complex.pdb,2,142,256,2.15,A,B
1usv,1usv_complex.pdb,C:\Users\86198\Desktop\P-P\01_cleaned_protein_pdb\1usv_complex.pdb,8,141,256,2.7,E,F
1uug,1uug_complex.pdb,C:\Users\86198\Desktop\P-P\01_cleaned_protein_pdb\1uug_complex.pdb,4,82,222,2.4,C,D
1uuz,1uuz_complex.pdb,C:\Users\86198\Desktop\P-P\01_cleaned_protein_pdb\1uuz_complex.pdb,4,129,130,1.8,A,D
1v18,1v18_complex.pdb,C:\Users\86198\Desktop\P-P\01_cleaned_protein_pdb\1v18_complex.pdb,2,36,516,2.1,A,B
1v7p,1v7p_complex.pdb,C:\Users\86198\Desktop\P-P\01_cleaned_protein_pdb\1v7p_complex.pdb,3,127,193,1.9,AB,C
1vet,1vet_complex.pdb,C:\Users\86198\Desktop\P-P\01_cleaned_protein_pdb\1vet_complex.pdb,2,118,122,1.9,A,B
1veu,1veu_complex.pdb,C:\Users\86198\Desktop\P-P\01_cleaned_protein_pdb\1veu_complex.pdb,2,118,119,2.15,A,B
1vfb,1vfb_complex.pdb,C:\Users\86198\Desktop\P-P\01_cleaned_protein_pdb\1vfb_complex.pdb,3,107,129,1.8,BA,C
1vg0,1vg0_complex.pdb,C:\Users\86198\Desktop\P-P\01_cleaned_protein_pdb\1vg0_complex.pdb,2,186,500,2.2,A,B
1w1w,1w1w_complex.pdb,C:\Users\86198\Desktop\P-P\01_cleaned_protein_pdb\1w1w_complex.pdb,8,79,345,2.9,C,G
1wdw,1wdw_complex.pdb,C:\Users\86198\Desktop\P-P\01_cleaned_protein_pdb\1wdw_complex.pdb,2,248,385,3.0,C,D
1wej,1wej_complex.pdb,C:\Users\86198\Desktop\P-P\01_cleaned_protein_pdb\1wej_complex.pdb,3,104,223,1.8,HL,F
1wpx,1wpx_complex.pdb,C:\Users\86198\Desktop\P-P\01_cleaned_protein_pdb\1wpx_complex.pdb,2,219,421,2.7,A,B
1wq1,1wq1_complex.pdb,C:\Users\86198\Desktop\P-P\01_cleaned_protein_pdb\1wq1_complex.pdb,2,166,320,2.5,R,G
1wqj,1wqj_complex.pdb,C:\Users\86198\Desktop\P-P\01_cleaned_protein_pdb\1wqj_complex.pdb,2,62,80,1.6,B,I
1wr6,1wr6_complex.pdb,C:\Users\86198\Desktop\P-P\01_cleaned_protein_pdb\1wr6_complex.pdb,8,72,88,2.6,C,G
1wrd,1wrd_complex.pdb,C:\Users\86198\Desktop\P-P\01_cleaned_protein_pdb\1wrd_complex.pdb,2,76,98,1.75,A,B
1wve,1wve_complex.pdb,C:\Users\86198\Desktop\P-P\01_cleaned_protein_pdb\1wve_complex.pdb,4,75,515,1.85,A,C
1x1u,1x1u_complex.pdb,C:\Users\86198\Desktop\P-P\01_cleaned_protein_pdb\1x1u_complex.pdb,6,89,110,2.3,A,D
1x1w,1x1w_complex.pdb,C:\Users\86198\Desktop\P-P\01_cleaned_protein_pdb\1x1w_complex.pdb,6,89,110,2.1,A,D
1x1x,1x1x_complex.pdb,C:\Users\86198\Desktop\P-P\01_cleaned_protein_pdb\1x1x_complex.pdb,6,89,110,2.3,A,D
1x1y,1x1y_complex.pdb,C:\Users\86198\Desktop\P-P\01_cleaned_protein_pdb\1x1y_complex.pdb,6,89,110,1.9,A,D
1x75,1x75_complex.pdb,C:\Users\86198\Desktop\P-P\01_cleaned_protein_pdb\1x75_complex.pdb,4,101,132,2.8,B,D
1xd3,1xd3_complex.pdb,C:\Users\86198\Desktop\P-P\01_cleaned_protein_pdb\1xd3_complex.pdb,4,75,229,1.45,A,B
1xdt,1xdt_complex.pdb,C:\Users\86198\Desktop\P-P\01_cleaned_protein_pdb\1xdt_complex.pdb,2,41,535,2.65,T,R
1xg2,1xg2_complex.pdb,C:\Users\86198\Desktop\P-P\01_cleaned_protein_pdb\1xg2_complex.pdb,2,151,317,1.9,A,B
1xqs,1xqs_complex.pdb,C:\Users\86198\Desktop\P-P\01_cleaned_protein_pdb\1xqs_complex.pdb,4,165,264,2.9,B,D
1xt9,1xt9_complex.pdb,C:\Users\86198\Desktop\P-P\01_cleaned_protein_pdb\1xt9_complex.pdb,2,76,210,2.2,A,B
1xu1,1xu1_complex.pdb,C:\Users\86198\Desktop\P-P\01_cleaned_protein_pdb\1xu1_complex.pdb,6,36,137,1.9,B,S
1xwd,1xwd_complex.pdb,C:\Users\86198\Desktop\P-P\01_cleaned_protein_pdb\1xwd_complex.pdb,6,87,242,2.92,AB,C
1xx9,1xx9_complex.pdb,C:\Users\86198\Desktop\P-P\01_cleaned_protein_pdb\1xx9_complex.pdb,4,139,238,2.2,B,D
1xxd,1xxd_complex.pdb,C:\Users\86198\Desktop\P-P\01_cleaned_protein_pdb\1xxd_complex.pdb,4,137,238,2.91,A,C
1y1k,1y1k_complex.pdb,C:\Users\86198\Desktop\P-P\01_cleaned_protein_pdb\1y1k_complex.pdb,2,64,281,1.56,E,I
1y33,1y33_complex.pdb,C:\Users\86198\Desktop\P-P\01_cleaned_protein_pdb\1y33_complex.pdb,2,64,281,1.8,E,I
1y34,1y34_complex.pdb,C:\Users\86198\Desktop\P-P\01_cleaned_protein_pdb\1y34_complex.pdb,2,64,281,1.55,E,I
1y3b,1y3b_complex.pdb,C:\Users\86198\Desktop\P-P\01_cleaned_protein_pdb\1y3b_complex.pdb,2,64,281,1.8,E,I
1y3c,1y3c_complex.pdb,C:\Users\86198\Desktop\P-P\01_cleaned_protein_pdb\1y3c_complex.pdb,2,64,281,1.69,E,I
1y3d,1y3d_complex.pdb,C:\Users\86198\Desktop\P-P\01_cleaned_protein_pdb\1y3d_complex.pdb,2,64,281,1.8,E,I
1y48,1y48_complex.pdb,C:\Users\86198\Desktop\P-P\01_cleaned_protein_pdb\1y48_complex.pdb,2,64,281,1.84,E,I
1y4a,1y4a_complex.pdb,C:\Users\86198\Desktop\P-P\01_cleaned_protein_pdb\1y4a_complex.pdb,2,63,275,1.6,E,I
1y4d,1y4d_complex.pdb,C:\Users\86198\Desktop\P-P\01_cleaned_protein_pdb\1y4d_complex.pdb,2,63,276,2.0,E,I
1y6k,1y6k_complex.pdb,C:\Users\86198\Desktop\P-P\01_cleaned_protein_pdb\1y6k_complex.pdb,2,145,205,2.52,L,R
1y6m,1y6m_complex.pdb,C:\Users\86198\Desktop\P-P\01_cleaned_protein_pdb\1y6m_complex.pdb,2,142,204,2.8,L,R
1y6n,1y6n_complex.pdb,C:\Users\86198\Desktop\P-P\01_cleaned_protein_pdb\1y6n_complex.pdb,2,137,202,2.7,L,R
1y8n,1y8n_complex.pdb,C:\Users\86198\Desktop\P-P\01_cleaned_protein_pdb\1y8n_complex.pdb,2,102,389,2.6,A,B
1yc0,1yc0_complex.pdb,C:\Users\86198\Desktop\P-P\01_cleaned_protein_pdb\1yc0_complex.pdb,2,66,245,2.6,A,I
1ycs,1ycs_complex.pdb,C:\Users\86198\Desktop\P-P\01_cleaned_protein_pdb\1ycs_complex.pdb,2,191,193,2.2,A,B
1yd8,1yd8_complex.pdb,C:\Users\86198\Desktop\P-P\01_cleaned_protein_pdb\1yd8_complex.pdb,4,73,93,2.8,U,H
1yrt,1yrt_complex.pdb,C:\Users\86198\Desktop\P-P\01_cleaned_protein_pdb\1yrt_complex.pdb,2,69,358,2.1,A,B
1yru,1yru_complex.pdb,C:\Users\86198\Desktop\P-P\01_cleaned_protein_pdb\1yru_complex.pdb,2,69,358,2.5,A,B
1yvb,1yvb_complex.pdb,C:\Users\86198\Desktop\P-P\01_cleaned_protein_pdb\1yvb_complex.pdb,2,111,241,2.7,A,I
1yy9,1yy9_complex.pdb,C:\Users\86198\Desktop\P-P\01_cleaned_protein_pdb\1yy9_complex.pdb,3,211,613,2.6,DC,A
1z0k,1z0k_complex.pdb,C:\Users\86198\Desktop\P-P\01_cleaned_protein_pdb\1z0k_complex.pdb,4,61,169,1.92,A,B
1z7x,1z7x_complex.pdb,C:\Users\86198\Desktop\P-P\01_cleaned_protein_pdb\1z7x_complex.pdb,4,126,460,1.95,Z,Y
1z92,1z92_complex.pdb,C:\Users\86198\Desktop\P-P\01_cleaned_protein_pdb\1z92_complex.pdb,2,128,128,2.8,A,B
1zc3,1zc3_complex.pdb,C:\Users\86198\Desktop\P-P\01_cleaned_protein_pdb\1zc3_complex.pdb,4,109,173,2.0,C,B
1zc4,1zc4_complex.pdb,C:\Users\86198\Desktop\P-P\01_cleaned_protein_pdb\1zc4_complex.pdb,4,113,173,2.5,C,B
1ze3,1ze3_complex.pdb,C:\Users\86198\Desktop\P-P\01_cleaned_protein_pdb\1ze3_complex.pdb,3,122,205,1.84,CH,D
1zhi,1zhi_complex.pdb,C:\Users\86198\Desktop\P-P\01_cleaned_protein_pdb\1zhi_complex.pdb,2,125,205,2.7,A,B
1zjd,1zjd_complex.pdb,C:\Users\86198\Desktop\P-P\01_cleaned_protein_pdb\1zjd_complex.pdb,2,57,237,2.6,A,B
1zli,1zli_complex.pdb,C:\Users\86198\Desktop\P-P\01_cleaned_protein_pdb\1zli_complex.pdb,2,74,306,2.09,A,B
1zm4,1zm4_complex.pdb,C:\Users\86198\Desktop\P-P\01_cleaned_protein_pdb\1zm4_complex.pdb,2,207,822,2.9,C,D
1zmy,1zmy_complex.pdb,C:\Users\86198\Desktop\P-P\01_cleaned_protein_pdb\1zmy_complex.pdb,3,129,133,3.0,A,L
1zr0,1zr0_complex.pdb,C:\Users\86198\Desktop\P-P\01_cleaned_protein_pdb\1zr0_complex.pdb,4,63,223,1.8,C,D
1zv5,1zv5_complex.pdb,C:\Users\86198\Desktop\P-P\01_cleaned_protein_pdb\1zv5_complex.pdb,2,119,129,2.0,L,A
1zvh,1zvh_complex.pdb,C:\Users\86198\Desktop\P-P\01_cleaned_protein_pdb\1zvh_complex.pdb,2,124,129,1.5,L,A
2a78,2a78_complex.pdb,C:\Users\86198\Desktop\P-P\01_cleaned_protein_pdb\2a78_complex.pdb,2,170,207,1.81,A,B
2a9k,2a9k_complex.pdb,C:\Users\86198\Desktop\P-P\01_cleaned_protein_pdb\2a9k_complex.pdb,2,170,207,1.73,A,B
2abz,2abz_complex.pdb,C:\Users\86198\Desktop\P-P\01_cleaned_protein_pdb\2abz_complex.pdb,6,60,303,2.16,B,E
2aep,2aep_complex.pdb,C:\Users\86198\Desktop\P-P\01_cleaned_protein_pdb\2aep_complex.pdb,3,129,388,2.1,HL,A
2aeq,2aeq_complex.pdb,C:\Users\86198\Desktop\P-P\01_cleaned_protein_pdb\2aeq_complex.pdb,3,107,388,3.0,HL,A
2ajf,2ajf_complex.pdb,C:\Users\86198\Desktop\P-P\01_cleaned_protein_pdb\2ajf_complex.pdb,4,180,597,2.9,A,E
2aq1,2aq1_complex.pdb,C:\Users\86198\Desktop\P-P\01_cleaned_protein_pdb\2aq1_complex.pdb,8,109,237,2.1,C,D
2aq2,2aq2_complex.pdb,C:\Users\86198\Desktop\P-P\01_cleaned_protein_pdb\2aq2_complex.pdb,2,110,234,1.8,A,B
2aq3,2aq3_complex.pdb,C:\Users\86198\Desktop\P-P\01_cleaned_protein_pdb\2aq3_complex.pdb,8,109,237,2.3,G,H
2arp,2arp_complex.pdb,C:\Users\86198\Desktop\P-P\01_cleaned_protein_pdb\2arp_complex.pdb,2,116,148,2.0,A,F
2ass,2ass_complex.pdb,C:\Users\86198\Desktop\P-P\01_cleaned_protein_pdb\2ass_complex.pdb,3,69,325,3.0,B,C
2aw2,2aw2_complex.pdb,C:\Users\86198\Desktop\P-P\01_cleaned_protein_pdb\2aw2_complex.pdb,4,102,110,2.8,X,Y
2aze,2aze_complex.pdb,C:\Users\86198\Desktop\P-P\01_cleaned_protein_pdb\2aze_complex.pdb,3,44,149,2.55,A,B
2b0z,2b0z_complex.pdb,C:\Users\86198\Desktop\P-P\01_cleaned_protein_pdb\2b0z_complex.pdb,2,108,294,2.7,A,B
2b10,2b10_complex.pdb,C:\Users\86198\Desktop\P-P\01_cleaned_protein_pdb\2b10_complex.pdb,4,108,294,2.8,A,B
2b11,2b11_complex.pdb,C:\Users\86198\Desktop\P-P\01_cleaned_protein_pdb\2b11_complex.pdb,4,108,294,2.3,C,D
2b2x,2b2x_complex.pdb,C:\Users\86198\Desktop\P-P\01_cleaned_protein_pdb\2b2x_complex.pdb,6,190,217,2.2,IM,B
2b42,2b42_complex.pdb,C:\Users\86198\Desktop\P-P\01_cleaned_protein_pdb\2b42_complex.pdb,2,184,376,2.5,A,B
2b4j,2b4j_complex.pdb,C:\Users\86198\Desktop\P-P\01_cleaned_protein_pdb\2b4j_complex.pdb,4,82,153,2.02,A,D
2b5i,2b5i_complex.pdb,C:\Users\86198\Desktop\P-P\01_cleaned_protein_pdb\2b5i_complex.pdb,4,127,202,2.3,BCD,A
2b7c,2b7c_complex.pdb,C:\Users\86198\Desktop\P-P\01_cleaned_protein_pdb\2b7c_complex.pdb,2,90,437,1.8,A,B
2bdn,2bdn_complex.pdb,C:\Users\86198\Desktop\P-P\01_cleaned_protein_pdb\2bdn_complex.pdb,3,68,217,2.53,HL,A
2bo9,2bo9_complex.pdb,C:\Users\86198\Desktop\P-P\01_cleaned_protein_pdb\2bo9_complex.pdb,4,217,307,1.6,A,B
2bp7,2bp7_complex.pdb,C:\Users\86198\Desktop\P-P\01_cleaned_protein_pdb\2bp7_complex.pdb,8,338,407,2.9,A,B
2btf,2btf_complex.pdb,C:\Users\86198\Desktop\P-P\01_cleaned_protein_pdb\2btf_complex.pdb,2,139,373,2.55,A,P
2byk,2byk_complex.pdb,C:\Users\86198\Desktop\P-P\01_cleaned_protein_pdb\2byk_complex.pdb,4,66,92,2.4,C,D
2bym,2bym_complex.pdb,C:\Users\86198\Desktop\P-P\01_cleaned_protein_pdb\2bym_complex.pdb,4,64,86,2.8,C,D
2c0l,2c0l_complex.pdb,C:\Users\86198\Desktop\P-P\01_cleaned_protein_pdb\2c0l_complex.pdb,2,122,305,2.3,A,B
2c1m,2c1m_complex.pdb,C:\Users\86198\Desktop\P-P\01_cleaned_protein_pdb\2c1m_complex.pdb,2,46,424,2.2,A,B
2c1t,2c1t_complex.pdb,C:\Users\86198\Desktop\P-P\01_cleaned_protein_pdb\2c1t_complex.pdb,4,45,423,2.6,B,D
2c7m,2c7m_complex.pdb,C:\Users\86198\Desktop\P-P\01_cleaned_protein_pdb\2c7m_complex.pdb,2,58,74,2.4,A,B
2c7n,2c7n_complex.pdb,C:\Users\86198\Desktop\P-P\01_cleaned_protein_pdb\2c7n_complex.pdb,12,49,74,2.1,C,D
2cjs,2cjs_complex.pdb,C:\Users\86198\Desktop\P-P\01_cleaned_protein_pdb\2cjs_complex.pdb,3,54,163,1.78,A,C
2cmr,2cmr_complex.pdb,C:\Users\86198\Desktop\P-P\01_cleaned_protein_pdb\2cmr_complex.pdb,3,208,216,2.0,HL,A
2dd8,2dd8_complex.pdb,C:\Users\86198\Desktop\P-P\01_cleaned_protein_pdb\2dd8_complex.pdb,3,192,220,2.3,HL,S
2dsp,2dsp_complex.pdb,C:\Users\86198\Desktop\P-P\01_cleaned_protein_pdb\2dsp_complex.pdb,2,67,92,2.5,B,I
2dsq,2dsq_complex.pdb,C:\Users\86198\Desktop\P-P\01_cleaned_protein_pdb\2dsq_complex.pdb,6,62,91,2.8,IG,B
2dsr,2dsr_complex.pdb,C:\Users\86198\Desktop\P-P\01_cleaned_protein_pdb\2dsr_complex.pdb,3,58,80,2.1,IB,G
2efd,2efd_complex.pdb,C:\Users\86198\Desktop\P-P\01_cleaned_protein_pdb\2efd_complex.pdb,4,165,246,3.0,A,B
2efh,2efh_complex.pdb,C:\Users\86198\Desktop\P-P\01_cleaned_protein_pdb\2efh_complex.pdb,4,165,246,2.1,A,B
2erj,2erj_complex.pdb,C:\Users\86198\Desktop\P-P\01_cleaned_protein_pdb\2erj_complex.pdb,8,130,204,3.0,BC,D
2es4,2es4_complex.pdb,C:\Users\86198\Desktop\P-P\01_cleaned_protein_pdb\2es4_complex.pdb,4,277,319,1.85,B,E
2f4m,2f4m_complex.pdb,C:\Users\86198\Desktop\P-P\01_cleaned_protein_pdb\2f4m_complex.pdb,2,61,295,1.85,A,B
2f5z,2f5z_complex.pdb,C:\Users\86198\Desktop\P-P\01_cleaned_protein_pdb\2f5z_complex.pdb,2,43,471,2.18,B,K
2f9z,2f9z_complex.pdb,C:\Users\86198\Desktop\P-P\01_cleaned_protein_pdb\2f9z_complex.pdb,4,159,203,2.4,A,C
2fdb,2fdb_complex.pdb,C:\Users\86198\Desktop\P-P\01_cleaned_protein_pdb\2fdb_complex.pdb,4,148,210,2.28,M,P
2fjg,2fjg_complex.pdb,C:\Users\86198\Desktop\P-P\01_cleaned_protein_pdb\2fjg_complex.pdb,6,94,223,2.8,BA,V
2fju,2fju_complex.pdb,C:\Users\86198\Desktop\P-P\01_cleaned_protein_pdb\2fju_complex.pdb,2,177,700,2.2,A,B
2ftl,2ftl_complex.pdb,C:\Users\86198\Desktop\P-P\01_cleaned_protein_pdb\2ftl_complex.pdb,2,58,222,1.62,E,I
2ftm,2ftm_complex.pdb,C:\Users\86198\Desktop\P-P\01_cleaned_protein_pdb\2ftm_complex.pdb,2,58,223,1.65,A,B
2fu5,2fu5_complex.pdb,C:\Users\86198\Desktop\P-P\01_cleaned_protein_pdb\2fu5_complex.pdb,4,117,176,2.0,A,D
2g2u,2g2u_complex.pdb,C:\Users\86198\Desktop\P-P\01_cleaned_protein_pdb\2g2u_complex.pdb,2,165,265,1.6,A,B
2g2w,2g2w_complex.pdb,C:\Users\86198\Desktop\P-P\01_cleaned_protein_pdb\2g2w_complex.pdb,2,165,265,1.8,A,B
2g45,2g45_complex.pdb,C:\Users\86198\Desktop\P-P\01_cleaned_protein_pdb\2g45_complex.pdb,4,76,117,1.99,A,B
2g81,2g81_complex.pdb,C:\Users\86198\Desktop\P-P\01_cleaned_protein_pdb\2g81_complex.pdb,2,56,223,1.55,E,I
2gh0,2gh0_complex.pdb,C:\Users\86198\Desktop\P-P\01_cleaned_protein_pdb\2gh0_complex.pdb,4,99,200,1.92,C,A
2gox,2gox_complex.pdb,C:\Users\86198\Desktop\P-P\01_cleaned_protein_pdb\2gox_complex.pdb,4,65,297,2.2,C,D
2h62,2h62_complex.pdb,C:\Users\86198\Desktop\P-P\01_cleaned_protein_pdb\2h62_complex.pdb,4,84,104,1.85,AB,C
2h64,2h64_complex.pdb,C:\Users\86198\Desktop\P-P\01_cleaned_protein_pdb\2h64_complex.pdb,3,92,105,1.92,A,B
2h9g,2h9g_complex.pdb,C:\Users\86198\Desktop\P-P\01_cleaned_protein_pdb\2h9g_complex.pdb,6,64,220,2.32,BA,R
2hd5,2hd5_complex.pdb,C:\Users\86198\Desktop\P-P\01_cleaned_protein_pdb\2hd5_complex.pdb,2,76,336,1.85,A,B
2hev,2hev_complex.pdb,C:\Users\86198\Desktop\P-P\01_cleaned_protein_pdb\2hev_complex.pdb,2,126,140,2.41,F,R
2hle,2hle_complex.pdb,C:\Users\86198\Desktop\P-P\01_cleaned_protein_pdb\2hle_complex.pdb,2,138,188,2.05,A,B
2hqs,2hqs_complex.pdb,C:\Users\86198\Desktop\P-P\01_cleaned_protein_pdb\2hqs_complex.pdb,8,107,414,1.5,D,E
2hrk,2hrk_complex.pdb,C:\Users\86198\Desktop\P-P\01_cleaned_protein_pdb\2hrk_complex.pdb,2,121,177,2.05,A,B
2hth,2hth_complex.pdb,C:\Users\86198\Desktop\P-P\01_cleaned_protein_pdb\2hth_complex.pdb,2,73,129,2.7,A,B
2i25,2i25_complex.pdb,C:\Users\86198\Desktop\P-P\01_cleaned_protein_pdb\2i25_complex.pdb,4,114,129,1.8,N,L
2i26,2i26_complex.pdb,C:\Users\86198\Desktop\P-P\01_cleaned_protein_pdb\2i26_complex.pdb,6,114,129,2.5,N,L
2i3s,2i3s_complex.pdb,C:\Users\86198\Desktop\P-P\01_cleaned_protein_pdb\2i3s_complex.pdb,6,36,340,1.9,E,F
2i3t,2i3t_complex.pdb,C:\Users\86198\Desktop\P-P\01_cleaned_protein_pdb\2i3t_complex.pdb,8,43,340,2.8,E,F
2i9b,2i9b_complex.pdb,C:\Users\86198\Desktop\P-P\01_cleaned_protein_pdb\2i9b_complex.pdb,8,122,278,2.8,B,F
2iff,2iff_complex.pdb,C:\Users\86198\Desktop\P-P\01_cleaned_protein_pdb\2iff_complex.pdb,3,129,214,2.65,HL,Y
2ij0,2ij0_complex.pdb,C:\Users\86198\Desktop\P-P\01_cleaned_protein_pdb\2ij0_complex.pdb,4,118,194,2.25,A,E
2ijo,2ijo_complex.pdb,C:\Users\86198\Desktop\P-P\01_cleaned_protein_pdb\2ijo_complex.pdb,3,41,176,2.3,BI,A
2iwg,2iwg_complex.pdb,C:\Users\86198\Desktop\P-P\01_cleaned_protein_pdb\2iwg_complex.pdb,4,181,207,2.35,D,E
2iy0,2iy0_complex.pdb,C:\Users\86198\Desktop\P-P\01_cleaned_protein_pdb\2iy0_complex.pdb,3,76,226,2.77,AB,C
2iy1,2iy1_complex.pdb,C:\Users\86198\Desktop\P-P\01_cleaned_protein_pdb\2iy1_complex.pdb,4,83,226,2.46,A,B
2iyb,2iyb_complex.pdb,C:\Users\86198\Desktop\P-P\01_cleaned_protein_pdb\2iyb_complex.pdb,8,63,114,2.35,D,H
2j0t,2j0t_complex.pdb,C:\Users\86198\Desktop\P-P\01_cleaned_protein_pdb\2j0t_complex.pdb,6,124,162,2.54,C,F
2j12,2j12_complex.pdb,C:\Users\86198\Desktop\P-P\01_cleaned_protein_pdb\2j12_complex.pdb,2,120,182,1.5,A,B
2j1k,2j1k_complex.pdb,C:\Users\86198\Desktop\P-P\01_cleaned_protein_pdb\2j1k_complex.pdb,2,117,182,2.3,Z,S
2j4w,2j4w_complex.pdb,C:\Users\86198\Desktop\P-P\01_cleaned_protein_pdb\2j4w_complex.pdb,3,34,225,2.5,HL,D
2j59,2j59_complex.pdb,C:\Users\86198\Desktop\P-P\01_cleaned_protein_pdb\2j59_complex.pdb,12,131,165,2.1,F,R
2j5l,2j5l_complex.pdb,C:\Users\86198\Desktop\P-P\01_cleaned_protein_pdb\2j5l_complex.pdb,3,34,225,2.9,CB,A
2j6e,2j6e_complex.pdb,C:\Users\86198\Desktop\P-P\01_cleaned_protein_pdb\2j6e_complex.pdb,6,209,220,3.0,HL,A
2j7p,2j7p_complex.pdb,C:\Users\86198\Desktop\P-P\01_cleaned_protein_pdb\2j7p_complex.pdb,4,259,292,1.97,A,D
2j8s,2j8s_complex.pdb,C:\Users\86198\Desktop\P-P\01_cleaned_protein_pdb\2j8s_complex.pdb,2,156,1033,2.54,B,D
2j8x,2j8x_complex.pdb,C:\Users\86198\Desktop\P-P\01_cleaned_protein_pdb\2j8x_complex.pdb,4,81,230,2.3,A,B
2jel,2jel_complex.pdb,C:\Users\86198\Desktop\P-P\01_cleaned_protein_pdb\2jel_complex.pdb,3,85,218,2.5,HL,P
2jjs,2jjs_complex.pdb,C:\Users\86198\Desktop\P-P\01_cleaned_protein_pdb\2jjs_complex.pdb,4,115,119,1.85,B,D
2jjt,2jjt_complex.pdb,C:\Users\86198\Desktop\P-P\01_cleaned_protein_pdb\2jjt_complex.pdb,4,113,114,2.3,A,C
2mta,2mta_complex.pdb,C:\Users\86198\Desktop\P-P\01_cleaned_protein_pdb\2mta_complex.pdb,4,105,373,2.4,HL,A
2noj,2noj_complex.pdb,C:\Users\86198\Desktop\P-P\01_cleaned_protein_pdb\2noj_complex.pdb,8,58,291,2.7,C,D
2nqd,2nqd_complex.pdb,C:\Users\86198\Desktop\P-P\01_cleaned_protein_pdb\2nqd_complex.pdb,2,109,221,1.75,A,B
2nup,2nup_complex.pdb,C:\Users\86198\Desktop\P-P\01_cleaned_protein_pdb\2nup_complex.pdb,3,157,748,2.8,AB,C
2nut,2nut_complex.pdb,C:\Users\86198\Desktop\P-P\01_cleaned_protein_pdb\2nut_complex.pdb,3,140,748,2.3,AB,C
2nyy,2nyy_complex.pdb,C:\Users\86198\Desktop\P-P\01_cleaned_protein_pdb\2nyy_complex.pdb,3,216,1274,2.61,DC,A
2nyz,2nyz_complex.pdb,C:\Users\86198\Desktop\P-P\01_cleaned_protein_pdb\2nyz_complex.pdb,4,61,371,2.6,B,E
2nz1,2nz1_complex.pdb,C:\Users\86198\Desktop\P-P\01_cleaned_protein_pdb\2nz1_complex.pdb,6,64,371,2.5,B,E
2o3b,2o3b_complex.pdb,C:\Users\86198\Desktop\P-P\01_cleaned_protein_pdb\2o3b_complex.pdb,2,135,241,2.3,A,B
2o8v,2o8v_complex.pdb,C:\Users\86198\Desktop\P-P\01_cleaned_protein_pdb\2o8v_complex.pdb,2,108,243,3.0,A,B
2o98,2o98_complex.pdb,C:\Users\86198\Desktop\P-P\01_cleaned_protein_pdb\2o98_complex.pdb,4,50,240,2.7,B,Q
2ody,2ody_complex.pdb,C:\Users\86198\Desktop\P-P\01_cleaned_protein_pdb\2ody_complex.pdb,6,40,255,2.35,B,E
2omt,2omt_complex.pdb,C:\Users\86198\Desktop\P-P\01_cleaned_protein_pdb\2omt_complex.pdb,2,105,462,2.0,A,B
2omu,2omu_complex.pdb,C:\Users\86198\Desktop\P-P\01_cleaned_protein_pdb\2omu_complex.pdb,2,105,462,1.8,A,B
2omv,2omv_complex.pdb,C:\Users\86198\Desktop\P-P\01_cleaned_protein_pdb\2omv_complex.pdb,2,103,461,1.9,A,B
2omw,2omw_complex.pdb,C:\Users\86198\Desktop\P-P\01_cleaned_protein_pdb\2omw_complex.pdb,2,105,461,1.85,A,B
2omx,2omx_complex.pdb,C:\Users\86198\Desktop\P-P\01_cleaned_protein_pdb\2omx_complex.pdb,2,107,462,1.7,A,B
2omy,2omy_complex.pdb,C:\Users\86198\Desktop\P-P\01_cleaned_protein_pdb\2omy_complex.pdb,2,105,461,1.7,A,B
2omz,2omz_complex.pdb,C:\Users\86198\Desktop\P-P\01_cleaned_protein_pdb\2omz_complex.pdb,2,105,466,1.6,A,B
2oob,2oob_complex.pdb,C:\Users\86198\Desktop\P-P\01_cleaned_protein_pdb\2oob_complex.pdb,2,44,72,1.9,A,B
2oor,2oor_complex.pdb,C:\Users\86198\Desktop\P-P\01_cleaned_protein_pdb\2oor_complex.pdb,3,173,378,2.32,B,C
2ot3,2ot3_complex.pdb,C:\Users\86198\Desktop\P-P\01_cleaned_protein_pdb\2ot3_complex.pdb,2,166,253,2.1,A,B
2oul,2oul_complex.pdb,C:\Users\86198\Desktop\P-P\01_cleaned_protein_pdb\2oul_complex.pdb,2,107,241,2.2,A,B
2oza,2oza_complex.pdb,C:\Users\86198\Desktop\P-P\01_cleaned_protein_pdb\2oza_complex.pdb,2,340,348,2.7,A,B
2p42,2p42_complex.pdb,C:\Users\86198\Desktop\P-P\01_cleaned_protein_pdb\2p42_complex.pdb,4,118,124,1.8,C,D
2p43,2p43_complex.pdb,C:\Users\86198\Desktop\P-P\01_cleaned_protein_pdb\2p43_complex.pdb,2,120,124,1.65,A,B
2p44,2p44_complex.pdb,C:\Users\86198\Desktop\P-P\01_cleaned_protein_pdb\2p44_complex.pdb,2,118,124,1.8,A,B
2p45,2p45_complex.pdb,C:\Users\86198\Desktop\P-P\01_cleaned_protein_pdb\2p45_complex.pdb,2,116,124,1.1,A,B
2p46,2p46_complex.pdb,C:\Users\86198\Desktop\P-P\01_cleaned_protein_pdb\2p46_complex.pdb,4,116,123,2.5,A,B
2p47,2p47_complex.pdb,C:\Users\86198\Desktop\P-P\01_cleaned_protein_pdb\2p47_complex.pdb,2,116,123,2.5,A,B
2p48,2p48_complex.pdb,C:\Users\86198\Desktop\P-P\01_cleaned_protein_pdb\2p48_complex.pdb,2,116,124,2.3,A,B
2p49,2p49_complex.pdb,C:\Users\86198\Desktop\P-P\01_cleaned_protein_pdb\2p49_complex.pdb,2,123,123,1.38,A,B
2p4a,2p4a_complex.pdb,C:\Users\86198\Desktop\P-P\01_cleaned_protein_pdb\2p4a_complex.pdb,4,121,124,1.9,A,B
2p8q,2p8q_complex.pdb,C:\Users\86198\Desktop\P-P\01_cleaned_protein_pdb\2p8q_complex.pdb,2,39,873,2.35,A,B
2pcb,2pcb_complex.pdb,C:\Users\86198\Desktop\P-P\01_cleaned_protein_pdb\2pcb_complex.pdb,3,104,294,2.8,A,B
2pcc,2pcc_complex.pdb,C:\Users\86198\Desktop\P-P\01_cleaned_protein_pdb\2pcc_complex.pdb,4,108,294,2.3,C,D
2pjy,2pjy_complex.pdb,C:\Users\86198\Desktop\P-P\01_cleaned_protein_pdb\2pjy_complex.pdb,3,79,112,3.0,AC,B
2pms,2pms_complex.pdb,C:\Users\86198\Desktop\P-P\01_cleaned_protein_pdb\2pms_complex.pdb,4,125,331,2.91,A,D
2psm,2psm_complex.pdb,C:\Users\86198\Desktop\P-P\01_cleaned_protein_pdb\2psm_complex.pdb,4,68,117,2.19,B,C
2ptc,2ptc_complex.pdb,C:\Users\86198\Desktop\P-P\01_cleaned_protein_pdb\2ptc_complex.pdb,2,58,223,1.9,E,I
2ptt,2ptt_complex.pdb,C:\Users\86198\Desktop\P-P\01_cleaned_protein_pdb\2ptt_complex.pdb,2,103,108,1.63,A,B
2q0o,2q0o_complex.pdb,C:\Users\86198\Desktop\P-P\01_cleaned_protein_pdb\2q0o_complex.pdb,4,86,235,2.0,A,C
2qc1,2qc1_complex.pdb,C:\Users\86198\Desktop\P-P\01_cleaned_protein_pdb\2qc1_complex.pdb,2,74,212,1.94,A,B
2qho,2qho_complex.pdb,C:\Users\86198\Desktop\P-P\01_cleaned_protein_pdb\2qho_complex.pdb,8,47,76,1.85,E,F
2qj9,2qj9_complex.pdb,C:\Users\86198\Desktop\P-P\01_cleaned_protein_pdb\2qj9_complex.pdb,4,86,104,2.44,B,D
2qja,2qja_complex.pdb,C:\Users\86198\Desktop\P-P\01_cleaned_protein_pdb\2qja_complex.pdb,4,85,104,2.6,B,D
2qjb,2qjb_complex.pdb,C:\Users\86198\Desktop\P-P\01_cleaned_protein_pdb\2qjb_complex.pdb,4,85,104,2.5,B,D
2qna,2qna_complex.pdb,C:\Users\86198\Desktop\P-P\01_cleaned_protein_pdb\2qna_complex.pdb,2,30,756,2.84,A,B
2r56,2r56_complex.pdb,C:\Users\86198\Desktop\P-P\01_cleaned_protein_pdb\2r56_complex.pdb,6,159,221,2.8,HL,A
2r9p,2r9p_complex.pdb,C:\Users\86198\Desktop\P-P\01_cleaned_protein_pdb\2r9p_complex.pdb,8,58,224,1.4,B,F
2ra3,2ra3_complex.pdb,C:\Users\86198\Desktop\P-P\01_cleaned_protein_pdb\2ra3_complex.pdb,4,56,224,1.46,B,I
2sic,2sic_complex.pdb,C:\Users\86198\Desktop\P-P\01_cleaned_protein_pdb\2sic_complex.pdb,2,107,275,1.8,E,I
2sni,2sni_complex.pdb,C:\Users\86198\Desktop\P-P\01_cleaned_protein_pdb\2sni_complex.pdb,2,64,275,2.1,E,I
2tgp,2tgp_complex.pdb,C:\Users\86198\Desktop\P-P\01_cleaned_protein_pdb\2tgp_complex.pdb,2,58,223,1.9,Z,I
2uuy,2uuy_complex.pdb,C:\Users\86198\Desktop\P-P\01_cleaned_protein_pdb\2uuy_complex.pdb,2,52,223,1.15,A,B
2uyz,2uyz_complex.pdb,C:\Users\86198\Desktop\P-P\01_cleaned_protein_pdb\2uyz_complex.pdb,2,78,156,1.4,A,B
2uzi,2uzi_complex.pdb,C:\Users\86198\Desktop\P-P\01_cleaned_protein_pdb\2uzi_complex.pdb,3,104,166,2.0,HL,R
2v3b,2v3b_complex.pdb,C:\Users\86198\Desktop\P-P\01_cleaned_protein_pdb\2v3b_complex.pdb,2,53,381,2.45,A,B
2v4z,2v4z_complex.pdb,C:\Users\86198\Desktop\P-P\01_cleaned_protein_pdb\2v4z_complex.pdb,2,128,316,2.8,A,B
2v52,2v52_complex.pdb,C:\Users\86198\Desktop\P-P\01_cleaned_protein_pdb\2v52_complex.pdb,2,30,373,1.45,B,M
2v5q,2v5q_complex.pdb,C:\Users\86198\Desktop\P-P\01_cleaned_protein_pdb\2v5q_complex.pdb,4,129,285,2.3,A,D
2v6x,2v6x_complex.pdb,C:\Users\86198\Desktop\P-P\01_cleaned_protein_pdb\2v6x_complex.pdb,2,37,80,1.98,A,B
2v8s,2v8s_complex.pdb,C:\Users\86198\Desktop\P-P\01_cleaned_protein_pdb\2v8s_complex.pdb,2,93,137,2.22,E,V
2v9t,2v9t_complex.pdb,C:\Users\86198\Desktop\P-P\01_cleaned_protein_pdb\2v9t_complex.pdb,2,107,210,1.7,A,B
2vdb,2vdb_complex.pdb,C:\Users\86198\Desktop\P-P\01_cleaned_protein_pdb\2vdb_complex.pdb,2,55,579,2.52,A,B
2ve7,2ve7_complex.pdb,C:\Users\86198\Desktop\P-P\01_cleaned_protein_pdb\2ve7_complex.pdb,4,230,313,2.88,B,D
2vln,2vln_complex.pdb,C:\Users\86198\Desktop\P-P\01_cleaned_protein_pdb\2vln_complex.pdb,2,80,134,1.6,A,B
2vlo,2vlo_complex.pdb,C:\Users\86198\Desktop\P-P\01_cleaned_protein_pdb\2vlo_complex.pdb,2,90,132,1.8,A,B
2vlp,2vlp_complex.pdb,C:\Users\86198\Desktop\P-P\01_cleaned_protein_pdb\2vlp_complex.pdb,2,82,134,2.0,A,B
2vlq,2vlq_complex.pdb,C:\Users\86198\Desktop\P-P\01_cleaned_protein_pdb\2vlq_complex.pdb,2,84,134,1.6,A,B
2vsm,2vsm_complex.pdb,C:\Users\86198\Desktop\P-P\01_cleaned_protein_pdb\2vsm_complex.pdb,2,140,416,1.8,A,B
2vxq,2vxq_complex.pdb,C:\Users\86198\Desktop\P-P\01_cleaned_protein_pdb\2vxq_complex.pdb,3,92,216,1.9,HL,A
2vxs,2vxs_complex.pdb,C:\Users\86198\Desktop\P-P\01_cleaned_protein_pdb\2vxs_complex.pdb,12,77,221,2.63,IM,A
2vxt,2vxt_complex.pdb,C:\Users\86198\Desktop\P-P\01_cleaned_protein_pdb\2vxt_complex.pdb,3,156,213,1.49,HL,I
2vyr,2vyr_complex.pdb,C:\Users\86198\Desktop\P-P\01_cleaned_protein_pdb\2vyr_complex.pdb,12,86,125,2.0,C,G
2w19,2w19_complex.pdb,C:\Users\86198\Desktop\P-P\01_cleaned_protein_pdb\2w19_complex.pdb,4,72,431,2.15,A,C
2w2m,2w2m_complex.pdb,C:\Users\86198\Desktop\P-P\01_cleaned_protein_pdb\2w2m_complex.pdb,3,49,295,2.4,A,E
2w2n,2w2n_complex.pdb,C:\Users\86198\Desktop\P-P\01_cleaned_protein_pdb\2w2n_complex.pdb,3,49,294,2.3,A,E
2w2x,2w2x_complex.pdb,C:\Users\86198\Desktop\P-P\01_cleaned_protein_pdb\2w2x_complex.pdb,4,107,177,2.3,A,D
2w80,2w80_complex.pdb,C:\Users\86198\Desktop\P-P\01_cleaned_protein_pdb\2w80_complex.pdb,8,123,244,2.35,E,F
2w81,2w81_complex.pdb,C:\Users\86198\Desktop\P-P\01_cleaned_protein_pdb\2w81_complex.pdb,6,119,244,2.35,E,F
2w83,2w83_complex.pdb,C:\Users\86198\Desktop\P-P\01_cleaned_protein_pdb\2w83_complex.pdb,5,62,162,1.93,B,C
2w8b,2w8b_complex.pdb,C:\Users\86198\Desktop\P-P\01_cleaned_protein_pdb\2w8b_complex.pdb,8,106,409,1.86,A,H
2w9e,2w9e_complex.pdb,C:\Users\86198\Desktop\P-P\01_cleaned_protein_pdb\2w9e_complex.pdb,3,99,215,2.9,HL,A
2wbj,2wbj_complex.pdb,C:\Users\86198\Desktop\P-P\01_cleaned_protein_pdb\2wbj_complex.pdb,8,177,270,3.0,CD,AB
2wd5,2wd5_complex.pdb,C:\Users\86198\Desktop\P-P\01_cleaned_protein_pdb\2wd5_complex.pdb,2,177,194,2.7,A,B
2wel,2wel_complex.pdb,C:\Users\86198\Desktop\P-P\01_cleaned_protein_pdb\2wel_complex.pdb,2,145,308,1.9,A,D
2wg3,2wg3_complex.pdb,C:\Users\86198\Desktop\P-P\01_cleaned_protein_pdb\2wg3_complex.pdb,4,154,425,2.6,A,C
2wii,2wii_complex.pdb,C:\Users\86198\Desktop\P-P\01_cleaned_protein_pdb\2wii_complex.pdb,3,245,912,2.7,AB,C
2wjv,2wjv_complex.pdb,C:\Users\86198\Desktop\P-P\01_cleaned_protein_pdb\2wjv_complex.pdb,4,59,798,2.85,B,E
2wo2,2wo2_complex.pdb,C:\Users\86198\Desktop\P-P\01_cleaned_protein_pdb\2wo2_complex.pdb,2,140,178,2.45,A,B
2wo3,2wo3_complex.pdb,C:\Users\86198\Desktop\P-P\01_cleaned_protein_pdb\2wo3_complex.pdb,2,142,176,2.35,A,B
2wp0,2wp0_complex.pdb,C:\Users\86198\Desktop\P-P\01_cleaned_protein_pdb\2wp0_complex.pdb,4,86,180,2.67,A,C
2wp3,2wp3_complex.pdb,C:\Users\86198\Desktop\P-P\01_cleaned_protein_pdb\2wp3_complex.pdb,2,97,99,1.48,O,T
2wpt,2wpt_complex.pdb,C:\Users\86198\Desktop\P-P\01_cleaned_protein_pdb\2wpt_complex.pdb,2,82,118,1.78,A,B
2wus,2wus_complex.pdb,C:\Users\86198\Desktop\P-P\01_cleaned_protein_pdb\2wus_complex.pdb,4,82,335,2.9,B,S
2wwk,2wwk_complex.pdb,C:\Users\86198\Desktop\P-P\01_cleaned_protein_pdb\2wwk_complex.pdb,2,99,99,1.7,O,T
2wwx,2wwx_complex.pdb,C:\Users\86198\Desktop\P-P\01_cleaned_protein_pdb\2wwx_complex.pdb,2,170,200,1.5,A,B
2wx0,2wx0_complex.pdb,C:\Users\86198\Desktop\P-P\01_cleaned_protein_pdb\2wx0_complex.pdb,6,30,73,2.4,A,C
2wy3,2wy3_complex.pdb,C:\Users\86198\Desktop\P-P\01_cleaned_protein_pdb\2wy3_complex.pdb,4,133,176,1.8,A,B
2wy8,2wy8_complex.pdb,C:\Users\86198\Desktop\P-P\01_cleaned_protein_pdb\2wy8_complex.pdb,2,66,292,1.7,A,Q
2x1w,2x1w_complex.pdb,C:\Users\86198\Desktop\P-P\01_cleaned_protein_pdb\2x1w_complex.pdb,8,97,204,2.7,A,M
2x2d,2x2d_complex.pdb,C:\Users\86198\Desktop\P-P\01_cleaned_protein_pdb\2x2d_complex.pdb,4,136,164,1.9,C,D
2x89,2x89_complex.pdb,C:\Users\86198\Desktop\P-P\01_cleaned_protein_pdb\2x89_complex.pdb,7,91,128,2.16,A,D
2x9a,2x9a_complex.pdb,C:\Users\86198\Desktop\P-P\01_cleaned_protein_pdb\2x9a_complex.pdb,4,61,90,2.47,C,D
2xb6,2xb6_complex.pdb,C:\Users\86198\Desktop\P-P\01_cleaned_protein_pdb\2xb6_complex.pdb,4,177,549,2.6,A,C
2xbb,2xbb_complex.pdb,C:\Users\86198\Desktop\P-P\01_cleaned_protein_pdb\2xbb_complex.pdb,4,76,376,2.68,B,D
2xgy,2xgy_complex.pdb,C:\Users\86198\Desktop\P-P\01_cleaned_protein_pdb\2xgy_complex.pdb,2,137,165,1.8,A,B
2xhe,2xhe_complex.pdb,C:\Users\86198\Desktop\P-P\01_cleaned_protein_pdb\2xhe_complex.pdb,2,220,567,2.8,A,B
2xqb,2xqb_complex.pdb,C:\Users\86198\Desktop\P-P\01_cleaned_protein_pdb\2xqb_complex.pdb,3,113,227,2.6,HL,A
2xqr,2xqr_complex.pdb,C:\Users\86198\Desktop\P-P\01_cleaned_protein_pdb\2xqr_complex.pdb,2,146,537,2.58,E,F
2xqw,2xqw_complex.pdb,C:\Users\86198\Desktop\P-P\01_cleaned_protein_pdb\2xqw_complex.pdb,3,123,294,2.3,A,C
2xra,2xra_complex.pdb,C:\Users\86198\Desktop\P-P\01_cleaned_protein_pdb\2xra_complex.pdb,3,215,223,2.3,HL,A
2xtj,2xtj_complex.pdb,C:\Users\86198\Desktop\P-P\01_cleaned_protein_pdb\2xtj_complex.pdb,6,92,248,2.7,DB,A
2xtt,2xtt_complex.pdb,C:\Users\86198\Desktop\P-P\01_cleaned_protein_pdb\2xtt_complex.pdb,2,35,223,0.93,A,B
2xzd,2xzd_complex.pdb,C:\Users\86198\Desktop\P-P\01_cleaned_protein_pdb\2xzd_complex.pdb,6,93,141,2.1,AB,G
2y0b,2y0b_complex.pdb,C:\Users\86198\Desktop\P-P\01_cleaned_protein_pdb\2y0b_complex.pdb,6,93,140,2.1,AB,G
2y5b,2y5b_complex.pdb,C:\Users\86198\Desktop\P-P\01_cleaned_protein_pdb\2y5b_complex.pdb,4,151,335,2.7,E,F
2y6t,2y6t_complex.pdb,C:\Users\86198\Desktop\P-P\01_cleaned_protein_pdb\2y6t_complex.pdb,8,138,245,2.74,C,G
2y8s,2y8s_complex.pdb,C:\Users\86198\Desktop\P-P\01_cleaned_protein_pdb\2y8s_complex.pdb,4,35,405,2.55,A,B
2y8t,2y8t_complex.pdb,C:\Users\86198\Desktop\P-P\01_cleaned_protein_pdb\2y8t_complex.pdb,4,36,405,1.95,D,E
2y9m,2y9m_complex.pdb,C:\Users\86198\Desktop\P-P\01_cleaned_protein_pdb\2y9m_complex.pdb,2,115,166,2.6,A,B
2ybr,2ybr_complex.pdb,C:\Users\86198\Desktop\P-P\01_cleaned_protein_pdb\2ybr_complex.pdb,9,65,116,2.55,GH,I
2ygg,2ygg_complex.pdb,C:\Users\86198\Desktop\P-P\01_cleaned_protein_pdb\2ygg_complex.pdb,2,66,146,2.23,A,B
2ypv,2ypv_complex.pdb,C:\Users\86198\Desktop\P-P\01_cleaned_protein_pdb\2ypv_complex.pdb,3,212,242,1.8,HL,A
2yvj,2yvj_complex.pdb,C:\Users\86198\Desktop\P-P\01_cleaned_protein_pdb\2yvj_complex.pdb,3,106,402,1.9,A,B
2z3q,2z3q_complex.pdb,C:\Users\86198\Desktop\P-P\01_cleaned_protein_pdb\2z3q_complex.pdb,4,77,119,1.85,C,D
2z3r,2z3r_complex.pdb,C:\Users\86198\Desktop\P-P\01_cleaned_protein_pdb\2z3r_complex.pdb,16,72,119,2.0,A,B
2z58,2z58_complex.pdb,C:\Users\86198\Desktop\P-P\01_cleaned_protein_pdb\2z58_complex.pdb,2,66,318,1.88,A,B
2z7f,2z7f_complex.pdb,C:\Users\86198\Desktop\P-P\01_cleaned_protein_pdb\2z7f_complex.pdb,2,50,218,1.7,E,I
2z8v,2z8v_complex.pdb,C:\Users\86198\Desktop\P-P\01_cleaned_protein_pdb\2z8v_complex.pdb,4,116,335,2.35,B,C
2z8w,2z8w_complex.pdb,C:\Users\86198\Desktop\P-P\01_cleaned_protein_pdb\2z8w_complex.pdb,4,116,335,2.45,A,D
2za4,2za4_complex.pdb,C:\Users\86198\Desktop\P-P\01_cleaned_protein_pdb\2za4_complex.pdb,4,90,109,1.58,C,D
2zvn,2zvn_complex.pdb,C:\Users\86198\Desktop\P-P\01_cleaned_protein_pdb\2zvn_complex.pdb,8,85,149,3.0,A,D
2zvo,2zvo_complex.pdb,C:\Users\86198\Desktop\P-P\01_cleaned_protein_pdb\2zvo_complex.pdb,4,88,149,2.9,A,D
2zxx,2zxx_complex.pdb,C:\Users\86198\Desktop\P-P\01_cleaned_protein_pdb\2zxx_complex.pdb,6,64,181,2.8,E,F
3a4s,3a4s_complex.pdb,C:\Users\86198\Desktop\P-P\01_cleaned_protein_pdb\3a4s_complex.pdb,4,72,159,2.7,B,C
3a67,3a67_complex.pdb,C:\Users\86198\Desktop\P-P\01_cleaned_protein_pdb\3a67_complex.pdb,3,107,129,1.8,HL,Y
3a6b,3a6b_complex.pdb,C:\Users\86198\Desktop\P-P\01_cleaned_protein_pdb\3a6b_complex.pdb,3,107,129,1.8,HL,Y
3a6c,3a6c_complex.pdb,C:\Users\86198\Desktop\P-P\01_cleaned_protein_pdb\3a6c_complex.pdb,3,107,129,1.8,HL,Y
3aaa,3aaa_complex.pdb,C:\Users\86198\Desktop\P-P\01_cleaned_protein_pdb\3aaa_complex.pdb,3,117,267,2.2,A,B
3aon,3aon_complex.pdb,C:\Users\86198\Desktop\P-P\01_cleaned_protein_pdb\3aon_complex.pdb,2,99,180,2.0,A,B
3au4,3au4_complex.pdb,C:\Users\86198\Desktop\P-P\01_cleaned_protein_pdb\3au4_complex.pdb,2,32,526,1.9,A,B
3ay4,3ay4_complex.pdb,C:\Users\86198\Desktop\P-P\01_cleaned_protein_pdb\3ay4_complex.pdb,3,170,216,2.2,A,C
3b08,3b08_complex.pdb,C:\Users\86198\Desktop\P-P\01_cleaned_protein_pdb\3b08_complex.pdb,8,58,151,1.7,G,H
3b2u,3b2u_complex.pdb,C:\Users\86198\Desktop\P-P\01_cleaned_protein_pdb\3b2u_complex.pdb,3,193,222,2.58,WX,V
3b4v,3b4v_complex.pdb,C:\Users\86198\Desktop\P-P\01_cleaned_protein_pdb\3b4v_complex.pdb,8,107,213,2.48,F,G
3b9f,3b9f_complex.pdb,C:\Users\86198\Desktop\P-P\01_cleaned_protein_pdb\3b9f_complex.pdb,3,44,360,1.6,I,H
3bdy,3bdy_complex.pdb,C:\Users\86198\Desktop\P-P\01_cleaned_protein_pdb\3bdy_complex.pdb,3,95,221,2.6,HL,V
3be1,3be1_complex.pdb,C:\Users\86198\Desktop\P-P\01_cleaned_protein_pdb\3be1_complex.pdb,3,216,595,2.9,HL,A
3beg,3beg_complex.pdb,C:\Users\86198\Desktop\P-P\01_cleaned_protein_pdb\3beg_complex.pdb,2,90,348,2.9,A,B
3bgf,3bgf_complex.pdb,C:\Users\86198\Desktop\P-P\01_cleaned_protein_pdb\3bgf_complex.pdb,6,179,220,3.0,BC,A
3bh6,3bh6_complex.pdb,C:\Users\86198\Desktop\P-P\01_cleaned_protein_pdb\3bh6_complex.pdb,2,161,314,2.6,A,B
3bik,3bik_complex.pdb,C:\Users\86198\Desktop\P-P\01_cleaned_protein_pdb\3bik_complex.pdb,3,116,212,2.65,A,B
3bk3,3bk3_complex.pdb,C:\Users\86198\Desktop\P-P\01_cleaned_protein_pdb\3bk3_complex.pdb,4,67,104,2.7,B,D
3blh,3blh_complex.pdb,C:\Users\86198\Desktop\P-P\01_cleaned_protein_pdb\3blh_complex.pdb,2,255,317,2.48,A,B
3bn3,3bn3_complex.pdb,C:\Users\86198\Desktop\P-P\01_cleaned_protein_pdb\3bn3_complex.pdb,2,180,196,2.1,A,B
3bow,3bow_complex.pdb,C:\Users\86198\Desktop\P-P\01_cleaned_protein_pdb\3bow_complex.pdb,3,71,682,2.4,AB,C
3bp8,3bp8_complex.pdb,C:\Users\86198\Desktop\P-P\01_cleaned_protein_pdb\3bp8_complex.pdb,4,75,396,2.85,B,D
3bpl,3bpl_complex.pdb,C:\Users\86198\Desktop\P-P\01_cleaned_protein_pdb\3bpl_complex.pdb,3,126,202,2.93,AB,C
3bpo,3bpo_complex.pdb,C:\Users\86198\Desktop\P-P\01_cleaned_protein_pdb\3bpo_complex.pdb,3,111,311,3.0,AC,B
3brt,3brt_complex.pdb,C:\Users\86198\Desktop\P-P\01_cleaned_protein_pdb\3brt_complex.pdb,4,39,62,2.25,A,D
3brv,3brv_complex.pdb,C:\Users\86198\Desktop\P-P\01_cleaned_protein_pdb\3brv_complex.pdb,4,39,62,2.2,A,D
3bs5,3bs5_complex.pdb,C:\Users\86198\Desktop\P-P\01_cleaned_protein_pdb\3bs5_complex.pdb,2,74,83,2.0,A,B
3bx1,3bx1_complex.pdb,C:\Users\86198\Desktop\P-P\01_cleaned_protein_pdb\3bx1_complex.pdb,4,181,269,1.85,A,C
3bzd,3bzd_complex.pdb,C:\Users\86198\Desktop\P-P\01_cleaned_protein_pdb\3bzd_complex.pdb,2,109,234,2.3,A,B
3c4o,3c4o_complex.pdb,C:\Users\86198\Desktop\P-P\01_cleaned_protein_pdb\3c4o_complex.pdb,2,165,265,1.7,A,B
3c4p,3c4p_complex.pdb,C:\Users\86198\Desktop\P-P\01_cleaned_protein_pdb\3c4p_complex.pdb,2,165,265,1.75,A,B
3c9a,3c9a_complex.pdb,C:\Users\86198\Desktop\P-P\01_cleaned_protein_pdb\3c9a_complex.pdb,4,48,208,1.6,B,D
3ch5,3ch5_complex.pdb,C:\Users\86198\Desktop\P-P\01_cleaned_protein_pdb\3ch5_complex.pdb,2,37,199,2.1,A,B
3cqc,3cqc_complex.pdb,C:\Users\86198\Desktop\P-P\01_cleaned_protein_pdb\3cqc_complex.pdb,2,225,258,2.53,A,B
3cqg,3cqg_complex.pdb,C:\Users\86198\Desktop\P-P\01_cleaned_protein_pdb\3cqg_complex.pdb,2,222,235,3.0,A,B
3cqx,3cqx_complex.pdb,C:\Users\86198\Desktop\P-P\01_cleaned_protein_pdb\3cqx_complex.pdb,4,81,377,2.3,B,C
3crk,3crk_complex.pdb,C:\Users\86198\Desktop\P-P\01_cleaned_protein_pdb\3crk_complex.pdb,4,77,370,2.3,A,C
3cx6,3cx6_complex.pdb,C:\Users\86198\Desktop\P-P\01_cleaned_protein_pdb\3cx6_complex.pdb,2,196,323,2.5,A,B
3cx7,3cx7_complex.pdb,C:\Users\86198\Desktop\P-P\01_cleaned_protein_pdb\3cx7_complex.pdb,2,196,323,2.25,A,B
3cx8,3cx8_complex.pdb,C:\Users\86198\Desktop\P-P\01_cleaned_protein_pdb\3cx8_complex.pdb,2,196,323,2.0,A,B
3d1m,3d1m_complex.pdb,C:\Users\86198\Desktop\P-P\01_cleaned_protein_pdb\3d1m_complex.pdb,4,96,150,1.7,B,C
3d5r,3d5r_complex.pdb,C:\Users\86198\Desktop\P-P\01_cleaned_protein_pdb\3d5r_complex.pdb,4,65,297,2.1,B,D
3d5s,3d5s_complex.pdb,C:\Users\86198\Desktop\P-P\01_cleaned_protein_pdb\3d5s_complex.pdb,4,65,297,2.3,A,C
3d7t,3d7t_complex.pdb,C:\Users\86198\Desktop\P-P\01_cleaned_protein_pdb\3d7t_complex.pdb,2,263,276,2.9,A,B
3da7,3da7_complex.pdb,C:\Users\86198\Desktop\P-P\01_cleaned_protein_pdb\3da7_complex.pdb,8,89,111,2.25,B,C
3dbh,3dbh_complex.pdb,C:\Users\86198\Desktop\P-P\01_cleaned_protein_pdb\3dbh_complex.pdb,3,76,515,2.85,CD,J
3dbl,3dbl_complex.pdb,C:\Users\86198\Desktop\P-P\01_cleaned_protein_pdb\3dbl_complex.pdb,3,76,524,2.9,HG,L
3ddc,3ddc_complex.pdb,C:\Users\86198\Desktop\P-P\01_cleaned_protein_pdb\3ddc_complex.pdb,2,133,166,1.8,A,B
3dgc,3dgc_complex.pdb,C:\Users\86198\Desktop\P-P\01_cleaned_protein_pdb\3dgc_complex.pdb,4,141,207,2.5,M,S
3di2,3di2_complex.pdb,C:\Users\86198\Desktop\P-P\01_cleaned_protein_pdb\3di2_complex.pdb,4,110,196,2.7,A,B
3di3,3di3_complex.pdb,C:\Users\86198\Desktop\P-P\01_cleaned_protein_pdb\3di3_complex.pdb,2,118,193,2.9,A,B
3doe,3doe_complex.pdb,C:\Users\86198\Desktop\P-P\01_cleaned_protein_pdb\3doe_complex.pdb,2,116,189,2.25,A,B
3dvg,3dvg_complex.pdb,C:\Users\86198\Desktop\P-P\01_cleaned_protein_pdb\3dvg_complex.pdb,4,75,221,2.6,BA,YX
3dvn,3dvn_complex.pdb,C:\Users\86198\Desktop\P-P\01_cleaned_protein_pdb\3dvn_complex.pdb,8,75,221,2.7,HL,VU
3e1z,3e1z_complex.pdb,C:\Users\86198\Desktop\P-P\01_cleaned_protein_pdb\3e1z_complex.pdb,2,109,212,1.86,A,B
3e2k,3e2k_complex.pdb,C:\Users\86198\Desktop\P-P\01_cleaned_protein_pdb\3e2k_complex.pdb,4,165,261,2.1,A,D
3e2l,3e2l_complex.pdb,C:\Users\86198\Desktop\P-P\01_cleaned_protein_pdb\3e2l_complex.pdb,4,165,260,1.87,A,C
3eab,3eab_complex.pdb,C:\Users\86198\Desktop\P-P\01_cleaned_protein_pdb\3eab_complex.pdb,12,39,89,2.5,B,H
3eba,3eba_complex.pdb,C:\Users\86198\Desktop\P-P\01_cleaned_protein_pdb\3eba_complex.pdb,2,122,130,1.85,A,B
3eg5,3eg5_complex.pdb,C:\Users\86198\Desktop\P-P\01_cleaned_protein_pdb\3eg5_complex.pdb,4,178,353,2.7,C,D
3egg,3egg_complex.pdb,C:\Users\86198\Desktop\P-P\01_cleaned_protein_pdb\3egg_complex.pdb,4,66,294,1.85,B,D
3ejj,3ejj_complex.pdb,C:\Users\86198\Desktop\P-P\01_cleaned_protein_pdb\3ejj_complex.pdb,3,145,277,2.4,A,X
3eoa,3eoa_complex.pdb,C:\Users\86198\Desktop\P-P\01_cleaned_protein_pdb\3eoa_complex.pdb,6,179,220,2.8,BA,J
3f1p,3f1p_complex.pdb,C:\Users\86198\Desktop\P-P\01_cleaned_protein_pdb\3f1p_complex.pdb,2,111,114,1.17,A,B
3f4y,3f4y_complex.pdb,C:\Users\86198\Desktop\P-P\01_cleaned_protein_pdb\3f4y_complex.pdb,6,36,38,2.0,C,F
3f5c,3f5c_complex.pdb,C:\Users\86198\Desktop\P-P\01_cleaned_protein_pdb\3f5c_complex.pdb,3,181,243,3.0,A,B
3f7p,3f7p_complex.pdb,C:\Users\86198\Desktop\P-P\01_cleaned_protein_pdb\3f7p_complex.pdb,5,204,231,2.75,B,D
3ff7,3ff7_complex.pdb,C:\Users\86198\Desktop\P-P\01_cleaned_protein_pdb\3ff7_complex.pdb,4,100,112,1.8,B,D
3ff8,3ff8_complex.pdb,C:\Users\86198\Desktop\P-P\01_cleaned_protein_pdb\3ff8_complex.pdb,4,100,113,2.0,B,D
3fhc,3fhc_complex.pdb,C:\Users\86198\Desktop\P-P\01_cleaned_protein_pdb\3fhc_complex.pdb,2,224,397,2.8,A,B
3fie,3fie_complex.pdb,C:\Users\86198\Desktop\P-P\01_cleaned_protein_pdb\3fie_complex.pdb,4,33,415,2.1,A,C
3fju,3fju_complex.pdb,C:\Users\86198\Desktop\P-P\01_cleaned_protein_pdb\3fju_complex.pdb,2,65,307,1.6,A,B
3fp6,3fp6_complex.pdb,C:\Users\86198\Desktop\P-P\01_cleaned_protein_pdb\3fp6_complex.pdb,2,58,223,1.49,E,I
3fpu,3fpu_complex.pdb,C:\Users\86198\Desktop\P-P\01_cleaned_protein_pdb\3fpu_complex.pdb,2,66,100,1.76,A,B
3fxd,3fxd_complex.pdb,C:\Users\86198\Desktop\P-P\01_cleaned_protein_pdb\3fxd_complex.pdb,4,49,58,2.1,A,B
3g3a,3g3a_complex.pdb,C:\Users\86198\Desktop\P-P\01_cleaned_protein_pdb\3g3a_complex.pdb,8,127,167,2.2,C,D
3g3b,3g3b_complex.pdb,C:\Users\86198\Desktop\P-P\01_cleaned_protein_pdb\3g3b_complex.pdb,8,121,169,2.4,A,B
3g7a,3g7a_complex.pdb,C:\Users\86198\Desktop\P-P\01_cleaned_protein_pdb\3g7a_complex.pdb,2,30,36,2.8,A,B
3g7z,3g7z_complex.pdb,C:\Users\86198\Desktop\P-P\01_cleaned_protein_pdb\3g7z_complex.pdb,4,33,101,2.35,B,D
3g9v,3g9v_complex.pdb,C:\Users\86198\Desktop\P-P\01_cleaned_protein_pdb\3g9v_complex.pdb,4,139,198,2.76,C,D
3g9w,3g9w_complex.pdb,C:\Users\86198\Desktop\P-P\01_cleaned_protein_pdb\3g9w_complex.pdb,4,39,217,2.17,A,D
3gb8,3gb8_complex.pdb,C:\Users\86198\Desktop\P-P\01_cleaned_protein_pdb\3gb8_complex.pdb,2,268,993,2.9,A,B
3gc3,3gc3_complex.pdb,C:\Users\86198\Desktop\P-P\01_cleaned_protein_pdb\3gc3_complex.pdb,2,348,380,2.2,A,B
3gjn,3gjn_complex.pdb,C:\Users\86198\Desktop\P-P\01_cleaned_protein_pdb\3gjn_complex.pdb,4,82,118,2.48,D,C
3gmw,3gmw_complex.pdb,C:\Users\86198\Desktop\P-P\01_cleaned_protein_pdb\3gmw_complex.pdb,4,154,261,2.1,C,D
3gni,3gni_complex.pdb,C:\Users\86198\Desktop\P-P\01_cleaned_protein_pdb\3gni_complex.pdb,2,309,335,2.35,A,B
3gqi,3gqi_complex.pdb,C:\Users\86198\Desktop\P-P\01_cleaned_protein_pdb\3gqi_complex.pdb,2,226,304,2.5,A,B
3gxu,3gxu_complex.pdb,C:\Users\86198\Desktop\P-P\01_cleaned_protein_pdb\3gxu_complex.pdb,2,143,175,2.5,A,B
3h2u,3h2u_complex.pdb,C:\Users\86198\Desktop\P-P\01_cleaned_protein_pdb\3h2u_complex.pdb,4,181,280,2.75,A,B
3h2v,3h2v_complex.pdb,C:\Users\86198\Desktop\P-P\01_cleaned_protein_pdb\3h2v_complex.pdb,8,73,180,2.9,D,H
3h42,3h42_complex.pdb,C:\Users\86198\Desktop\P-P\01_cleaned_protein_pdb\3h42_complex.pdb,4,92,492,2.3,HL,BA
3h6s,3h6s_complex.pdb,C:\Users\86198\Desktop\P-P\01_cleaned_protein_pdb\3h6s_complex.pdb,8,150,220,2.22,B,F
3h8d,3h8d_complex.pdb,C:\Users\86198\Desktop\P-P\01_cleaned_protein_pdb\3h8d_complex.pdb,8,37,122,2.2,A,E
3hct,3hct_complex.pdb,C:\Users\86198\Desktop\P-P\01_cleaned_protein_pdb\3hct_complex.pdb,2,104,148,2.1,A,B
3hcu,3hcu_complex.pdb,C:\Users\86198\Desktop\P-P\01_cleaned_protein_pdb\3hcu_complex.pdb,4,104,150,2.6,C,D
3he6,3he6_complex.pdb,C:\Users\86198\Desktop\P-P\01_cleaned_protein_pdb\3he6_complex.pdb,4,99,292,2.9,AB,CD
3hg0,3hg0_complex.pdb,C:\Users\86198\Desktop\P-P\01_cleaned_protein_pdb\3hg0_complex.pdb,4,124,137,2.1,A,D
3hh2,3hh2_complex.pdb,C:\Users\86198\Desktop\P-P\01_cleaned_protein_pdb\3hh2_complex.pdb,4,109,288,2.15,B,C
3hi1,3hi1_complex.pdb,C:\Users\86198\Desktop\P-P\01_cleaned_protein_pdb\3hi1_complex.pdb,6,215,297,2.9,BA,J
3hi6,3hi6_complex.pdb,C:\Users\86198\Desktop\P-P\01_cleaned_protein_pdb\3hi6_complex.pdb,6,180,220,2.3,XY,B
3hpw,3hpw_complex.pdb,C:\Users\86198\Desktop\P-P\01_cleaned_protein_pdb\3hpw_complex.pdb,3,33,101,1.45,B,C
3htu,3htu_complex.pdb,C:\Users\86198\Desktop\P-P\01_cleaned_protein_pdb\3htu_complex.pdb,8,32,75,2.0,A,B
3hug,3hug_complex.pdb,C:\Users\86198\Desktop\P-P\01_cleaned_protein_pdb\3hug_complex.pdb,20,56,80,2.35,I,J
3huj,3huj_complex.pdb,C:\Users\86198\Desktop\P-P\01_cleaned_protein_pdb\3huj_complex.pdb,8,97,275,2.5,AB,GH
3idb,3idb_complex.pdb,C:\Users\86198\Desktop\P-P\01_cleaned_protein_pdb\3idb_complex.pdb,2,158,341,1.62,A,B
3idc,3idc_complex.pdb,C:\Users\86198\Desktop\P-P\01_cleaned_protein_pdb\3idc_complex.pdb,2,163,341,2.7,A,B
3idx,3idx_complex.pdb,C:\Users\86198\Desktop\P-P\01_cleaned_protein_pdb\3idx_complex.pdb,3,214,316,2.5,HL,G
3ifq,3ifq_complex.pdb,C:\Users\86198\Desktop\P-P\01_cleaned_protein_pdb\3ifq_complex.pdb,4,91,548,2.8,A,C
3it8,3it8_complex.pdb,C:\Users\86198\Desktop\P-P\01_cleaned_protein_pdb\3it8_complex.pdb,12,152,299,2.8,G,J
3iu3,3iu3_complex.pdb,C:\Users\86198\Desktop\P-P\01_cleaned_protein_pdb\3iu3_complex.pdb,9,119,215,2.9,CD,J
3ixe,3ixe_complex.pdb,C:\Users\86198\Desktop\P-P\01_cleaned_protein_pdb\3ixe_complex.pdb,2,70,171,1.9,A,B
3ixs,3ixs_complex.pdb,C:\Users\86198\Desktop\P-P\01_cleaned_protein_pdb\3ixs_complex.pdb,12,30,111,1.7,C,D
3jsv,3jsv_complex.pdb,C:\Users\86198\Desktop\P-P\01_cleaned_protein_pdb\3jsv_complex.pdb,4,76,86,2.7,CD,A
3jza,3jza_complex.pdb,C:\Users\86198\Desktop\P-P\01_cleaned_protein_pdb\3jza_complex.pdb,2,170,193,1.8,A,B
3k1r,3k1r_complex.pdb,C:\Users\86198\Desktop\P-P\01_cleaned_protein_pdb\3k1r_complex.pdb,2,74,192,2.3,A,B
3k2m,3k2m_complex.pdb,C:\Users\86198\Desktop\P-P\01_cleaned_protein_pdb\3k2m_complex.pdb,4,97,101,1.75,A,D
3k3q,3k3q_complex.pdb,C:\Users\86198\Desktop\P-P\01_cleaned_protein_pdb\3k3q_complex.pdb,3,137,249,2.6,BC,A
3k6g,3k6g_complex.pdb,C:\Users\86198\Desktop\P-P\01_cleaned_protein_pdb\3k6g_complex.pdb,6,31,92,1.95,C,F
3k75,3k75_complex.pdb,C:\Users\86198\Desktop\P-P\01_cleaned_protein_pdb\3k75_complex.pdb,4,151,248,2.95,B,D
3k8p,3k8p_complex.pdb,C:\Users\86198\Desktop\P-P\01_cleaned_protein_pdb\3k8p_complex.pdb,2,289,602,2.6,C,D
3k9m,3k9m_complex.pdb,C:\Users\86198\Desktop\P-P\01_cleaned_protein_pdb\3k9m_complex.pdb,4,98,254,2.61,A,C
3kbt,3kbt_complex.pdb,C:\Users\86198\Desktop\P-P\01_cleaned_protein_pdb\3kbt_complex.pdb,4,159,306,2.75,A,D
3knb,3knb_complex.pdb,C:\Users\86198\Desktop\P-P\01_cleaned_protein_pdb\3knb_complex.pdb,2,96,98,1.4,A,B
3kr3,3kr3_complex.pdb,C:\Users\86198\Desktop\P-P\01_cleaned_protein_pdb\3kr3_complex.pdb,3,60,223,2.2,HL,D
3kuc,3kuc_complex.pdb,C:\Users\86198\Desktop\P-P\01_cleaned_protein_pdb\3kuc_complex.pdb,2,76,167,1.92,A,B
3kud,3kud_complex.pdb,C:\Users\86198\Desktop\P-P\01_cleaned_protein_pdb\3kud_complex.pdb,2,76,165,2.15,A,B
3kw5,3kw5_complex.pdb,C:\Users\86198\Desktop\P-P\01_cleaned_protein_pdb\3kw5_complex.pdb,2,75,223,2.83,A,B
3kyi,3kyi_complex.pdb,C:\Users\86198\Desktop\P-P\01_cleaned_protein_pdb\3kyi_complex.pdb,2,127,134,2.8,A,B
3kz1,3kz1_complex.pdb,C:\Users\86198\Desktop\P-P\01_cleaned_protein_pdb\3kz1_complex.pdb,4,179,369,2.7,A,F
3l33,3l33_complex.pdb,C:\Users\86198\Desktop\P-P\01_cleaned_protein_pdb\3l33_complex.pdb,8,52,224,2.48,C,G
3l5w,3l5w_complex.pdb,C:\Users\86198\Desktop\P-P\01_cleaned_protein_pdb\3l5w_complex.pdb,6,104,223,2.0,HL,I
3l5x,3l5x_complex.pdb,C:\Users\86198\Desktop\P-P\01_cleaned_protein_pdb\3l5x_complex.pdb,3,105,223,1.9,HL,A
3l95,3l95_complex.pdb,C:\Users\86198\Desktop\P-P\01_cleaned_protein_pdb\3l95_complex.pdb,6,212,233,2.19,HL,Y
3l9j,3l9j_complex.pdb,C:\Users\86198\Desktop\P-P\01_cleaned_protein_pdb\3l9j_complex.pdb,2,134,149,2.1,C,T
3lb8,3lb8_complex.pdb,C:\Users\86198\Desktop\P-P\01_cleaned_protein_pdb\3lb8_complex.pdb,4,103,419,2.6,B,D
3lbx,3lbx_complex.pdb,C:\Users\86198\Desktop\P-P\01_cleaned_protein_pdb\3lbx_complex.pdb,2,140,184,2.8,A,B
3lev,3lev_complex.pdb,C:\Users\86198\Desktop\P-P\01_cleaned_protein_pdb\3lev_complex.pdb,3,177,237,2.5,HL,A
3lh2,3lh2_complex.pdb,C:\Users\86198\Desktop\P-P\01_cleaned_protein_pdb\3lh2_complex.pdb,12,66,132,2.65,HL,S
3lhp,3lhp_complex.pdb,C:\Users\86198\Desktop\P-P\01_cleaned_protein_pdb\3lhp_complex.pdb,6,110,127,2.7,IM,T
3lk2,3lk2_complex.pdb,C:\Users\86198\Desktop\P-P\01_cleaned_protein_pdb\3lk2_complex.pdb,3,33,270,2.2,AB,T
3lk3,3lk3_complex.pdb,C:\Users\86198\Desktop\P-P\01_cleaned_protein_pdb\3lk3_complex.pdb,3,49,270,2.68,AB,T
3lms,3lms_complex.pdb,C:\Users\86198\Desktop\P-P\01_cleaned_protein_pdb\3lms_complex.pdb,2,74,309,2.5,A,B
3m0a,3m0a_complex.pdb,C:\Users\86198\Desktop\P-P\01_cleaned_protein_pdb\3m0a_complex.pdb,4,62,74,2.61,C,D
3m18,3m18_complex.pdb,C:\Users\86198\Desktop\P-P\01_cleaned_protein_pdb\3m18_complex.pdb,2,127,245,1.95,A,B
3m63,3m63_complex.pdb,C:\Users\86198\Desktop\P-P\01_cleaned_protein_pdb\3m63_complex.pdb,2,72,957,2.4,A,B
3ma2,3ma2_complex.pdb,C:\Users\86198\Desktop\P-P\01_cleaned_protein_pdb\3ma2_complex.pdb,4,124,171,2.05,D,C
3ma9,3ma9_complex.pdb,C:\Users\86198\Desktop\P-P\01_cleaned_protein_pdb\3ma9_complex.pdb,3,209,216,2.05,HL,A
3mac,3mac_complex.pdb,C:\Users\86198\Desktop\P-P\01_cleaned_protein_pdb\3mac_complex.pdb,3,210,223,2.5,HL,A
3mc0,3mc0_complex.pdb,C:\Users\86198\Desktop\P-P\01_cleaned_protein_pdb\3mc0_complex.pdb,4,109,233,2.0,C,D
3mca,3mca_complex.pdb,C:\Users\86198\Desktop\P-P\01_cleaned_protein_pdb\3mca_complex.pdb,2,347,384,2.74,A,B
3me2,3me2_complex.pdb,C:\Users\86198\Desktop\P-P\01_cleaned_protein_pdb\3me2_complex.pdb,2,156,166,2.8,A,R
3mj7,3mj7_complex.pdb,C:\Users\86198\Desktop\P-P\01_cleaned_protein_pdb\3mj7_complex.pdb,2,200,229,2.8,A,B
3mj9,3mj9_complex.pdb,C:\Users\86198\Desktop\P-P\01_cleaned_protein_pdb\3mj9_complex.pdb,3,209,229,2.95,HL,A
3mjh,3mjh_complex.pdb,C:\Users\86198\Desktop\P-P\01_cleaned_protein_pdb\3mjh_complex.pdb,4,33,168,2.03,C,D
3mxw,3mxw_complex.pdb,C:\Users\86198\Desktop\P-P\01_cleaned_protein_pdb\3mxw_complex.pdb,3,153,220,1.83,HL,A
3mzg,3mzg_complex.pdb,C:\Users\86198\Desktop\P-P\01_cleaned_protein_pdb\3mzg_complex.pdb,2,186,206,2.1,A,B
3mzw,3mzw_complex.pdb,C:\Users\86198\Desktop\P-P\01_cleaned_protein_pdb\3mzw_complex.pdb,2,53,578,2.9,A,B
3n06,3n06_complex.pdb,C:\Users\86198\Desktop\P-P\01_cleaned_protein_pdb\3n06_complex.pdb,2,186,206,2.0,A,B
3n0p,3n0p_complex.pdb,C:\Users\86198\Desktop\P-P\01_cleaned_protein_pdb\3n0p_complex.pdb,2,186,206,2.1,A,B
3n4i,3n4i_complex.pdb,C:\Users\86198\Desktop\P-P\01_cleaned_protein_pdb\3n4i_complex.pdb,2,165,265,1.56,A,B
3ncb,3ncb_complex.pdb,C:\Users\86198\Desktop\P-P\01_cleaned_protein_pdb\3ncb_complex.pdb,2,186,206,2.1,A,B
3ncc,3ncc_complex.pdb,C:\Users\86198\Desktop\P-P\01_cleaned_protein_pdb\3ncc_complex.pdb,2,186,206,2.5,A,B
3nfp,3nfp_complex.pdb,C:\Users\86198\Desktop\P-P\01_cleaned_protein_pdb\3nfp_complex.pdb,6,124,216,2.86,AB,K
3ngb,3ngb_complex.pdb,C:\Users\86198\Desktop\P-P\01_cleaned_protein_pdb\3ngb_complex.pdb,3,208,353,2.68,HL,G
3nh7,3nh7_complex.pdb,C:\Users\86198\Desktop\P-P\01_cleaned_protein_pdb\3nh7_complex.pdb,12,85,221,2.7,IM,B
3noc,3noc_complex.pdb,C:\Users\86198\Desktop\P-P\01_cleaned_protein_pdb\3noc_complex.pdb,2,154,1032,2.7,B,D
3nps,3nps_complex.pdb,C:\Users\86198\Desktop\P-P\01_cleaned_protein_pdb\3nps_complex.pdb,3,211,241,1.5,BC,A
3nvn,3nvn_complex.pdb,C:\Users\86198\Desktop\P-P\01_cleaned_protein_pdb\3nvn_complex.pdb,2,383,474,2.26,A,B
3nvq,3nvq_complex.pdb,C:\Users\86198\Desktop\P-P\01_cleaned_protein_pdb\3nvq_complex.pdb,4,474,588,2.4,A,B
3o5t,3o5t_complex.pdb,C:\Users\86198\Desktop\P-P\01_cleaned_protein_pdb\3o5t_complex.pdb,2,112,295,2.09,A,B
3o6f,3o6f_complex.pdb,C:\Users\86198\Desktop\P-P\01_cleaned_protein_pdb\3o6f_complex.pdb,8,178,245,2.8,CD,AB
3o6q,3o6q_complex.pdb,C:\Users\86198\Desktop\P-P\01_cleaned_protein_pdb\3o6q_complex.pdb,4,43,141,2.5,C,D
3o8x,3o8x_complex.pdb,C:\Users\86198\Desktop\P-P\01_cleaned_protein_pdb\3o8x_complex.pdb,4,96,273,2.74,CD,A
3o9w,3o9w_complex.pdb,C:\Users\86198\Desktop\P-P\01_cleaned_protein_pdb\3o9w_complex.pdb,4,97,274,2.8,CD,A
3ogo,3ogo_complex.pdb,C:\Users\86198\Desktop\P-P\01_cleaned_protein_pdb\3ogo_complex.pdb,8,115,231,2.8,B,G
3oiq,3oiq_complex.pdb,C:\Users\86198\Desktop\P-P\01_cleaned_protein_pdb\3oiq_complex.pdb,2,30,212,2.4,A,B
3oj2,3oj2_complex.pdb,C:\Users\86198\Desktop\P-P\01_cleaned_protein_pdb\3oj2_complex.pdb,4,135,209,2.2,B,D
3ojm,3ojm_complex.pdb,C:\Users\86198\Desktop\P-P\01_cleaned_protein_pdb\3ojm_complex.pdb,2,145,211,2.1,A,B
3oky,3oky_complex.pdb,C:\Users\86198\Desktop\P-P\01_cleaned_protein_pdb\3oky_complex.pdb,2,542,621,2.19,A,B
3ol2,3ol2_complex.pdb,C:\Users\86198\Desktop\P-P\01_cleaned_protein_pdb\3ol2_complex.pdb,2,511,625,2.99,A,B
3olm,3olm_complex.pdb,C:\Users\86198\Desktop\P-P\01_cleaned_protein_pdb\3olm_complex.pdb,2,74,420,2.5,A,D
3ona,3ona_complex.pdb,C:\Users\86198\Desktop\P-P\01_cleaned_protein_pdb\3ona_complex.pdb,2,66,158,2.6,A,B
3onl,3onl_complex.pdb,C:\Users\86198\Desktop\P-P\01_cleaned_protein_pdb\3onl_complex.pdb,3,95,140,2.2,A,C
3onw,3onw_complex.pdb,C:\Users\86198\Desktop\P-P\01_cleaned_protein_pdb\3onw_complex.pdb,4,34,317,2.38,A,C
3orv,3orv_complex.pdb,C:\Users\86198\Desktop\P-P\01_cleaned_protein_pdb\3orv_complex.pdb,6,123,376,1.91,A,CD
3oun,3oun_complex.pdb,C:\Users\86198\Desktop\P-P\01_cleaned_protein_pdb\3oun_complex.pdb,2,91,256,2.71,A,B
3oux,3oux_complex.pdb,C:\Users\86198\Desktop\P-P\01_cleaned_protein_pdb\3oux_complex.pdb,2,50,515,2.4,A,B
3oxu,3oxu_complex.pdb,C:\Users\86198\Desktop\P-P\01_cleaned_protein_pdb\3oxu_complex.pdb,6,124,300,2.1,A,D
3p0y,3p0y_complex.pdb,C:\Users\86198\Desktop\P-P\01_cleaned_protein_pdb\3p0y_complex.pdb,3,194,223,1.8,HL,A
3p71,3p71_complex.pdb,C:\Users\86198\Desktop\P-P\01_cleaned_protein_pdb\3p71_complex.pdb,2,303,315,2.7,T,C
3p8m,3p8m_complex.pdb,C:\Users\86198\Desktop\P-P\01_cleaned_protein_pdb\3p8m_complex.pdb,4,42,87,2.9,A,D
3p92,3p92_complex.pdb,C:\Users\86198\Desktop\P-P\01_cleaned_protein_pdb\3p92_complex.pdb,2,58,224,1.6,A,E
3p95,3p95_complex.pdb,C:\Users\86198\Desktop\P-P\01_cleaned_protein_pdb\3p95_complex.pdb,2,58,224,1.3,A,E
3p9w,3p9w_complex.pdb,C:\Users\86198\Desktop\P-P\01_cleaned_protein_pdb\3p9w_complex.pdb,8,96,123,2.41,E,F
3pl6,3pl6_complex.pdb,C:\Users\86198\Desktop\P-P\01_cleaned_protein_pdb\3pl6_complex.pdb,4,182,264,2.55,CD,AB
3pnr,3pnr_complex.pdb,C:\Users\86198\Desktop\P-P\01_cleaned_protein_pdb\3pnr_complex.pdb,2,129,240,2.6,A,B
3q1s,3q1s_complex.pdb,C:\Users\86198\Desktop\P-P\01_cleaned_protein_pdb\3q1s_complex.pdb,3,124,225,2.15,HL,I
3q3g,3q3g_complex.pdb,C:\Users\86198\Desktop\P-P\01_cleaned_protein_pdb\3q3g_complex.pdb,12,189,224,2.7,BA,E
3q9n,3q9n_complex.pdb,C:\Users\86198\Desktop\P-P\01_cleaned_protein_pdb\3q9n_complex.pdb,4,140,158,2.0,A,C
3q9u,3q9u_complex.pdb,C:\Users\86198\Desktop\P-P\01_cleaned_protein_pdb\3q9u_complex.pdb,4,140,158,2.3,A,C
3qbq,3qbq_complex.pdb,C:\Users\86198\Desktop\P-P\01_cleaned_protein_pdb\3qbq_complex.pdb,4,155,164,2.5,C,D
3qbt,3qbt_complex.pdb,C:\Users\86198\Desktop\P-P\01_cleaned_protein_pdb\3qbt_complex.pdb,8,130,171,2.0,A,B
3qbv,3qbv_complex.pdb,C:\Users\86198\Desktop\P-P\01_cleaned_protein_pdb\3qbv_complex.pdb,4,177,307,2.65,C,D
3qc8,3qc8_complex.pdb,C:\Users\86198\Desktop\P-P\01_cleaned_protein_pdb\3qc8_complex.pdb,2,80,170,2.2,A,B
3qht,3qht_complex.pdb,C:\Users\86198\Desktop\P-P\01_cleaned_protein_pdb\3qht_complex.pdb,4,73,93,2.4,A,C
3qhy,3qhy_complex.pdb,C:\Users\86198\Desktop\P-P\01_cleaned_protein_pdb\3qhy_complex.pdb,2,258,271,2.06,A,B
3qi2,3qi2_complex.pdb,C:\Users\86198\Desktop\P-P\01_cleaned_protein_pdb\3qi2_complex.pdb,4,34,318,2.8,A,C
3qlu,3qlu_complex.pdb,C:\Users\86198\Desktop\P-P\01_cleaned_protein_pdb\3qlu_complex.pdb,4,374,382,2.91,A,C
3qml,3qml_complex.pdb,C:\Users\86198\Desktop\P-P\01_cleaned_protein_pdb\3qml_complex.pdb,4,266,377,2.31,A,C
3qq8,3qq8_complex.pdb,C:\Users\86198\Desktop\P-P\01_cleaned_protein_pdb\3qq8_complex.pdb,2,80,177,2.0,A,B
3qsk,3qsk_complex.pdb,C:\Users\86198\Desktop\P-P\01_cleaned_protein_pdb\3qsk_complex.pdb,2,123,124,1.75,A,B
3qt2,3qt2_complex.pdb,C:\Users\86198\Desktop\P-P\01_cleaned_protein_pdb\3qt2_complex.pdb,6,109,307,2.55,A,C
3qtl,3qtl_complex.pdb,C:\Users\86198\Desktop\P-P\01_cleaned_protein_pdb\3qtl_complex.pdb,4,75,274,2.6,C,D
3qux,3qux_complex.pdb,C:\Users\86198\Desktop\P-P\01_cleaned_protein_pdb\3qux_complex.pdb,4,96,273,2.91,CD,A
3quy,3quy_complex.pdb,C:\Users\86198\Desktop\P-P\01_cleaned_protein_pdb\3quy_complex.pdb,4,98,274,2.25,CD,A
3quz,3quz_complex.pdb,C:\Users\86198\Desktop\P-P\01_cleaned_protein_pdb\3quz_complex.pdb,4,96,273,2.3,CD,A
3qwo,3qwo_complex.pdb,C:\Users\86198\Desktop\P-P\01_cleaned_protein_pdb\3qwo_complex.pdb,6,53,220,1.9,AB,C
3qwq,3qwq_complex.pdb,C:\Users\86198\Desktop\P-P\01_cleaned_protein_pdb\3qwq_complex.pdb,2,100,613,2.75,A,B
3r1g,3r1g_complex.pdb,C:\Users\86198\Desktop\P-P\01_cleaned_protein_pdb\3r1g_complex.pdb,3,214,381,2.8,HL,B
3r9a,3r9a_complex.pdb,C:\Users\86198\Desktop\P-P\01_cleaned_protein_pdb\3r9a_complex.pdb,4,291,388,2.35,C,D
3rbb,3rbb_complex.pdb,C:\Users\86198\Desktop\P-P\01_cleaned_protein_pdb\3rbb_complex.pdb,4,58,140,2.35,C,D
3rdt,3rdt_complex.pdb,C:\Users\86198\Desktop\P-P\01_cleaned_protein_pdb\3rdt_complex.pdb,4,179,238,2.7,AB,CD
3rdz,3rdz_complex.pdb,C:\Users\86198\Desktop\P-P\01_cleaned_protein_pdb\3rdz_complex.pdb,4,67,223,2.26,A,C
3rea,3rea_complex.pdb,C:\Users\86198\Desktop\P-P\01_cleaned_protein_pdb\3rea_complex.pdb,4,60,127,2.0,A,B
3rgf,3rgf_complex.pdb,C:\Users\86198\Desktop\P-P\01_cleaned_protein_pdb\3rgf_complex.pdb,2,266,339,2.2,A,B
3rkd,3rkd_complex.pdb,C:\Users\86198\Desktop\P-P\01_cleaned_protein_pdb\3rkd_complex.pdb,6,145,224,1.9,HL,A
3rpg,3rpg_complex.pdb,C:\Users\86198\Desktop\P-P\01_cleaned_protein_pdb\3rpg_complex.pdb,3,99,149,2.65,BC,A
3rt0,3rt0_complex.pdb,C:\Users\86198\Desktop\P-P\01_cleaned_protein_pdb\3rt0_complex.pdb,4,166,331,2.11,A,C
3rtq,3rtq_complex.pdb,C:\Users\86198\Desktop\P-P\01_cleaned_protein_pdb\3rtq_complex.pdb,4,96,273,2.8,CD,A
3ru8,3ru8_complex.pdb,C:\Users\86198\Desktop\P-P\01_cleaned_protein_pdb\3ru8_complex.pdb,3,213,277,2.07,HL,X
3rug,3rug_complex.pdb,C:\Users\86198\Desktop\P-P\01_cleaned_protein_pdb\3rug_complex.pdb,8,98,289,2.2,GH,C
3rzc,3rzc_complex.pdb,C:\Users\86198\Desktop\P-P\01_cleaned_protein_pdb\3rzc_complex.pdb,4,98,274,2.8,CD,A
3rzw,3rzw_complex.pdb,C:\Users\86198\Desktop\P-P\01_cleaned_protein_pdb\3rzw_complex.pdb,4,75,89,2.15,B,C
3s2k,3s2k_complex.pdb,C:\Users\86198\Desktop\P-P\01_cleaned_protein_pdb\3s2k_complex.pdb,3,85,619,2.8,B,C
3scm,3scm_complex.pdb,C:\Users\86198\Desktop\P-P\01_cleaned_protein_pdb\3scm_complex.pdb,4,99,289,2.5,CD,A
3sda,3sda_complex.pdb,C:\Users\86198\Desktop\P-P\01_cleaned_protein_pdb\3sda_complex.pdb,4,99,290,2.8,CD,A
3sdd,3sdd_complex.pdb,C:\Users\86198\Desktop\P-P\01_cleaned_protein_pdb\3sdd_complex.pdb,4,99,290,3.0,CD,A
3sdy,3sdy_complex.pdb,C:\Users\86198\Desktop\P-P\01_cleaned_protein_pdb\3sdy_complex.pdb,4,172,319,2.85,HL,AB
3sf4,3sf4_complex.pdb,C:\Users\86198\Desktop\P-P\01_cleaned_protein_pdb\3sf4_complex.pdb,6,45,362,2.6,A,D
3sgb,3sgb_complex.pdb,C:\Users\86198\Desktop\P-P\01_cleaned_protein_pdb\3sgb_complex.pdb,2,50,185,1.8,E,I
3sgk,3sgk_complex.pdb,C:\Users\86198\Desktop\P-P\01_cleaned_protein_pdb\3sgk_complex.pdb,3,170,212,2.4,A,C
3sja,3sja_complex.pdb,C:\Users\86198\Desktop\P-P\01_cleaned_protein_pdb\3sja_complex.pdb,10,61,351,3.0,B,D
3skj,3skj_complex.pdb,C:\Users\86198\Desktop\P-P\01_cleaned_protein_pdb\3skj_complex.pdb,6,99,231,2.5,IM,F
3so3,3so3_complex.pdb,C:\Users\86198\Desktop\P-P\01_cleaned_protein_pdb\3so3_complex.pdb,3,216,241,2.1,CB,A
3sqo,3sqo_complex.pdb,C:\Users\86198\Desktop\P-P\01_cleaned_protein_pdb\3sqo_complex.pdb,4,92,529,2.7,HL,A
3t04,3t04_complex.pdb,C:\Users\86198\Desktop\P-P\01_cleaned_protein_pdb\3t04_complex.pdb,2,98,103,2.1,A,D
3t0y,3t0y_complex.pdb,C:\Users\86198\Desktop\P-P\01_cleaned_protein_pdb\3t0y_complex.pdb,4,31,126,2.1,C,D
3t1q,3t1q_complex.pdb,C:\Users\86198\Desktop\P-P\01_cleaned_protein_pdb\3t1q_complex.pdb,3,132,184,2.7,A,B
3t2n,3t2n_complex.pdb,C:\Users\86198\Desktop\P-P\01_cleaned_protein_pdb\3t2n_complex.pdb,6,211,370,2.55,IM,B
3t6g,3t6g_complex.pdb,C:\Users\86198\Desktop\P-P\01_cleaned_protein_pdb\3t6g_complex.pdb,4,131,313,2.5,A,B
3tac,3tac_complex.pdb,C:\Users\86198\Desktop\P-P\01_cleaned_protein_pdb\3tac_complex.pdb,2,292,326,2.2,A,B
3tg1,3tg1_complex.pdb,C:\Users\86198\Desktop\P-P\01_cleaned_protein_pdb\3tg1_complex.pdb,2,140,348,2.71,A,B
3tgk,3tgk_complex.pdb,C:\Users\86198\Desktop\P-P\01_cleaned_protein_pdb\3tgk_complex.pdb,2,56,222,1.7,E,I
3thm,3thm_complex.pdb,C:\Users\86198\Desktop\P-P\01_cleaned_protein_pdb\3thm_complex.pdb,3,79,233,2.1,HL,F
3tje,3tje_complex.pdb,C:\Users\86198\Desktop\P-P\01_cleaned_protein_pdb\3tje_complex.pdb,3,109,235,1.93,HL,F
3tjz,3tjz_complex.pdb,C:\Users\86198\Desktop\P-P\01_cleaned_protein_pdb\3tjz_complex.pdb,6,140,275,2.9,A,B
3tkl,3tkl_complex.pdb,C:\Users\86198\Desktop\P-P\01_cleaned_protein_pdb\3tkl_complex.pdb,2,171,192,2.18,A,B
3tl8,3tl8_complex.pdb,C:\Users\86198\Desktop\P-P\01_cleaned_protein_pdb\3tl8_complex.pdb,8,87,306,2.5,D,F
3tnf,3tnf_complex.pdb,C:\Users\86198\Desktop\P-P\01_cleaned_protein_pdb\3tnf_complex.pdb,2,170,379,2.5,A,B
3tq7,3tq7_complex.pdb,C:\Users\86198\Desktop\P-P\01_cleaned_protein_pdb\3tq7_complex.pdb,4,60,72,2.3,B,P
3tsr,3tsr_complex.pdb,C:\Users\86198\Desktop\P-P\01_cleaned_protein_pdb\3tsr_complex.pdb,8,122,457,2.2,D,H
3tu3,3tu3_complex.pdb,C:\Users\86198\Desktop\P-P\01_cleaned_protein_pdb\3tu3_complex.pdb,2,119,564,1.92,A,B
3tvj,3tvj_complex.pdb,C:\Users\86198\Desktop\P-P\01_cleaned_protein_pdb\3tvj_complex.pdb,3,35,242,1.28,AB,I
3tvm,3tvm_complex.pdb,C:\Users\86198\Desktop\P-P\01_cleaned_protein_pdb\3tvm_complex.pdb,8,97,274,2.8,GH,E
3twi,3twi_complex.pdb,C:\Users\86198\Desktop\P-P\01_cleaned_protein_pdb\3twi_complex.pdb,6,117,168,2.55,C,F
3u43,3u43_complex.pdb,C:\Users\86198\Desktop\P-P\01_cleaned_protein_pdb\3u43_complex.pdb,2,92,132,1.72,A,B
3uc0,3uc0_complex.pdb,C:\Users\86198\Desktop\P-P\01_cleaned_protein_pdb\3uc0_complex.pdb,6,114,223,2.71,HL,A
3uir,3uir_complex.pdb,C:\Users\86198\Desktop\P-P\01_cleaned_protein_pdb\3uir_complex.pdb,4,56,247,2.78,B,D
3ujg,3ujg_complex.pdb,C:\Users\86198\Desktop\P-P\01_cleaned_protein_pdb\3ujg_complex.pdb,2,299,327,2.6,A,B
3ul4,3ul4_complex.pdb,C:\Users\86198\Desktop\P-P\01_cleaned_protein_pdb\3ul4_complex.pdb,2,63,142,1.95,A,B
3ux9,3ux9_complex.pdb,C:\Users\86198\Desktop\P-P\01_cleaned_protein_pdb\3ux9_complex.pdb,4,148,230,2.8,C,D
3uyo,3uyo_complex.pdb,C:\Users\86198\Desktop\P-P\01_cleaned_protein_pdb\3uyo_complex.pdb,2,94,114,1.83,A,D
3uyp,3uyp_complex.pdb,C:\Users\86198\Desktop\P-P\01_cleaned_protein_pdb\3uyp_complex.pdb,2,96,226,2.0,A,B
3uz0,3uz0_complex.pdb,C:\Users\86198\Desktop\P-P\01_cleaned_protein_pdb\3uz0_complex.pdb,4,111,140,2.82,A,B
3uze,3uze_complex.pdb,C:\Users\86198\Desktop\P-P\01_cleaned_protein_pdb\3uze_complex.pdb,4,94,244,2.04,A,C
3uzq,3uzq_complex.pdb,C:\Users\86198\Desktop\P-P\01_cleaned_protein_pdb\3uzq_complex.pdb,2,95,243,1.6,A,B
3uzv,3uzv_complex.pdb,C:\Users\86198\Desktop\P-P\01_cleaned_protein_pdb\3uzv_complex.pdb,2,100,243,2.1,A,B
3v1c,3v1c_complex.pdb,C:\Users\86198\Desktop\P-P\01_cleaned_protein_pdb\3v1c_complex.pdb,2,46,47,1.13,A,B
3v4y,3v4y_complex.pdb,C:\Users\86198\Desktop\P-P\01_cleaned_protein_pdb\3v4y_complex.pdb,8,39,297,2.1,A,B
3v6o,3v6o_complex.pdb,C:\Users\86198\Desktop\P-P\01_cleaned_protein_pdb\3v6o_complex.pdb,6,202,220,1.95,DF,B
3v96,3v96_complex.pdb,C:\Users\86198\Desktop\P-P\01_cleaned_protein_pdb\3v96_complex.pdb,2,159,178,1.9,A,B
3vep,3vep_complex.pdb,C:\Users\86198\Desktop\P-P\01_cleaned_protein_pdb\3vep_complex.pdb,8,46,69,2.5,J,H
3vg9,3vg9_complex.pdb,C:\Users\86198\Desktop\P-P\01_cleaned_protein_pdb\3vg9_complex.pdb,3,212,304,2.7,CB,A
3vhx,3vhx_complex.pdb,C:\Users\86198\Desktop\P-P\01_cleaned_protein_pdb\3vhx_complex.pdb,8,88,162,2.81,C,D
3vpj,3vpj_complex.pdb,C:\Users\86198\Desktop\P-P\01_cleaned_protein_pdb\3vpj_complex.pdb,8,145,148,2.5,A,E
3vux,3vux_complex.pdb,C:\Users\86198\Desktop\P-P\01_cleaned_protein_pdb\3vux_complex.pdb,6,32,76,1.7,A,G
3vv2,3vv2_complex.pdb,C:\Users\86198\Desktop\P-P\01_cleaned_protein_pdb\3vv2_complex.pdb,2,65,320,1.83,A,B
3vwk,3vwk_complex.pdb,C:\Users\86198\Desktop\P-P\01_cleaned_protein_pdb\3vwk_complex.pdb,4,96,271,2.94,CD,A
3vyr,3vyr_complex.pdb,C:\Users\86198\Desktop\P-P\01_cleaned_protein_pdb\3vyr_complex.pdb,2,72,371,2.55,A,B
3vys,3vys_complex.pdb,C:\Users\86198\Desktop\P-P\01_cleaned_protein_pdb\3vys_complex.pdb,3,53,368,2.35,AB,C
3vza,3vza_complex.pdb,C:\Users\86198\Desktop\P-P\01_cleaned_protein_pdb\3vza_complex.pdb,6,31,99,1.9,BD,F
3w6j,3w6j_complex.pdb,C:\Users\86198\Desktop\P-P\01_cleaned_protein_pdb\3w6j_complex.pdb,6,146,170,2.6,D,F
3w8h,3w8h_complex.pdb,C:\Users\86198\Desktop\P-P\01_cleaned_protein_pdb\3w8h_complex.pdb,2,66,197,2.43,A,B
3w8i,3w8i_complex.pdb,C:\Users\86198\Desktop\P-P\01_cleaned_protein_pdb\3w8i_complex.pdb,2,67,193,2.4,A,B
3w9e,3w9e_complex.pdb,C:\Users\86198\Desktop\P-P\01_cleaned_protein_pdb\3w9e_complex.pdb,3,211,229,2.3,AB,C
3wa5,3wa5_complex.pdb,C:\Users\86198\Desktop\P-P\01_cleaned_protein_pdb\3wa5_complex.pdb,2,124,403,1.9,A,B
3wdg,3wdg_complex.pdb,C:\Users\86198\Desktop\P-P\01_cleaned_protein_pdb\3wdg_complex.pdb,2,110,216,2.2,A,B
3wih,3wih_complex.pdb,C:\Users\86198\Desktop\P-P\01_cleaned_protein_pdb\3wih_complex.pdb,6,96,219,1.7,IM,B
3wn5,3wn5_complex.pdb,C:\Users\86198\Desktop\P-P\01_cleaned_protein_pdb\3wn5_complex.pdb,6,171,212,2.78,AB,C
3wqb,3wqb_complex.pdb,C:\Users\86198\Desktop\P-P\01_cleaned_protein_pdb\3wqb_complex.pdb,2,99,597,1.41,A,B
3wrx,3wrx_complex.pdb,C:\Users\86198\Desktop\P-P\01_cleaned_protein_pdb\3wrx_complex.pdb,4,423,444,2.5,B,D
3wry,3wry_complex.pdb,C:\Users\86198\Desktop\P-P\01_cleaned_protein_pdb\3wry_complex.pdb,4,424,444,2.3,B,D
3wwk,3wwk_complex.pdb,C:\Users\86198\Desktop\P-P\01_cleaned_protein_pdb\3wwk_complex.pdb,12,122,135,2.98,A,C
3wwn,3wwn_complex.pdb,C:\Users\86198\Desktop\P-P\01_cleaned_protein_pdb\3wwn_complex.pdb,2,54,269,1.85,A,B
3wwq,3wwq_complex.pdb,C:\Users\86198\Desktop\P-P\01_cleaned_protein_pdb\3wwq_complex.pdb,12,37,76,1.9,AH,C
3zet,3zet_complex.pdb,C:\Users\86198\Desktop\P-P\01_cleaned_protein_pdb\3zet_complex.pdb,2,229,337,2.31,A,B
3zeu,3zeu_complex.pdb,C:\Users\86198\Desktop\P-P\01_cleaned_protein_pdb\3zeu_complex.pdb,4,225,337,1.65,D,E
3zkq,3zkq_complex.pdb,C:\Users\86198\Desktop\P-P\01_cleaned_protein_pdb\3zkq_complex.pdb,2,113,386,1.51,A,D
3znz,3znz_complex.pdb,C:\Users\86198\Desktop\P-P\01_cleaned_protein_pdb\3znz_complex.pdb,2,146,274,1.9,A,B
3zo0,3zo0_complex.pdb,C:\Users\86198\Desktop\P-P\01_cleaned_protein_pdb\3zo0_complex.pdb,2,180,208,1.99,A,B
3zs8,3zs8_complex.pdb,C:\Users\86198\Desktop\P-P\01_cleaned_protein_pdb\3zs8_complex.pdb,4,62,300,3.0,B,D
3zs9,3zs9_complex.pdb,C:\Users\86198\Desktop\P-P\01_cleaned_protein_pdb\3zs9_complex.pdb,4,31,323,2.1,B,C
3zu7,3zu7_complex.pdb,C:\Users\86198\Desktop\P-P\01_cleaned_protein_pdb\3zu7_complex.pdb,2,154,344,1.97,A,B
3zuv,3zuv_complex.pdb,C:\Users\86198\Desktop\P-P\01_cleaned_protein_pdb\3zuv_complex.pdb,4,122,357,2.72,C,D
3zv0,3zv0_complex.pdb,C:\Users\86198\Desktop\P-P\01_cleaned_protein_pdb\3zv0_complex.pdb,4,161,343,2.8,A,C
3zwh,3zwh_complex.pdb,C:\Users\86198\Desktop\P-P\01_cleaned_protein_pdb\3zwh_complex.pdb,3,43,99,1.94,A,Q
3zwl,3zwl_complex.pdb,C:\Users\86198\Desktop\P-P\01_cleaned_protein_pdb\3zwl_complex.pdb,4,39,352,2.2,D,F
3zwz,3zwz_complex.pdb,C:\Users\86198\Desktop\P-P\01_cleaned_protein_pdb\3zwz_complex.pdb,2,36,297,2.1,A,B
3zyi,3zyi_complex.pdb,C:\Users\86198\Desktop\P-P\01_cleaned_protein_pdb\3zyi_complex.pdb,2,330,398,2.6,A,B
4a49,4a49_complex.pdb,C:\Users\86198\Desktop\P-P\01_cleaned_protein_pdb\4a49_complex.pdb,2,76,146,2.21,A,B
4a94,4a94_complex.pdb,C:\Users\86198\Desktop\P-P\01_cleaned_protein_pdb\4a94_complex.pdb,4,51,302,1.7,B,C
4aei,4aei_complex.pdb,C:\Users\86198\Desktop\P-P\01_cleaned_protein_pdb\4aei_complex.pdb,9,64,221,2.3,JN,C
4afq,4afq_complex.pdb,C:\Users\86198\Desktop\P-P\01_cleaned_protein_pdb\4afq_complex.pdb,4,58,226,1.51,A,C
4afz,4afz_complex.pdb,C:\Users\86198\Desktop\P-P\01_cleaned_protein_pdb\4afz_complex.pdb,4,57,226,2.25,A,C
4ag2,4ag2_complex.pdb,C:\Users\86198\Desktop\P-P\01_cleaned_protein_pdb\4ag2_complex.pdb,4,58,226,1.8,B,D
4al8,4al8_complex.pdb,C:\Users\86198\Desktop\P-P\01_cleaned_protein_pdb\4al8_complex.pdb,3,98,216,1.66,HL,C
4ala,4ala_complex.pdb,C:\Users\86198\Desktop\P-P\01_cleaned_protein_pdb\4ala_complex.pdb,3,92,217,1.84,HL,C
4an7,4an7_complex.pdb,C:\Users\86198\Desktop\P-P\01_cleaned_protein_pdb\4an7_complex.pdb,2,174,223,2.23,A,B
4aoq,4aoq_complex.pdb,C:\Users\86198\Desktop\P-P\01_cleaned_protein_pdb\4aoq_complex.pdb,6,34,223,2.0,C,F
4aor,4aor_complex.pdb,C:\Users\86198\Desktop\P-P\01_cleaned_protein_pdb\4aor_complex.pdb,6,34,223,1.7,A,D
4ap2,4ap2_complex.pdb,C:\Users\86198\Desktop\P-P\01_cleaned_protein_pdb\4ap2_complex.pdb,2,270,365,2.8,A,B
4apx,4apx_complex.pdb,C:\Users\86198\Desktop\P-P\01_cleaned_protein_pdb\4apx_complex.pdb,2,208,238,1.65,A,B
4aqe,4aqe_complex.pdb,C:\Users\86198\Desktop\P-P\01_cleaned_protein_pdb\4aqe_complex.pdb,2,206,238,2.27,A,B
4auq,4auq_complex.pdb,C:\Users\86198\Desktop\P-P\01_cleaned_protein_pdb\4auq_complex.pdb,6,57,146,2.18,AB,C
4awx,4awx_complex.pdb,C:\Users\86198\Desktop\P-P\01_cleaned_protein_pdb\4awx_complex.pdb,2,63,259,2.3,A,B
4ayd,4ayd_complex.pdb,C:\Users\86198\Desktop\P-P\01_cleaned_protein_pdb\4ayd_complex.pdb,6,120,247,2.4,A,D
4aye,4aye_complex.pdb,C:\Users\86198\Desktop\P-P\01_cleaned_protein_pdb\4aye_complex.pdb,6,120,243,2.8,A,D
4ayi,4ayi_complex.pdb,C:\Users\86198\Desktop\P-P\01_cleaned_protein_pdb\4ayi_complex.pdb,3,119,243,2.31,A,D
4b0m,4b0m_complex.pdb,C:\Users\86198\Desktop\P-P\01_cleaned_protein_pdb\4b0m_complex.pdb,3,135,216,1.8,BM,A
4b1y,4b1y_complex.pdb,C:\Users\86198\Desktop\P-P\01_cleaned_protein_pdb\4b1y_complex.pdb,2,30,375,1.29,B,M
4b93,4b93_complex.pdb,C:\Users\86198\Desktop\P-P\01_cleaned_protein_pdb\4b93_complex.pdb,2,164,191,2.0,A,B
4bd9,4bd9_complex.pdb,C:\Users\86198\Desktop\P-P\01_cleaned_protein_pdb\4bd9_complex.pdb,2,165,304,2.2,A,B
4bkx,4bkx_complex.pdb,C:\Users\86198\Desktop\P-P\01_cleaned_protein_pdb\4bkx_complex.pdb,2,169,369,3.0,A,B
4brw,4brw_complex.pdb,C:\Users\86198\Desktop\P-P\01_cleaned_protein_pdb\4brw_complex.pdb,2,30,376,2.8,A,B
4byf,4byf_complex.pdb,C:\Users\86198\Desktop\P-P\01_cleaned_protein_pdb\4byf_complex.pdb,4,148,712,2.74,C,D
4c1n,4c1n_complex.pdb,C:\Users\86198\Desktop\P-P\01_cleaned_protein_pdb\4c1n_complex.pdb,3,309,509,2.53,CD,J
4c2a,4c2a_complex.pdb,C:\Users\86198\Desktop\P-P\01_cleaned_protein_pdb\4c2a_complex.pdb,2,202,266,2.08,A,B
4c2b,4c2b_complex.pdb,C:\Users\86198\Desktop\P-P\01_cleaned_protein_pdb\4c2b_complex.pdb,8,197,264,2.8,G,H
4c4k,4c4k_complex.pdb,C:\Users\86198\Desktop\P-P\01_cleaned_protein_pdb\4c4k_complex.pdb,2,94,97,1.95,O,T
4c4p,4c4p_complex.pdb,C:\Users\86198\Desktop\P-P\01_cleaned_protein_pdb\4c4p_complex.pdb,2,56,167,2.0,A,B
4c5g,4c5g_complex.pdb,C:\Users\86198\Desktop\P-P\01_cleaned_protein_pdb\4c5g_complex.pdb,2,30,445,2.1,A,B
4c7n,4c7n_complex.pdb,C:\Users\86198\Desktop\P-P\01_cleaned_protein_pdb\4c7n_complex.pdb,2,47,51,2.1,A,B
4c99,4c99_complex.pdb,C:\Users\86198\Desktop\P-P\01_cleaned_protein_pdb\4c99_complex.pdb,4,103,153,2.8,A,B
4c9b,4c9b_complex.pdb,C:\Users\86198\Desktop\P-P\01_cleaned_protein_pdb\4c9b_complex.pdb,2,284,391,2.0,A,B
4cc4,4cc4_complex.pdb,C:\Users\86198\Desktop\P-P\01_cleaned_protein_pdb\4cc4_complex.pdb,6,64,263,2.6,C,D
4cdk,4cdk_complex.pdb,C:\Users\86198\Desktop\P-P\01_cleaned_protein_pdb\4cdk_complex.pdb,8,103,158,2.8,C,G
4cj0,4cj0_complex.pdb,C:\Users\86198\Desktop\P-P\01_cleaned_protein_pdb\4cj0_complex.pdb,2,65,534,1.1,A,B
4cj1,4cj1_complex.pdb,C:\Users\86198\Desktop\P-P\01_cleaned_protein_pdb\4cj1_complex.pdb,2,67,544,1.63,A,B
4cj2,4cj2_complex.pdb,C:\Users\86198\Desktop\P-P\01_cleaned_protein_pdb\4cj2_complex.pdb,4,62,129,1.5,A,D
4cmh,4cmh_complex.pdb,C:\Users\86198\Desktop\P-P\01_cleaned_protein_pdb\4cmh_complex.pdb,3,213,240,1.53,BC,A
4cmm,4cmm_complex.pdb,C:\Users\86198\Desktop\P-P\01_cleaned_protein_pdb\4cmm_complex.pdb,2,117,119,1.92,A,B
4cni,4cni_complex.pdb,C:\Users\86198\Desktop\P-P\01_cleaned_protein_pdb\4cni_complex.pdb,6,171,220,2.2,AB,D
4ct0,4ct0_complex.pdb,C:\Users\86198\Desktop\P-P\01_cleaned_protein_pdb\4ct0_complex.pdb,2,96,494,2.45,A,B
4cvw,4cvw_complex.pdb,C:\Users\86198\Desktop\P-P\01_cleaned_protein_pdb\4cvw_complex.pdb,4,101,884,2.67,A,C
4d0g,4d0g_complex.pdb,C:\Users\86198\Desktop\P-P\01_cleaned_protein_pdb\4d0g_complex.pdb,2,46,167,2.5,A,C
4d0n,4d0n_complex.pdb,C:\Users\86198\Desktop\P-P\01_cleaned_protein_pdb\4d0n_complex.pdb,2,179,371,2.1,A,B
4d9q,4d9q_complex.pdb,C:\Users\86198\Desktop\P-P\01_cleaned_protein_pdb\4d9q_complex.pdb,6,213,228,2.28,HL,A
4d9r,4d9r_complex.pdb,C:\Users\86198\Desktop\P-P\01_cleaned_protein_pdb\4d9r_complex.pdb,6,213,228,2.42,ED,B
4dbg,4dbg_complex.pdb,C:\Users\86198\Desktop\P-P\01_cleaned_protein_pdb\4dbg_complex.pdb,2,82,146,2.71,A,B
4dck,4dck_complex.pdb,C:\Users\86198\Desktop\P-P\01_cleaned_protein_pdb\4dck_complex.pdb,3,145,153,2.2,BC,A
4dg4,4dg4_complex.pdb,C:\Users\86198\Desktop\P-P\01_cleaned_protein_pdb\4dg4_complex.pdb,8,58,224,1.4,B,C
4dge,4dge_complex.pdb,C:\Users\86198\Desktop\P-P\01_cleaned_protein_pdb\4dge_complex.pdb,4,143,164,2.2,B,D
4dgi,4dgi_complex.pdb,C:\Users\86198\Desktop\P-P\01_cleaned_protein_pdb\4dgi_complex.pdb,3,97,218,2.4,HL,A
4dh2,4dh2_complex.pdb,C:\Users\86198\Desktop\P-P\01_cleaned_protein_pdb\4dh2_complex.pdb,4,70,158,1.75,A,B
4did,4did_complex.pdb,C:\Users\86198\Desktop\P-P\01_cleaned_protein_pdb\4did_complex.pdb,2,127,179,2.35,A,B
4dkd,4dkd_complex.pdb,C:\Users\86198\Desktop\P-P\01_cleaned_protein_pdb\4dkd_complex.pdb,3,160,276,3.0,A,C
4dke,4dke_complex.pdb,C:\Users\86198\Desktop\P-P\01_cleaned_protein_pdb\4dke_complex.pdb,6,148,225,3.0,HL,A
4dkf,4dkf_complex.pdb,C:\Users\86198\Desktop\P-P\01_cleaned_protein_pdb\4dkf_complex.pdb,6,146,217,2.61,IM,B
4dn4,4dn4_complex.pdb,C:\Users\86198\Desktop\P-P\01_cleaned_protein_pdb\4dn4_complex.pdb,3,61,219,2.8,HL,M
4doh,4doh_complex.pdb,C:\Users\86198\Desktop\P-P\01_cleaned_protein_pdb\4doh_complex.pdb,6,153,204,2.8,BR,A
4doq,4doq_complex.pdb,C:\Users\86198\Desktop\P-P\01_cleaned_protein_pdb\4doq_complex.pdb,5,47,223,2.0,C,D
4dpg,4dpg_complex.pdb,C:\Users\86198\Desktop\P-P\01_cleaned_protein_pdb\4dpg_complex.pdb,2,31,504,2.84,E,L
4dra,4dra_complex.pdb,C:\Users\86198\Desktop\P-P\01_cleaned_protein_pdb\4dra_complex.pdb,8,74,98,2.41,C,G
4drx,4drx_complex.pdb,C:\Users\86198\Desktop\P-P\01_cleaned_protein_pdb\4drx_complex.pdb,6,155,436,2.22,B,F
4ds8,4ds8_complex.pdb,C:\Users\86198\Desktop\P-P\01_cleaned_protein_pdb\4ds8_complex.pdb,2,185,322,2.21,A,B
4dt1,4dt1_complex.pdb,C:\Users\86198\Desktop\P-P\01_cleaned_protein_pdb\4dt1_complex.pdb,2,213,232,1.9,A,B
4dtg,4dtg_complex.pdb,C:\Users\86198\Desktop\P-P\01_cleaned_protein_pdb\4dtg_complex.pdb,3,60,221,1.8,HL,K
4dvg,4dvg_complex.pdb,C:\Users\86198\Desktop\P-P\01_cleaned_protein_pdb\4dvg_complex.pdb,2,164,294,2.6,A,B
4dx8,4dx8_complex.pdb,C:\Users\86198\Desktop\P-P\01_cleaned_protein_pdb\4dx8_complex.pdb,8,120,190,2.54,E,K
4dxa,4dxa_complex.pdb,C:\Users\86198\Desktop\P-P\01_cleaned_protein_pdb\4dxa_complex.pdb,2,168,311,1.95,A,B
4dzu,4dzu_complex.pdb,C:\Users\86198\Desktop\P-P\01_cleaned_protein_pdb\4dzu_complex.pdb,2,38,198,2.1,A,B
4edw,4edw_complex.pdb,C:\Users\86198\Desktop\P-P\01_cleaned_protein_pdb\4edw_complex.pdb,3,108,221,2.48,HL,V
4eee,4eee_complex.pdb,C:\Users\86198\Desktop\P-P\01_cleaned_protein_pdb\4eee_complex.pdb,4,115,156,2.71,C,D
4eef,4eef_complex.pdb,C:\Users\86198\Desktop\P-P\01_cleaned_protein_pdb\4eef_complex.pdb,9,45,325,2.7,AB,G
4eig,4eig_complex.pdb,C:\Users\86198\Desktop\P-P\01_cleaned_protein_pdb\4eig_complex.pdb,2,117,159,2.5,A,B
4eiz,4eiz_complex.pdb,C:\Users\86198\Desktop\P-P\01_cleaned_protein_pdb\4eiz_complex.pdb,4,127,159,2.2,A,D
4ekd,4ekd_complex.pdb,C:\Users\86198\Desktop\P-P\01_cleaned_protein_pdb\4ekd_complex.pdb,2,132,318,2.71,A,B
4en3,4en3_complex.pdb,C:\Users\86198\Desktop\P-P\01_cleaned_protein_pdb\4en3_complex.pdb,4,99,253,2.57,AB,C
4eo5,4eo5_complex.pdb,C:\Users\86198\Desktop\P-P\01_cleaned_protein_pdb\4eo5_complex.pdb,3,76,164,2.35,BC,A
4eoz,4eoz_complex.pdb,C:\Users\86198\Desktop\P-P\01_cleaned_protein_pdb\4eoz_complex.pdb,4,114,284,2.4,C,D
4eqa,4eqa_complex.pdb,C:\Users\86198\Desktop\P-P\01_cleaned_protein_pdb\4eqa_complex.pdb,4,146,150,1.6,A,C
4ers,4ers_complex.pdb,C:\Users\86198\Desktop\P-P\01_cleaned_protein_pdb\4ers_complex.pdb,3,96,231,2.64,HL,A
4etp,4etp_complex.pdb,C:\Users\86198\Desktop\P-P\01_cleaned_protein_pdb\4etp_complex.pdb,2,307,384,2.3,A,B
4etq,4etq_complex.pdb,C:\Users\86198\Desktop\P-P\01_cleaned_protein_pdb\4etq_complex.pdb,6,212,235,2.1,AB,X
4etw,4etw_complex.pdb,C:\Users\86198\Desktop\P-P\01_cleaned_protein_pdb\4etw_complex.pdb,4,75,255,2.05,C,D
4euk,4euk_complex.pdb,C:\Users\86198\Desktop\P-P\01_cleaned_protein_pdb\4euk_complex.pdb,2,147,152,1.95,A,B
4exp,4exp_complex.pdb,C:\Users\86198\Desktop\P-P\01_cleaned_protein_pdb\4exp_complex.pdb,2,171,283,2.8,A,X
4f0z,4f0z_complex.pdb,C:\Users\86198\Desktop\P-P\01_cleaned_protein_pdb\4f0z_complex.pdb,3,30,357,1.7,AB,C
4f37,4f37_complex.pdb,C:\Users\86198\Desktop\P-P\01_cleaned_protein_pdb\4f37_complex.pdb,6,102,225,2.57,FK,B
4f38,4f38_complex.pdb,C:\Users\86198\Desktop\P-P\01_cleaned_protein_pdb\4f38_complex.pdb,2,190,198,2.8,A,B
4f3f,4f3f_complex.pdb,C:\Users\86198\Desktop\P-P\01_cleaned_protein_pdb\4f3f_complex.pdb,3,59,219,2.65,BA,C
4f48,4f48_complex.pdb,C:\Users\86198\Desktop\P-P\01_cleaned_protein_pdb\4f48_complex.pdb,2,99,241,3.0,A,B
4f6r,4f6r_complex.pdb,C:\Users\86198\Desktop\P-P\01_cleaned_protein_pdb\4f6r_complex.pdb,4,79,437,2.64,AB,C
4ffy,4ffy_complex.pdb,C:\Users\86198\Desktop\P-P\01_cleaned_protein_pdb\4ffy_complex.pdb,3,97,119,2.5,HL,A
4fq0,4fq0_complex.pdb,C:\Users\86198\Desktop\P-P\01_cleaned_protein_pdb\4fq0_complex.pdb,4,80,182,2.82,A,D
4fqi,4fqi_complex.pdb,C:\Users\86198\Desktop\P-P\01_cleaned_protein_pdb\4fqi_complex.pdb,4,176,324,1.71,HL,AB
4fqj,4fqj_complex.pdb,C:\Users\86198\Desktop\P-P\01_cleaned_protein_pdb\4fqj_complex.pdb,3,215,294,2.5,HL,A
4fzv,4fzv_complex.pdb,C:\Users\86198\Desktop\P-P\01_cleaned_protein_pdb\4fzv_complex.pdb,2,207,340,2.0,A,B
4g01,4g01_complex.pdb,C:\Users\86198\Desktop\P-P\01_cleaned_protein_pdb\4g01_complex.pdb,2,165,237,2.2,A,B
4g3y,4g3y_complex.pdb,C:\Users\86198\Desktop\P-P\01_cleaned_protein_pdb\4g3y_complex.pdb,3,148,220,2.6,HL,C
4g59,4g59_complex.pdb,C:\Users\86198\Desktop\P-P\01_cleaned_protein_pdb\4g59_complex.pdb,4,172,264,2.44,A,C
4g6j,4g6j_complex.pdb,C:\Users\86198\Desktop\P-P\01_cleaned_protein_pdb\4g6j_complex.pdb,3,149,218,2.03,HL,A
4g6m,4g6m_complex.pdb,C:\Users\86198\Desktop\P-P\01_cleaned_protein_pdb\4g6m_complex.pdb,3,150,220,1.81,HL,A
4g6u,4g6u_complex.pdb,C:\Users\86198\Desktop\P-P\01_cleaned_protein_pdb\4g6u_complex.pdb,2,160,205,2.35,A,B
4g6v,4g6v_complex.pdb,C:\Users\86198\Desktop\P-P\01_cleaned_protein_pdb\4g6v_complex.pdb,8,101,132,2.64,A,B
4g8a,4g8a_complex.pdb,C:\Users\86198\Desktop\P-P\01_cleaned_protein_pdb\4g8a_complex.pdb,4,140,605,2.4,B,D
4gaf,4gaf_complex.pdb,C:\Users\86198\Desktop\P-P\01_cleaned_protein_pdb\4gaf_complex.pdb,2,152,310,2.15,A,B
4geh,4geh_complex.pdb,C:\Users\86198\Desktop\P-P\01_cleaned_protein_pdb\4geh_complex.pdb,4,66,198,1.95,C,D
4gh7,4gh7_complex.pdb,C:\Users\86198\Desktop\P-P\01_cleaned_protein_pdb\4gh7_complex.pdb,4,174,278,2.6,A,B
4gi3,4gi3_complex.pdb,C:\Users\86198\Desktop\P-P\01_cleaned_protein_pdb\4gi3_complex.pdb,2,57,274,1.75,A,C
4giq,4giq_complex.pdb,C:\Users\86198\Desktop\P-P\01_cleaned_protein_pdb\4giq_complex.pdb,2,155,164,2.7,A,R
4gla,4gla_complex.pdb,C:\Users\86198\Desktop\P-P\01_cleaned_protein_pdb\4gla_complex.pdb,4,89,129,2.75,A,D
4glv,4glv_complex.pdb,C:\Users\86198\Desktop\P-P\01_cleaned_protein_pdb\4glv_complex.pdb,8,106,129,2.57,A,B
4gms,4gms_complex.pdb,C:\Users\86198\Desktop\P-P\01_cleaned_protein_pdb\4gms_complex.pdb,12,171,316,2.95,HL,A
4gn3,4gn3_complex.pdb,C:\Users\86198\Desktop\P-P\01_cleaned_protein_pdb\4gn3_complex.pdb,18,108,129,1.95,A,B
4gn4,4gn4_complex.pdb,C:\Users\86198\Desktop\P-P\01_cleaned_protein_pdb\4gn4_complex.pdb,2,108,129,1.86,B,A
4gn5,4gn5_complex.pdb,C:\Users\86198\Desktop\P-P\01_cleaned_protein_pdb\4gn5_complex.pdb,4,107,129,1.86,B,C
4grl,4grl_complex.pdb,C:\Users\86198\Desktop\P-P\01_cleaned_protein_pdb\4grl_complex.pdb,4,182,264,2.86,CD,AB
4h2s,4h2s_complex.pdb,C:\Users\86198\Desktop\P-P\01_cleaned_protein_pdb\4h2s_complex.pdb,4,37,297,2.15,B,D
4h2w,4h2w_complex.pdb,C:\Users\86198\Desktop\P-P\01_cleaned_protein_pdb\4h2w_complex.pdb,4,75,296,1.95,A,D
4h5s,4h5s_complex.pdb,C:\Users\86198\Desktop\P-P\01_cleaned_protein_pdb\4h5s_complex.pdb,2,96,100,1.7,A,B
4h6j,4h6j_complex.pdb,C:\Users\86198\Desktop\P-P\01_cleaned_protein_pdb\4h6j_complex.pdb,2,106,111,1.52,A,B
4h88,4h88_complex.pdb,C:\Users\86198\Desktop\P-P\01_cleaned_protein_pdb\4h88_complex.pdb,3,102,218,1.9,HL,A
4hcn,4hcn_complex.pdb,C:\Users\86198\Desktop\P-P\01_cleaned_protein_pdb\4hcn_complex.pdb,2,77,250,2.6,A,B
4hcp,4hcp_complex.pdb,C:\Users\86198\Desktop\P-P\01_cleaned_protein_pdb\4hcp_complex.pdb,2,75,250,2.52,A,B
4hdo,4hdo_complex.pdb,C:\Users\86198\Desktop\P-P\01_cleaned_protein_pdb\4hdo_complex.pdb,2,167,314,1.67,A,B
4hem,4hem_complex.pdb,C:\Users\86198\Desktop\P-P\01_cleaned_protein_pdb\4hem_complex.pdb,6,122,131,1.65,B,E
4hep,4hep_complex.pdb,C:\Users\86198\Desktop\P-P\01_cleaned_protein_pdb\4hep_complex.pdb,2,130,162,1.75,A,G
4hff,4hff_complex.pdb,C:\Users\86198\Desktop\P-P\01_cleaned_protein_pdb\4hff_complex.pdb,2,99,157,2.4,A,B
4hfk,4hfk_complex.pdb,C:\Users\86198\Desktop\P-P\01_cleaned_protein_pdb\4hfk_complex.pdb,4,97,160,2.1,A,B
4hgm,4hgm_complex.pdb,C:\Users\86198\Desktop\P-P\01_cleaned_protein_pdb\4hgm_complex.pdb,2,103,489,2.34,A,B
4hh3,4hh3_complex.pdb,C:\Users\86198\Desktop\P-P\01_cleaned_protein_pdb\4hh3_complex.pdb,3,217,253,1.75,A,C
4hj0,4hj0_complex.pdb,C:\Users\86198\Desktop\P-P\01_cleaned_protein_pdb\4hj0_complex.pdb,6,91,215,3.0,PQ,A
4hjj,4hjj_complex.pdb,C:\Users\86198\Desktop\P-P\01_cleaned_protein_pdb\4hjj_complex.pdb,3,157,348,2.1,HL,A
4hkx,4hkx_complex.pdb,C:\Users\86198\Desktop\P-P\01_cleaned_protein_pdb\4hkx_complex.pdb,3,211,226,2.5,AB,E
4hlz,4hlz_complex.pdb,C:\Users\86198\Desktop\P-P\01_cleaned_protein_pdb\4hlz_complex.pdb,12,172,324,2.9,IJ,D
4hrl,4hrl_complex.pdb,C:\Users\86198\Desktop\P-P\01_cleaned_protein_pdb\4hrl_complex.pdb,2,162,169,2.55,C,A
4hx3,4hx3_complex.pdb,C:\Users\86198\Desktop\P-P\01_cleaned_protein_pdb\4hx3_complex.pdb,12,112,134,2.7,G,H
4i0c,4i0c_complex.pdb,C:\Users\86198\Desktop\P-P\01_cleaned_protein_pdb\4i0c_complex.pdb,4,126,130,1.95,A,D
4i2x,4i2x_complex.pdb,C:\Users\86198\Desktop\P-P\01_cleaned_protein_pdb\4i2x_complex.pdb,6,214,316,2.48,BA,E
4i3r,4i3r_complex.pdb,C:\Users\86198\Desktop\P-P\01_cleaned_protein_pdb\4i3r_complex.pdb,3,190,228,3.0,HL,G
4i6l,4i6l_complex.pdb,C:\Users\86198\Desktop\P-P\01_cleaned_protein_pdb\4i6l_complex.pdb,2,75,229,2.49,A,B
4i77,4i77_complex.pdb,C:\Users\86198\Desktop\P-P\01_cleaned_protein_pdb\4i77_complex.pdb,3,101,219,1.9,HL,Z
4i9x,4i9x_complex.pdb,C:\Users\86198\Desktop\P-P\01_cleaned_protein_pdb\4i9x_complex.pdb,4,103,206,2.1,B,C
4ic7,4ic7_complex.pdb,C:\Users\86198\Desktop\P-P\01_cleaned_protein_pdb\4ic7_complex.pdb,4,111,355,2.6,A,B
4iiq,4iiq_complex.pdb,C:\Users\86198\Desktop\P-P\01_cleaned_protein_pdb\4iiq_complex.pdb,3,199,359,2.86,AB,C
4ij3,4ij3_complex.pdb,C:\Users\86198\Desktop\P-P\01_cleaned_protein_pdb\4ij3_complex.pdb,3,214,237,2.7,CB,A
4ilg,4ilg_complex.pdb,C:\Users\86198\Desktop\P-P\01_cleaned_protein_pdb\4ilg_complex.pdb,3,245,321,2.1,BC,A
4ilw,4ilw_complex.pdb,C:\Users\86198\Desktop\P-P\01_cleaned_protein_pdb\4ilw_complex.pdb,4,159,182,2.1,A,D
4imy,4imy_complex.pdb,C:\Users\86198\Desktop\P-P\01_cleaned_protein_pdb\4imy_complex.pdb,9,33,322,2.94,B,G
4ios,4ios_complex.pdb,C:\Users\86198\Desktop\P-P\01_cleaned_protein_pdb\4ios_complex.pdb,8,99,121,2.4,C,F
4iu3,4iu3_complex.pdb,C:\Users\86198\Desktop\P-P\01_cleaned_protein_pdb\4iu3_complex.pdb,2,207,236,1.97,A,B
4iyp,4iyp_complex.pdb,C:\Users\86198\Desktop\P-P\01_cleaned_protein_pdb\4iyp_complex.pdb,2,146,202,2.8,A,C
4j2y,4j2y_complex.pdb,C:\Users\86198\Desktop\P-P\01_cleaned_protein_pdb\4j2y_complex.pdb,2,174,223,2.0,A,B
4j32,4j32_complex.pdb,C:\Users\86198\Desktop\P-P\01_cleaned_protein_pdb\4j32_complex.pdb,2,101,160,1.8,A,B
4j4p,4j4p_complex.pdb,C:\Users\86198\Desktop\P-P\01_cleaned_protein_pdb\4j4p_complex.pdb,6,215,317,2.91,CD,B
4j6g,4j6g_complex.pdb,C:\Users\86198\Desktop\P-P\01_cleaned_protein_pdb\4j6g_complex.pdb,4,149,163,2.4,B,D
4jb8,4jb8_complex.pdb,C:\Users\86198\Desktop\P-P\01_cleaned_protein_pdb\4jb8_complex.pdb,3,92,158,1.7,AB,P
4je4,4je4_complex.pdb,C:\Users\86198\Desktop\P-P\01_cleaned_protein_pdb\4je4_complex.pdb,2,93,102,2.31,A,B
4jeg,4jeg_complex.pdb,C:\Users\86198\Desktop\P-P\01_cleaned_protein_pdb\4jeg_complex.pdb,2,93,118,2.3,A,B
4jeh,4jeh_complex.pdb,C:\Users\86198\Desktop\P-P\01_cleaned_protein_pdb\4jeh_complex.pdb,2,221,563,2.5,A,B
4jgh,4jgh_complex.pdb,C:\Users\86198\Desktop\P-P\01_cleaned_protein_pdb\4jgh_complex.pdb,4,96,378,3.0,AC,D
4jkp,4jkp_complex.pdb,C:\Users\86198\Desktop\P-P\01_cleaned_protein_pdb\4jkp_complex.pdb,3,207,344,2.82,HL,G
4jlr,4jlr_complex.pdb,C:\Users\86198\Desktop\P-P\01_cleaned_protein_pdb\4jlr_complex.pdb,6,103,220,2.71,AB,C
4jmf,4jmf_complex.pdb,C:\Users\86198\Desktop\P-P\01_cleaned_protein_pdb\4jmf_complex.pdb,3,50,116,2.1,A,B
4jpk,4jpk_complex.pdb,C:\Users\86198\Desktop\P-P\01_cleaned_protein_pdb\4jpk_complex.pdb,3,169,221,2.4,HL,A
4jra,4jra_complex.pdb,C:\Users\86198\Desktop\P-P\01_cleaned_protein_pdb\4jra_complex.pdb,4,85,422,2.3,A,D
4jw2,4jw2_complex.pdb,C:\Users\86198\Desktop\P-P\01_cleaned_protein_pdb\4jw2_complex.pdb,2,73,190,1.9,A,B
4jw3,4jw3_complex.pdb,C:\Users\86198\Desktop\P-P\01_cleaned_protein_pdb\4jw3_complex.pdb,4,96,112,2.6,B,D
4jzj,4jzj_complex.pdb,C:\Users\86198\Desktop\P-P\01_cleaned_protein_pdb\4jzj_complex.pdb,6,219,266,2.8,AB,D
4k1r,4k1r_complex.pdb,C:\Users\86198\Desktop\P-P\01_cleaned_protein_pdb\4k1r_complex.pdb,4,76,189,1.63,A,B
4k2u,4k2u_complex.pdb,C:\Users\86198\Desktop\P-P\01_cleaned_protein_pdb\4k2u_complex.pdb,6,200,275,2.45,HL,A
4k3j,4k3j_complex.pdb,C:\Users\86198\Desktop\P-P\01_cleaned_protein_pdb\4k3j_complex.pdb,4,217,509,2.8,HL,B
4k5a,4k5a_complex.pdb,C:\Users\86198\Desktop\P-P\01_cleaned_protein_pdb\4k5a_complex.pdb,2,161,164,1.5,A,B
4k5b,4k5b_complex.pdb,C:\Users\86198\Desktop\P-P\01_cleaned_protein_pdb\4k5b_complex.pdb,4,144,156,1.85,B,C
4k71,4k71_complex.pdb,C:\Users\86198\Desktop\P-P\01_cleaned_protein_pdb\4k71_complex.pdb,6,99,584,2.4,BC,A
4k81,4k81_complex.pdb,C:\Users\86198\Desktop\P-P\01_cleaned_protein_pdb\4k81_complex.pdb,8,171,251,2.4,C,D
4k94,4k94_complex.pdb,C:\Users\86198\Desktop\P-P\01_cleaned_protein_pdb\4k94_complex.pdb,3,199,217,2.4,HL,C
4k9e,4k9e_complex.pdb,C:\Users\86198\Desktop\P-P\01_cleaned_protein_pdb\4k9e_complex.pdb,3,199,226,2.7,HL,C
4kdi,4kdi_complex.pdb,C:\Users\86198\Desktop\P-P\01_cleaned_protein_pdb\4kdi_complex.pdb,4,72,166,1.86,B,D
4kfz,4kfz_complex.pdb,C:\Users\86198\Desktop\P-P\01_cleaned_protein_pdb\4kfz_complex.pdb,4,127,148,2.8,B,D
4kgg,4kgg_complex.pdb,C:\Users\86198\Desktop\P-P\01_cleaned_protein_pdb\4kgg_complex.pdb,4,149,165,2.78,D,A
4kgq,4kgq_complex.pdb,C:\Users\86198\Desktop\P-P\01_cleaned_protein_pdb\4kgq_complex.pdb,4,149,167,2.27,B,C
4kht,4kht_complex.pdb,C:\Users\86198\Desktop\P-P\01_cleaned_protein_pdb\4kht_complex.pdb,3,66,219,2.82,HL,A
4khx,4khx_complex.pdb,C:\Users\86198\Desktop\P-P\01_cleaned_protein_pdb\4khx_complex.pdb,3,66,217,2.92,HL,A
4kjy,4kjy_complex.pdb,C:\Users\86198\Desktop\P-P\01_cleaned_protein_pdb\4kjy_complex.pdb,4,113,116,1.93,C,D
4kr0,4kr0_complex.pdb,C:\Users\86198\Desktop\P-P\01_cleaned_protein_pdb\4kr0_complex.pdb,2,208,728,2.7,A,B
4krl,4krl_complex.pdb,C:\Users\86198\Desktop\P-P\01_cleaned_protein_pdb\4krl_complex.pdb,2,122,205,2.85,B,A
4krp,4krp_complex.pdb,C:\Users\86198\Desktop\P-P\01_cleaned_protein_pdb\4krp_complex.pdb,4,124,534,2.82,DC,A
4kt1,4kt1_complex.pdb,C:\Users\86198\Desktop\P-P\01_cleaned_protein_pdb\4kt1_complex.pdb,2,90,461,2.5,A,E
4kt3,4kt3_complex.pdb,C:\Users\86198\Desktop\P-P\01_cleaned_protein_pdb\4kt3_complex.pdb,2,127,146,1.44,A,B
4kt5,4kt5_complex.pdb,C:\Users\86198\Desktop\P-P\01_cleaned_protein_pdb\4kt5_complex.pdb,3,88,112,2.7,A,C
4kv5,4kv5_complex.pdb,C:\Users\86198\Desktop\P-P\01_cleaned_protein_pdb\4kv5_complex.pdb,8,112,230,3.0,A,H
4kvg,4kvg_complex.pdb,C:\Users\86198\Desktop\P-P\01_cleaned_protein_pdb\4kvg_complex.pdb,4,166,260,1.65,A,B
4kxz,4kxz_complex.pdb,C:\Users\86198\Desktop\P-P\01_cleaned_protein_pdb\4kxz_complex.pdb,12,112,223,2.83,HL,A
4l0p,4l0p_complex.pdb,C:\Users\86198\Desktop\P-P\01_cleaned_protein_pdb\4l0p_complex.pdb,2,139,175,2.26,A,B
4lad,4lad_complex.pdb,C:\Users\86198\Desktop\P-P\01_cleaned_protein_pdb\4lad_complex.pdb,2,69,163,2.3,A,B
4leo,4leo_complex.pdb,C:\Users\86198\Desktop\P-P\01_cleaned_protein_pdb\4leo_complex.pdb,3,219,604,2.64,AB,C
4lgp,4lgp_complex.pdb,C:\Users\86198\Desktop\P-P\01_cleaned_protein_pdb\4lgp_complex.pdb,4,115,261,2.4,C,D
4lgr,4lgr_complex.pdb,C:\Users\86198\Desktop\P-P\01_cleaned_protein_pdb\4lgr_complex.pdb,2,122,255,1.65,A,B
4liq,4liq_complex.pdb,C:\Users\86198\Desktop\P-P\01_cleaned_protein_pdb\4liq_complex.pdb,3,213,481,2.6,HL,E
4llo,4llo_complex.pdb,C:\Users\86198\Desktop\P-P\01_cleaned_protein_pdb\4llo_complex.pdb,8,110,173,2.0,E,F
4lmq,4lmq_complex.pdb,C:\Users\86198\Desktop\P-P\01_cleaned_protein_pdb\4lmq_complex.pdb,6,58,220,2.77,HL,D
4ln0,4ln0_complex.pdb,C:\Users\86198\Desktop\P-P\01_cleaned_protein_pdb\4ln0_complex.pdb,3,50,221,2.9,B,C
4lqf,4lqf_complex.pdb,C:\Users\86198\Desktop\P-P\01_cleaned_protein_pdb\4lqf_complex.pdb,3,86,219,2.3,HL,A
4lqw,4lqw_complex.pdb,C:\Users\86198\Desktop\P-P\01_cleaned_protein_pdb\4lqw_complex.pdb,4,145,169,1.95,A,D
4lrz,4lrz_complex.pdb,C:\Users\86198\Desktop\P-P\01_cleaned_protein_pdb\4lrz_complex.pdb,8,211,294,2.32,D,E
4lu5,4lu5_complex.pdb,C:\Users\86198\Desktop\P-P\01_cleaned_protein_pdb\4lu5_complex.pdb,6,88,219,2.9,HL,B
4lxr,4lxr_complex.pdb,C:\Users\86198\Desktop\P-P\01_cleaned_protein_pdb\4lxr_complex.pdb,3,64,767,2.2,A,K
4lyl,4lyl_complex.pdb,C:\Users\86198\Desktop\P-P\01_cleaned_protein_pdb\4lyl_complex.pdb,16,82,223,1.93,E,F
4lzx,4lzx_complex.pdb,C:\Users\86198\Desktop\P-P\01_cleaned_protein_pdb\4lzx_complex.pdb,2,37,145,1.5,A,B
4m0w,4m0w_complex.pdb,C:\Users\86198\Desktop\P-P\01_cleaned_protein_pdb\4m0w_complex.pdb,2,76,317,1.4,A,B
4m1g,4m1g_complex.pdb,C:\Users\86198\Desktop\P-P\01_cleaned_protein_pdb\4m1g_complex.pdb,4,86,220,1.6,HL,AB
4m5f,4m5f_complex.pdb,C:\Users\86198\Desktop\P-P\01_cleaned_protein_pdb\4m5f_complex.pdb,2,124,399,2.5,A,B
4m5z,4m5z_complex.pdb,C:\Users\86198\Desktop\P-P\01_cleaned_protein_pdb\4m5z_complex.pdb,3,212,226,2.25,HL,A
4m62,4m62_complex.pdb,C:\Users\86198\Desktop\P-P\01_cleaned_protein_pdb\4m62_complex.pdb,6,113,155,1.8,HL,S
4m6b,4m6b_complex.pdb,C:\Users\86198\Desktop\P-P\01_cleaned_protein_pdb\4m6b_complex.pdb,4,31,187,1.78,D,F
4m8q,4m8q_complex.pdb,C:\Users\86198\Desktop\P-P\01_cleaned_protein_pdb\4m8q_complex.pdb,6,106,154,2.89,HL,C
4may,4may_complex.pdb,C:\Users\86198\Desktop\P-P\01_cleaned_protein_pdb\4may_complex.pdb,4,181,262,2.2,CD,AB
4mit,4mit_complex.pdb,C:\Users\86198\Desktop\P-P\01_cleaned_protein_pdb\4mit_complex.pdb,8,38,181,2.35,C,G
4mjs,4mjs_complex.pdb,C:\Users\86198\Desktop\P-P\01_cleaned_protein_pdb\4mjs_complex.pdb,24,80,88,2.5,W,X
4ml7,4ml7_complex.pdb,C:\Users\86198\Desktop\P-P\01_cleaned_protein_pdb\4ml7_complex.pdb,4,98,130,1.8,A,B
4mne,4mne_complex.pdb,C:\Users\86198\Desktop\P-P\01_cleaned_protein_pdb\4mne_complex.pdb,8,272,286,2.85,D,C
4mqw,4mqw_complex.pdb,C:\Users\86198\Desktop\P-P\01_cleaned_protein_pdb\4mqw_complex.pdb,9,88,299,2.9,AB,X
4mrt,4mrt_complex.pdb,C:\Users\86198\Desktop\P-P\01_cleaned_protein_pdb\4mrt_complex.pdb,2,77,225,2.0,C,A
4msm,4msm_complex.pdb,C:\Users\86198\Desktop\P-P\01_cleaned_protein_pdb\4msm_complex.pdb,4,76,186,1.74,C,D
4n7v,4n7v_complex.pdb,C:\Users\86198\Desktop\P-P\01_cleaned_protein_pdb\4n7v_complex.pdb,3,33,222,2.76,A,C
4n9g,4n9g_complex.pdb,C:\Users\86198\Desktop\P-P\01_cleaned_protein_pdb\4n9g_complex.pdb,12,35,228,2.5,HL,Y
4nee,4nee_complex.pdb,C:\Users\86198\Desktop\P-P\01_cleaned_protein_pdb\4nee_complex.pdb,12,130,388,2.88,BD,C
4ng2,4ng2_complex.pdb,C:\Users\86198\Desktop\P-P\01_cleaned_protein_pdb\4ng2_complex.pdb,12,82,166,2.41,D,L
4nl9,4nl9_complex.pdb,C:\Users\86198\Desktop\P-P\01_cleaned_protein_pdb\4nl9_complex.pdb,4,60,64,1.5,B,C
4nn6,4nn6_complex.pdb,C:\Users\86198\Desktop\P-P\01_cleaned_protein_pdb\4nn6_complex.pdb,3,101,196,2.54,AC,B
4noo,4noo_complex.pdb,C:\Users\86198\Desktop\P-P\01_cleaned_protein_pdb\4noo_complex.pdb,4,92,197,2.3,C,D
4np4,4np4_complex.pdb,C:\Users\86198\Desktop\P-P\01_cleaned_protein_pdb\4np4_complex.pdb,5,213,271,2.89,IM,A
4nqw,4nqw_complex.pdb,C:\Users\86198\Desktop\P-P\01_cleaned_protein_pdb\4nqw_complex.pdb,2,73,149,2.4,A,B
4nso,4nso_complex.pdb,C:\Users\86198\Desktop\P-P\01_cleaned_protein_pdb\4nso_complex.pdb,2,91,194,2.4,A,B
4nst,4nst_complex.pdb,C:\Users\86198\Desktop\P-P\01_cleaned_protein_pdb\4nst_complex.pdb,4,241,330,2.2,A,B
4nzl,4nzl_complex.pdb,C:\Users\86198\Desktop\P-P\01_cleaned_protein_pdb\4nzl_complex.pdb,2,98,218,1.85,A,B
4o1q,4o1q_complex.pdb,C:\Users\86198\Desktop\P-P\01_cleaned_protein_pdb\4o1q_complex.pdb,6,124,376,2.59,CD,A
4ojk,4ojk_complex.pdb,C:\Users\86198\Desktop\P-P\01_cleaned_protein_pdb\4ojk_complex.pdb,4,33,174,2.66,A,C
4ol0,4ol0_complex.pdb,C:\Users\86198\Desktop\P-P\01_cleaned_protein_pdb\4ol0_complex.pdb,2,172,920,2.9,A,B
4ons,4ons_complex.pdb,C:\Users\86198\Desktop\P-P\01_cleaned_protein_pdb\4ons_complex.pdb,4,61,243,2.8,A,B
4ov6,4ov6_complex.pdb,C:\Users\86198\Desktop\P-P\01_cleaned_protein_pdb\4ov6_complex.pdb,6,92,294,2.69,AB,F
4ovn,4ovn_complex.pdb,C:\Users\86198\Desktop\P-P\01_cleaned_protein_pdb\4ovn_complex.pdb,10,135,143,2.8,B,G
4oyd,4oyd_complex.pdb,C:\Users\86198\Desktop\P-P\01_cleaned_protein_pdb\4oyd_complex.pdb,4,117,158,1.8,A,B
4p1n,4p1n_complex.pdb,C:\Users\86198\Desktop\P-P\01_cleaned_protein_pdb\4p1n_complex.pdb,4,53,213,2.2,B,D
4p23,4p23_complex.pdb,C:\Users\86198\Desktop\P-P\01_cleaned_protein_pdb\4p23_complex.pdb,4,179,239,2.25,CD,AB
4p2c,4p2c_complex.pdb,C:\Users\86198\Desktop\P-P\01_cleaned_protein_pdb\4p2c_complex.pdb,11,68,280,2.82,HC,A
4p3y,4p3y_complex.pdb,C:\Users\86198\Desktop\P-P\01_cleaned_protein_pdb\4p3y_complex.pdb,2,181,386,2.15,A,B
4p46,4p46_complex.pdb,C:\Users\86198\Desktop\P-P\01_cleaned_protein_pdb\4p46_complex.pdb,4,179,238,2.85,AB,CD
4p6i,4p6i_complex.pdb,C:\Users\86198\Desktop\P-P\01_cleaned_protein_pdb\4p6i_complex.pdb,6,97,295,2.3,A,D
4p9h,4p9h_complex.pdb,C:\Users\86198\Desktop\P-P\01_cleaned_protein_pdb\4p9h_complex.pdb,4,176,352,3.0,HL,G
4pas,4pas_complex.pdb,C:\Users\86198\Desktop\P-P\01_cleaned_protein_pdb\4pas_complex.pdb,2,35,39,1.62,A,B
4pbv,4pbv_complex.pdb,C:\Users\86198\Desktop\P-P\01_cleaned_protein_pdb\4pbv_complex.pdb,5,192,261,2.5,B,D
4peq,4peq_complex.pdb,C:\Users\86198\Desktop\P-P\01_cleaned_protein_pdb\4peq_complex.pdb,4,123,456,2.21,C,D
4per,4per_complex.pdb,C:\Users\86198\Desktop\P-P\01_cleaned_protein_pdb\4per_complex.pdb,2,113,460,1.92,A,B
4pgj,4pgj_complex.pdb,C:\Users\86198\Desktop\P-P\01_cleaned_protein_pdb\4pgj_complex.pdb,4,118,128,2.6,A,B
4pj2,4pj2_complex.pdb,C:\Users\86198\Desktop\P-P\01_cleaned_protein_pdb\4pj2_complex.pdb,4,121,125,1.24,B,C
4pj7,4pj7_complex.pdb,C:\Users\86198\Desktop\P-P\01_cleaned_protein_pdb\4pj7_complex.pdb,8,96,270,2.5,HG,A
4pj9,4pj9_complex.pdb,C:\Users\86198\Desktop\P-P\01_cleaned_protein_pdb\4pj9_complex.pdb,4,98,271,2.0,CD,A
4pja,4pja_complex.pdb,C:\Users\86198\Desktop\P-P\01_cleaned_protein_pdb\4pja_complex.pdb,8,96,270,2.68,GH,C
4pjb,4pjb_complex.pdb,C:\Users\86198\Desktop\P-P\01_cleaned_protein_pdb\4pjb_complex.pdb,8,96,270,2.85,GH,C
4pjc,4pjc_complex.pdb,C:\Users\86198\Desktop\P-P\01_cleaned_protein_pdb\4pjc_complex.pdb,8,96,270,2.5,GH,C
4pjd,4pjd_complex.pdb,C:\Users\86198\Desktop\P-P\01_cleaned_protein_pdb\4pjd_complex.pdb,8,96,270,2.78,GH,C
4pjf,4pjf_complex.pdb,C:\Users\86198\Desktop\P-P\01_cleaned_protein_pdb\4pjf_complex.pdb,8,97,269,2.45,GH,A
4plo,4plo_complex.pdb,C:\Users\86198\Desktop\P-P\01_cleaned_protein_pdb\4plo_complex.pdb,2,204,417,2.9,B,A
4pou,4pou_complex.pdb,C:\Users\86198\Desktop\P-P\01_cleaned_protein_pdb\4pou_complex.pdb,2,122,124,1.75,A,B
4pp8,4pp8_complex.pdb,C:\Users\86198\Desktop\P-P\01_cleaned_protein_pdb\4pp8_complex.pdb,4,125,170,1.95,A,C
4pqt,4pqt_complex.pdb,C:\Users\86198\Desktop\P-P\01_cleaned_protein_pdb\4pqt_complex.pdb,2,76,185,2.05,A,B
4ps4,4ps4_complex.pdb,C:\Users\86198\Desktop\P-P\01_cleaned_protein_pdb\4ps4_complex.pdb,3,86,223,2.8,HL,A
4pvz,4pvz_complex.pdb,C:\Users\86198\Desktop\P-P\01_cleaned_protein_pdb\4pvz_complex.pdb,4,32,422,2.5,A,C
4pw9,4pw9_complex.pdb,C:\Users\86198\Desktop\P-P\01_cleaned_protein_pdb\4pw9_complex.pdb,2,83,363,2.49,A,B
4py8,4py8_complex.pdb,C:\Users\86198\Desktop\P-P\01_cleaned_protein_pdb\4py8_complex.pdb,4,173,328,2.91,JI,AB
4q5e,4q5e_complex.pdb,C:\Users\86198\Desktop\P-P\01_cleaned_protein_pdb\4q5e_complex.pdb,3,76,168,1.87,BC,A
4qci,4qci_complex.pdb,C:\Users\86198\Desktop\P-P\01_cleaned_protein_pdb\4qci_complex.pdb,6,92,220,2.3,BA,D
4qd2,4qd2_complex.pdb,C:\Users\86198\Desktop\P-P\01_cleaned_protein_pdb\4qd2_complex.pdb,10,143,286,2.4,ABD,E
4qlb,4qlb_complex.pdb,C:\Users\86198\Desktop\P-P\01_cleaned_protein_pdb\4qlb_complex.pdb,8,33,658,2.6,C,G
4qlp,4qlp_complex.pdb,C:\Users\86198\Desktop\P-P\01_cleaned_protein_pdb\4qlp_complex.pdb,2,175,199,1.1,A,B
4qnp,4qnp_complex.pdb,C:\Users\86198\Desktop\P-P\01_cleaned_protein_pdb\4qnp_complex.pdb,6,211,386,2.8,EF,AB
4qt8,4qt8_complex.pdb,C:\Users\86198\Desktop\P-P\01_cleaned_protein_pdb\4qt8_complex.pdb,4,243,651,3.0,A,C
4qti,4qti_complex.pdb,C:\Users\86198\Desktop\P-P\01_cleaned_protein_pdb\4qti_complex.pdb,3,212,277,3.0,HL,U
4qxa,4qxa_complex.pdb,C:\Users\86198\Desktop\P-P\01_cleaned_protein_pdb\4qxa_complex.pdb,2,147,172,2.3,A,B
4qzv,4qzv_complex.pdb,C:\Users\86198\Desktop\P-P\01_cleaned_protein_pdb\4qzv_complex.pdb,4,208,727,2.59,C,D
4r8w,4r8w_complex.pdb,C:\Users\86198\Desktop\P-P\01_cleaned_protein_pdb\4r8w_complex.pdb,4,110,316,2.79,HL,AB
4rdq,4rdq_complex.pdb,C:\Users\86198\Desktop\P-P\01_cleaned_protein_pdb\4rdq_complex.pdb,3,212,366,2.85,IH,A
4re1,4re1_complex.pdb,C:\Users\86198\Desktop\P-P\01_cleaned_protein_pdb\4re1_complex.pdb,4,47,218,2.2,B,C
4rgm,4rgm_complex.pdb,C:\Users\86198\Desktop\P-P\01_cleaned_protein_pdb\4rgm_complex.pdb,6,213,236,2.69,CB,A
4rgo,4rgo_complex.pdb,C:\Users\86198\Desktop\P-P\01_cleaned_protein_pdb\4rgo_complex.pdb,3,212,237,1.8,HL,S
4rs1,4rs1_complex.pdb,C:\Users\86198\Desktop\P-P\01_cleaned_protein_pdb\4rs1_complex.pdb,2,112,281,2.68,B,A
4rt6,4rt6_complex.pdb,C:\Users\86198\Desktop\P-P\01_cleaned_protein_pdb\4rt6_complex.pdb,2,185,813,2.8,A,B
4rwt,4rwt_complex.pdb,C:\Users\86198\Desktop\P-P\01_cleaned_protein_pdb\4rwt_complex.pdb,4,168,369,2.98,B,D
4s0s,4s0s_complex.pdb,C:\Users\86198\Desktop\P-P\01_cleaned_protein_pdb\4s0s_complex.pdb,4,94,287,2.8,B,E
4s3o,4s3o_complex.pdb,C:\Users\86198\Desktop\P-P\01_cleaned_protein_pdb\4s3o_complex.pdb,6,95,148,2.0,E,D
4tq0,4tq0_complex.pdb,C:\Users\86198\Desktop\P-P\01_cleaned_protein_pdb\4tq0_complex.pdb,6,37,271,2.7,E,F
4tq1,4tq1_complex.pdb,C:\Users\86198\Desktop\P-P\01_cleaned_protein_pdb\4tq1_complex.pdb,2,32,269,1.8,A,B
4u30,4u30_complex.pdb,C:\Users\86198\Desktop\P-P\01_cleaned_protein_pdb\4u30_complex.pdb,8,54,224,2.5,D,Y
4u32,4u32_complex.pdb,C:\Users\86198\Desktop\P-P\01_cleaned_protein_pdb\4u32_complex.pdb,2,54,224,1.65,X,A
4u3j,4u3j_complex.pdb,C:\Users\86198\Desktop\P-P\01_cleaned_protein_pdb\4u3j_complex.pdb,3,241,438,2.81,AB,C
4u4c,4u4c_complex.pdb,C:\Users\86198\Desktop\P-P\01_cleaned_protein_pdb\4u4c_complex.pdb,2,56,930,2.4,A,B
4u5w,4u5w_complex.pdb,C:\Users\86198\Desktop\P-P\01_cleaned_protein_pdb\4u5w_complex.pdb,4,111,165,1.86,C,D
4u6v,4u6v_complex.pdb,C:\Users\86198\Desktop\P-P\01_cleaned_protein_pdb\4u6v_complex.pdb,6,213,282,2.56,KM,B
4u97,4u97_complex.pdb,C:\Users\86198\Desktop\P-P\01_cleaned_protein_pdb\4u97_complex.pdb,2,293,293,2.65,A,B
4udm,4udm_complex.pdb,C:\Users\86198\Desktop\P-P\01_cleaned_protein_pdb\4udm_complex.pdb,2,84,96,2.96,A,B
4uem,4uem_complex.pdb,C:\Users\86198\Desktop\P-P\01_cleaned_protein_pdb\4uem_complex.pdb,2,98,309,2.82,A,B
4ui0,4ui0_complex.pdb,C:\Users\86198\Desktop\P-P\01_cleaned_protein_pdb\4ui0_complex.pdb,3,69,104,2.8,B,C
4ui1,4ui1_complex.pdb,C:\Users\86198\Desktop\P-P\01_cleaned_protein_pdb\4ui1_complex.pdb,4,72,105,2.35,A,D
4uu9,4uu9_complex.pdb,C:\Users\86198\Desktop\P-P\01_cleaned_protein_pdb\4uu9_complex.pdb,6,65,123,2.12,AB,C
4uuz,4uuz_complex.pdb,C:\Users\86198\Desktop\P-P\01_cleaned_protein_pdb\4uuz_complex.pdb,3,54,79,2.9,AB,C
4uyp,4uyp_complex.pdb,C:\Users\86198\Desktop\P-P\01_cleaned_protein_pdb\4uyp_complex.pdb,4,73,146,1.49,A,D
4uyq,4uyq_complex.pdb,C:\Users\86198\Desktop\P-P\01_cleaned_protein_pdb\4uyq_complex.pdb,2,73,144,1.81,A,B
4v3k,4v3k_complex.pdb,C:\Users\86198\Desktop\P-P\01_cleaned_protein_pdb\4v3k_complex.pdb,6,70,146,2.04,DE,F
4w4l,4w4l_complex.pdb,C:\Users\86198\Desktop\P-P\01_cleaned_protein_pdb\4w4l_complex.pdb,3,84,297,2.45,AB,C
4w4o,4w4o_complex.pdb,C:\Users\86198\Desktop\P-P\01_cleaned_protein_pdb\4w4o_complex.pdb,3,209,262,1.8,A,C
4w6w,4w6w_complex.pdb,C:\Users\86198\Desktop\P-P\01_cleaned_protein_pdb\4w6w_complex.pdb,2,124,142,2.51,A,B
4w6x,4w6x_complex.pdb,C:\Users\86198\Desktop\P-P\01_cleaned_protein_pdb\4w6x_complex.pdb,2,125,142,1.88,A,B
4w6y,4w6y_complex.pdb,C:\Users\86198\Desktop\P-P\01_cleaned_protein_pdb\4w6y_complex.pdb,2,128,146,1.57,A,B
4wem,4wem_complex.pdb,C:\Users\86198\Desktop\P-P\01_cleaned_protein_pdb\4wem_complex.pdb,2,121,258,1.55,A,B
4wen,4wen_complex.pdb,C:\Users\86198\Desktop\P-P\01_cleaned_protein_pdb\4wen_complex.pdb,2,121,262,1.89,A,B
4weu,4weu_complex.pdb,C:\Users\86198\Desktop\P-P\01_cleaned_protein_pdb\4weu_complex.pdb,4,121,263,2.61,D,B
4wo4,4wo4_complex.pdb,C:\Users\86198\Desktop\P-P\01_cleaned_protein_pdb\4wo4_complex.pdb,4,98,273,2.5,CD,A
4wv1,4wv1_complex.pdb,C:\Users\86198\Desktop\P-P\01_cleaned_protein_pdb\4wv1_complex.pdb,6,98,230,2.36,ED,F
4ww2,4ww2_complex.pdb,C:\Users\86198\Desktop\P-P\01_cleaned_protein_pdb\4ww2_complex.pdb,4,96,275,2.48,AB,CF
4wwi,4wwi_complex.pdb,C:\Users\86198\Desktop\P-P\01_cleaned_protein_pdb\4wwi_complex.pdb,6,55,207,2.31,B,E
4x33,4x33_complex.pdb,C:\Users\86198\Desktop\P-P\01_cleaned_protein_pdb\4x33_complex.pdb,2,60,331,1.45,A,B
4x7d,4x7d_complex.pdb,C:\Users\86198\Desktop\P-P\01_cleaned_protein_pdb\4x7d_complex.pdb,4,116,307,2.15,B,C
4x7e,4x7e_complex.pdb,C:\Users\86198\Desktop\P-P\01_cleaned_protein_pdb\4x7e_complex.pdb,4,120,315,2.11,B,D
4x7f,4x7f_complex.pdb,C:\Users\86198\Desktop\P-P\01_cleaned_protein_pdb\4x7f_complex.pdb,4,112,315,1.7,A,C
4x7s,4x7s_complex.pdb,C:\Users\86198\Desktop\P-P\01_cleaned_protein_pdb\4x7s_complex.pdb,2,218,222,1.9,H,L
4xhu,4xhu_complex.pdb,C:\Users\86198\Desktop\P-P\01_cleaned_protein_pdb\4xhu_complex.pdb,4,83,352,2.09,A,B
4xkh,4xkh_complex.pdb,C:\Users\86198\Desktop\P-P\01_cleaned_protein_pdb\4xkh_complex.pdb,9,40,76,3.0,A,E
4xkl,4xkl_complex.pdb,C:\Users\86198\Desktop\P-P\01_cleaned_protein_pdb\4xkl_complex.pdb,4,30,78,2.1,C,D
4xl1,4xl1_complex.pdb,C:\Users\86198\Desktop\P-P\01_cleaned_protein_pdb\4xl1_complex.pdb,4,115,223,2.3,A,B
4xl5,4xl5_complex.pdb,C:\Users\86198\Desktop\P-P\01_cleaned_protein_pdb\4xl5_complex.pdb,2,226,245,2.0,A,C
4xnm,4xnm_complex.pdb,C:\Users\86198\Desktop\P-P\01_cleaned_protein_pdb\4xnm_complex.pdb,6,208,223,2.51,HL,C
4xoi,4xoi_complex.pdb,C:\Users\86198\Desktop\P-P\01_cleaned_protein_pdb\4xoi_complex.pdb,4,177,224,2.09,C,D
4xr8,4xr8_complex.pdb,C:\Users\86198\Desktop\P-P\01_cleaned_protein_pdb\4xr8_complex.pdb,6,143,383,2.25,BH,D
4xwj,4xwj_complex.pdb,C:\Users\86198\Desktop\P-P\01_cleaned_protein_pdb\4xwj_complex.pdb,2,83,153,2.1,A,B
4xxb,4xxb_complex.pdb,C:\Users\86198\Desktop\P-P\01_cleaned_protein_pdb\4xxb_complex.pdb,2,42,166,2.4,A,B
4xxw,4xxw_complex.pdb,C:\Users\86198\Desktop\P-P\01_cleaned_protein_pdb\4xxw_complex.pdb,4,204,229,2.26,A,D
4y5o,4y5o_complex.pdb,C:\Users\86198\Desktop\P-P\01_cleaned_protein_pdb\4y5o_complex.pdb,2,78,103,2.35,A,B
4yc7,4yc7_complex.pdb,C:\Users\86198\Desktop\P-P\01_cleaned_protein_pdb\4yc7_complex.pdb,2,179,291,2.5,B,A
4yiq,4yiq_complex.pdb,C:\Users\86198\Desktop\P-P\01_cleaned_protein_pdb\4yiq_complex.pdb,4,107,108,1.85,C,D
4yiz,4yiz_complex.pdb,C:\Users\86198\Desktop\P-P\01_cleaned_protein_pdb\4yiz_complex.pdb,6,39,400,2.2,E,F
4yk4,4yk4_complex.pdb,C:\Users\86198\Desktop\P-P\01_cleaned_protein_pdb\4yk4_complex.pdb,6,206,225,2.8,ZY,E
4yl8,4yl8_complex.pdb,C:\Users\86198\Desktop\P-P\01_cleaned_protein_pdb\4yl8_complex.pdb,2,39,296,1.5,A,B
4yn0,4yn0_complex.pdb,C:\Users\86198\Desktop\P-P\01_cleaned_protein_pdb\4yn0_complex.pdb,2,168,202,2.2,A,B
4yoc,4yoc_complex.pdb,C:\Users\86198\Desktop\P-P\01_cleaned_protein_pdb\4yoc_complex.pdb,2,529,901,2.92,A,C
4ypg,4ypg_complex.pdb,C:\Users\86198\Desktop\P-P\01_cleaned_protein_pdb\4ypg_complex.pdb,6,159,219,3.0,BA,C
4yvq,4yvq_complex.pdb,C:\Users\86198\Desktop\P-P\01_cleaned_protein_pdb\4yvq_complex.pdb,2,89,119,2.4,A,C
4yyp,4yyp_complex.pdb,C:\Users\86198\Desktop\P-P\01_cleaned_protein_pdb\4yyp_complex.pdb,2,32,87,2.6,A,B
4z2m,4z2m_complex.pdb,C:\Users\86198\Desktop\P-P\01_cleaned_protein_pdb\4z2m_complex.pdb,5,70,281,2.98,GHIJ,B
4z5r,4z5r_complex.pdb,C:\Users\86198\Desktop\P-P\01_cleaned_protein_pdb\4z5r_complex.pdb,3,148,217,3.0,SR,H
4z80,4z80_complex.pdb,C:\Users\86198\Desktop\P-P\01_cleaned_protein_pdb\4z80_complex.pdb,4,31,466,1.53,B,D
4z8l,4z8l_complex.pdb,C:\Users\86198\Desktop\P-P\01_cleaned_protein_pdb\4z8l_complex.pdb,6,79,318,2.6,AB,C
4z9k,4z9k_complex.pdb,C:\Users\86198\Desktop\P-P\01_cleaned_protein_pdb\4z9k_complex.pdb,2,116,258,1.5,A,B
4zak,4zak_complex.pdb,C:\Users\86198\Desktop\P-P\01_cleaned_protein_pdb\4zak_complex.pdb,4,98,273,2.82,CD,A
4zff,4zff_complex.pdb,C:\Users\86198\Desktop\P-P\01_cleaned_protein_pdb\4zff_complex.pdb,6,96,219,2.75,HL,D
4zfg,4zfg_complex.pdb,C:\Users\86198\Desktop\P-P\01_cleaned_protein_pdb\4zfg_complex.pdb,3,213,220,2.27,HL,A
4zfo,4zfo_complex.pdb,C:\Users\86198\Desktop\P-P\01_cleaned_protein_pdb\4zfo_complex.pdb,6,35,221,1.9,AB,F
4zgq,4zgq_complex.pdb,C:\Users\86198\Desktop\P-P\01_cleaned_protein_pdb\4zgq_complex.pdb,2,102,275,3.0,A,B
4zgy,4zgy_complex.pdb,C:\Users\86198\Desktop\P-P\01_cleaned_protein_pdb\4zgy_complex.pdb,2,125,403,2.63,A,B
4zi2,4zi2_complex.pdb,C:\Users\86198\Desktop\P-P\01_cleaned_protein_pdb\4zi2_complex.pdb,4,125,185,2.2,B,D
4zi3,4zi3_complex.pdb,C:\Users\86198\Desktop\P-P\01_cleaned_protein_pdb\4zi3_complex.pdb,4,123,181,2.0,B,D
4zk9,4zk9_complex.pdb,C:\Users\86198\Desktop\P-P\01_cleaned_protein_pdb\4zk9_complex.pdb,2,61,216,2.6,A,B
4zlt,4zlt_complex.pdb,C:\Users\86198\Desktop\P-P\01_cleaned_protein_pdb\4zlt_complex.pdb,4,62,384,3.0,A,L
4zpt,4zpt_complex.pdb,C:\Users\86198\Desktop\P-P\01_cleaned_protein_pdb\4zpt_complex.pdb,6,208,216,2.59,AB,R
4zqu,4zqu_complex.pdb,C:\Users\86198\Desktop\P-P\01_cleaned_protein_pdb\4zqu_complex.pdb,2,124,174,2.09,A,B
4zrj,4zrj_complex.pdb,C:\Users\86198\Desktop\P-P\01_cleaned_protein_pdb\4zrj_complex.pdb,2,84,302,2.3,A,B
4zrp,4zrp_complex.pdb,C:\Users\86198\Desktop\P-P\01_cleaned_protein_pdb\4zrp_complex.pdb,4,78,409,2.1,B,D
4zs7,4zs7_complex.pdb,C:\Users\86198\Desktop\P-P\01_cleaned_protein_pdb\4zs7_complex.pdb,3,162,222,2.93,HL,A
5a3i,5a3i_complex.pdb,C:\Users\86198\Desktop\P-P\01_cleaned_protein_pdb\5a3i_complex.pdb,8,166,323,2.89,CD,A
5a6w,5a6w_complex.pdb,C:\Users\86198\Desktop\P-P\01_cleaned_protein_pdb\5a6w_complex.pdb,3,72,83,1.6,B,C
5aam,5aam_complex.pdb,C:\Users\86198\Desktop\P-P\01_cleaned_protein_pdb\5aam_complex.pdb,4,95,242,2.49,A,C
5abv,5abv_complex.pdb,C:\Users\86198\Desktop\P-P\01_cleaned_protein_pdb\5abv_complex.pdb,8,59,182,2.13,C,D
5anm,5anm_complex.pdb,C:\Users\86198\Desktop\P-P\01_cleaned_protein_pdb\5anm_complex.pdb,9,208,223,2.85,BA,G
5aoq,5aoq_complex.pdb,C:\Users\86198\Desktop\P-P\01_cleaned_protein_pdb\5aoq_complex.pdb,4,90,246,2.7,B,L
5ayr,5ayr_complex.pdb,C:\Users\86198\Desktop\P-P\01_cleaned_protein_pdb\5ayr_complex.pdb,4,109,224,2.4,C,D
5ays,5ays_complex.pdb,C:\Users\86198\Desktop\P-P\01_cleaned_protein_pdb\5ays_complex.pdb,4,109,230,2.09,B,D
5b3h,5b3h_complex.pdb,C:\Users\86198\Desktop\P-P\01_cleaned_protein_pdb\5b3h_complex.pdb,6,53,411,2.7,B,C
5b64,5b64_complex.pdb,C:\Users\86198\Desktop\P-P\01_cleaned_protein_pdb\5b64_complex.pdb,2,116,180,2.7,A,B
5b71,5b71_complex.pdb,C:\Users\86198\Desktop\P-P\01_cleaned_protein_pdb\5b71_complex.pdb,6,102,224,2.11,BA,E
5bk1,5bk1_complex.pdb,C:\Users\86198\Desktop\P-P\01_cleaned_protein_pdb\5bk1_complex.pdb,6,209,366,2.15,CD,B
5bn5,5bn5_complex.pdb,C:\Users\86198\Desktop\P-P\01_cleaned_protein_pdb\5bn5_complex.pdb,2,410,566,3.0,A,B
5bnq,5bnq_complex.pdb,C:\Users\86198\Desktop\P-P\01_cleaned_protein_pdb\5bnq_complex.pdb,2,156,166,2.8,A,R
5bo1,5bo1_complex.pdb,C:\Users\86198\Desktop\P-P\01_cleaned_protein_pdb\5bo1_complex.pdb,6,150,219,2.56,HL,B
5bqe,5bqe_complex.pdb,C:\Users\86198\Desktop\P-P\01_cleaned_protein_pdb\5bqe_complex.pdb,3,97,120,2.3,A,B
5bt1,5bt1_complex.pdb,C:\Users\86198\Desktop\P-P\01_cleaned_protein_pdb\5bt1_complex.pdb,4,85,249,2.62,A,D
5bvp,5bvp_complex.pdb,C:\Users\86198\Desktop\P-P\01_cleaned_protein_pdb\5bvp_complex.pdb,3,151,219,2.2,HL,I
5bw7,5bw7_complex.pdb,C:\Users\86198\Desktop\P-P\01_cleaned_protein_pdb\5bw7_complex.pdb,3,165,215,3.0,A,C
5bw8,5bw8_complex.pdb,C:\Users\86198\Desktop\P-P\01_cleaned_protein_pdb\5bw8_complex.pdb,4,51,320,2.8,B,C
5c0n,5c0n_complex.pdb,C:\Users\86198\Desktop\P-P\01_cleaned_protein_pdb\5c0n_complex.pdb,6,131,219,3.0,HL,A
5c4v,5c4v_complex.pdb,C:\Users\86198\Desktop\P-P\01_cleaned_protein_pdb\5c4v_complex.pdb,6,91,196,2.6,C,D
5c67,5c67_complex.pdb,C:\Users\86198\Desktop\P-P\01_cleaned_protein_pdb\5c67_complex.pdb,4,53,224,1.83,A,E
5c7x,5c7x_complex.pdb,C:\Users\86198\Desktop\P-P\01_cleaned_protein_pdb\5c7x_complex.pdb,6,116,218,2.95,HL,A
5cff,5cff_complex.pdb,C:\Users\86198\Desktop\P-P\01_cleaned_protein_pdb\5cff_complex.pdb,8,69,87,2.5,B,E
5cw7,5cw7_complex.pdb,C:\Users\86198\Desktop\P-P\01_cleaned_protein_pdb\5cw7_complex.pdb,16,54,95,2.83,I,J
5cxb,5cxb_complex.pdb,C:\Users\86198\Desktop\P-P\01_cleaned_protein_pdb\5cxb_complex.pdb,2,352,476,2.1,A,B
5cyk,5cyk_complex.pdb,C:\Users\86198\Desktop\P-P\01_cleaned_protein_pdb\5cyk_complex.pdb,2,350,475,3.0,A,B
5czf,5czf_complex.pdb,C:\Users\86198\Desktop\P-P\01_cleaned_protein_pdb\5czf_complex.pdb,4,40,93,2.67,A,D
5czx,5czx_complex.pdb,C:\Users\86198\Desktop\P-P\01_cleaned_protein_pdb\5czx_complex.pdb,6,213,230,2.1,CD,B
5d1k,5d1k_complex.pdb,C:\Users\86198\Desktop\P-P\01_cleaned_protein_pdb\5d1k_complex.pdb,2,110,146,1.78,A,B
5d1l,5d1l_complex.pdb,C:\Users\86198\Desktop\P-P\01_cleaned_protein_pdb\5d1l_complex.pdb,2,111,146,1.62,A,B
5d1m,5d1m_complex.pdb,C:\Users\86198\Desktop\P-P\01_cleaned_protein_pdb\5d1m_complex.pdb,2,110,146,1.58,A,B
5d28,5d28_complex.pdb,C:\Users\86198\Desktop\P-P\01_cleaned_protein_pdb\5d28_complex.pdb,4,111,245,2.85,D,C
5d50,5d50_complex.pdb,C:\Users\86198\Desktop\P-P\01_cleaned_protein_pdb\5d50_complex.pdb,16,67,197,2.49,B,F
5d5m,5d5m_complex.pdb,C:\Users\86198\Desktop\P-P\01_cleaned_protein_pdb\5d5m_complex.pdb,8,98,270,2.2,GH,A
5d70,5d70_complex.pdb,C:\Users\86198\Desktop\P-P\01_cleaned_protein_pdb\5d70_complex.pdb,3,115,216,2.06,HL,A
5d71,5d71_complex.pdb,C:\Users\86198\Desktop\P-P\01_cleaned_protein_pdb\5d71_complex.pdb,3,114,215,2.25,HL,A
5d72,5d72_complex.pdb,C:\Users\86198\Desktop\P-P\01_cleaned_protein_pdb\5d72_complex.pdb,6,115,218,2.6,HL,A
5d7i,5d7i_complex.pdb,C:\Users\86198\Desktop\P-P\01_cleaned_protein_pdb\5d7i_complex.pdb,8,98,269,2.0,GH,A
5d7j,5d7j_complex.pdb,C:\Users\86198\Desktop\P-P\01_cleaned_protein_pdb\5d7j_complex.pdb,8,98,269,1.97,GH,C
5d8j,5d8j_complex.pdb,C:\Users\86198\Desktop\P-P\01_cleaned_protein_pdb\5d8j_complex.pdb,3,133,220,3.0,HL,A
5d93,5d93_complex.pdb,C:\Users\86198\Desktop\P-P\01_cleaned_protein_pdb\5d93_complex.pdb,6,212,240,2.2,FE,D
5d96,5d96_complex.pdb,C:\Users\86198\Desktop\P-P\01_cleaned_protein_pdb\5d96_complex.pdb,6,214,237,2.3,CB,A
5dc4,5dc4_complex.pdb,C:\Users\86198\Desktop\P-P\01_cleaned_protein_pdb\5dc4_complex.pdb,2,92,100,1.48,A,B
5dcq,5dcq_complex.pdb,C:\Users\86198\Desktop\P-P\01_cleaned_protein_pdb\5dcq_complex.pdb,6,155,207,1.83,C,F
5dfv,5dfv_complex.pdb,C:\Users\86198\Desktop\P-P\01_cleaned_protein_pdb\5dfv_complex.pdb,6,84,217,2.8,EF,B
5dfw,5dfw_complex.pdb,C:\Users\86198\Desktop\P-P\01_cleaned_protein_pdb\5dfw_complex.pdb,2,90,222,2.33,A,H
5djt,5djt_complex.pdb,C:\Users\86198\Desktop\P-P\01_cleaned_protein_pdb\5djt_complex.pdb,2,59,144,1.4,A,B
5dju,5dju_complex.pdb,C:\Users\86198\Desktop\P-P\01_cleaned_protein_pdb\5dju_complex.pdb,4,55,145,2.1,D,C
5dmj,5dmj_complex.pdb,C:\Users\86198\Desktop\P-P\01_cleaned_protein_pdb\5dmj_complex.pdb,6,116,167,2.79,A,B
5do2,5do2_complex.pdb,C:\Users\86198\Desktop\P-P\01_cleaned_protein_pdb\5do2_complex.pdb,6,208,219,2.41,CD,B
5dob,5dob_complex.pdb,C:\Users\86198\Desktop\P-P\01_cleaned_protein_pdb\5dob_complex.pdb,2,165,237,2.47,A,B
5e3e,5e3e_complex.pdb,C:\Users\86198\Desktop\P-P\01_cleaned_protein_pdb\5e3e_complex.pdb,6,92,113,1.7,C,D
5e4e,5e4e_complex.pdb,C:\Users\86198\Desktop\P-P\01_cleaned_protein_pdb\5e4e_complex.pdb,3,113,309,3.0,BC,A
5e6j,5e6j_complex.pdb,C:\Users\86198\Desktop\P-P\01_cleaned_protein_pdb\5e6j_complex.pdb,6,74,317,2.85,A,B
5e7f,5e7f_complex.pdb,C:\Users\86198\Desktop\P-P\01_cleaned_protein_pdb\5e7f_complex.pdb,6,125,129,2.7,C,I
5e8d,5e8d_complex.pdb,C:\Users\86198\Desktop\P-P\01_cleaned_protein_pdb\5e8d_complex.pdb,3,43,219,2.5,HL,A
5e8e,5e8e_complex.pdb,C:\Users\86198\Desktop\P-P\01_cleaned_protein_pdb\5e8e_complex.pdb,4,33,259,1.9,BA,H
5e94,5e94_complex.pdb,C:\Users\86198\Desktop\P-P\01_cleaned_protein_pdb\5e94_complex.pdb,6,100,224,2.0,DC,H
5e95,5e95_complex.pdb,C:\Users\86198\Desktop\P-P\01_cleaned_protein_pdb\5e95_complex.pdb,2,94,168,1.4,B,A
5eb1,5eb1_complex.pdb,C:\Users\86198\Desktop\P-P\01_cleaned_protein_pdb\5eb1_complex.pdb,4,124,148,1.8,C,D
5ee4,5ee4_complex.pdb,C:\Users\86198\Desktop\P-P\01_cleaned_protein_pdb\5ee4_complex.pdb,6,141,306,2.3,CD,A
5ee5,5ee5_complex.pdb,C:\Users\86198\Desktop\P-P\01_cleaned_protein_pdb\5ee5_complex.pdb,2,164,204,2.28,A,B
5eg3,5eg3_complex.pdb,C:\Users\86198\Desktop\P-P\01_cleaned_protein_pdb\5eg3_complex.pdb,2,113,308,2.61,A,B
5elu,5elu_complex.pdb,C:\Users\86198\Desktop\P-P\01_cleaned_protein_pdb\5elu_complex.pdb,2,75,91,2.35,A,B
5eo9,5eo9_complex.pdb,C:\Users\86198\Desktop\P-P\01_cleaned_protein_pdb\5eo9_complex.pdb,2,107,205,2.3,A,B
5eoa,5eoa_complex.pdb,C:\Users\86198\Desktop\P-P\01_cleaned_protein_pdb\5eoa_complex.pdb,4,41,73,2.5,A,D
5eof,5eof_complex.pdb,C:\Users\86198\Desktop\P-P\01_cleaned_protein_pdb\5eof_complex.pdb,4,41,74,2.05,A,D
5ep6,5ep6_complex.pdb,C:\Users\86198\Desktop\P-P\01_cleaned_protein_pdb\5ep6_complex.pdb,4,35,46,1.45,A,B
5eql,5eql_complex.pdb,C:\Users\86198\Desktop\P-P\01_cleaned_protein_pdb\5eql_complex.pdb,2,76,88,2.49,A,B
5eyp,5eyp_complex.pdb,C:\Users\86198\Desktop\P-P\01_cleaned_protein_pdb\5eyp_complex.pdb,3,130,437,1.9,AB,F
5f1b,5f1b_complex.pdb,C:\Users\86198\Desktop\P-P\01_cleaned_protein_pdb\5f1b_complex.pdb,3,90,215,2.3,AB,C
5f3b,5f3b_complex.pdb,C:\Users\86198\Desktop\P-P\01_cleaned_protein_pdb\5f3b_complex.pdb,6,109,218,1.76,AB,C
5f3x,5f3x_complex.pdb,C:\Users\86198\Desktop\P-P\01_cleaned_protein_pdb\5f3x_complex.pdb,4,75,191,2.65,A,B
5f4e,5f4e_complex.pdb,C:\Users\86198\Desktop\P-P\01_cleaned_protein_pdb\5f4e_complex.pdb,2,214,233,2.4,A,B
5f5s,5f5s_complex.pdb,C:\Users\86198\Desktop\P-P\01_cleaned_protein_pdb\5f5s_complex.pdb,2,53,177,2.4,A,B
5fcu,5fcu_complex.pdb,C:\Users\86198\Desktop\P-P\01_cleaned_protein_pdb\5fcu_complex.pdb,3,131,223,1.85,HL,G
5fhx,5fhx_complex.pdb,C:\Users\86198\Desktop\P-P\01_cleaned_protein_pdb\5fhx_complex.pdb,3,124,345,2.55,HL,A
5fo8,5fo8_complex.pdb,C:\Users\86198\Desktop\P-P\01_cleaned_protein_pdb\5fo8_complex.pdb,3,129,910,2.4,AB,C
5fob,5fob_complex.pdb,C:\Users\86198\Desktop\P-P\01_cleaned_protein_pdb\5fob_complex.pdb,3,240,911,2.6,AB,C
5fqd,5fqd_complex.pdb,C:\Users\86198\Desktop\P-P\01_cleaned_protein_pdb\5fqd_complex.pdb,6,294,836,2.45,B,A
5fr1,5fr1_complex.pdb,C:\Users\86198\Desktop\P-P\01_cleaned_protein_pdb\5fr1_complex.pdb,2,175,190,2.75,A,B
5ft8,5ft8_complex.pdb,C:\Users\86198\Desktop\P-P\01_cleaned_protein_pdb\5ft8_complex.pdb,2,141,400,2.5,I,Y
5fug,5fug_complex.pdb,C:\Users\86198\Desktop\P-P\01_cleaned_protein_pdb\5fug_complex.pdb,12,57,91,2.7,AB,C
5g15,5g15_complex.pdb,C:\Users\86198\Desktop\P-P\01_cleaned_protein_pdb\5g15_complex.pdb,2,88,265,2.06,A,B
5gjk,5gjk_complex.pdb,C:\Users\86198\Desktop\P-P\01_cleaned_protein_pdb\5gjk_complex.pdb,2,68,94,2.05,A,B
5gpg,5gpg_complex.pdb,C:\Users\86198\Desktop\P-P\01_cleaned_protein_pdb\5gpg_complex.pdb,2,92,117,1.67,A,B
5gvi,5gvi_complex.pdb,C:\Users\86198\Desktop\P-P\01_cleaned_protein_pdb\5gvi_complex.pdb,3,72,340,1.87,BC,A
5gwo,5gwo_complex.pdb,C:\Users\86198\Desktop\P-P\01_cleaned_protein_pdb\5gwo_complex.pdb,4,165,321,2.82,B,D
5gwp,5gwp_complex.pdb,C:\Users\86198\Desktop\P-P\01_cleaned_protein_pdb\5gwp_complex.pdb,4,149,325,2.58,B,D
5gy2,5gy2_complex.pdb,C:\Users\86198\Desktop\P-P\01_cleaned_protein_pdb\5gy2_complex.pdb,4,169,442,2.1,A,C
5gzn,5gzn_complex.pdb,C:\Users\86198\Desktop\P-P\01_cleaned_protein_pdb\5gzn_complex.pdb,8,184,407,3.0,HL,AE
5gzo,5gzo_complex.pdb,C:\Users\86198\Desktop\P-P\01_cleaned_protein_pdb\5gzo_complex.pdb,6,213,405,2.76,HL,A
5h07,5h07_complex.pdb,C:\Users\86198\Desktop\P-P\01_cleaned_protein_pdb\5h07_complex.pdb,3,66,223,2.59,A,D
5hdq,5hdq_complex.pdb,C:\Users\86198\Desktop\P-P\01_cleaned_protein_pdb\5hdq_complex.pdb,3,218,277,1.83,HL,A
5hgg,5hgg_complex.pdb,C:\Users\86198\Desktop\P-P\01_cleaned_protein_pdb\5hgg_complex.pdb,4,127,246,1.97,A,T
5hk5,5hk5_complex.pdb,C:\Users\86198\Desktop\P-P\01_cleaned_protein_pdb\5hk5_complex.pdb,8,105,138,2.9,E,A
5hlz,5hlz_complex.pdb,C:\Users\86198\Desktop\P-P\01_cleaned_protein_pdb\5hlz_complex.pdb,8,82,204,2.85,E,F
5hpk,5hpk_complex.pdb,C:\Users\86198\Desktop\P-P\01_cleaned_protein_pdb\5hpk_complex.pdb,2,78,377,2.43,A,B
5hps,5hps_complex.pdb,C:\Users\86198\Desktop\P-P\01_cleaned_protein_pdb\5hps_complex.pdb,2,73,377,2.05,A,B
5hpy,5hpy_complex.pdb,C:\Users\86198\Desktop\P-P\01_cleaned_protein_pdb\5hpy_complex.pdb,4,178,203,2.4,D,F
5hvf,5hvf_complex.pdb,C:\Users\86198\Desktop\P-P\01_cleaned_protein_pdb\5hvf_complex.pdb,2,118,381,2.85,A,B
5hys,5hys_complex.pdb,C:\Users\86198\Desktop\P-P\01_cleaned_protein_pdb\5hys_complex.pdb,12,213,222,2.5,HL,I
5ibk,5ibk_complex.pdb,C:\Users\86198\Desktop\P-P\01_cleaned_protein_pdb\5ibk_complex.pdb,6,46,146,2.5,AB,C
5ibw,5ibw_complex.pdb,C:\Users\86198\Desktop\P-P\01_cleaned_protein_pdb\5ibw_complex.pdb,3,43,76,1.9,A,C
5ies,5ies_complex.pdb,C:\Users\86198\Desktop\P-P\01_cleaned_protein_pdb\5ies_complex.pdb,3,169,219,2.16,HL,C
5ifs,5ifs_complex.pdb,C:\Users\86198\Desktop\P-P\01_cleaned_protein_pdb\5ifs_complex.pdb,4,178,460,2.46,A,B
5iia,5iia_complex.pdb,C:\Users\86198\Desktop\P-P\01_cleaned_protein_pdb\5iia_complex.pdb,8,103,126,1.7,G,H
5ikc,5ikc_complex.pdb,C:\Users\86198\Desktop\P-P\01_cleaned_protein_pdb\5ikc_complex.pdb,6,89,214,2.06,HL,N
5imk,5imk_complex.pdb,C:\Users\86198\Desktop\P-P\01_cleaned_protein_pdb\5imk_complex.pdb,2,118,125,1.23,B,A
5imm,5imm_complex.pdb,C:\Users\86198\Desktop\P-P\01_cleaned_protein_pdb\5imm_complex.pdb,2,120,125,1.2,B,A
5imt,5imt_complex.pdb,C:\Users\86198\Desktop\P-P\01_cleaned_protein_pdb\5imt_complex.pdb,2,77,472,2.7,A,D
5imy,5imy_complex.pdb,C:\Users\86198\Desktop\P-P\01_cleaned_protein_pdb\5imy_complex.pdb,4,78,474,2.4,A,C
5inb,5inb_complex.pdb,C:\Users\86198\Desktop\P-P\01_cleaned_protein_pdb\5inb_complex.pdb,2,33,293,1.3,A,B
5ioh,5ioh_complex.pdb,C:\Users\86198\Desktop\P-P\01_cleaned_protein_pdb\5ioh_complex.pdb,4,30,294,2.57,A,B
5ip4,5ip4_complex.pdb,C:\Users\86198\Desktop\P-P\01_cleaned_protein_pdb\5ip4_complex.pdb,4,80,110,1.81,B,D
5ius,5ius_complex.pdb,C:\Users\86198\Desktop\P-P\01_cleaned_protein_pdb\5ius_complex.pdb,4,118,214,2.89,A,C
5j11,5j11_complex.pdb,C:\Users\86198\Desktop\P-P\01_cleaned_protein_pdb\5j11_complex.pdb,3,127,196,2.56,AC,B
5j13,5j13_complex.pdb,C:\Users\86198\Desktop\P-P\01_cleaned_protein_pdb\5j13_complex.pdb,3,124,221,2.3,CB,A
5j28,5j28_complex.pdb,C:\Users\86198\Desktop\P-P\01_cleaned_protein_pdb\5j28_complex.pdb,4,33,293,2.0,B,D
5j4a,5j4a_complex.pdb,C:\Users\86198\Desktop\P-P\01_cleaned_protein_pdb\5j4a_complex.pdb,4,104,116,2.0,A,B
5j56,5j56_complex.pdb,C:\Users\86198\Desktop\P-P\01_cleaned_protein_pdb\5j56_complex.pdb,2,129,255,1.8,A,B
5j57,5j57_complex.pdb,C:\Users\86198\Desktop\P-P\01_cleaned_protein_pdb\5j57_complex.pdb,2,127,264,1.7,A,B
5j7c,5j7c_complex.pdb,C:\Users\86198\Desktop\P-P\01_cleaned_protein_pdb\5j7c_complex.pdb,4,97,129,2.54,B,D
5jds,5jds_complex.pdb,C:\Users\86198\Desktop\P-P\01_cleaned_protein_pdb\5jds_complex.pdb,2,115,127,1.7,B,A
5jem,5jem_complex.pdb,C:\Users\86198\Desktop\P-P\01_cleaned_protein_pdb\5jem_complex.pdb,8,42,203,2.5,B,D
5jg6,5jg6_complex.pdb,C:\Users\86198\Desktop\P-P\01_cleaned_protein_pdb\5jg6_complex.pdb,4,65,77,2.0,D,C
5jh5,5jh5_complex.pdb,C:\Users\86198\Desktop\P-P\01_cleaned_protein_pdb\5jh5_complex.pdb,4,96,263,2.55,CD,A
5jhl,5jhl_complex.pdb,C:\Users\86198\Desktop\P-P\01_cleaned_protein_pdb\5jhl_complex.pdb,3,211,385,3.0,HL,A
5jhw,5jhw_complex.pdb,C:\Users\86198\Desktop\P-P\01_cleaned_protein_pdb\5jhw_complex.pdb,4,109,288,2.35,B,C
5jjd,5jjd_complex.pdb,C:\Users\86198\Desktop\P-P\01_cleaned_protein_pdb\5jjd_complex.pdb,2,97,235,2.4,A,B
5jke,5jke_complex.pdb,C:\Users\86198\Desktop\P-P\01_cleaned_protein_pdb\5jke_complex.pdb,4,215,237,2.86,A,B
5jlv,5jlv_complex.pdb,C:\Users\86198\Desktop\P-P\01_cleaned_protein_pdb\5jlv_complex.pdb,4,91,427,2.0,A,C
5jmc,5jmc_complex.pdb,C:\Users\86198\Desktop\P-P\01_cleaned_protein_pdb\5jmc_complex.pdb,8,89,431,2.64,E,F
5jq6,5jq6_complex.pdb,C:\Users\86198\Desktop\P-P\01_cleaned_protein_pdb\5jq6_complex.pdb,3,216,323,2.4,HL,A
5jsb,5jsb_complex.pdb,C:\Users\86198\Desktop\P-P\01_cleaned_protein_pdb\5jsb_complex.pdb,12,116,151,2.74,G,H
5jsn,5jsn_complex.pdb,C:\Users\86198\Desktop\P-P\01_cleaned_protein_pdb\5jsn_complex.pdb,4,115,149,2.1,A,B
5jw7,5jw7_complex.pdb,C:\Users\86198\Desktop\P-P\01_cleaned_protein_pdb\5jw7_complex.pdb,2,61,262,2.85,A,B
5jw9,5jw9_complex.pdb,C:\Users\86198\Desktop\P-P\01_cleaned_protein_pdb\5jw9_complex.pdb,2,35,113,2.0,A,B
5jyl,5jyl_complex.pdb,C:\Users\86198\Desktop\P-P\01_cleaned_protein_pdb\5jyl_complex.pdb,4,96,244,2.55,A,B
5jze,5jze_complex.pdb,C:\Users\86198\Desktop\P-P\01_cleaned_protein_pdb\5jze_complex.pdb,4,76,159,2.47,D,C
5k22,5k22_complex.pdb,C:\Users\86198\Desktop\P-P\01_cleaned_protein_pdb\5k22_complex.pdb,2,149,156,3.0,A,B
5k59,5k59_complex.pdb,C:\Users\86198\Desktop\P-P\01_cleaned_protein_pdb\5k59_complex.pdb,8,212,295,2.84,HL,A
5kho,5kho_complex.pdb,C:\Users\86198\Desktop\P-P\01_cleaned_protein_pdb\5kho_complex.pdb,4,123,167,2.78,B,D
5kn5,5kn5_complex.pdb,C:\Users\86198\Desktop\P-P\01_cleaned_protein_pdb\5kn5_complex.pdb,6,39,217,2.8,AB,C
5kof,5kof_complex.pdb,C:\Users\86198\Desktop\P-P\01_cleaned_protein_pdb\5kof_complex.pdb,4,75,407,2.4,A,C
5kvd,5kvd_complex.pdb,C:\Users\86198\Desktop\P-P\01_cleaned_protein_pdb\5kvd_complex.pdb,3,108,221,1.65,HL,E
5kve,5kve_complex.pdb,C:\Users\86198\Desktop\P-P\01_cleaned_protein_pdb\5kve_complex.pdb,2,101,244,1.7,E,L
5kvf,5kvf_complex.pdb,C:\Users\86198\Desktop\P-P\01_cleaned_protein_pdb\5kvf_complex.pdb,3,105,220,1.4,HL,E
5kvg,5kvg_complex.pdb,C:\Users\86198\Desktop\P-P\01_cleaned_protein_pdb\5kvg_complex.pdb,3,107,218,1.4,HL,E
5kw9,5kw9_complex.pdb,C:\Users\86198\Desktop\P-P\01_cleaned_protein_pdb\5kw9_complex.pdb,3,219,290,2.3,HL,A
5kwy,5kwy_complex.pdb,C:\Users\86198\Desktop\P-P\01_cleaned_protein_pdb\5kwy_complex.pdb,4,132,236,2.41,A,D
5kxh,5kxh_complex.pdb,C:\Users\86198\Desktop\P-P\01_cleaned_protein_pdb\5kxh_complex.pdb,2,38,353,1.33,A,B
5ky0,5ky0_complex.pdb,C:\Users\86198\Desktop\P-P\01_cleaned_protein_pdb\5ky0_complex.pdb,2,38,354,1.53,A,B
5ky4,5ky4_complex.pdb,C:\Users\86198\Desktop\P-P\01_cleaned_protein_pdb\5ky4_complex.pdb,2,36,354,1.47,A,B
5ky5,5ky5_complex.pdb,C:\Users\86198\Desktop\P-P\01_cleaned_protein_pdb\5ky5_complex.pdb,2,40,352,1.5,A,B
5ky9,5ky9_complex.pdb,C:\Users\86198\Desktop\P-P\01_cleaned_protein_pdb\5ky9_complex.pdb,2,37,353,1.83,A,B
5l21,5l21_complex.pdb,C:\Users\86198\Desktop\P-P\01_cleaned_protein_pdb\5l21_complex.pdb,2,119,428,1.68,A,B
5l6y,5l6y_complex.pdb,C:\Users\86198\Desktop\P-P\01_cleaned_protein_pdb\5l6y_complex.pdb,3,109,237,1.99,HL,C
5l8j,5l8j_complex.pdb,C:\Users\86198\Desktop\P-P\01_cleaned_protein_pdb\5l8j_complex.pdb,2,105,253,1.68,A,B
5lcv,5lcv_complex.pdb,C:\Users\86198\Desktop\P-P\01_cleaned_protein_pdb\5lcv_complex.pdb,4,212,404,2.64,HL,AB
5lhn,5lhn_complex.pdb,C:\Users\86198\Desktop\P-P\01_cleaned_protein_pdb\5lhn_complex.pdb,2,135,247,2.55,A,B
5lp5,5lp5_complex.pdb,C:\Users\86198\Desktop\P-P\01_cleaned_protein_pdb\5lp5_complex.pdb,6,156,548,2.74,B,D
5lpu,5lpu_complex.pdb,C:\Users\86198\Desktop\P-P\01_cleaned_protein_pdb\5lpu_complex.pdb,4,89,338,2.1,B,D
5lqb,5lqb_complex.pdb,C:\Users\86198\Desktop\P-P\01_cleaned_protein_pdb\5lqb_complex.pdb,3,128,219,1.95,HL,A
5lrw,5lrw_complex.pdb,C:\Users\86198\Desktop\P-P\01_cleaned_protein_pdb\5lrw_complex.pdb,4,75,289,2.0,C,D
5lxm,5lxm_complex.pdb,C:\Users\86198\Desktop\P-P\01_cleaned_protein_pdb\5lxm_complex.pdb,2,36,266,2.08,A,D
5lz3,5lz3_complex.pdb,C:\Users\86198\Desktop\P-P\01_cleaned_protein_pdb\5lz3_complex.pdb,2,34,124,3.0,A,B
5lz6,5lz6_complex.pdb,C:\Users\86198\Desktop\P-P\01_cleaned_protein_pdb\5lz6_complex.pdb,2,31,126,2.6,A,B
5m2i,5m2i_complex.pdb,C:\Users\86198\Desktop\P-P\01_cleaned_protein_pdb\5m2i_complex.pdb,12,121,148,2.15,A,H
5m2j,5m2j_complex.pdb,C:\Users\86198\Desktop\P-P\01_cleaned_protein_pdb\5m2j_complex.pdb,2,115,149,1.9,A,D
5m2m,5m2m_complex.pdb,C:\Users\86198\Desktop\P-P\01_cleaned_protein_pdb\5m2m_complex.pdb,12,127,151,2.3,G,H
5m5e,5m5e_complex.pdb,C:\Users\86198\Desktop\P-P\01_cleaned_protein_pdb\5m5e_complex.pdb,3,130,203,2.3,BC,D
5ma3,5ma3_complex.pdb,C:\Users\86198\Desktop\P-P\01_cleaned_protein_pdb\5ma3_complex.pdb,2,227,302,1.7,B,A
5ma4,5ma4_complex.pdb,C:\Users\86198\Desktop\P-P\01_cleaned_protein_pdb\5ma4_complex.pdb,2,229,294,1.4,B,A
5ma5,5ma5_complex.pdb,C:\Users\86198\Desktop\P-P\01_cleaned_protein_pdb\5ma5_complex.pdb,4,226,299,1.85,B,A
5ma6,5ma6_complex.pdb,C:\Users\86198\Desktop\P-P\01_cleaned_protein_pdb\5ma6_complex.pdb,2,159,226,2.3,A,B
5mad,5mad_complex.pdb,C:\Users\86198\Desktop\P-P\01_cleaned_protein_pdb\5mad_complex.pdb,8,154,231,1.53,G,H
5mak,5mak_complex.pdb,C:\Users\86198\Desktop\P-P\01_cleaned_protein_pdb\5mak_complex.pdb,4,226,293,2.5,B,A
5me5,5me5_complex.pdb,C:\Users\86198\Desktop\P-P\01_cleaned_protein_pdb\5me5_complex.pdb,2,37,162,1.9,A,B
5mfc,5mfc_complex.pdb,C:\Users\86198\Desktop\P-P\01_cleaned_protein_pdb\5mfc_complex.pdb,4,237,285,2.4,C,D
5mi0,5mi0_complex.pdb,C:\Users\86198\Desktop\P-P\01_cleaned_protein_pdb\5mi0_complex.pdb,3,217,293,2.35,BC,A
5mj3,5mj3_complex.pdb,C:\Users\86198\Desktop\P-P\01_cleaned_protein_pdb\5mj3_complex.pdb,3,99,306,1.74,AB,C
5ml9,5ml9_complex.pdb,C:\Users\86198\Desktop\P-P\01_cleaned_protein_pdb\5ml9_complex.pdb,2,103,172,2.35,A,B
5mn2,5mn2_complex.pdb,C:\Users\86198\Desktop\P-P\01_cleaned_protein_pdb\5mn2_complex.pdb,4,88,172,2.35,B,C
5mr4,5mr4_complex.pdb,C:\Users\86198\Desktop\P-P\01_cleaned_protein_pdb\5mr4_complex.pdb,4,98,298,2.4,B,D
5mr5,5mr5_complex.pdb,C:\Users\86198\Desktop\P-P\01_cleaned_protein_pdb\5mr5_complex.pdb,4,98,198,2.0,B,D
5mrv,5mrv_complex.pdb,C:\Users\86198\Desktop\P-P\01_cleaned_protein_pdb\5mrv_complex.pdb,3,53,307,1.85,A,C
5mtj,5mtj_complex.pdb,C:\Users\86198\Desktop\P-P\01_cleaned_protein_pdb\5mtj_complex.pdb,2,96,109,1.95,A,B
5mtm,5mtm_complex.pdb,C:\Users\86198\Desktop\P-P\01_cleaned_protein_pdb\5mtm_complex.pdb,2,92,108,2.41,A,B
5mtn,5mtn_complex.pdb,C:\Users\86198\Desktop\P-P\01_cleaned_protein_pdb\5mtn_complex.pdb,2,90,94,2.85,A,B
5mv8,5mv8_complex.pdb,C:\Users\86198\Desktop\P-P\01_cleaned_protein_pdb\5mv8_complex.pdb,2,120,506,1.88,A,B
5mv9,5mv9_complex.pdb,C:\Users\86198\Desktop\P-P\01_cleaned_protein_pdb\5mv9_complex.pdb,2,120,500,2.6,A,B
5my6,5my6_complex.pdb,C:\Users\86198\Desktop\P-P\01_cleaned_protein_pdb\5my6_complex.pdb,2,115,574,2.25,A,B
5mzv,5mzv_complex.pdb,C:\Users\86198\Desktop\P-P\01_cleaned_protein_pdb\5mzv_complex.pdb,4,123,305,2.8,AB,C
5n47,5n47_complex.pdb,C:\Users\86198\Desktop\P-P\01_cleaned_protein_pdb\5n47_complex.pdb,6,172,280,3.0,C,D
5n48,5n48_complex.pdb,C:\Users\86198\Desktop\P-P\01_cleaned_protein_pdb\5n48_complex.pdb,4,92,175,1.6,A,B
5n7w,5n7w_complex.pdb,C:\Users\86198\Desktop\P-P\01_cleaned_protein_pdb\5n7w_complex.pdb,6,117,222,1.96,AB,Y
5n88,5n88_complex.pdb,C:\Users\86198\Desktop\P-P\01_cleaned_protein_pdb\5n88_complex.pdb,4,79,126,1.7,A,D
5ngv,5ngv_complex.pdb,C:\Users\86198\Desktop\P-P\01_cleaned_protein_pdb\5ngv_complex.pdb,3,93,113,2.0,HL,A
5nh3,5nh3_complex.pdb,C:\Users\86198\Desktop\P-P\01_cleaned_protein_pdb\5nh3_complex.pdb,6,94,113,2.35,HL,A
5nmv,5nmv_complex.pdb,C:\Users\86198\Desktop\P-P\01_cleaned_protein_pdb\5nmv_complex.pdb,3,63,221,1.65,HL,K
5npo,5npo_complex.pdb,C:\Users\86198\Desktop\P-P\01_cleaned_protein_pdb\5npo_complex.pdb,2,248,263,1.95,A,B
5nqf,5nqf_complex.pdb,C:\Users\86198\Desktop\P-P\01_cleaned_protein_pdb\5nqf_complex.pdb,2,35,305,1.9,A,B
5nqg,5nqg_complex.pdb,C:\Users\86198\Desktop\P-P\01_cleaned_protein_pdb\5nqg_complex.pdb,2,33,394,2.15,A,B
5nt1,5nt1_complex.pdb,C:\Users\86198\Desktop\P-P\01_cleaned_protein_pdb\5nt1_complex.pdb,6,119,173,2.82,A,J
5nt7,5nt7_complex.pdb,C:\Users\86198\Desktop\P-P\01_cleaned_protein_pdb\5nt7_complex.pdb,4,92,159,1.4,D,C
5nus,5nus_complex.pdb,C:\Users\86198\Desktop\P-P\01_cleaned_protein_pdb\5nus_complex.pdb,2,74,226,2.2,A,B
5nvk,5nvk_complex.pdb,C:\Users\86198\Desktop\P-P\01_cleaned_protein_pdb\5nvk_complex.pdb,8,66,183,2.9,G,H
5nvl,5nvl_complex.pdb,C:\Users\86198\Desktop\P-P\01_cleaned_protein_pdb\5nvl_complex.pdb,4,67,172,2.3,A,B
5nvm,5nvm_complex.pdb,C:\Users\86198\Desktop\P-P\01_cleaned_protein_pdb\5nvm_complex.pdb,4,37,176,2.0,C,D
5nvn,5nvn_complex.pdb,C:\Users\86198\Desktop\P-P\01_cleaned_protein_pdb\5nvn_complex.pdb,4,34,179,1.9,C,D
5nzz,5nzz_complex.pdb,C:\Users\86198\Desktop\P-P\01_cleaned_protein_pdb\5nzz_complex.pdb,8,335,379,2.6,C,H
5o03,5o03_complex.pdb,C:\Users\86198\Desktop\P-P\01_cleaned_protein_pdb\5o03_complex.pdb,4,135,315,2.19,A,D
5o05,5o05_complex.pdb,C:\Users\86198\Desktop\P-P\01_cleaned_protein_pdb\5o05_complex.pdb,4,118,315,2.0,D,A
5o0w,5o0w_complex.pdb,C:\Users\86198\Desktop\P-P\01_cleaned_protein_pdb\5o0w_complex.pdb,8,136,360,2.57,A,E
5o2t,5o2t_complex.pdb,C:\Users\86198\Desktop\P-P\01_cleaned_protein_pdb\5o2t_complex.pdb,2,142,164,2.19,A,B
5o2u,5o2u_complex.pdb,C:\Users\86198\Desktop\P-P\01_cleaned_protein_pdb\5o2u_complex.pdb,4,73,116,2.76,C,D
5o4e,5o4e_complex.pdb,C:\Users\86198\Desktop\P-P\01_cleaned_protein_pdb\5o4e_complex.pdb,6,95,216,2.15,D,E
5o74,5o74_complex.pdb,C:\Users\86198\Desktop\P-P\01_cleaned_protein_pdb\5o74_complex.pdb,12,168,193,2.5,I,J
5oaq,5oaq_complex.pdb,C:\Users\86198\Desktop\P-P\01_cleaned_protein_pdb\5oaq_complex.pdb,2,40,218,1.95,A,L
5oc7,5oc7_complex.pdb,C:\Users\86198\Desktop\P-P\01_cleaned_protein_pdb\5oc7_complex.pdb,4,89,120,1.65,A,C
5odw,5odw_complex.pdb,C:\Users\86198\Desktop\P-P\01_cleaned_protein_pdb\5odw_complex.pdb,4,195,771,2.8,B,D
5oen,5oen_complex.pdb,C:\Users\86198\Desktop\P-P\01_cleaned_protein_pdb\5oen_complex.pdb,2,171,175,2.92,A,B
5ohp,5ohp_complex.pdb,C:\Users\86198\Desktop\P-P\01_cleaned_protein_pdb\5ohp_complex.pdb,3,74,334,2.8,A,B
5omb,5omb_complex.pdb,C:\Users\86198\Desktop\P-P\01_cleaned_protein_pdb\5omb_complex.pdb,4,98,125,1.94,B,C
5omm,5omm_complex.pdb,C:\Users\86198\Desktop\P-P\01_cleaned_protein_pdb\5omm_complex.pdb,3,117,314,1.7,A,C
5omn,5omn_complex.pdb,C:\Users\86198\Desktop\P-P\01_cleaned_protein_pdb\5omn_complex.pdb,2,113,315,2.68,B,C
5otj,5otj_complex.pdb,C:\Users\86198\Desktop\P-P\01_cleaned_protein_pdb\5otj_complex.pdb,6,69,222,2.35,BA,D
5ovw,5ovw_complex.pdb,C:\Users\86198\Desktop\P-P\01_cleaned_protein_pdb\5ovw_complex.pdb,12,126,245,2.65,F,L
5oyl,5oyl_complex.pdb,C:\Users\86198\Desktop\P-P\01_cleaned_protein_pdb\5oyl_complex.pdb,2,46,409,2.25,A,D
5sv3,5sv3_complex.pdb,C:\Users\86198\Desktop\P-P\01_cleaned_protein_pdb\5sv3_complex.pdb,4,125,167,2.73,C,D
5swk,5swk_complex.pdb,C:\Users\86198\Desktop\P-P\01_cleaned_protein_pdb\5swk_complex.pdb,4,84,107,1.92,A,C
5sx4,5sx4_complex.pdb,C:\Users\86198\Desktop\P-P\01_cleaned_protein_pdb\5sx4_complex.pdb,6,191,218,2.8,JI,M
5sx5,5sx5_complex.pdb,C:\Users\86198\Desktop\P-P\01_cleaned_protein_pdb\5sx5_complex.pdb,6,192,218,2.5,HL,N
5sy8,5sy8_complex.pdb,C:\Users\86198\Desktop\P-P\01_cleaned_protein_pdb\5sy8_complex.pdb,3,155,234,1.62,HL,O
5szh,5szh_complex.pdb,C:\Users\86198\Desktop\P-P\01_cleaned_protein_pdb\5szh_complex.pdb,2,148,175,2.3,A,B
5szi,5szi_complex.pdb,C:\Users\86198\Desktop\P-P\01_cleaned_protein_pdb\5szi_complex.pdb,2,149,174,2.85,A,B
5szj,5szj_complex.pdb,C:\Users\86198\Desktop\P-P\01_cleaned_protein_pdb\5szj_complex.pdb,2,153,175,2.66,A,B
5szk,5szk_complex.pdb,C:\Users\86198\Desktop\P-P\01_cleaned_protein_pdb\5szk_complex.pdb,2,148,173,2.8,A,B
5t0f,5t0f_complex.pdb,C:\Users\86198\Desktop\P-P\01_cleaned_protein_pdb\5t0f_complex.pdb,2,32,186,2.4,A,B
5t29,5t29_complex.pdb,C:\Users\86198\Desktop\P-P\01_cleaned_protein_pdb\5t29_complex.pdb,3,149,232,2.03,HL,O
5t5b,5t5b_complex.pdb,C:\Users\86198\Desktop\P-P\01_cleaned_protein_pdb\5t5b_complex.pdb,6,151,231,2.07,HL,E
5t5f,5t5f_complex.pdb,C:\Users\86198\Desktop\P-P\01_cleaned_protein_pdb\5t5f_complex.pdb,3,212,226,2.98,HL,A
5t5w,5t5w_complex.pdb,C:\Users\86198\Desktop\P-P\01_cleaned_protein_pdb\5t5w_complex.pdb,3,160,198,2.85,AC,B
5t6l,5t6l_complex.pdb,C:\Users\86198\Desktop\P-P\01_cleaned_protein_pdb\5t6l_complex.pdb,6,152,232,2.1,HL,I
5tar,5tar_complex.pdb,C:\Users\86198\Desktop\P-P\01_cleaned_protein_pdb\5tar_complex.pdb,2,148,184,1.9,A,B
5tdy,5tdy_complex.pdb,C:\Users\86198\Desktop\P-P\01_cleaned_protein_pdb\5tdy_complex.pdb,4,34,93,2.11,C,D
5te4,5te4_complex.pdb,C:\Users\86198\Desktop\P-P\01_cleaned_protein_pdb\5te4_complex.pdb,3,210,358,2.75,HL,G
5te6,5te6_complex.pdb,C:\Users\86198\Desktop\P-P\01_cleaned_protein_pdb\5te6_complex.pdb,3,210,353,2.4,HL,G
5te7,5te7_complex.pdb,C:\Users\86198\Desktop\P-P\01_cleaned_protein_pdb\5te7_complex.pdb,3,210,348,2.15,HL,G
5tfw,5tfw_complex.pdb,C:\Users\86198\Desktop\P-P\01_cleaned_protein_pdb\5tfw_complex.pdb,3,154,233,2.17,HL,O
5th9,5th9_complex.pdb,C:\Users\86198\Desktop\P-P\01_cleaned_protein_pdb\5th9_complex.pdb,9,106,229,3.0,IM,B
5tl6,5tl6_complex.pdb,C:\Users\86198\Desktop\P-P\01_cleaned_protein_pdb\5tl6_complex.pdb,4,77,315,2.62,D,C
5tl7,5tl7_complex.pdb,C:\Users\86198\Desktop\P-P\01_cleaned_protein_pdb\5tl7_complex.pdb,4,76,316,2.44,A,B
5tru,5tru_complex.pdb,C:\Users\86198\Desktop\P-P\01_cleaned_protein_pdb\5tru_complex.pdb,6,116,220,3.0,hl,c
5tvq,5tvq_complex.pdb,C:\Users\86198\Desktop\P-P\01_cleaned_protein_pdb\5tvq_complex.pdb,2,75,253,2.35,A,B
5tz2,5tz2_complex.pdb,C:\Users\86198\Desktop\P-P\01_cleaned_protein_pdb\5tz2_complex.pdb,3,114,220,2.3,HL,C
5tzn,5tzn_complex.pdb,C:\Users\86198\Desktop\P-P\01_cleaned_protein_pdb\5tzn_complex.pdb,4,122,144,2.6,W,G
5tzt,5tzt_complex.pdb,C:\Users\86198\Desktop\P-P\01_cleaned_protein_pdb\5tzt_complex.pdb,6,110,219,2.89,AB,D
5u4m,5u4m_complex.pdb,C:\Users\86198\Desktop\P-P\01_cleaned_protein_pdb\5u4m_complex.pdb,2,129,255,2.5,A,B
5u4y,5u4y_complex.pdb,C:\Users\86198\Desktop\P-P\01_cleaned_protein_pdb\5u4y_complex.pdb,4,53,212,2.5,B,D
5u52,5u52_complex.pdb,C:\Users\86198\Desktop\P-P\01_cleaned_protein_pdb\5u52_complex.pdb,4,34,209,1.94,B,Z
5ua4,5ua4_complex.pdb,C:\Users\86198\Desktop\P-P\01_cleaned_protein_pdb\5ua4_complex.pdb,2,32,135,2.6,A,B
5ufe,5ufe_complex.pdb,C:\Users\86198\Desktop\P-P\01_cleaned_protein_pdb\5ufe_complex.pdb,2,58,166,2.3,A,B
5ufq,5ufq_complex.pdb,C:\Users\86198\Desktop\P-P\01_cleaned_protein_pdb\5ufq_complex.pdb,4,60,166,2.2,A,C
5uk5,5uk5_complex.pdb,C:\Users\86198\Desktop\P-P\01_cleaned_protein_pdb\5uk5_complex.pdb,2,194,299,2.51,A,B
5un5,5un5_complex.pdb,C:\Users\86198\Desktop\P-P\01_cleaned_protein_pdb\5un5_complex.pdb,4,88,119,2.99,B,C
5un7,5un7_complex.pdb,C:\Users\86198\Desktop\P-P\01_cleaned_protein_pdb\5un7_complex.pdb,2,61,302,2.1,A,B
5upk,5upk_complex.pdb,C:\Users\86198\Desktop\P-P\01_cleaned_protein_pdb\5upk_complex.pdb,3,40,288,2.4,B,C
5ush,5ush_complex.pdb,C:\Users\86198\Desktop\P-P\01_cleaned_protein_pdb\5ush_complex.pdb,6,212,234,2.3,HL,X
5usl,5usl_complex.pdb,C:\Users\86198\Desktop\P-P\01_cleaned_protein_pdb\5usl_complex.pdb,6,210,232,2.9,BC,A
5utz,5utz_complex.pdb,C:\Users\86198\Desktop\P-P\01_cleaned_protein_pdb\5utz_complex.pdb,12,128,223,2.75,JK,I
5uv8,5uv8_complex.pdb,C:\Users\86198\Desktop\P-P\01_cleaned_protein_pdb\5uv8_complex.pdb,4,105,265,2.7,G,I
5uwc,5uwc_complex.pdb,C:\Users\86198\Desktop\P-P\01_cleaned_protein_pdb\5uwc_complex.pdb,2,112,267,2.4,G,I
5uzu,5uzu_complex.pdb,C:\Users\86198\Desktop\P-P\01_cleaned_protein_pdb\5uzu_complex.pdb,2,68,577,2.4,B,A
5v5g,5v5g_complex.pdb,C:\Users\86198\Desktop\P-P\01_cleaned_protein_pdb\5v5g_complex.pdb,4,80,164,2.1,C,D
5v5h,5v5h_complex.pdb,C:\Users\86198\Desktop\P-P\01_cleaned_protein_pdb\5v5h_complex.pdb,2,79,162,1.5,A,B
5v5i,5v5i_complex.pdb,C:\Users\86198\Desktop\P-P\01_cleaned_protein_pdb\5v5i_complex.pdb,4,75,161,2.2,A,B
5v69,5v69_complex.pdb,C:\Users\86198\Desktop\P-P\01_cleaned_protein_pdb\5v69_complex.pdb,2,75,322,2.55,A,B
5v6a,5v6a_complex.pdb,C:\Users\86198\Desktop\P-P\01_cleaned_protein_pdb\5v6a_complex.pdb,2,75,320,2.7,A,B
5vag,5vag_complex.pdb,C:\Users\86198\Desktop\P-P\01_cleaned_protein_pdb\5vag_complex.pdb,3,209,221,1.9,CB,A
5vpg,5vpg_complex.pdb,C:\Users\86198\Desktop\P-P\01_cleaned_protein_pdb\5vpg_complex.pdb,3,211,222,1.95,DC,A
5vpl,5vpl_complex.pdb,C:\Users\86198\Desktop\P-P\01_cleaned_protein_pdb\5vpl_complex.pdb,3,211,223,1.9,DC,A
5vu0,5vu0_complex.pdb,C:\Users\86198\Desktop\P-P\01_cleaned_protein_pdb\5vu0_complex.pdb,3,172,216,2.26,A,C
5vxz,5vxz_complex.pdb,C:\Users\86198\Desktop\P-P\01_cleaned_protein_pdb\5vxz_complex.pdb,4,102,395,2.3,A,C
5vyf,5vyf_complex.pdb,C:\Users\86198\Desktop\P-P\01_cleaned_protein_pdb\5vyf_complex.pdb,6,136,213,2.9,HL,F
5vz4,5vz4_complex.pdb,C:\Users\86198\Desktop\P-P\01_cleaned_protein_pdb\5vz4_complex.pdb,2,108,190,2.2,A,B
5w06,5w06_complex.pdb,C:\Users\86198\Desktop\P-P\01_cleaned_protein_pdb\5w06_complex.pdb,3,208,221,2.6,HL,T
5w08,5w08_complex.pdb,C:\Users\86198\Desktop\P-P\01_cleaned_protein_pdb\5w08_complex.pdb,3,212,273,2.6,QR,D
5w3x,5w3x_complex.pdb,C:\Users\86198\Desktop\P-P\01_cleaned_protein_pdb\5w3x_complex.pdb,4,67,343,2.0,A,B
5w6g,5w6g_complex.pdb,C:\Users\86198\Desktop\P-P\01_cleaned_protein_pdb\5w6g_complex.pdb,4,168,326,2.79,HL,A
5w8t,5w8t_complex.pdb,C:\Users\86198\Desktop\P-P\01_cleaned_protein_pdb\5w8t_complex.pdb,4,77,319,2.76,B,A
5w9a,5w9a_complex.pdb,C:\Users\86198\Desktop\P-P\01_cleaned_protein_pdb\5w9a_complex.pdb,4,113,193,2.74,B,D
5wb7,5wb7_complex.pdb,C:\Users\86198\Desktop\P-P\01_cleaned_protein_pdb\5wb7_complex.pdb,8,44,504,2.94,A,E
5wb8,5wb8_complex.pdb,C:\Users\86198\Desktop\P-P\01_cleaned_protein_pdb\5wb8_complex.pdb,4,36,506,3.0,A,C
5whk,5whk_complex.pdb,C:\Users\86198\Desktop\P-P\01_cleaned_protein_pdb\5whk_complex.pdb,4,99,267,2.5,HL,AB
5wi9,5wi9_complex.pdb,C:\Users\86198\Desktop\P-P\01_cleaned_protein_pdb\5wi9_complex.pdb,6,207,431,2.7,FE,B
5wpa,5wpa_complex.pdb,C:\Users\86198\Desktop\P-P\01_cleaned_protein_pdb\5wpa_complex.pdb,2,237,255,2.29,A,B
5wt9,5wt9_complex.pdb,C:\Users\86198\Desktop\P-P\01_cleaned_protein_pdb\5wt9_complex.pdb,3,118,216,2.4,HL,G
5wuj,5wuj_complex.pdb,C:\Users\86198\Desktop\P-P\01_cleaned_protein_pdb\5wuj_complex.pdb,2,37,105,2.3,A,B
5wux,5wux_complex.pdb,C:\Users\86198\Desktop\P-P\01_cleaned_protein_pdb\5wux_complex.pdb,9,149,220,2.9,HL,E
5x0w,5x0w_complex.pdb,C:\Users\86198\Desktop\P-P\01_cleaned_protein_pdb\5x0w_complex.pdb,8,64,138,3.0,E,F
5x4l,5x4l_complex.pdb,C:\Users\86198\Desktop\P-P\01_cleaned_protein_pdb\5x4l_complex.pdb,4,77,167,2.4,B,D
5xbf,5xbf_complex.pdb,C:\Users\86198\Desktop\P-P\01_cleaned_protein_pdb\5xbf_complex.pdb,2,121,477,1.8,A,B
5xfs,5xfs_complex.pdb,C:\Users\86198\Desktop\P-P\01_cleaned_protein_pdb\5xfs_complex.pdb,3,78,293,2.9,AB,C
5xis,5xis_complex.pdb,C:\Users\86198\Desktop\P-P\01_cleaned_protein_pdb\5xis_complex.pdb,6,72,82,1.78,A,BC
5xiu,5xiu_complex.pdb,C:\Users\86198\Desktop\P-P\01_cleaned_protein_pdb\5xiu_complex.pdb,2,47,73,1.8,A,B
5xj4,5xj4_complex.pdb,C:\Users\86198\Desktop\P-P\01_cleaned_protein_pdb\5xj4_complex.pdb,3,113,211,2.3,HL,A
5xjg,5xjg_complex.pdb,C:\Users\86198\Desktop\P-P\01_cleaned_protein_pdb\5xjg_complex.pdb,4,30,494,2.4,A,B
5xjo,5xjo_complex.pdb,C:\Users\86198\Desktop\P-P\01_cleaned_protein_pdb\5xjo_complex.pdb,6,52,523,2.63,AC,E
5xku,5xku_complex.pdb,C:\Users\86198\Desktop\P-P\01_cleaned_protein_pdb\5xku_complex.pdb,3,208,225,1.78,CB,A
5xmh,5xmh_complex.pdb,C:\Users\86198\Desktop\P-P\01_cleaned_protein_pdb\5xmh_complex.pdb,6,107,222,2.8,DC,B
5xoc,5xoc_complex.pdb,C:\Users\86198\Desktop\P-P\01_cleaned_protein_pdb\5xoc_complex.pdb,2,133,194,2.4,A,B
5xqz,5xqz_complex.pdb,C:\Users\86198\Desktop\P-P\01_cleaned_protein_pdb\5xqz_complex.pdb,4,65,193,2.1,B,D
5xwd,5xwd_complex.pdb,C:\Users\86198\Desktop\P-P\01_cleaned_protein_pdb\5xwd_complex.pdb,3,108,611,2.89,HD,A
5xxy,5xxy_complex.pdb,C:\Users\86198\Desktop\P-P\01_cleaned_protein_pdb\5xxy_complex.pdb,3,115,218,2.9,HL,A
5y11,5y11_complex.pdb,C:\Users\86198\Desktop\P-P\01_cleaned_protein_pdb\5y11_complex.pdb,3,215,319,2.1,AB,C
5y1z,5y1z_complex.pdb,C:\Users\86198\Desktop\P-P\01_cleaned_protein_pdb\5y1z_complex.pdb,4,133,307,2.68,B,D
5y4r,5y4r_complex.pdb,C:\Users\86198\Desktop\P-P\01_cleaned_protein_pdb\5y4r_complex.pdb,4,118,273,2.3,B,C
5y9j,5y9j_complex.pdb,C:\Users\86198\Desktop\P-P\01_cleaned_protein_pdb\5y9j_complex.pdb,3,144,223,2.05,HL,A
5yc5,5yc5_complex.pdb,C:\Users\86198\Desktop\P-P\01_cleaned_protein_pdb\5yc5_complex.pdb,3,171,213,2.71,A,C
5ydr,5ydr_complex.pdb,C:\Users\86198\Desktop\P-P\01_cleaned_protein_pdb\5ydr_complex.pdb,3,73,250,2.0,A,B
5yoy,5yoy_complex.pdb,C:\Users\86198\Desktop\P-P\01_cleaned_protein_pdb\5yoy_complex.pdb,18,108,154,2.73,RO,J
5yr0,5yr0_complex.pdb,C:\Users\86198\Desktop\P-P\01_cleaned_protein_pdb\5yr0_complex.pdb,2,44,48,1.9,A,B
5ywr,5ywr_complex.pdb,C:\Users\86198\Desktop\P-P\01_cleaned_protein_pdb\5ywr_complex.pdb,2,87,150,1.47,A,B
5z2w,5z2w_complex.pdb,C:\Users\86198\Desktop\P-P\01_cleaned_protein_pdb\5z2w_complex.pdb,2,35,209,3.0,A,B
5z78,5z78_complex.pdb,C:\Users\86198\Desktop\P-P\01_cleaned_protein_pdb\5z78_complex.pdb,3,122,200,1.76,A,C
5z7g,5z7g_complex.pdb,C:\Users\86198\Desktop\P-P\01_cleaned_protein_pdb\5z7g_complex.pdb,4,43,110,2.3,A,D
5z7l,5z7l_complex.pdb,C:\Users\86198\Desktop\P-P\01_cleaned_protein_pdb\5z7l_complex.pdb,4,43,110,2.02,A,C
6a0z,6a0z_complex.pdb,C:\Users\86198\Desktop\P-P\01_cleaned_protein_pdb\6a0z_complex.pdb,3,212,270,2.33,HL,A
6a3w,6a3w_complex.pdb,C:\Users\86198\Desktop\P-P\01_cleaned_protein_pdb\6a3w_complex.pdb,12,95,135,2.0,GH,I
6a67,6a67_complex.pdb,C:\Users\86198\Desktop\P-P\01_cleaned_protein_pdb\6a67_complex.pdb,6,210,226,2.33,HL,A
6a6i,6a6i_complex.pdb,C:\Users\86198\Desktop\P-P\01_cleaned_protein_pdb\6a6i_complex.pdb,8,74,94,2.6,A,B
6a6x,6a6x_complex.pdb,C:\Users\86198\Desktop\P-P\01_cleaned_protein_pdb\6a6x_complex.pdb,4,54,119,2.7,B,C
6a78,6a78_complex.pdb,C:\Users\86198\Desktop\P-P\01_cleaned_protein_pdb\6a78_complex.pdb,6,90,122,2.1,HL,A
6a79,6a79_complex.pdb,C:\Users\86198\Desktop\P-P\01_cleaned_protein_pdb\6a79_complex.pdb,6,90,122,2.31,IM,B
6a7v,6a7v_complex.pdb,C:\Users\86198\Desktop\P-P\01_cleaned_protein_pdb\6a7v_complex.pdb,8,62,139,1.67,G,H
6akm,6akm_complex.pdb,C:\Users\86198\Desktop\P-P\01_cleaned_protein_pdb\6akm_complex.pdb,2,46,47,2.3,A,B
6amb,6amb_complex.pdb,C:\Users\86198\Desktop\P-P\01_cleaned_protein_pdb\6amb_complex.pdb,2,95,170,2.5,A,B
6aod,6aod_complex.pdb,C:\Users\86198\Desktop\P-P\01_cleaned_protein_pdb\6aod_complex.pdb,3,207,236,1.8,BA,C
6aqr,6aqr_complex.pdb,C:\Users\86198\Desktop\P-P\01_cleaned_protein_pdb\6aqr_complex.pdb,5,76,470,2.1,A,D
6arq,6arq_complex.pdb,C:\Users\86198\Desktop\P-P\01_cleaned_protein_pdb\6arq_complex.pdb,2,111,303,2.88,A,D
6asr,6asr_complex.pdb,C:\Users\86198\Desktop\P-P\01_cleaned_protein_pdb\6asr_complex.pdb,3,39,76,2.36,A,B
6ath,6ath_complex.pdb,C:\Users\86198\Desktop\P-P\01_cleaned_protein_pdb\6ath_complex.pdb,3,55,281,1.82,AB,C
6aw2,6aw2_complex.pdb,C:\Users\86198\Desktop\P-P\01_cleaned_protein_pdb\6aw2_complex.pdb,2,107,368,2.68,A,B
6azp,6azp_complex.pdb,C:\Users\86198\Desktop\P-P\01_cleaned_protein_pdb\6azp_complex.pdb,2,57,576,2.29,A,B
6azz,6azz_complex.pdb,C:\Users\86198\Desktop\P-P\01_cleaned_protein_pdb\6azz_complex.pdb,6,156,222,2.4,CB,A
6b08,6b08_complex.pdb,C:\Users\86198\Desktop\P-P\01_cleaned_protein_pdb\6b08_complex.pdb,3,174,221,2.2,CB,A
6b0a,6b0a_complex.pdb,C:\Users\86198\Desktop\P-P\01_cleaned_protein_pdb\6b0a_complex.pdb,3,171,227,2.5,HL,A
6b0g,6b0g_complex.pdb,C:\Users\86198\Desktop\P-P\01_cleaned_protein_pdb\6b0g_complex.pdb,3,157,226,1.9,DC,E
6b0s,6b0s_complex.pdb,C:\Users\86198\Desktop\P-P\01_cleaned_protein_pdb\6b0s_complex.pdb,3,65,224,1.95,HL,C
6b12,6b12_complex.pdb,C:\Users\86198\Desktop\P-P\01_cleaned_protein_pdb\6b12_complex.pdb,4,117,148,1.71,A,C
6b3s,6b3s_complex.pdb,C:\Users\86198\Desktop\P-P\01_cleaned_protein_pdb\6b3s_complex.pdb,12,191,220,2.8,JK,I
6b6u,6b6u_complex.pdb,C:\Users\86198\Desktop\P-P\01_cleaned_protein_pdb\6b6u_complex.pdb,2,519,525,1.35,A,B
6b8n,6b8n_complex.pdb,C:\Users\86198\Desktop\P-P\01_cleaned_protein_pdb\6b8n_complex.pdb,8,70,146,2.2,E,F
6b9j,6b9j_complex.pdb,C:\Users\86198\Desktop\P-P\01_cleaned_protein_pdb\6b9j_complex.pdb,6,214,235,2.9,HL,X
6bck,6bck_complex.pdb,C:\Users\86198\Desktop\P-P\01_cleaned_protein_pdb\6bck_complex.pdb,3,199,352,2.7,HL,G
6bf4,6bf4_complex.pdb,C:\Users\86198\Desktop\P-P\01_cleaned_protein_pdb\6bf4_complex.pdb,6,218,344,2.38,HL,G
6bit,6bit_complex.pdb,C:\Users\86198\Desktop\P-P\01_cleaned_protein_pdb\6bit_complex.pdb,6,115,213,2.19,IK,H
6bkb,6bkb_complex.pdb,C:\Users\86198\Desktop\P-P\01_cleaned_protein_pdb\6bkb_complex.pdb,3,164,227,2.8,HL,E
6bkc,6bkc_complex.pdb,C:\Users\86198\Desktop\P-P\01_cleaned_protein_pdb\6bkc_complex.pdb,3,152,225,2.6,HL,E
6blh,6blh_complex.pdb,C:\Users\86198\Desktop\P-P\01_cleaned_protein_pdb\6blh_complex.pdb,3,35,223,2.0,HL,G
6bmt,6bmt_complex.pdb,C:\Users\86198\Desktop\P-P\01_cleaned_protein_pdb\6bmt_complex.pdb,2,70,579,2.4,A,B
6bva,6bva_complex.pdb,C:\Users\86198\Desktop\P-P\01_cleaned_protein_pdb\6bva_complex.pdb,6,40,162,2.66,DE,B
6bx4,6bx4_complex.pdb,C:\Users\86198\Desktop\P-P\01_cleaned_protein_pdb\6bx4_complex.pdb,4,96,123,2.55,B,D
6bx5,6bx5_complex.pdb,C:\Users\86198\Desktop\P-P\01_cleaned_protein_pdb\6bx5_complex.pdb,4,95,125,3.0,B,D
6bx8,6bx8_complex.pdb,C:\Users\86198\Desktop\P-P\01_cleaned_protein_pdb\6bx8_complex.pdb,8,53,224,1.98,A,B
6bxa,6bxa_complex.pdb,C:\Users\86198\Desktop\P-P\01_cleaned_protein_pdb\6bxa_complex.pdb,4,192,443,2.3,B,D
6bxc,6bxc_complex.pdb,C:\Users\86198\Desktop\P-P\01_cleaned_protein_pdb\6bxc_complex.pdb,4,165,441,2.5,A,C
6byh,6byh_complex.pdb,C:\Users\86198\Desktop\P-P\01_cleaned_protein_pdb\6byh_complex.pdb,9,39,163,2.61,AE,D
6c83,6c83_complex.pdb,C:\Users\86198\Desktop\P-P\01_cleaned_protein_pdb\6c83_complex.pdb,4,48,263,2.55,A,D
6cbp,6cbp_complex.pdb,C:\Users\86198\Desktop\P-P\01_cleaned_protein_pdb\6cbp_complex.pdb,2,30,235,2.17,P,A
6ch2,6ch2_complex.pdb,C:\Users\86198\Desktop\P-P\01_cleaned_protein_pdb\6ch2_complex.pdb,6,144,332,2.7,C,F
6ch3,6ch3_complex.pdb,C:\Users\86198\Desktop\P-P\01_cleaned_protein_pdb\6ch3_complex.pdb,2,162,331,2.68,A,B
6cmg,6cmg_complex.pdb,C:\Users\86198\Desktop\P-P\01_cleaned_protein_pdb\6cmg_complex.pdb,3,213,428,2.7,CB,A
6co2,6co2_complex.pdb,C:\Users\86198\Desktop\P-P\01_cleaned_protein_pdb\6co2_complex.pdb,4,118,180,2.49,B,C
6cug,6cug_complex.pdb,C:\Users\86198\Desktop\P-P\01_cleaned_protein_pdb\6cug_complex.pdb,4,97,276,2.4,DE,A
6cwg,6cwg_complex.pdb,C:\Users\86198\Desktop\P-P\01_cleaned_protein_pdb\6cwg_complex.pdb,4,127,263,2.6,C,D
6cxf,6cxf_complex.pdb,C:\Users\86198\Desktop\P-P\01_cleaned_protein_pdb\6cxf_complex.pdb,4,97,273,2.5,C,A
6d4p,6d4p_complex.pdb,C:\Users\86198\Desktop\P-P\01_cleaned_protein_pdb\6d4p_complex.pdb,2,74,149,2.11,A,C
6d68,6d68_complex.pdb,C:\Users\86198\Desktop\P-P\01_cleaned_protein_pdb\6d68_complex.pdb,4,74,167,2.36,A,C
6d7g,6d7g_complex.pdb,C:\Users\86198\Desktop\P-P\01_cleaned_protein_pdb\6d7g_complex.pdb,3,201,399,2.75,DE,A
6ddm,6ddm_complex.pdb,C:\Users\86198\Desktop\P-P\01_cleaned_protein_pdb\6ddm_complex.pdb,3,94,219,1.3,BA,C
6ddr,6ddr_complex.pdb,C:\Users\86198\Desktop\P-P\01_cleaned_protein_pdb\6ddr_complex.pdb,3,94,221,1.9,BA,C
6ddv,6ddv_complex.pdb,C:\Users\86198\Desktop\P-P\01_cleaned_protein_pdb\6ddv_complex.pdb,3,94,222,2.05,BA,C
6dg5,6dg5_complex.pdb,C:\Users\86198\Desktop\P-P\01_cleaned_protein_pdb\6dg5_complex.pdb,3,100,209,2.52,BC,A
6dgf,6dgf_complex.pdb,C:\Users\86198\Desktop\P-P\01_cleaned_protein_pdb\6dgf_complex.pdb,2,76,343,2.34,A,B
6dkj,6dkj_complex.pdb,C:\Users\86198\Desktop\P-P\01_cleaned_protein_pdb\6dkj_complex.pdb,6,102,222,1.95,AB,D
6dwf,6dwf_complex.pdb,C:\Users\86198\Desktop\P-P\01_cleaned_protein_pdb\6dwf_complex.pdb,12,163,223,1.94,B,H
6dwh,6dwh_complex.pdb,C:\Users\86198\Desktop\P-P\01_cleaned_protein_pdb\6dwh_complex.pdb,12,163,223,2.0,D,J
6e62,6e62_complex.pdb,C:\Users\86198\Desktop\P-P\01_cleaned_protein_pdb\6e62_complex.pdb,6,137,220,2.7,BC,A
6e63,6e63_complex.pdb,C:\Users\86198\Desktop\P-P\01_cleaned_protein_pdb\6e63_complex.pdb,6,134,222,2.6,BC,A
6eg0,6eg0_complex.pdb,C:\Users\86198\Desktop\P-P\01_cleaned_protein_pdb\6eg0_complex.pdb,2,201,309,2.9,A,B
6eg1,6eg1_complex.pdb,C:\Users\86198\Desktop\P-P\01_cleaned_protein_pdb\6eg1_complex.pdb,4,219,295,2.95,C,D
6ehg,6ehg_complex.pdb,C:\Users\86198\Desktop\P-P\01_cleaned_protein_pdb\6ehg_complex.pdb,3,124,911,2.65,AB,C
6ejg,6ejg_complex.pdb,C:\Users\86198\Desktop\P-P\01_cleaned_protein_pdb\6ejg_complex.pdb,4,89,231,2.82,A,C
6ejm,6ejm_complex.pdb,C:\Users\86198\Desktop\P-P\01_cleaned_protein_pdb\6ejm_complex.pdb,4,91,229,2.15,B,H
6er6,6er6_complex.pdb,C:\Users\86198\Desktop\P-P\01_cleaned_protein_pdb\6er6_complex.pdb,2,88,127,1.56,B,A
6ere,6ere_complex.pdb,C:\Users\86198\Desktop\P-P\01_cleaned_protein_pdb\6ere_complex.pdb,4,83,129,2.25,B,C
6ewb,6ewb_complex.pdb,C:\Users\86198\Desktop\P-P\01_cleaned_protein_pdb\6ewb_complex.pdb,12,209,310,2.78,HL,B
6f2g,6f2g_complex.pdb,C:\Users\86198\Desktop\P-P\01_cleaned_protein_pdb\6f2g_complex.pdb,2,131,430,2.92,A,B
6f3z,6f3z_complex.pdb,C:\Users\86198\Desktop\P-P\01_cleaned_protein_pdb\6f3z_complex.pdb,4,188,230,2.0,C,D
6fc2,6fc2_complex.pdb,C:\Users\86198\Desktop\P-P\01_cleaned_protein_pdb\6fc2_complex.pdb,4,60,183,1.92,A,B
6fc3,6fc3_complex.pdb,C:\Users\86198\Desktop\P-P\01_cleaned_protein_pdb\6fc3_complex.pdb,2,48,179,1.75,A,B
6fe4,6fe4_complex.pdb,C:\Users\86198\Desktop\P-P\01_cleaned_protein_pdb\6fe4_complex.pdb,10,70,119,3.0,A,F
6ff3,6ff3_complex.pdb,C:\Users\86198\Desktop\P-P\01_cleaned_protein_pdb\6ff3_complex.pdb,2,40,210,2.57,A,B
6fg1,6fg1_complex.pdb,C:\Users\86198\Desktop\P-P\01_cleaned_protein_pdb\6fg1_complex.pdb,4,211,236,2.03,AD,HL
6fg2,6fg2_complex.pdb,C:\Users\86198\Desktop\P-P\01_cleaned_protein_pdb\6fg2_complex.pdb,8,211,225,2.79,DE,MI
6fg8,6fg8_complex.pdb,C:\Users\86198\Desktop\P-P\01_cleaned_protein_pdb\6fg8_complex.pdb,2,188,189,1.25,A,B
6fgb,6fgb_complex.pdb,C:\Users\86198\Desktop\P-P\01_cleaned_protein_pdb\6fgb_complex.pdb,4,99,265,2.9,HL,A
6fgo,6fgo_complex.pdb,C:\Users\86198\Desktop\P-P\01_cleaned_protein_pdb\6fgo_complex.pdb,8,64,209,2.5,A,E
6fhp,6fhp_complex.pdb,C:\Users\86198\Desktop\P-P\01_cleaned_protein_pdb\6fhp_complex.pdb,4,59,342,1.7,B,D
6flb,6flb_complex.pdb,C:\Users\86198\Desktop\P-P\01_cleaned_protein_pdb\6flb_complex.pdb,3,100,218,2.2,HL,G
6flc,6flc_complex.pdb,C:\Users\86198\Desktop\P-P\01_cleaned_protein_pdb\6flc_complex.pdb,6,97,221,2.0,HL,G
6fp7,6fp7_complex.pdb,C:\Users\86198\Desktop\P-P\01_cleaned_protein_pdb\6fp7_complex.pdb,2,163,225,1.58,A,B
6fpg,6fpg_complex.pdb,C:\Users\86198\Desktop\P-P\01_cleaned_protein_pdb\6fpg_complex.pdb,8,159,266,1.8,G,H
6fq0,6fq0_complex.pdb,C:\Users\86198\Desktop\P-P\01_cleaned_protein_pdb\6fq0_complex.pdb,4,144,239,2.5,C,D
6fto,6fto_complex.pdb,C:\Users\86198\Desktop\P-P\01_cleaned_protein_pdb\6fto_complex.pdb,3,66,75,1.6,A,C
6fu9,6fu9_complex.pdb,C:\Users\86198\Desktop\P-P\01_cleaned_protein_pdb\6fu9_complex.pdb,4,79,87,1.2,A,B
6fub,6fub_complex.pdb,C:\Users\86198\Desktop\P-P\01_cleaned_protein_pdb\6fub_complex.pdb,2,81,93,1.3,B,A
6fud,6fud_complex.pdb,C:\Users\86198\Desktop\P-P\01_cleaned_protein_pdb\6fud_complex.pdb,2,77,81,1.3,A,B
6fuz,6fuz_complex.pdb,C:\Users\86198\Desktop\P-P\01_cleaned_protein_pdb\6fuz_complex.pdb,2,112,267,2.7,A,N
6fv0,6fv0_complex.pdb,C:\Users\86198\Desktop\P-P\01_cleaned_protein_pdb\6fv0_complex.pdb,2,114,270,2.29,A,F
6g10,6g10_complex.pdb,C:\Users\86198\Desktop\P-P\01_cleaned_protein_pdb\6g10_complex.pdb,3,71,83,1.35,B,C
6gbg,6gbg_complex.pdb,C:\Users\86198\Desktop\P-P\01_cleaned_protein_pdb\6gbg_complex.pdb,2,110,367,2.8,D,A
6gbh,6gbh_complex.pdb,C:\Users\86198\Desktop\P-P\01_cleaned_protein_pdb\6gbh_complex.pdb,4,108,357,2.59,B,A
6gfi,6gfi_complex.pdb,C:\Users\86198\Desktop\P-P\01_cleaned_protein_pdb\6gfi_complex.pdb,4,56,224,2.3,A,E
6gho,6gho_complex.pdb,C:\Users\86198\Desktop\P-P\01_cleaned_protein_pdb\6gho_complex.pdb,2,126,274,1.79,A,B
6gjq,6gjq_complex.pdb,C:\Users\86198\Desktop\P-P\01_cleaned_protein_pdb\6gjq_complex.pdb,8,121,195,2.49,G,H
6gku,6gku_complex.pdb,C:\Users\86198\Desktop\P-P\01_cleaned_protein_pdb\6gku_complex.pdb,3,140,222,1.91,HL,A
6gtq,6gtq_complex.pdb,C:\Users\86198\Desktop\P-P\01_cleaned_protein_pdb\6gtq_complex.pdb,4,37,172,2.49,A,C
6gum,6gum_complex.pdb,C:\Users\86198\Desktop\P-P\01_cleaned_protein_pdb\6gum_complex.pdb,2,111,155,1.79,A,B
6gwc,6gwc_complex.pdb,C:\Users\86198\Desktop\P-P\01_cleaned_protein_pdb\6gwc_complex.pdb,3,217,437,2.6,A,C
6h15,6h15_complex.pdb,C:\Users\86198\Desktop\P-P\01_cleaned_protein_pdb\6h15_complex.pdb,4,123,616,2.6,A,C
6h16,6h16_complex.pdb,C:\Users\86198\Desktop\P-P\01_cleaned_protein_pdb\6h16_complex.pdb,2,119,618,2.9,A,B
6h2y,6h2y_complex.pdb,C:\Users\86198\Desktop\P-P\01_cleaned_protein_pdb\6h2y_complex.pdb,3,212,223,2.65,HL,D
6h3t,6h3t_complex.pdb,C:\Users\86198\Desktop\P-P\01_cleaned_protein_pdb\6h3t_complex.pdb,6,113,232,2.84,HL,A
6h46,6h46_complex.pdb,C:\Users\86198\Desktop\P-P\01_cleaned_protein_pdb\6h46_complex.pdb,2,156,168,2.22,A,B
6h47,6h47_complex.pdb,C:\Users\86198\Desktop\P-P\01_cleaned_protein_pdb\6h47_complex.pdb,2,155,166,1.7,A,B
6h6y,6h6y_complex.pdb,C:\Users\86198\Desktop\P-P\01_cleaned_protein_pdb\6h6y_complex.pdb,8,116,290,1.58,D,H
6h6z,6h6z_complex.pdb,C:\Users\86198\Desktop\P-P\01_cleaned_protein_pdb\6h6z_complex.pdb,4,126,291,2.09,A,D
6h71,6h71_complex.pdb,C:\Users\86198\Desktop\P-P\01_cleaned_protein_pdb\6h71_complex.pdb,4,121,288,2.31,A,C
6har,6har_complex.pdb,C:\Users\86198\Desktop\P-P\01_cleaned_protein_pdb\6har_complex.pdb,2,54,224,1.5,A,E
6her,6her_complex.pdb,C:\Users\86198\Desktop\P-P\01_cleaned_protein_pdb\6her_complex.pdb,2,110,124,1.2,A,B
6hhc,6hhc_complex.pdb,C:\Users\86198\Desktop\P-P\01_cleaned_protein_pdb\6hhc_complex.pdb,3,213,236,2.7,HL,A
6hpr,6hpr_complex.pdb,C:\Users\86198\Desktop\P-P\01_cleaned_protein_pdb\6hpr_complex.pdb,4,63,146,1.7,A,CD
6hul,6hul_complex.pdb,C:\Users\86198\Desktop\P-P\01_cleaned_protein_pdb\6hul_complex.pdb,2,241,416,2.55,A,B
6i07,6i07_complex.pdb,C:\Users\86198\Desktop\P-P\01_cleaned_protein_pdb\6i07_complex.pdb,4,226,236,2.35,A,C
6i2m,6i2m_complex.pdb,C:\Users\86198\Desktop\P-P\01_cleaned_protein_pdb\6i2m_complex.pdb,2,196,358,2.3,A,B
6i3f,6i3f_complex.pdb,C:\Users\86198\Desktop\P-P\01_cleaned_protein_pdb\6i3f_complex.pdb,2,338,457,2.55,A,B
6ib8,6ib8_complex.pdb,C:\Users\86198\Desktop\P-P\01_cleaned_protein_pdb\6ib8_complex.pdb,3,65,270,1.65,A,C
6iea,6iea_complex.pdb,C:\Users\86198\Desktop\P-P\01_cleaned_protein_pdb\6iea_complex.pdb,3,218,315,2.0,HL,A
6ieb,6ieb_complex.pdb,C:\Users\86198\Desktop\P-P\01_cleaned_protein_pdb\6ieb_complex.pdb,6,204,299,2.41,EF,B
6ihb,6ihb_complex.pdb,C:\Users\86198\Desktop\P-P\01_cleaned_protein_pdb\6ihb_complex.pdb,2,94,517,2.84,R,A
6imf,6imf_complex.pdb,C:\Users\86198\Desktop\P-P\01_cleaned_protein_pdb\6imf_complex.pdb,2,89,220,2.3,A,B
6in9,6in9_complex.pdb,C:\Users\86198\Desktop\P-P\01_cleaned_protein_pdb\6in9_complex.pdb,4,45,291,1.8,B,C
6ird,6ird_complex.pdb,C:\Users\86198\Desktop\P-P\01_cleaned_protein_pdb\6ird_complex.pdb,2,190,259,2.81,B,C
6isc,6isc_complex.pdb,C:\Users\86198\Desktop\P-P\01_cleaned_protein_pdb\6isc_complex.pdb,2,118,222,2.2,A,B
6isu,6isu_complex.pdb,C:\Users\86198\Desktop\P-P\01_cleaned_protein_pdb\6isu_complex.pdb,3,75,227,1.87,A,B
6ivz,6ivz_complex.pdb,C:\Users\86198\Desktop\P-P\01_cleaned_protein_pdb\6ivz_complex.pdb,3,106,391,2.4,HL,A
6iwd,6iwd_complex.pdb,C:\Users\86198\Desktop\P-P\01_cleaned_protein_pdb\6iwd_complex.pdb,2,49,293,1.8,A,B
6j11,6j11_complex.pdb,C:\Users\86198\Desktop\P-P\01_cleaned_protein_pdb\6j11_complex.pdb,9,111,336,3.0,HL,A
6j14,6j14_complex.pdb,C:\Users\86198\Desktop\P-P\01_cleaned_protein_pdb\6j14_complex.pdb,3,106,117,1.4,AB,G
6j4o,6j4o_complex.pdb,C:\Users\86198\Desktop\P-P\01_cleaned_protein_pdb\6j4o_complex.pdb,2,35,233,2.3,A,B
6j4s,6j4s_complex.pdb,C:\Users\86198\Desktop\P-P\01_cleaned_protein_pdb\6j4s_complex.pdb,2,32,250,2.8,A,B
6j5d,6j5d_complex.pdb,C:\Users\86198\Desktop\P-P\01_cleaned_protein_pdb\6j5d_complex.pdb,3,94,120,1.8,HL,A
6j5f,6j5f_complex.pdb,C:\Users\86198\Desktop\P-P\01_cleaned_protein_pdb\6j5f_complex.pdb,3,94,120,1.8,HL,A
6j6y,6j6y_complex.pdb,C:\Users\86198\Desktop\P-P\01_cleaned_protein_pdb\6j6y_complex.pdb,6,101,221,2.15,EF,D
6j7w,6j7w_complex.pdb,C:\Users\86198\Desktop\P-P\01_cleaned_protein_pdb\6j7w_complex.pdb,4,36,118,2.6,A,C
6jb2,6jb2_complex.pdb,C:\Users\86198\Desktop\P-P\01_cleaned_protein_pdb\6jb2_complex.pdb,2,126,129,1.5,A,B
6jb8,6jb8_complex.pdb,C:\Users\86198\Desktop\P-P\01_cleaned_protein_pdb\6jb8_complex.pdb,2,125,129,1.65,A,B
6jbt,6jbt_complex.pdb,C:\Users\86198\Desktop\P-P\01_cleaned_protein_pdb\6jbt_complex.pdb,3,118,223,2.47,HL,F
6jdj,6jdj_complex.pdb,C:\Users\86198\Desktop\P-P\01_cleaned_protein_pdb\6jdj_complex.pdb,3,62,119,2.6,B,C
6jep,6jep_complex.pdb,C:\Users\86198\Desktop\P-P\01_cleaned_protein_pdb\6jep_complex.pdb,6,101,235,2.32,KI,F
6jhw,6jhw_complex.pdb,C:\Users\86198\Desktop\P-P\01_cleaned_protein_pdb\6jhw_complex.pdb,4,116,138,2.04,A,B
6jjp,6jjp_complex.pdb,C:\Users\86198\Desktop\P-P\01_cleaned_protein_pdb\6jjp_complex.pdb,6,117,220,2.9,AB,C
6k0y,6k0y_complex.pdb,C:\Users\86198\Desktop\P-P\01_cleaned_protein_pdb\6k0y_complex.pdb,3,116,218,1.7,AB,C
6k4k,6k4k_complex.pdb,C:\Users\86198\Desktop\P-P\01_cleaned_protein_pdb\6k4k_complex.pdb,4,118,750,2.72,A,C
6k7o,6k7o_complex.pdb,C:\Users\86198\Desktop\P-P\01_cleaned_protein_pdb\6k7o_complex.pdb,12,94,225,3.0,DE,Q
6kbr,6kbr_complex.pdb,C:\Users\86198\Desktop\P-P\01_cleaned_protein_pdb\6kbr_complex.pdb,2,55,223,2.0,A,C
6km7,6km7_complex.pdb,C:\Users\86198\Desktop\P-P\01_cleaned_protein_pdb\6km7_complex.pdb,4,32,313,1.8,B,D
6m7l,6m7l_complex.pdb,C:\Users\86198\Desktop\P-P\01_cleaned_protein_pdb\6m7l_complex.pdb,2,379,433,2.65,B,A
6m9k,6m9k_complex.pdb,C:\Users\86198\Desktop\P-P\01_cleaned_protein_pdb\6m9k_complex.pdb,6,63,226,2.3,C,F
6mav,6mav_complex.pdb,C:\Users\86198\Desktop\P-P\01_cleaned_protein_pdb\6mav_complex.pdb,2,161,179,2.37,A,B
6mba,6mba_complex.pdb,C:\Users\86198\Desktop\P-P\01_cleaned_protein_pdb\6mba_complex.pdb,2,137,145,1.8,A,B
6mft,6mft_complex.pdb,C:\Users\86198\Desktop\P-P\01_cleaned_protein_pdb\6mft_complex.pdb,6,208,342,2.32,HL,G
6mgp,6mgp_complex.pdb,C:\Users\86198\Desktop\P-P\01_cleaned_protein_pdb\6mgp_complex.pdb,6,143,154,2.13,B,Y
6mhr,6mhr_complex.pdb,C:\Users\86198\Desktop\P-P\01_cleaned_protein_pdb\6mhr_complex.pdb,6,140,222,2.8,DE,F
6mi2,6mi2_complex.pdb,C:\Users\86198\Desktop\P-P\01_cleaned_protein_pdb\6mi2_complex.pdb,6,133,217,2.72,AB,C
6mkz,6mkz_complex.pdb,C:\Users\86198\Desktop\P-P\01_cleaned_protein_pdb\6mkz_complex.pdb,4,85,165,2.65,C,B
6mlk,6mlk_complex.pdb,C:\Users\86198\Desktop\P-P\01_cleaned_protein_pdb\6mlk_complex.pdb,3,217,264,2.45,HL,A
6mm6,6mm6_complex.pdb,C:\Users\86198\Desktop\P-P\01_cleaned_protein_pdb\6mm6_complex.pdb,4,204,331,2.39,E,F
6moe,6moe_complex.pdb,C:\Users\86198\Desktop\P-P\01_cleaned_protein_pdb\6moe_complex.pdb,4,161,217,2.09,A,D
6mss,6mss_complex.pdb,C:\Users\86198\Desktop\P-P\01_cleaned_protein_pdb\6mss_complex.pdb,4,98,274,3.0,AB,CD
6mud,6mud_complex.pdb,C:\Users\86198\Desktop\P-P\01_cleaned_protein_pdb\6mud_complex.pdb,2,136,147,2.69,A,B
6mvl,6mvl_complex.pdb,C:\Users\86198\Desktop\P-P\01_cleaned_protein_pdb\6mvl_complex.pdb,3,147,224,1.61,HL,A
6n6r,6n6r_complex.pdb,C:\Users\86198\Desktop\P-P\01_cleaned_protein_pdb\6n6r_complex.pdb,4,67,150,1.95,A,D
6n85,6n85_complex.pdb,C:\Users\86198\Desktop\P-P\01_cleaned_protein_pdb\6n85_complex.pdb,2,393,426,2.5,B,M
6n9d,6n9d_complex.pdb,C:\Users\86198\Desktop\P-P\01_cleaned_protein_pdb\6n9d_complex.pdb,2,161,179,2.67,A,B
6ndz,6ndz_complex.pdb,C:\Users\86198\Desktop\P-P\01_cleaned_protein_pdb\6ndz_complex.pdb,6,120,190,2.26,A,B
6ne2,6ne2_complex.pdb,C:\Users\86198\Desktop\P-P\01_cleaned_protein_pdb\6ne2_complex.pdb,2,119,193,1.3,B,A
6ne4,6ne4_complex.pdb,C:\Users\86198\Desktop\P-P\01_cleaned_protein_pdb\6ne4_complex.pdb,2,119,194,1.65,B,A
6nha,6nha_complex.pdb,C:\Users\86198\Desktop\P-P\01_cleaned_protein_pdb\6nha_complex.pdb,4,99,264,2.38,HL,AB
6nmr,6nmr_complex.pdb,C:\Users\86198\Desktop\P-P\01_cleaned_protein_pdb\6nmr_complex.pdb,12,112,221,2.42,HL,S
6nms,6nms_complex.pdb,C:\Users\86198\Desktop\P-P\01_cleaned_protein_pdb\6nms_complex.pdb,6,116,221,2.11,HL,S
6nmt,6nmt_complex.pdb,C:\Users\86198\Desktop\P-P\01_cleaned_protein_pdb\6nmt_complex.pdb,3,115,220,1.83,BA,C
6nmu,6nmu_complex.pdb,C:\Users\86198\Desktop\P-P\01_cleaned_protein_pdb\6nmu_complex.pdb,6,114,222,2.55,HL,S
6nmv,6nmv_complex.pdb,C:\Users\86198\Desktop\P-P\01_cleaned_protein_pdb\6nmv_complex.pdb,3,116,215,2.61,HL,S
6nrw,6nrw_complex.pdb,C:\Users\86198\Desktop\P-P\01_cleaned_protein_pdb\6nrw_complex.pdb,4,105,108,2.4,A,B
6o07,6o07_complex.pdb,C:\Users\86198\Desktop\P-P\01_cleaned_protein_pdb\6o07_complex.pdb,3,137,774,2.7,BC,A
6o1f,6o1f_complex.pdb,C:\Users\86198\Desktop\P-P\01_cleaned_protein_pdb\6o1f_complex.pdb,4,177,243,2.15,HL,AI
6o39,6o39_complex.pdb,C:\Users\86198\Desktop\P-P\01_cleaned_protein_pdb\6o39_complex.pdb,3,120,221,1.8,BA,C
6o3a,6o3a_complex.pdb,C:\Users\86198\Desktop\P-P\01_cleaned_protein_pdb\6o3a_complex.pdb,3,118,218,2.1,BA,E
6o3b,6o3b_complex.pdb,C:\Users\86198\Desktop\P-P\01_cleaned_protein_pdb\6o3b_complex.pdb,6,124,221,2.5,BA,C
6o3o,6o3o_complex.pdb,C:\Users\86198\Desktop\P-P\01_cleaned_protein_pdb\6o3o_complex.pdb,4,212,302,2.8,A,C
6o60,6o60_complex.pdb,C:\Users\86198\Desktop\P-P\01_cleaned_protein_pdb\6o60_complex.pdb,4,159,392,2.5,CD,A
6oan,6oan_complex.pdb,C:\Users\86198\Desktop\P-P\01_cleaned_protein_pdb\6oan_complex.pdb,4,228,268,2.9,A,B
6obn,6obn_complex.pdb,C:\Users\86198\Desktop\P-P\01_cleaned_protein_pdb\6obn_complex.pdb,4,283,298,2.7,A,C
6oc3,6oc3_complex.pdb,C:\Users\86198\Desktop\P-P\01_cleaned_protein_pdb\6oc3_complex.pdb,6,212,227,2.85,AB,F
6og4,6og4_complex.pdb,C:\Users\86198\Desktop\P-P\01_cleaned_protein_pdb\6og4_complex.pdb,3,34,83,1.7,A,C
6on9,6on9_complex.pdb,C:\Users\86198\Desktop\P-P\01_cleaned_protein_pdb\6on9_complex.pdb,2,110,116,2.0,A,B
6oor,6oor_complex.pdb,C:\Users\86198\Desktop\P-P\01_cleaned_protein_pdb\6oor_complex.pdb,4,99,273,2.45,HL,A
6oqq,6oqq_complex.pdb,C:\Users\86198\Desktop\P-P\01_cleaned_protein_pdb\6oqq_complex.pdb,4,142,748,2.1,A,B
6otc,6otc_complex.pdb,C:\Users\86198\Desktop\P-P\01_cleaned_protein_pdb\6otc_complex.pdb,3,122,221,1.7,HL,A
6oy4,6oy4_complex.pdb,C:\Users\86198\Desktop\P-P\01_cleaned_protein_pdb\6oy4_complex.pdb,3,129,221,2.45,DC,A
6p50,6p50_complex.pdb,C:\Users\86198\Desktop\P-P\01_cleaned_protein_pdb\6p50_complex.pdb,3,93,223,2.9,HL,C
6p67,6p67_complex.pdb,C:\Users\86198\Desktop\P-P\01_cleaned_protein_pdb\6p67_complex.pdb,12,194,223,2.9,CD,J
6p7y,6p7y_complex.pdb,C:\Users\86198\Desktop\P-P\01_cleaned_protein_pdb\6p7y_complex.pdb,4,141,430,2.84,C,D
6phb,6phb_complex.pdb,C:\Users\86198\Desktop\P-P\01_cleaned_protein_pdb\6phb_complex.pdb,6,175,220,2.0,BA,E
6phc,6phc_complex.pdb,C:\Users\86198\Desktop\P-P\01_cleaned_protein_pdb\6phc_complex.pdb,6,159,228,2.9,CD,E
6plk,6plk_complex.pdb,C:\Users\86198\Desktop\P-P\01_cleaned_protein_pdb\6plk_complex.pdb,6,103,225,2.3,IM,F
6plm,6plm_complex.pdb,C:\Users\86198\Desktop\P-P\01_cleaned_protein_pdb\6plm_complex.pdb,4,145,757,2.59,B,D
6pnp,6pnp_complex.pdb,C:\Users\86198\Desktop\P-P\01_cleaned_protein_pdb\6pnp_complex.pdb,2,146,193,1.94,A,B
6pnq,6pnq_complex.pdb,C:\Users\86198\Desktop\P-P\01_cleaned_protein_pdb\6pnq_complex.pdb,2,143,198,1.95,A,B
6ppg,6ppg_complex.pdb,C:\Users\86198\Desktop\P-P\01_cleaned_protein_pdb\6ppg_complex.pdb,6,121,226,2.75,BA,G
6pxh,6pxh_complex.pdb,C:\Users\86198\Desktop\P-P\01_cleaned_protein_pdb\6pxh_complex.pdb,6,218,341,2.3,HL,B
6q0h,6q0h_complex.pdb,C:\Users\86198\Desktop\P-P\01_cleaned_protein_pdb\6q0h_complex.pdb,3,211,232,2.75,HL,A
6q0o,6q0o_complex.pdb,C:\Users\86198\Desktop\P-P\01_cleaned_protein_pdb\6q0o_complex.pdb,3,211,232,3.0,ZB,A
6q18,6q18_complex.pdb,C:\Users\86198\Desktop\P-P\01_cleaned_protein_pdb\6q18_complex.pdb,3,210,231,2.55,HL,A
6q69,6q69_complex.pdb,C:\Users\86198\Desktop\P-P\01_cleaned_protein_pdb\6q69_complex.pdb,4,43,128,2.75,A,B
6qb3,6qb3_complex.pdb,C:\Users\86198\Desktop\P-P\01_cleaned_protein_pdb\6qb3_complex.pdb,2,150,228,1.9,A,X
6qb6,6qb6_complex.pdb,C:\Users\86198\Desktop\P-P\01_cleaned_protein_pdb\6qb6_complex.pdb,3,159,218,2.24,HL,A
6r2g,6r2g_complex.pdb,C:\Users\86198\Desktop\P-P\01_cleaned_protein_pdb\6r2g_complex.pdb,2,34,161,1.9,A,C
6r8x,6r8x_complex.pdb,C:\Users\86198\Desktop\P-P\01_cleaned_protein_pdb\6r8x_complex.pdb,3,211,232,2.04,CB,A
6rhv,6rhv_complex.pdb,C:\Users\86198\Desktop\P-P\01_cleaned_protein_pdb\6rhv_complex.pdb,3,170,288,2.29,GH,C
6rhw,6rhw_complex.pdb,C:\Users\86198\Desktop\P-P\01_cleaned_protein_pdb\6rhw_complex.pdb,3,168,288,2.75,GH,C
6s29,6s29_complex.pdb,C:\Users\86198\Desktop\P-P\01_cleaned_protein_pdb\6s29_complex.pdb,4,57,404,1.99,C,D
6s53,6s53_complex.pdb,C:\Users\86198\Desktop\P-P\01_cleaned_protein_pdb\6s53_complex.pdb,12,76,149,2.8,CD,A
6s8s,6s8s_complex.pdb,C:\Users\86198\Desktop\P-P\01_cleaned_protein_pdb\6s8s_complex.pdb,4,37,173,2.21,A,B
6sak,6sak_complex.pdb,C:\Users\86198\Desktop\P-P\01_cleaned_protein_pdb\6sak_complex.pdb,4,95,274,2.0,A,C
6saz,6saz_complex.pdb,C:\Users\86198\Desktop\P-P\01_cleaned_protein_pdb\6saz_complex.pdb,4,199,247,3.0,C,D
6u2h,6u2h_complex.pdb,C:\Users\86198\Desktop\P-P\01_cleaned_protein_pdb\6u2h_complex.pdb,4,230,285,2.5,A,D
6u8c,6u8c_complex.pdb,C:\Users\86198\Desktop\P-P\01_cleaned_protein_pdb\6u8c_complex.pdb,6,57,228,2.61,HL,A
6umt,6umt_complex.pdb,C:\Users\86198\Desktop\P-P\01_cleaned_protein_pdb\6umt_complex.pdb,2,102,117,1.99,A,B
6uvo,6uvo_complex.pdb,C:\Users\86198\Desktop\P-P\01_cleaned_protein_pdb\6uvo_complex.pdb,3,30,229,2.9,HL,D
