database,target,identity_%,coverage_%,alignment_length,possible_leakage
ligand_sequences.fasta,2cjs_complex,66.67,100.0,194,True
ligand_sequences.fasta,1bvn_complex,50.0,100.0,194,True
receptor_sequences.fasta,4doh_complex,44.44,100.0,194,False
ligand_sequences.fasta,2wx0_complex,44.44,100.0,194,False
receptor_sequences.fasta,1lp1_complex,42.86,100.0,194,False
receptor_sequences.fasta,3vpj_complex,42.86,100.0,194,False
receptor_sequences.fasta,4eqa_complex,42.86,100.0,194,False
ligand_sequences.fasta,1p27_complex,42.86,100.0,194,False
ligand_sequences.fasta,3mzw_complex,42.86,100.0,194,False
receptor_sequences.fasta,4ios_complex,41.67,100.0,194,False
receptor_sequences.fasta,5k22_complex,40.0,100.0,194,False
ligand_sequences.fasta,5uv8_complex,35.0,100.0,194,False
receptor_sequences.fasta,3f4y_complex,33.33,100.0,194,False
receptor_sequences.fasta,3g7a_complex,33.33,100.0,194,False
ligand_sequences.fasta,3t0y_complex,31.25,100.0,194,False
ligand_sequences.fasta,3qq8_complex,30.77,100.0,194,False
ligand_sequences.fasta,1wej_complex,30.0,100.0,194,False
ligand_sequences.fasta,2pcb_complex,30.0,100.0,194,False
receptor_sequences.fasta,5ep6_complex,29.41,100.0,194,False
ligand_sequences.fasta,3qc8_complex,28.57,100.0,194,False
ligand_sequences.fasta,4kr0_complex,27.78,100.0,194,False
ligand_sequences.fasta,4qzv_complex,27.78,100.0,194,False
ligand_sequences.fasta,4zpt_complex,27.78,100.0,194,False
ligand_sequences.fasta,5do2_complex,27.78,100.0,194,False
receptor_sequences.fasta,5c4v_complex,27.59,100.0,194,False
receptor_sequences.fasta,3a6b_complex,26.67,100.0,194,False
receptor_sequences.fasta,3a6c_complex,26.67,100.0,194,False
receptor_sequences.fasta,3qwo_complex,26.67,100.0,194,False
receptor_sequences.fasta,4hjj_complex,26.67,100.0,194,False
receptor_sequences.fasta,4i77_complex,26.67,100.0,194,False
receptor_sequences.fasta,4jlr_complex,26.67,100.0,194,False
ligand_sequences.fasta,2zvn_complex,26.67,100.0,194,False
ligand_sequences.fasta,2zvo_complex,26.67,100.0,194,False
ligand_sequences.fasta,4jpk_complex,26.67,100.0,194,False
ligand_sequences.fasta,5ies_complex,26.67,100.0,194,False
receptor_sequences.fasta,2f5z_complex,26.32,100.0,194,False
ligand_sequences.fasta,1d6r_complex,26.32,100.0,194,False
ligand_sequences.fasta,4aor_complex,26.32,100.0,194,False
ligand_sequences.fasta,5fob_complex,26.18,100.0,194,False
ligand_sequences.fasta,1cn4_complex,26.09,100.0,194,False
receptor_sequences.fasta,2cjs_complex,25.0,100.0,194,False
receptor_sequences.fasta,4kt5_complex,25.0,100.0,194,False
receptor_sequences.fasta,6b8n_complex,25.0,100.0,194,False
ligand_sequences.fasta,2j0t_complex,25.0,100.0,194,False
ligand_sequences.fasta,3mjh_complex,25.0,100.0,194,False
ligand_sequences.fasta,3uc0_complex,25.0,100.0,194,False
ligand_sequences.fasta,3wqb_complex,25.0,100.0,194,False
ligand_sequences.fasta,4aoq_complex,25.0,100.0,194,False
ligand_sequences.fasta,5z7g_complex,25.0,100.0,194,False
ligand_sequences.fasta,5z7l_complex,25.0,100.0,194,False
ligand_sequences.fasta,6fgb_complex,25.0,100.0,194,False
ligand_sequences.fasta,3vux_complex,24.14,100.0,194,False
receptor_sequences.fasta,5cw7_complex,23.53,100.0,194,False
ligand_sequences.fasta,1u7f_complex,23.53,100.0,194,False
ligand_sequences.fasta,1u7v_complex,23.53,100.0,194,False
ligand_sequences.fasta,4udm_complex,23.53,100.0,194,False
ligand_sequences.fasta,1go4_complex,23.26,100.0,194,False
ligand_sequences.fasta,4je4_complex,22.92,100.0,194,False
receptor_sequences.fasta,3c9a_complex,22.73,100.0,194,False
ligand_sequences.fasta,5kxh_complex,22.73,100.0,194,False
ligand_sequences.fasta,6mkz_complex,22.73,100.0,194,False
receptor_sequences.fasta,3brv_complex,22.58,100.0,194,False
ligand_sequences.fasta,4m6b_complex,22.58,100.0,194,False
receptor_sequences.fasta,1eer_complex,22.22,100.0,194,False
ligand_sequences.fasta,2g81_complex,22.22,100.0,194,False
receptor_sequences.fasta,4i0c_complex,21.88,100.0,194,False
receptor_sequences.fasta,4ml7_complex,21.88,100.0,194,False
ligand_sequences.fasta,1op9_complex,21.88,100.0,194,False
ligand_sequences.fasta,3eba_complex,21.88,100.0,194,False
ligand_sequences.fasta,5nus_complex,21.88,100.0,194,False
ligand_sequences.fasta,6j4s_complex,21.88,100.0,194,False
ligand_sequences.fasta,6qb3_complex,21.88,100.0,194,False
ligand_sequences.fasta,1l2w_complex,21.43,100.0,194,False
ligand_sequences.fasta,6fhp_complex,21.43,100.0,194,False
receptor_sequences.fasta,3m18_complex,21.21,100.0,194,False
ligand_sequences.fasta,1gl1_complex,21.21,100.0,194,False
ligand_sequences.fasta,4imy_complex,21.21,100.0,194,False
receptor_sequences.fasta,1e6e_complex,21.05,100.0,194,False
receptor_sequences.fasta,3jsv_complex,21.05,100.0,194,False
receptor_sequences.fasta,5jyl_complex,21.05,100.0,194,False
ligand_sequences.fasta,3ejj_complex,21.05,100.0,194,False
ligand_sequences.fasta,3k6g_complex,21.05,100.0,194,False
ligand_sequences.fasta,5me5_complex,21.05,100.0,194,False
ligand_sequences.fasta,5xjo_complex,21.05,100.0,194,False
ligand_sequences.fasta,5hpk_complex,20.93,100.0,194,False
receptor_sequences.fasta,3it8_complex,20.83,100.0,194,False
ligand_sequences.fasta,4jeg_complex,20.83,100.0,194,False
receptor_sequences.fasta,3wn5_complex,20.69,100.0,194,False
receptor_sequences.fasta,4z2m_complex,20.69,100.0,194,False
receptor_sequences.fasta,5bw7_complex,20.69,100.0,194,False
ligand_sequences.fasta,3vhx_complex,20.69,100.0,194,False
receptor_sequences.fasta,4hep_complex,20.59,100.0,194,False
ligand_sequences.fasta,2j5l_complex,20.59,100.0,194,False
receptor_sequences.fasta,6p7y_complex,20.51,100.0,194,False
ligand_sequences.fasta,4pas_complex,20.51,100.0,194,False
receptor_sequences.fasta,2b4j_complex,20.0,100.0,194,False
receptor_sequences.fasta,2xtt_complex,20.0,100.0,194,False
receptor_sequences.fasta,3rkd_complex,20.0,100.0,194,False
receptor_sequences.fasta,4w4o_complex,20.0,100.0,194,False
receptor_sequences.fasta,5ays_complex,20.0,100.0,194,False
receptor_sequences.fasta,5dfv_complex,20.0,100.0,194,False
ligand_sequences.fasta,2w83_complex,20.0,100.0,194,False
ligand_sequences.fasta,3lh2_complex,20.0,100.0,194,False
ligand_sequences.fasta,6blh_complex,20.0,100.0,194,False
ligand_sequences.fasta,5oc7_complex,19.61,100.0,194,False
receptor_sequences.fasta,3ujg_complex,19.51,100.0,194,False
ligand_sequences.fasta,4exp_complex,19.51,100.0,194,False
ligand_sequences.fasta,1xu1_complex,19.44,100.0,194,False
receptor_sequences.fasta,3brt_complex,19.35,100.0,194,False
ligand_sequences.fasta,1dp5_complex,19.35,100.0,194,False
ligand_sequences.fasta,2gh0_complex,19.35,100.0,194,False
ligand_sequences.fasta,5lz6_complex,19.35,100.0,194,False
receptor_sequences.fasta,6bva_complex,19.23,100.0,194,False
receptor_sequences.fasta,1h59_complex,19.05,100.0,194,False
receptor_sequences.fasta,2dsq_complex,19.05,100.0,194,False
ligand_sequences.fasta,1wqj_complex,19.05,100.0,194,False
ligand_sequences.fasta,2dsp_complex,19.05,100.0,194,False
ligand_sequences.fasta,3fie_complex,19.05,100.0,194,False
ligand_sequences.fasta,5jg6_complex,19.05,100.0,194,False
ligand_sequences.fasta,5v69_complex,19.05,100.0,194,False
ligand_sequences.fasta,5v6a_complex,19.05,100.0,194,False
ligand_sequences.fasta,3crk_complex,18.99,100.0,194,False
receptor_sequences.fasta,1zv5_complex,18.75,100.0,194,False
receptor_sequences.fasta,1zvh_complex,18.75,100.0,194,False
receptor_sequences.fasta,4cj2_complex,18.75,100.0,194,False
receptor_sequences.fasta,4gla_complex,18.75,100.0,194,False
receptor_sequences.fasta,4glv_complex,18.75,100.0,194,False
receptor_sequences.fasta,4gn3_complex,18.75,100.0,194,False
receptor_sequences.fasta,5j7c_complex,18.75,100.0,194,False
ligand_sequences.fasta,1bql_complex,18.75,100.0,194,False
ligand_sequences.fasta,1bvk_complex,18.75,100.0,194,False
ligand_sequences.fasta,1dqj_complex,18.75,100.0,194,False
ligand_sequences.fasta,1mlc_complex,18.75,100.0,194,False
ligand_sequences.fasta,1p2c_complex,18.75,100.0,194,False
ligand_sequences.fasta,1ri8_complex,18.75,100.0,194,False
ligand_sequences.fasta,1rjc_complex,18.75,100.0,194,False
ligand_sequences.fasta,1uuz_complex,18.75,100.0,194,False
ligand_sequences.fasta,1vfb_complex,18.75,100.0,194,False
ligand_sequences.fasta,1zmy_complex,18.75,100.0,194,False
ligand_sequences.fasta,2i25_complex,18.75,100.0,194,False
ligand_sequences.fasta,2i26_complex,18.75,100.0,194,False
ligand_sequences.fasta,2iff_complex,18.75,100.0,194,False
ligand_sequences.fasta,3a67_complex,18.75,100.0,194,False
ligand_sequences.fasta,3a6b_complex,18.75,100.0,194,False
ligand_sequences.fasta,3a6c_complex,18.75,100.0,194,False
ligand_sequences.fasta,3g3a_complex,18.75,100.0,194,False
ligand_sequences.fasta,3g3b_complex,18.75,100.0,194,False
ligand_sequences.fasta,3m18_complex,18.75,100.0,194,False
ligand_sequences.fasta,4dra_complex,18.75,100.0,194,False
ligand_sequences.fasta,4gn4_complex,18.75,100.0,194,False
ligand_sequences.fasta,4gn5_complex,18.75,100.0,194,False
ligand_sequences.fasta,4pgj_complex,18.75,100.0,194,False
ligand_sequences.fasta,6jb2_complex,18.75,100.0,194,False
ligand_sequences.fasta,6jb8_complex,18.75,100.0,194,False
ligand_sequences.fasta,4mit_complex,18.6,100.0,194,False
receptor_sequences.fasta,6byh_complex,18.52,100.0,194,False
ligand_sequences.fasta,2vdb_complex,18.37,100.0,194,False
ligand_sequences.fasta,3oxu_complex,18.31,100.0,194,False
receptor_sequences.fasta,3ay4_complex,18.18,100.0,194,False
ligand_sequences.fasta,1kkl_complex,18.18,100.0,194,False
ligand_sequences.fasta,2y8s_complex,18.18,100.0,194,False
ligand_sequences.fasta,2y8t_complex,18.18,100.0,194,False
ligand_sequences.fasta,3g7z_complex,18.18,100.0,194,False
ligand_sequences.fasta,3hpw_complex,18.18,100.0,194,False
ligand_sequences.fasta,5ibk_complex,18.18,100.0,194,False
ligand_sequences.fasta,5nqg_complex,18.18,100.0,194,False
ligand_sequences.fasta,2h62_complex,18.03,100.0,194,False
receptor_sequences.fasta,5jem_complex,18.0,100.0,194,False
receptor_sequences.fasta,5jhw_complex,17.95,100.0,194,False
ligand_sequences.fasta,2qja_complex,17.91,100.0,194,False
ligand_sequences.fasta,3g9w_complex,17.86,100.0,194,False
receptor_sequences.fasta,4hcn_complex,17.78,100.0,194,False
receptor_sequences.fasta,4hcp_complex,17.78,100.0,194,False
ligand_sequences.fasta,2oul_complex,17.78,100.0,194,False
ligand_sequences.fasta,3nh7_complex,17.74,100.0,194,False
ligand_sequences.fasta,4f37_complex,17.74,100.0,194,False
receptor_sequences.fasta,1hcf_complex,17.65,100.0,194,False
receptor_sequences.fasta,1p3q_complex,17.65,100.0,194,False
receptor_sequences.fasta,5mtm_complex,17.65,100.0,194,False
receptor_sequences.fasta,5vu0_complex,17.65,100.0,194,False
ligand_sequences.fasta,4lgr_complex,17.65,100.0,194,False
ligand_sequences.fasta,4tq0_complex,17.5,100.0,194,False
ligand_sequences.fasta,5kn5_complex,17.5,100.0,194,False
ligand_sequences.fasta,5ky5_complex,17.5,100.0,194,False
ligand_sequences.fasta,2xqw_complex,17.39,100.0,194,False
ligand_sequences.fasta,6cmg_complex,17.33,100.0,194,False
receptor_sequences.fasta,3tu3_complex,17.24,100.0,194,False
ligand_sequences.fasta,6akm_complex,17.24,100.0,194,False
receptor_sequences.fasta,1x75_complex,17.14,100.0,194,False
receptor_sequences.fasta,5jw9_complex,17.14,100.0,194,False
receptor_sequences.fasta,5z2w_complex,17.14,100.0,194,False
ligand_sequences.fasta,3onw_complex,17.14,100.0,194,False
ligand_sequences.fasta,3qi2_complex,17.14,100.0,194,False
ligand_sequences.fasta,5jq6_complex,17.14,100.0,194,False
ligand_sequences.fasta,5nqf_complex,17.14,100.0,194,False
receptor_sequences.fasta,4xkh_complex,17.07,100.0,194,False
receptor_sequences.fasta,6i07_complex,17.07,100.0,194,False
ligand_sequences.fasta,1s1q_complex,17.07,100.0,194,False
receptor_sequences.fasta,2nqd_complex,17.02,100.0,194,False
receptor_sequences.fasta,3e1z_complex,17.02,100.0,194,False
receptor_sequences.fasta,2arp_complex,16.98,100.0,194,False
receptor_sequences.fasta,3b4v_complex,16.98,100.0,194,False
receptor_sequences.fasta,3sgb_complex,16.98,100.0,194,False
ligand_sequences.fasta,4p1n_complex,16.98,100.0,194,False
ligand_sequences.fasta,1hrt_complex,16.92,100.0,194,False
receptor_sequences.fasta,1yd8_complex,16.67,100.0,194,False
receptor_sequences.fasta,2hth_complex,16.67,100.0,194,False
receptor_sequences.fasta,2qho_complex,16.67,100.0,194,False
receptor_sequences.fasta,2wx0_complex,16.67,100.0,194,False
receptor_sequences.fasta,3vux_complex,16.67,100.0,194,False
receptor_sequences.fasta,5jjd_complex,16.67,100.0,194,False
receptor_sequences.fasta,5tdy_complex,16.67,100.0,194,False
receptor_sequences.fasta,6asr_complex,16.67,100.0,194,False
ligand_sequences.fasta,1bj1_complex,16.67,100.0,194,False
ligand_sequences.fasta,1cz8_complex,16.67,100.0,194,False
ligand_sequences.fasta,1p3q_complex,16.67,100.0,194,False
ligand_sequences.fasta,1tzh_complex,16.67,100.0,194,False
ligand_sequences.fasta,1wr6_complex,16.67,100.0,194,False
ligand_sequences.fasta,1wrd_complex,16.67,100.0,194,False
ligand_sequences.fasta,1xd3_complex,16.67,100.0,194,False
ligand_sequences.fasta,2c7m_complex,16.67,100.0,194,False
ligand_sequences.fasta,2c7n_complex,16.67,100.0,194,False
ligand_sequences.fasta,2g45_complex,16.67,100.0,194,False
ligand_sequences.fasta,2hd5_complex,16.67,100.0,194,False
ligand_sequences.fasta,2oob_complex,16.67,100.0,194,False
ligand_sequences.fasta,2qna_complex,16.67,100.0,194,False
ligand_sequences.fasta,2v52_complex,16.67,100.0,194,False
ligand_sequences.fasta,2xbb_complex,16.67,100.0,194,False
ligand_sequences.fasta,3au4_complex,16.67,100.0,194,False
ligand_sequences.fasta,3jsv_complex,16.67,100.0,194,False
ligand_sequences.fasta,3kw5_complex,16.67,100.0,194,False
ligand_sequences.fasta,3zwz_complex,16.67,100.0,194,False
ligand_sequences.fasta,4brw_complex,16.67,100.0,194,False
ligand_sequences.fasta,4dpg_complex,16.67,100.0,194,False
ligand_sequences.fasta,4f0z_complex,16.67,100.0,194,False
ligand_sequences.fasta,4m0w_complex,16.67,100.0,194,False
ligand_sequences.fasta,4msm_complex,16.67,100.0,194,False
ligand_sequences.fasta,4pqt_complex,16.67,100.0,194,False
ligand_sequences.fasta,5e6j_complex,16.67,100.0,194,False
ligand_sequences.fasta,5hps_complex,16.67,100.0,194,False
ligand_sequences.fasta,5imm_complex,16.67,100.0,194,False
ligand_sequences.fasta,5lrw_complex,16.67,100.0,194,False
ligand_sequences.fasta,5o4e_complex,16.67,100.0,194,False
ligand_sequences.fasta,5ohp_complex,16.67,100.0,194,False
ligand_sequences.fasta,5xiu_complex,16.67,100.0,194,False
ligand_sequences.fasta,6a6i_complex,16.67,100.0,194,False
ligand_sequences.fasta,6aqr_complex,16.67,100.0,194,False
ligand_sequences.fasta,6bmt_complex,16.67,100.0,194,False
ligand_sequences.fasta,6bx5_complex,16.67,100.0,194,False
ligand_sequences.fasta,6isu_complex,16.67,100.0,194,False
ligand_sequences.fasta,6uvo_complex,16.67,100.0,194,False
ligand_sequences.fasta,2h64_complex,16.42,100.0,194,False
receptor_sequences.fasta,4hem_complex,16.28,100.0,194,False
ligand_sequences.fasta,4auq_complex,16.28,100.0,194,False
ligand_sequences.fasta,4k1r_complex,16.28,100.0,194,False
ligand_sequences.fasta,6q69_complex,16.28,100.0,194,False
receptor_sequences.fasta,1qty_complex,16.22,100.0,194,False
receptor_sequences.fasta,3p9w_complex,16.22,100.0,194,False
receptor_sequences.fasta,3wwn_complex,16.22,100.0,194,False
receptor_sequences.fasta,4uuz_complex,16.22,100.0,194,False
ligand_sequences.fasta,2fjg_complex,16.22,100.0,194,False
ligand_sequences.fasta,3bdy_complex,16.22,100.0,194,False
ligand_sequences.fasta,3ch5_complex,16.22,100.0,194,False
ligand_sequences.fasta,4lzx_complex,16.22,100.0,194,False
ligand_sequences.fasta,2qj9_complex,16.18,100.0,194,False
ligand_sequences.fasta,6on9_complex,16.18,100.0,194,False
ligand_sequences.fasta,4xkl_complex,16.13,100.0,194,False
ligand_sequences.fasta,2wwk_complex,16.07,100.0,194,False
receptor_sequences.fasta,4lqw_complex,16.0,100.0,194,False
ligand_sequences.fasta,3sgb_complex,16.0,100.0,194,False
ligand_sequences.fasta,4gi3_complex,16.0,100.0,194,False
ligand_sequences.fasta,6h6z_complex,15.94,100.0,194,False
receptor_sequences.fasta,3hg0_complex,15.91,100.0,194,False
receptor_sequences.fasta,4xkl_complex,15.91,100.0,194,False
receptor_sequences.fasta,5ydr_complex,15.91,100.0,194,False
ligand_sequences.fasta,3o6q_complex,15.91,100.0,194,False
ligand_sequences.fasta,4i6l_complex,15.91,100.0,194,False
ligand_sequences.fasta,5v5g_complex,15.91,100.0,194,False
ligand_sequences.fasta,5v5h_complex,15.91,100.0,194,False
ligand_sequences.fasta,6d4p_complex,15.91,100.0,194,False
ligand_sequences.fasta,6dgf_complex,15.91,100.0,194,False
ligand_sequences.fasta,5w08_complex,15.87,100.0,194,False
receptor_sequences.fasta,1flt_complex,15.79,100.0,194,False
receptor_sequences.fasta,4eo5_complex,15.79,100.0,194,False
ligand_sequences.fasta,1tzi_complex,15.79,100.0,194,False
ligand_sequences.fasta,3h8d_complex,15.79,100.0,194,False
ligand_sequences.fasta,3rdz_complex,15.79,100.0,194,False
ligand_sequences.fasta,4y5o_complex,15.79,100.0,194,False
ligand_sequences.fasta,4zff_complex,15.79,100.0,194,False
ligand_sequences.fasta,5e8d_complex,15.79,100.0,194,False
receptor_sequences.fasta,2v5q_complex,15.69,100.0,194,False
ligand_sequences.fasta,1r0r_complex,15.69,100.0,194,False
ligand_sequences.fasta,1clv_complex,15.62,100.0,194,False
ligand_sequences.fasta,2efd_complex,15.62,100.0,194,False
ligand_sequences.fasta,2efh_complex,15.62,100.0,194,False
ligand_sequences.fasta,2p42_complex,15.62,100.0,194,False
ligand_sequences.fasta,2p43_complex,15.62,100.0,194,False
ligand_sequences.fasta,2p45_complex,15.62,100.0,194,False
ligand_sequences.fasta,2p46_complex,15.62,100.0,194,False
ligand_sequences.fasta,2p47_complex,15.62,100.0,194,False
ligand_sequences.fasta,2p48_complex,15.62,100.0,194,False
ligand_sequences.fasta,3hug_complex,15.62,100.0,194,False
ligand_sequences.fasta,4g01_complex,15.62,100.0,194,False
ligand_sequences.fasta,4xxb_complex,15.62,100.0,194,False
ligand_sequences.fasta,4z9k_complex,15.62,100.0,194,False
ligand_sequences.fasta,5ua4_complex,15.62,100.0,194,False
ligand_sequences.fasta,6n6r_complex,15.62,100.0,194,False
ligand_sequences.fasta,3pnr_complex,15.52,100.0,194,False
receptor_sequences.fasta,1gpw_complex,15.38,100.0,194,False
receptor_sequences.fasta,3rbb_complex,15.38,100.0,194,False
receptor_sequences.fasta,4dh2_complex,15.38,100.0,194,False
receptor_sequences.fasta,4u5w_complex,15.38,100.0,194,False
ligand_sequences.fasta,4ps4_complex,15.38,100.0,194,False
ligand_sequences.fasta,4yiz_complex,15.38,100.0,194,False
ligand_sequences.fasta,4yl8_complex,15.38,100.0,194,False
ligand_sequences.fasta,5inb_complex,15.38,100.0,194,False
ligand_sequences.fasta,5djt_complex,15.25,100.0,194,False
receptor_sequences.fasta,1gua_complex,15.22,100.0,194,False
receptor_sequences.fasta,3kuc_complex,15.22,100.0,194,False
ligand_sequences.fasta,4hdo_complex,15.22,100.0,194,False
ligand_sequences.fasta,5kho_complex,15.22,100.0,194,False
receptor_sequences.fasta,2xgy_complex,15.15,100.0,194,False
receptor_sequences.fasta,5e3e_complex,15.15,100.0,194,False
ligand_sequences.fasta,1nl0_complex,15.15,100.0,194,False
ligand_sequences.fasta,1u0s_complex,15.12,100.0,194,False
receptor_sequences.fasta,2byk_complex,15.09,100.0,194,False
receptor_sequences.fasta,2dsp_complex,15.09,100.0,194,False
receptor_sequences.fasta,3tq7_complex,15.0,100.0,194,False
receptor_sequences.fasta,6i3f_complex,15.0,100.0,194,False
ligand_sequences.fasta,5wb7_complex,15.0,100.0,194,False
ligand_sequences.fasta,6fc2_complex,15.0,100.0,194,False
ligand_sequences.fasta,3ol2_complex,14.93,100.0,194,False
receptor_sequences.fasta,4dxa_complex,14.89,100.0,194,False
receptor_sequences.fasta,4kvg_complex,14.89,100.0,194,False
ligand_sequences.fasta,4doq_complex,14.89,100.0,194,False
ligand_sequences.fasta,6b0s_complex,14.89,100.0,194,False
ligand_sequences.fasta,3beg_complex,14.86,100.0,194,False
receptor_sequences.fasta,1nm5_complex,14.81,100.0,194,False
receptor_sequences.fasta,2bym_complex,14.81,100.0,194,False
receptor_sequences.fasta,4pqt_complex,14.81,100.0,194,False
receptor_sequences.fasta,5j4a_complex,14.81,100.0,194,False
ligand_sequences.fasta,2aw2_complex,14.81,100.0,194,False
ligand_sequences.fasta,4c4k_complex,14.81,100.0,194,False
ligand_sequences.fasta,5bvp_complex,14.81,100.0,194,False
ligand_sequences.fasta,5vxz_complex,14.81,100.0,194,False
receptor_sequences.fasta,4jw2_complex,14.75,100.0,194,False
receptor_sequences.fasta,1ktk_complex,14.71,100.0,194,False
ligand_sequences.fasta,1lw6_complex,14.71,100.0,194,False
ligand_sequences.fasta,1y4a_complex,14.71,100.0,194,False
ligand_sequences.fasta,1y4d_complex,14.71,100.0,194,False
ligand_sequences.fasta,3ixs_complex,14.71,100.0,194,False
ligand_sequences.fasta,4l0p_complex,14.71,100.0,194,False
ligand_sequences.fasta,4qlb_complex,14.71,100.0,194,False
ligand_sequences.fasta,6km7_complex,14.71,100.0,194,False
ligand_sequences.fasta,3thm_complex,14.63,100.0,194,False
receptor_sequences.fasta,5yr0_complex,14.58,100.0,194,False
receptor_sequences.fasta,3knb_complex,14.55,100.0,194,False
receptor_sequences.fasta,4msm_complex,14.55,100.0,194,False
ligand_sequences.fasta,2wp3_complex,14.55,100.0,194,False
ligand_sequences.fasta,6bx8_complex,14.55,100.0,194,False
ligand_sequences.fasta,6bva_complex,14.52,100.0,194,False
ligand_sequences.fasta,1gcq_complex,14.49,100.0,194,False
receptor_sequences.fasta,1wrd_complex,14.29,100.0,194,False
receptor_sequences.fasta,2o3b_complex,14.29,100.0,194,False
receptor_sequences.fasta,3rpg_complex,14.29,100.0,194,False
receptor_sequences.fasta,4k1r_complex,14.29,100.0,194,False
receptor_sequences.fasta,5cff_complex,14.29,100.0,194,False
receptor_sequences.fasta,5ua4_complex,14.29,100.0,194,False
ligand_sequences.fasta,1jiw_complex,14.29,100.0,194,False
ligand_sequences.fasta,1tbr_complex,14.29,100.0,194,False
ligand_sequences.fasta,1tm1_complex,14.29,100.0,194,False
ligand_sequences.fasta,1tm3_complex,14.29,100.0,194,False
ligand_sequences.fasta,1tm4_complex,14.29,100.0,194,False
ligand_sequences.fasta,1tm5_complex,14.29,100.0,194,False
ligand_sequences.fasta,1tm7_complex,14.29,100.0,194,False
ligand_sequences.fasta,1to1_complex,14.29,100.0,194,False
ligand_sequences.fasta,1xdt_complex,14.29,100.0,194,False
ligand_sequences.fasta,1y1k_complex,14.29,100.0,194,False
ligand_sequences.fasta,1y33_complex,14.29,100.0,194,False
ligand_sequences.fasta,1y34_complex,14.29,100.0,194,False
ligand_sequences.fasta,1y3b_complex,14.29,100.0,194,False
ligand_sequences.fasta,1y3c_complex,14.29,100.0,194,False
ligand_sequences.fasta,1y3d_complex,14.29,100.0,194,False
ligand_sequences.fasta,1y48_complex,14.29,100.0,194,False
ligand_sequences.fasta,2j4w_complex,14.29,100.0,194,False
ligand_sequences.fasta,2noj_complex,14.29,100.0,194,False
ligand_sequences.fasta,2sni_complex,14.29,100.0,194,False
ligand_sequences.fasta,2w2m_complex,14.29,100.0,194,False
ligand_sequences.fasta,2w2n_complex,14.29,100.0,194,False
ligand_sequences.fasta,2wii_complex,14.29,100.0,194,False
ligand_sequences.fasta,2wo3_complex,14.29,100.0,194,False
ligand_sequences.fasta,3tvj_complex,14.29,100.0,194,False
ligand_sequences.fasta,4g6m_complex,14.29,100.0,194,False
ligand_sequences.fasta,4ic7_complex,14.29,100.0,194,False
ligand_sequences.fasta,4zfg_complex,14.29,100.0,194,False
ligand_sequences.fasta,5nmv_complex,14.29,100.0,194,False
ligand_sequences.fasta,5nvn_complex,14.29,100.0,194,False
ligand_sequences.fasta,2p49_complex,14.06,100.0,194,False
ligand_sequences.fasta,3qsk_complex,14.06,100.0,194,False
ligand_sequences.fasta,4gaf_complex,14.06,100.0,194,False
ligand_sequences.fasta,4pou_complex,14.06,100.0,194,False
receptor_sequences.fasta,2oor_complex,14.04,100.0,194,False
ligand_sequences.fasta,1sg1_complex,14.04,100.0,194,False
ligand_sequences.fasta,5fug_complex,14.04,100.0,194,False
ligand_sequences.fasta,5omn_complex,14.04,100.0,194,False
receptor_sequences.fasta,4p6i_complex,14.0,100.0,194,False
ligand_sequences.fasta,2z7f_complex,14.0,100.0,194,False
ligand_sequences.fasta,3ma2_complex,14.0,100.0,194,False
ligand_sequences.fasta,4re1_complex,14.0,100.0,194,False
ligand_sequences.fasta,6p50_complex,13.98,100.0,194,False
ligand_sequences.fasta,1icf_complex,13.95,100.0,194,False
ligand_sequences.fasta,2wp0_complex,13.95,100.0,194,False
ligand_sequences.fasta,4an7_complex,13.93,100.0,194,False
ligand_sequences.fasta,3ff8_complex,13.92,100.0,194,False
receptor_sequences.fasta,1rv6_complex,13.89,100.0,194,False
ligand_sequences.fasta,3kr3_complex,13.89,100.0,194,False
ligand_sequences.fasta,4dck_complex,13.89,100.0,194,False
ligand_sequences.fasta,4k5b_complex,13.89,100.0,194,False
ligand_sequences.fasta,5ky4_complex,13.89,100.0,194,False
ligand_sequences.fasta,5wb8_complex,13.89,100.0,194,False
ligand_sequences.fasta,1e96_complex,13.85,100.0,194,False
ligand_sequences.fasta,2gox_complex,13.85,100.0,194,False
ligand_sequences.fasta,3d5s_complex,13.85,100.0,194,False
ligand_sequences.fasta,4uu9_complex,13.85,100.0,194,False
receptor_sequences.fasta,1lfd_complex,13.79,100.0,194,False
receptor_sequences.fasta,4c4p_complex,13.79,100.0,194,False
receptor_sequences.fasta,5f1b_complex,13.79,100.0,194,False
ligand_sequences.fasta,1zhi_complex,13.79,100.0,194,False
ligand_sequences.fasta,2sic_complex,13.79,100.0,194,False
ligand_sequences.fasta,2wy8_complex,13.79,100.0,194,False
ligand_sequences.fasta,3oiq_complex,13.79,100.0,194,False
ligand_sequences.fasta,6asr_complex,13.79,100.0,194,False
ligand_sequences.fasta,6oy4_complex,13.79,100.0,194,False
ligand_sequences.fasta,1y8n_complex,13.75,100.0,194,False
receptor_sequences.fasta,1wqj_complex,13.73,100.0,194,False
ligand_sequences.fasta,2dsq_complex,13.73,100.0,194,False
ligand_sequences.fasta,3eg5_complex,13.73,100.0,194,False
ligand_sequences.fasta,3rug_complex,13.73,100.0,194,False
ligand_sequences.fasta,3kbt_complex,13.71,100.0,194,False
receptor_sequences.fasta,5e7f_complex,13.7,100.0,194,False
ligand_sequences.fasta,1yc0_complex,13.64,100.0,194,False
ligand_sequences.fasta,3egg_complex,13.64,100.0,194,False
ligand_sequences.fasta,5ee4_complex,13.64,100.0,194,False
ligand_sequences.fasta,5vz4_complex,13.64,100.0,194,False
ligand_sequences.fasta,5wpa_complex,13.64,100.0,194,False
receptor_sequences.fasta,4ojk_complex,13.56,100.0,194,False
receptor_sequences.fasta,5tvq_complex,13.56,100.0,194,False
receptor_sequences.fasta,5wuj_complex,13.51,100.0,194,False
ligand_sequences.fasta,1oc0_complex,13.51,100.0,194,False
ligand_sequences.fasta,1pxv_complex,13.51,100.0,194,False
ligand_sequences.fasta,3m0a_complex,13.51,100.0,194,False
ligand_sequences.fasta,4i77_complex,13.51,100.0,194,False
ligand_sequences.fasta,4ojk_complex,13.51,100.0,194,False
ligand_sequences.fasta,5nvm_complex,13.51,100.0,194,False
ligand_sequences.fasta,6ff3_complex,13.51,100.0,194,False
ligand_sequences.fasta,6s8s_complex,13.51,100.0,194,False
receptor_sequences.fasta,4g6v_complex,13.48,100.0,194,False
ligand_sequences.fasta,1s4y_complex,13.46,100.0,194,False
ligand_sequences.fasta,3l33_complex,13.46,100.0,194,False
ligand_sequences.fasta,3o8x_complex,13.46,100.0,194,False
ligand_sequences.fasta,3qux_complex,13.46,100.0,194,False
ligand_sequences.fasta,3quz_complex,13.46,100.0,194,False
ligand_sequences.fasta,3rtq_complex,13.46,100.0,194,False
ligand_sequences.fasta,3scm_complex,13.46,100.0,194,False
ligand_sequences.fasta,3tvm_complex,13.46,100.0,194,False
ligand_sequences.fasta,4zak_complex,13.46,100.0,194,False
ligand_sequences.fasta,6cxf_complex,13.46,100.0,194,False
ligand_sequences.fasta,6oor_complex,13.46,100.0,194,False
ligand_sequences.fasta,3hi1_complex,13.41,100.0,194,False
ligand_sequences.fasta,3ff7_complex,13.39,100.0,194,False
ligand_sequences.fasta,4en3_complex,13.39,100.0,194,False
receptor_sequences.fasta,1ul1_complex,13.33,100.0,194,False
receptor_sequences.fasta,2wg3_complex,13.33,100.0,194,False
receptor_sequences.fasta,3lh2_complex,13.33,100.0,194,False
receptor_sequences.fasta,3lhp_complex,13.33,100.0,194,False
receptor_sequences.fasta,4jw3_complex,13.33,100.0,194,False
receptor_sequences.fasta,4yl8_complex,13.33,100.0,194,False
receptor_sequences.fasta,5kho_complex,13.33,100.0,194,False
ligand_sequences.fasta,1du3_complex,13.33,100.0,194,False
ligand_sequences.fasta,1h59_complex,13.33,100.0,194,False
ligand_sequences.fasta,2y0b_complex,13.33,100.0,194,False
ligand_sequences.fasta,3idb_complex,13.33,100.0,194,False
ligand_sequences.fasta,3zu7_complex,13.33,100.0,194,False
ligand_sequences.fasta,4b1y_complex,13.33,100.0,194,False
ligand_sequences.fasta,4dge_complex,13.33,100.0,194,False
ligand_sequences.fasta,4hcp_complex,13.33,100.0,194,False
ligand_sequences.fasta,4hx3_complex,13.33,100.0,194,False
ligand_sequences.fasta,4kdi_complex,13.33,100.0,194,False
ligand_sequences.fasta,4nqw_complex,13.33,100.0,194,False
ligand_sequences.fasta,5xjg_complex,13.33,100.0,194,False
ligand_sequences.fasta,6fe4_complex,13.33,100.0,194,False
ligand_sequences.fasta,6in9_complex,13.33,100.0,194,False
ligand_sequences.fasta,6jdj_complex,13.33,100.0,194,False
ligand_sequences.fasta,2iy1_complex,13.25,100.0,194,False
receptor_sequences.fasta,1wve_complex,13.24,100.0,194,False
receptor_sequences.fasta,4wwi_complex,13.21,100.0,194,False
ligand_sequences.fasta,2b0z_complex,13.21,100.0,194,False
ligand_sequences.fasta,2b10_complex,13.21,100.0,194,False
ligand_sequences.fasta,2b11_complex,13.21,100.0,194,False
ligand_sequences.fasta,2pcc_complex,13.21,100.0,194,False
ligand_sequences.fasta,3o9w_complex,13.21,100.0,194,False
ligand_sequences.fasta,3quy_complex,13.21,100.0,194,False
ligand_sequences.fasta,3rzc_complex,13.21,100.0,194,False
ligand_sequences.fasta,3sda_complex,13.21,100.0,194,False
ligand_sequences.fasta,3sdd_complex,13.21,100.0,194,False
ligand_sequences.fasta,6mud_complex,13.21,100.0,194,False
receptor_sequences.fasta,1avz_complex,13.16,100.0,194,False
ligand_sequences.fasta,1xt9_complex,13.16,100.0,194,False
ligand_sequences.fasta,3dbh_complex,13.16,100.0,194,False
ligand_sequences.fasta,3dbl_complex,13.16,100.0,194,False
ligand_sequences.fasta,3l5w_complex,13.16,100.0,194,False
ligand_sequences.fasta,3l5x_complex,13.16,100.0,194,False
ligand_sequences.fasta,4gms_complex,13.16,100.0,194,False
ligand_sequences.fasta,4kt5_complex,13.16,100.0,194,False
ligand_sequences.fasta,4x7f_complex,13.16,100.0,194,False
ligand_sequences.fasta,4z5r_complex,13.16,100.0,194,False
ligand_sequences.fasta,1hez_complex,13.11,100.0,194,False
ligand_sequences.fasta,5c0n_complex,13.11,100.0,194,False
ligand_sequences.fasta,5fo8_complex,13.11,100.0,194,False
receptor_sequences.fasta,1b6c_complex,13.04,100.0,194,False
receptor_sequences.fasta,2qc1_complex,13.04,100.0,194,False
receptor_sequences.fasta,4pj2_complex,13.04,100.0,194,False
receptor_sequences.fasta,5sv3_complex,13.04,100.0,194,False
receptor_sequences.fasta,5swk_complex,13.04,100.0,194,False
receptor_sequences.fasta,6cbp_complex,13.04,100.0,194,False
ligand_sequences.fasta,1zv5_complex,13.04,100.0,194,False
ligand_sequences.fasta,2psm_complex,13.04,100.0,194,False
ligand_sequences.fasta,4d0g_complex,13.04,100.0,194,False
ligand_sequences.fasta,6mvl_complex,13.04,100.0,194,False
ligand_sequences.fasta,5imt_complex,12.99,100.0,194,False
receptor_sequences.fasta,2vyr_complex,12.96,100.0,194,False
ligand_sequences.fasta,1taw_complex,12.96,100.0,194,False
ligand_sequences.fasta,5c67_complex,12.96,100.0,194,False
ligand_sequences.fasta,6har_complex,12.96,100.0,194,False
receptor_sequences.fasta,6h6y_complex,12.9,100.0,194,False
receptor_sequences.fasta,6h71_complex,12.9,100.0,194,False
ligand_sequences.fasta,2vxt_complex,12.9,100.0,194,False
ligand_sequences.fasta,3brt_complex,12.9,100.0,194,False
ligand_sequences.fasta,3brv_complex,12.9,100.0,194,False
ligand_sequences.fasta,3hg0_complex,12.9,100.0,194,False
ligand_sequences.fasta,3zs9_complex,12.9,100.0,194,False
ligand_sequences.fasta,3zuv_complex,12.9,100.0,194,False
ligand_sequences.fasta,4eee_complex,12.9,100.0,194,False
ligand_sequences.fasta,4hjj_complex,12.9,100.0,194,False
ligand_sequences.fasta,4q5e_complex,12.9,100.0,194,False
ligand_sequences.fasta,4z80_complex,12.9,100.0,194,False
ligand_sequences.fasta,5kw9_complex,12.9,100.0,194,False
ligand_sequences.fasta,6gku_complex,12.9,100.0,194,False
receptor_sequences.fasta,1jrh_complex,12.89,100.0,194,False
receptor_sequences.fasta,5bqe_complex,12.87,100.0,194,False
ligand_sequences.fasta,3di2_complex,12.87,100.0,194,False
ligand_sequences.fasta,3di3_complex,12.87,100.0,194,False
ligand_sequences.fasta,5j11_complex,12.87,100.0,194,False
ligand_sequences.fasta,6p67_complex,12.87,100.0,194,False
receptor_sequences.fasta,4exp_complex,12.86,100.0,194,False
ligand_sequences.fasta,1fsk_complex,12.82,100.0,194,False
ligand_sequences.fasta,2uyz_complex,12.82,100.0,194,False
ligand_sequences.fasta,4awx_complex,12.82,100.0,194,False
ligand_sequences.fasta,5imy_complex,12.82,100.0,194,False
ligand_sequences.fasta,6j7w_complex,12.82,100.0,194,False
receptor_sequences.fasta,4zlt_complex,12.79,100.0,194,False
receptor_sequences.fasta,3tac_complex,12.77,100.0,194,False
receptor_sequences.fasta,6a6i_complex,12.77,100.0,194,False
receptor_sequences.fasta,6akm_complex,12.77,100.0,194,False
receptor_sequences.fasta,6h6z_complex,12.77,100.0,194,False
ligand_sequences.fasta,6iwd_complex,12.77,100.0,194,False
receptor_sequences.fasta,3oun_complex,12.73,100.0,194,False
ligand_sequences.fasta,1nm5_complex,12.73,100.0,194,False
ligand_sequences.fasta,2oor_complex,12.73,100.0,194,False
ligand_sequences.fasta,3qbt_complex,12.73,100.0,194,False
ligand_sequences.fasta,5w3x_complex,12.73,100.0,194,False
ligand_sequences.fasta,6b0g_complex,12.73,100.0,194,False
ligand_sequences.fasta,6d68_complex,12.73,100.0,194,False
ligand_sequences.fasta,6kbr_complex,12.73,100.0,194,False
ligand_sequences.fasta,2ij0_complex,12.71,100.0,194,False
receptor_sequences.fasta,5nus_complex,12.7,100.0,194,False
receptor_sequences.fasta,5y4r_complex,12.7,100.0,194,False
receptor_sequences.fasta,6hpr_complex,12.7,100.0,194,False
ligand_sequences.fasta,1mhh_complex,12.7,100.0,194,False
ligand_sequences.fasta,2iyb_complex,12.7,100.0,194,False
ligand_sequences.fasta,2qc1_complex,12.7,100.0,194,False
ligand_sequences.fasta,3f1p_complex,12.7,100.0,194,False
ligand_sequences.fasta,5d8j_complex,12.7,100.0,194,False
ligand_sequences.fasta,2arp_complex,12.68,100.0,194,False
ligand_sequences.fasta,4w6y_complex,12.68,100.0,194,False
ligand_sequences.fasta,1oyv_complex,12.66,100.0,194,False
receptor_sequences.fasta,5uv8_complex,12.63,100.0,194,False
receptor_sequences.fasta,3f1p_complex,12.62,100.0,194,False
ligand_sequences.fasta,6azz_complex,12.61,100.0,194,False
ligand_sequences.fasta,6b0a_complex,12.61,100.0,194,False
receptor_sequences.fasta,5fqd_complex,12.58,100.0,194,False
ligand_sequences.fasta,5yc5_complex,12.58,100.0,194,False
receptor_sequences.fasta,4u32_complex,12.5,100.0,194,False
receptor_sequences.fasta,4weu_complex,12.5,100.0,194,False
receptor_sequences.fasta,5b64_complex,12.5,100.0,194,False
receptor_sequences.fasta,5hk5_complex,12.5,100.0,194,False
receptor_sequences.fasta,5ibw_complex,12.5,100.0,194,False
ligand_sequences.fasta,1i8l_complex,12.5,100.0,194,False
ligand_sequences.fasta,2abz_complex,12.5,100.0,194,False
ligand_sequences.fasta,2j8s_complex,12.5,100.0,194,False
ligand_sequences.fasta,2o8v_complex,12.5,100.0,194,False
ligand_sequences.fasta,2p4a_complex,12.5,100.0,194,False
ligand_sequences.fasta,3c9a_complex,12.5,100.0,194,False
ligand_sequences.fasta,3rea_complex,12.5,100.0,194,False
ligand_sequences.fasta,3zv0_complex,12.5,100.0,194,False
ligand_sequences.fasta,4aei_complex,12.5,100.0,194,False
ligand_sequences.fasta,4tq1_complex,12.5,100.0,194,False
ligand_sequences.fasta,4zgy_complex,12.5,100.0,194,False
ligand_sequences.fasta,5hvf_complex,12.5,100.0,194,False
ligand_sequences.fasta,5l6y_complex,12.5,100.0,194,False
ligand_sequences.fasta,5mzv_complex,12.5,100.0,194,False
ligand_sequences.fasta,5t0f_complex,12.5,100.0,194,False
ligand_sequences.fasta,6b08_complex,12.5,100.0,194,False
ligand_sequences.fasta,6c83_complex,12.5,100.0,194,False
ligand_sequences.fasta,6fuz_complex,12.5,100.0,194,False
ligand_sequences.fasta,6gtq_complex,12.5,100.0,194,False
ligand_sequences.fasta,6k7o_complex,12.5,100.0,194,False
ligand_sequences.fasta,6phc_complex,12.5,100.0,194,False
ligand_sequences.fasta,6qb6_complex,12.5,100.0,194,False
ligand_sequences.fasta,4w6w_complex,12.4,100.0,194,False
receptor_sequences.fasta,3bh6_complex,12.39,100.0,194,False
receptor_sequences.fasta,5ovw_complex,12.39,100.0,194,False
receptor_sequences.fasta,4gn4_complex,12.37,100.0,194,False
receptor_sequences.fasta,4j4p_complex,12.37,100.0,194,False
receptor_sequences.fasta,5xku_complex,12.37,100.0,194,False
receptor_sequences.fasta,6iea_complex,12.37,100.0,194,False
receptor_sequences.fasta,4eig_complex,12.36,100.0,194,False
receptor_sequences.fasta,4eiz_complex,12.36,100.0,194,False
ligand_sequences.fasta,1ay7_complex,12.36,100.0,194,False
ligand_sequences.fasta,1b27_complex,12.36,100.0,194,False
ligand_sequences.fasta,1brs_complex,12.36,100.0,194,False
ligand_sequences.fasta,1x1u_complex,12.36,100.0,194,False
ligand_sequences.fasta,1x1x_complex,12.36,100.0,194,False
ligand_sequences.fasta,6imf_complex,12.36,100.0,194,False
ligand_sequences.fasta,4hrl_complex,12.35,100.0,194,False
ligand_sequences.fasta,4b0m_complex,12.33,100.0,194,False
ligand_sequences.fasta,4wen_complex,12.31,100.0,194,False
ligand_sequences.fasta,5y11_complex,12.31,100.0,194,False
receptor_sequences.fasta,1gcq_complex,12.28,100.0,194,False
receptor_sequences.fasta,2ptt_complex,12.28,100.0,194,False
ligand_sequences.fasta,1zjd_complex,12.28,100.0,194,False
ligand_sequences.fasta,5xis_complex,12.28,100.0,194,False
ligand_sequences.fasta,6azp_complex,12.28,100.0,194,False
ligand_sequences.fasta,4qt8_complex,12.26,100.0,194,False
receptor_sequences.fasta,3kw5_complex,12.24,100.0,194,False
ligand_sequences.fasta,1th1_complex,12.24,100.0,194,False
ligand_sequences.fasta,2qho_complex,12.24,100.0,194,False
ligand_sequences.fasta,5nt1_complex,12.24,100.0,194,False
ligand_sequences.fasta,5tru_complex,12.24,100.0,194,False
ligand_sequences.fasta,6f3z_complex,12.24,100.0,194,False
ligand_sequences.fasta,1ak4_complex,12.22,100.0,194,False
ligand_sequences.fasta,1b2s_complex,12.22,100.0,194,False
ligand_sequences.fasta,1b2u_complex,12.22,100.0,194,False
ligand_sequences.fasta,1x1w_complex,12.22,100.0,194,False
ligand_sequences.fasta,1x1y_complex,12.22,100.0,194,False
ligand_sequences.fasta,2za4_complex,12.22,100.0,194,False
ligand_sequences.fasta,3da7_complex,12.22,100.0,194,False
ligand_sequences.fasta,4lqw_complex,12.22,100.0,194,False
ligand_sequences.fasta,1j2j_complex,12.2,100.0,194,False
receptor_sequences.fasta,5fug_complex,12.17,100.0,194,False
ligand_sequences.fasta,6phb_complex,12.17,100.0,194,False
receptor_sequences.fasta,1oey_complex,12.16,100.0,194,False
ligand_sequences.fasta,2z3r_complex,12.16,100.0,194,False
receptor_sequences.fasta,3t6g_complex,12.12,100.0,194,False
ligand_sequences.fasta,1kxq_complex,12.12,100.0,194,False
ligand_sequences.fasta,2q0o_complex,12.12,100.0,194,False
ligand_sequences.fasta,3ona_complex,12.12,100.0,194,False
ligand_sequences.fasta,5eg3_complex,12.12,100.0,194,False
ligand_sequences.fasta,2x2d_complex,12.09,100.0,194,False
ligand_sequences.fasta,3w8i_complex,12.07,100.0,194,False
ligand_sequences.fasta,4ij3_complex,12.07,100.0,194,False
ligand_sequences.fasta,5m2j_complex,12.07,100.0,194,False
ligand_sequences.fasta,6fv0_complex,12.07,100.0,194,False
receptor_sequences.fasta,4kdi_complex,12.05,100.0,194,False
receptor_sequences.fasta,2x2d_complex,12.0,100.0,194,False
receptor_sequences.fasta,4dge_complex,12.0,100.0,194,False
receptor_sequences.fasta,4k5a_complex,12.0,100.0,194,False
receptor_sequences.fasta,4s0s_complex,12.0,100.0,194,False
ligand_sequences.fasta,1k5d_complex,12.0,100.0,194,False
ligand_sequences.fasta,3bp8_complex,12.0,100.0,194,False
ligand_sequences.fasta,3idc_complex,12.0,100.0,194,False
ligand_sequences.fasta,3rzw_complex,12.0,100.0,194,False
receptor_sequences.fasta,3g3a_complex,11.97,100.0,194,False
ligand_sequences.fasta,1lqs_complex,11.97,100.0,194,False
receptor_sequences.fasta,4jb8_complex,11.96,100.0,194,False
ligand_sequences.fasta,5n48_complex,11.96,100.0,194,False
ligand_sequences.fasta,1zvh_complex,11.94,100.0,194,False
ligand_sequences.fasta,3tjz_complex,11.94,100.0,194,False
ligand_sequences.fasta,4kxz_complex,11.94,100.0,194,False
ligand_sequences.fasta,6h15_complex,11.94,100.0,194,False
receptor_sequences.fasta,1t6b_complex,11.9,100.0,194,False
ligand_sequences.fasta,1hcf_complex,11.88,100.0,194,False
receptor_sequences.fasta,1pk1_complex,11.86,100.0,194,False
receptor_sequences.fasta,1shz_complex,11.86,100.0,194,False
receptor_sequences.fasta,6hhc_complex,11.86,100.0,194,False
ligand_sequences.fasta,1nvu_complex,11.86,100.0,194,False
ligand_sequences.fasta,3b08_complex,11.86,100.0,194,False
ligand_sequences.fasta,4f3f_complex,11.86,100.0,194,False
ligand_sequences.fasta,4gh7_complex,11.86,100.0,194,False
ligand_sequences.fasta,5n47_complex,11.86,100.0,194,False
ligand_sequences.fasta,2xzd_complex,11.84,100.0,194,False
ligand_sequences.fasta,5vag_complex,11.84,100.0,194,False
ligand_sequences.fasta,5xku_complex,11.84,100.0,194,False
receptor_sequences.fasta,4kfz_complex,11.83,100.0,194,False
receptor_sequences.fasta,4zi2_complex,11.81,100.0,194,False
receptor_sequences.fasta,4zi3_complex,11.81,100.0,194,False
receptor_sequences.fasta,1ak4_complex,11.76,100.0,194,False
receptor_sequences.fasta,1sv0_complex,11.76,100.0,194,False
receptor_sequences.fasta,3qc8_complex,11.76,100.0,194,False
ligand_sequences.fasta,2i3t_complex,11.76,100.0,194,False
ligand_sequences.fasta,2p44_complex,11.76,100.0,194,False
ligand_sequences.fasta,2xgy_complex,11.76,100.0,194,False
ligand_sequences.fasta,3h6s_complex,11.76,100.0,194,False
ligand_sequences.fasta,4ov6_complex,11.76,100.0,194,False
ligand_sequences.fasta,4ovn_complex,11.76,100.0,194,False
ligand_sequences.fasta,5bw7_complex,11.76,100.0,194,False
ligand_sequences.fasta,5j13_complex,11.76,100.0,194,False
ligand_sequences.fasta,5lz3_complex,11.76,100.0,194,False
ligand_sequences.fasta,5w9a_complex,11.76,100.0,194,False
ligand_sequences.fasta,6fc3_complex,11.76,100.0,194,False
ligand_sequences.fasta,6r2g_complex,11.76,100.0,194,False
ligand_sequences.fasta,5sv3_complex,11.71,100.0,194,False
ligand_sequences.fasta,1qfu_complex,11.69,100.0,194,False
ligand_sequences.fasta,2z3q_complex,11.69,100.0,194,False
ligand_sequences.fasta,4dxa_complex,11.69,100.0,194,False
receptor_sequences.fasta,4x33_complex,11.67,100.0,194,False
ligand_sequences.fasta,3dvg_complex,11.67,100.0,194,False
ligand_sequences.fasta,3dvn_complex,11.67,100.0,194,False
ligand_sequences.fasta,4dtg_complex,11.67,100.0,194,False
receptor_sequences.fasta,1fc2_complex,11.63,100.0,194,False
ligand_sequences.fasta,2f5z_complex,11.63,100.0,194,False
ligand_sequences.fasta,3p8m_complex,11.63,100.0,194,False
ligand_sequences.fasta,3zwh_complex,11.63,100.0,194,False
ligand_sequences.fasta,4xkh_complex,11.63,100.0,194,False
ligand_sequences.fasta,3zyi_complex,11.61,100.0,194,False
receptor_sequences.fasta,5szj_complex,11.58,100.0,194,False
ligand_sequences.fasta,3onl_complex,11.58,100.0,194,False
ligand_sequences.fasta,4bd9_complex,11.58,100.0,194,False
ligand_sequences.fasta,4hh3_complex,11.58,100.0,194,False
ligand_sequences.fasta,5ifs_complex,11.56,100.0,194,False
receptor_sequences.fasta,1kxp_complex,11.54,100.0,194,False
receptor_sequences.fasta,3aaa_complex,11.54,100.0,194,False
receptor_sequences.fasta,3qlu_complex,11.54,100.0,194,False
receptor_sequences.fasta,4f48_complex,11.54,100.0,194,False
receptor_sequences.fasta,4hdo_complex,11.54,100.0,194,False
receptor_sequences.fasta,6pnq_complex,11.54,100.0,194,False
ligand_sequences.fasta,1eo8_complex,11.54,100.0,194,False
ligand_sequences.fasta,1lp1_complex,11.54,100.0,194,False
ligand_sequences.fasta,1mzw_complex,11.54,100.0,194,False
ligand_sequences.fasta,1vet_complex,11.54,100.0,194,False
ligand_sequences.fasta,3noc_complex,11.54,100.0,194,False
ligand_sequences.fasta,4g6j_complex,11.54,100.0,194,False
ligand_sequences.fasta,4w4o_complex,11.54,100.0,194,False
ligand_sequences.fasta,5j4a_complex,11.54,100.0,194,False
ligand_sequences.fasta,5jw7_complex,11.54,100.0,194,False
ligand_sequences.fasta,5th9_complex,11.54,100.0,194,False
ligand_sequences.fasta,5u4y_complex,11.54,100.0,194,False
ligand_sequences.fasta,5ufe_complex,11.54,100.0,194,False
ligand_sequences.fasta,5ufq_complex,11.54,100.0,194,False
receptor_sequences.fasta,4hfk_complex,11.49,100.0,194,False
ligand_sequences.fasta,5m2i_complex,11.49,100.0,194,False
ligand_sequences.fasta,3fju_complex,11.48,100.0,194,False
ligand_sequences.fasta,3hh2_complex,11.48,100.0,194,False
ligand_sequences.fasta,4u3j_complex,11.48,100.0,194,False
ligand_sequences.fasta,5jhw_complex,11.48,100.0,194,False
ligand_sequences.fasta,5un7_complex,11.48,100.0,194,False
receptor_sequences.fasta,4gn5_complex,11.46,100.0,194,False
ligand_sequences.fasta,2v9t_complex,11.46,100.0,194,False
receptor_sequences.fasta,4pas_complex,11.43,100.0,194,False
receptor_sequences.fasta,5lpu_complex,11.43,100.0,194,False
ligand_sequences.fasta,3htu_complex,11.43,100.0,194,False
ligand_sequences.fasta,4hj0_complex,11.43,100.0,194,False
ligand_sequences.fasta,4pvz_complex,11.43,100.0,194,False
ligand_sequences.fasta,4qlp_complex,11.43,100.0,194,False
ligand_sequences.fasta,4v3k_complex,11.43,100.0,194,False
ligand_sequences.fasta,5ee5_complex,11.43,100.0,194,False
ligand_sequences.fasta,5omb_complex,11.43,100.0,194,False
ligand_sequences.fasta,6dg5_complex,11.43,100.0,194,False
ligand_sequences.fasta,1nez_complex,11.39,100.0,194,False
ligand_sequences.fasta,3ay4_complex,11.39,100.0,194,False
ligand_sequences.fasta,3sgk_complex,11.39,100.0,194,False
ligand_sequences.fasta,4wwi_complex,11.38,100.0,194,False
receptor_sequences.fasta,2oob_complex,11.36,100.0,194,False
receptor_sequences.fasta,5mtj_complex,11.36,100.0,194,False
ligand_sequences.fasta,2vyr_complex,11.36,100.0,194,False
ligand_sequences.fasta,4doh_complex,11.36,100.0,194,False
ligand_sequences.fasta,5g15_complex,11.36,100.0,194,False
ligand_sequences.fasta,5yr0_complex,11.36,100.0,194,False
receptor_sequences.fasta,1dqj_complex,11.34,100.0,194,False
receptor_sequences.fasta,1he8_complex,11.34,100.0,194,False
receptor_sequences.fasta,2c1t_complex,11.34,100.0,194,False
receptor_sequences.fasta,4ij3_complex,11.34,100.0,194,False
receptor_sequences.fasta,4pvz_complex,11.34,100.0,194,False
receptor_sequences.fasta,4z5r_complex,11.34,100.0,194,False
receptor_sequences.fasta,5d96_complex,11.34,100.0,194,False
receptor_sequences.fasta,5jw7_complex,11.34,100.0,194,False
receptor_sequences.fasta,5kw9_complex,11.34,100.0,194,False
receptor_sequences.fasta,5lcv_complex,11.34,100.0,194,False
receptor_sequences.fasta,6jjp_complex,11.34,100.0,194,False
receptor_sequences.fasta,6nmv_complex,11.34,100.0,194,False
ligand_sequences.fasta,5j7c_complex,11.34,100.0,194,False
receptor_sequences.fasta,2r9p_complex,11.32,100.0,194,False
receptor_sequences.fasta,3l33_complex,11.32,100.0,194,False
receptor_sequences.fasta,3p92_complex,11.32,100.0,194,False
receptor_sequences.fasta,3p95_complex,11.32,100.0,194,False
receptor_sequences.fasta,4dg4_complex,11.32,100.0,194,False
receptor_sequences.fasta,4u30_complex,11.32,100.0,194,False
receptor_sequences.fasta,5c67_complex,11.32,100.0,194,False
receptor_sequences.fasta,5mn2_complex,11.32,100.0,194,False
receptor_sequences.fasta,6bx8_complex,11.32,100.0,194,False
receptor_sequences.fasta,6gfi_complex,11.32,100.0,194,False
receptor_sequences.fasta,6har_complex,11.32,100.0,194,False
receptor_sequences.fasta,6ib8_complex,11.32,100.0,194,False
ligand_sequences.fasta,1eja_complex,11.32,100.0,194,False
ligand_sequences.fasta,3wn5_complex,11.32,100.0,194,False
ligand_sequences.fasta,4u32_complex,11.32,100.0,194,False
ligand_sequences.fasta,5swk_complex,11.32,100.0,194,False
ligand_sequences.fasta,6s53_complex,11.32,100.0,194,False
receptor_sequences.fasta,3qq8_complex,11.3,100.0,194,False
receptor_sequences.fasta,5wt9_complex,11.3,100.0,194,False
ligand_sequences.fasta,2xb6_complex,11.3,100.0,194,False
receptor_sequences.fasta,4xhu_complex,11.29,100.0,194,False
receptor_sequences.fasta,5o05_complex,11.29,100.0,194,False
ligand_sequences.fasta,2wd5_complex,11.29,100.0,194,False
ligand_sequences.fasta,4geh_complex,11.29,100.0,194,False
ligand_sequences.fasta,4h6j_complex,11.29,100.0,194,False
ligand_sequences.fasta,4zlt_complex,11.29,100.0,194,False
receptor_sequences.fasta,4pgj_complex,11.27,100.0,194,False
ligand_sequences.fasta,1t0p_complex,11.27,100.0,194,False
ligand_sequences.fasta,5j57_complex,11.27,100.0,194,False
receptor_sequences.fasta,3lk2_complex,11.25,100.0,194,False
receptor_sequences.fasta,3lk3_complex,11.25,100.0,194,False
receptor_sequences.fasta,5ml9_complex,11.25,100.0,194,False
ligand_sequences.fasta,5vu0_complex,11.25,100.0,194,False
receptor_sequences.fasta,3rzw_complex,11.24,100.0,194,False
ligand_sequences.fasta,1b3s_complex,11.24,100.0,194,False
ligand_sequences.fasta,4al8_complex,11.22,100.0,194,False
receptor_sequences.fasta,4cdk_complex,11.21,100.0,194,False
ligand_sequences.fasta,5o2u_complex,11.21,100.0,194,False
ligand_sequences.fasta,6aw2_complex,11.21,100.0,194,False
receptor_sequences.fasta,2ybr_complex,11.2,100.0,194,False
receptor_sequences.fasta,2wus_complex,11.19,100.0,194,False
receptor_sequences.fasta,1veu_complex,11.11,100.0,194,False
receptor_sequences.fasta,3ol2_complex,11.11,100.0,194,False
receptor_sequences.fasta,4c99_complex,11.11,100.0,194,False
receptor_sequences.fasta,5xiu_complex,11.11,100.0,194,False
ligand_sequences.fasta,1djs_complex,11.11,100.0,194,False
ligand_sequences.fasta,1v18_complex,11.11,100.0,194,False
ligand_sequences.fasta,1zr0_complex,11.11,100.0,194,False
ligand_sequences.fasta,2c1t_complex,11.11,100.0,194,False
ligand_sequences.fasta,2hrk_complex,11.11,100.0,194,False
ligand_sequences.fasta,2ptt_complex,11.11,100.0,194,False
ligand_sequences.fasta,2y9m_complex,11.11,100.0,194,False
ligand_sequences.fasta,2zxx_complex,11.11,100.0,194,False
ligand_sequences.fasta,3sf4_complex,11.11,100.0,194,False
ligand_sequences.fasta,3ul4_complex,11.11,100.0,194,False
ligand_sequences.fasta,4lmq_complex,11.11,100.0,194,False
ligand_sequences.fasta,4ln0_complex,11.11,100.0,194,False
ligand_sequences.fasta,4s0s_complex,11.11,100.0,194,False
ligand_sequences.fasta,4x7s_complex,11.11,100.0,194,False
ligand_sequences.fasta,4zfo_complex,11.11,100.0,194,False
ligand_sequences.fasta,5bt1_complex,11.11,100.0,194,False
ligand_sequences.fasta,5fcu_complex,11.11,100.0,194,False
ligand_sequences.fasta,5lxm_complex,11.11,100.0,194,False
ligand_sequences.fasta,5ywr_complex,11.11,100.0,194,False
ligand_sequences.fasta,6ath_complex,11.11,100.0,194,False
ligand_sequences.fasta,6fub_complex,11.11,100.0,194,False
ligand_sequences.fasta,6fud_complex,11.11,100.0,194,False
ligand_sequences.fasta,6pnq_complex,11.11,100.0,194,False
ligand_sequences.fasta,4leo_complex,11.05,100.0,194,False
receptor_sequences.fasta,4j32_complex,11.02,100.0,194,False
ligand_sequences.fasta,5wt9_complex,11.02,100.0,194,False
ligand_sequences.fasta,6b9j_complex,11.02,100.0,194,False
receptor_sequences.fasta,2aq3_complex,11.01,100.0,194,False
receptor_sequences.fasta,3bzd_complex,11.01,100.0,194,False
receptor_sequences.fasta,3mc0_complex,11.01,100.0,194,False
receptor_sequences.fasta,3kyi_complex,11.0,100.0,194,False
ligand_sequences.fasta,3qwq_complex,11.0,100.0,194,False
ligand_sequences.fasta,4ios_complex,11.0,100.0,194,False
receptor_sequences.fasta,1vet_complex,10.99,100.0,194,False
receptor_sequences.fasta,3qt2_complex,10.99,100.0,194,False
receptor_sequences.fasta,6i2m_complex,10.99,100.0,194,False
receptor_sequences.fasta,1go4_complex,10.98,100.0,194,False
receptor_sequences.fasta,3gjn_complex,10.98,100.0,194,False
ligand_sequences.fasta,6eg0_complex,10.98,100.0,194,False
ligand_sequences.fasta,5dcq_complex,10.96,100.0,194,False
receptor_sequences.fasta,1an1_complex,10.95,100.0,194,False
receptor_sequences.fasta,1c9p_complex,10.95,100.0,194,False
receptor_sequences.fasta,3q1s_complex,10.95,100.0,194,False
receptor_sequences.fasta,4yyp_complex,10.94,100.0,194,False
ligand_sequences.fasta,1emv_complex,10.94,100.0,194,False
ligand_sequences.fasta,2vlp_complex,10.94,100.0,194,False
ligand_sequences.fasta,2vlq_complex,10.94,100.0,194,False
ligand_sequences.fasta,5b64_complex,10.94,100.0,194,False
ligand_sequences.fasta,5e3e_complex,10.94,100.0,194,False
ligand_sequences.fasta,6pnp_complex,10.94,100.0,194,False
receptor_sequences.fasta,4jra_complex,10.92,100.0,194,False
receptor_sequences.fasta,5ius_complex,10.92,100.0,194,False
receptor_sequences.fasta,5jlv_complex,10.92,100.0,194,False
receptor_sequences.fasta,5l21_complex,10.92,100.0,194,False
ligand_sequences.fasta,3iu3_complex,10.92,100.0,194,False
receptor_sequences.fasta,3lb8_complex,10.91,100.0,194,False
ligand_sequences.fasta,5mi0_complex,10.91,100.0,194,False
ligand_sequences.fasta,6jhw_complex,10.91,100.0,194,False
receptor_sequences.fasta,3m63_complex,10.89,100.0,194,False
receptor_sequences.fasta,3t1q_complex,10.89,100.0,194,False
ligand_sequences.fasta,4j32_complex,10.89,100.0,194,False
receptor_sequences.fasta,3v1c_complex,10.87,100.0,194,False
receptor_sequences.fasta,6a6x_complex,10.87,100.0,194,False
ligand_sequences.fasta,2x89_complex,10.87,100.0,194,False
ligand_sequences.fasta,4ala_complex,10.87,100.0,194,False
ligand_sequences.fasta,5jmc_complex,10.87,100.0,194,False
receptor_sequences.fasta,3t04_complex,10.84,100.0,194,False
ligand_sequences.fasta,4xwj_complex,10.84,100.0,194,False
ligand_sequences.fasta,5a6w_complex,10.84,100.0,194,False
ligand_sequences.fasta,6g10_complex,10.84,100.0,194,False
receptor_sequences.fasta,5jmc_complex,10.83,100.0,194,False
receptor_sequences.fasta,2wbj_complex,10.82,100.0,194,False
receptor_sequences.fasta,3cx6_complex,10.82,100.0,194,False
receptor_sequences.fasta,3cx7_complex,10.82,100.0,194,False
receptor_sequences.fasta,3cx8_complex,10.82,100.0,194,False
receptor_sequences.fasta,3iu3_complex,10.82,100.0,194,False
receptor_sequences.fasta,3lms_complex,10.82,100.0,194,False
receptor_sequences.fasta,4f37_complex,10.82,100.0,194,False
receptor_sequences.fasta,4fzv_complex,10.82,100.0,194,False
receptor_sequences.fasta,4ilg_complex,10.82,100.0,194,False
receptor_sequences.fasta,4k94_complex,10.82,100.0,194,False
receptor_sequences.fasta,4wo4_complex,10.82,100.0,194,False
receptor_sequences.fasta,5tzt_complex,10.82,100.0,194,False
receptor_sequences.fasta,5w6g_complex,10.82,100.0,194,False
receptor_sequences.fasta,6aod_complex,10.82,100.0,194,False
receptor_sequences.fasta,6e62_complex,10.82,100.0,194,False
receptor_sequences.fasta,6imf_complex,10.82,100.0,194,False
ligand_sequences.fasta,5bk1_complex,10.82,100.0,194,False
ligand_sequences.fasta,6ivz_complex,10.82,100.0,194,False
ligand_sequences.fasta,6n85_complex,10.82,100.0,194,False
receptor_sequences.fasta,1ffw_complex,10.81,100.0,194,False
receptor_sequences.fasta,5f5s_complex,10.81,100.0,194,False
ligand_sequences.fasta,1kxv_complex,10.81,100.0,194,False
ligand_sequences.fasta,2v6x_complex,10.81,100.0,194,False
ligand_sequences.fasta,3bs5_complex,10.81,100.0,194,False
ligand_sequences.fasta,3olm_complex,10.81,100.0,194,False
ligand_sequences.fasta,3qtl_complex,10.81,100.0,194,False
ligand_sequences.fasta,5ky9_complex,10.81,100.0,194,False
receptor_sequences.fasta,1kkl_complex,10.79,100.0,194,False
ligand_sequences.fasta,4zgq_complex,10.78,100.0,194,False
ligand_sequences.fasta,5b71_complex,10.78,100.0,194,False
receptor_sequences.fasta,1wr6_complex,10.77,100.0,194,False
receptor_sequences.fasta,2v3b_complex,10.77,100.0,194,False
receptor_sequences.fasta,2v6x_complex,10.77,100.0,194,False
receptor_sequences.fasta,4yiq_complex,10.77,100.0,194,False
receptor_sequences.fasta,6aw2_complex,10.77,100.0,194,False
receptor_sequences.fasta,6gbh_complex,10.77,100.0,194,False
ligand_sequences.fasta,4cj0_complex,10.77,100.0,194,False
receptor_sequences.fasta,1bvn_complex,10.76,100.0,194,False
ligand_sequences.fasta,4jra_complex,10.75,100.0,194,False
ligand_sequences.fasta,1te1_complex,10.74,100.0,194,False
ligand_sequences.fasta,3tg1_complex,10.74,100.0,194,False
receptor_sequences.fasta,4imy_complex,10.73,100.0,194,False
receptor_sequences.fasta,1l0x_complex,10.71,100.0,194,False
receptor_sequences.fasta,1l0y_complex,10.71,100.0,194,False
receptor_sequences.fasta,1sbb_complex,10.71,100.0,194,False
receptor_sequences.fasta,2iyb_complex,10.71,100.0,194,False
receptor_sequences.fasta,3k2m_complex,10.71,100.0,194,False
receptor_sequences.fasta,3wqb_complex,10.71,100.0,194,False
receptor_sequences.fasta,4ng2_complex,10.71,100.0,194,False
receptor_sequences.fasta,5dc4_complex,10.71,100.0,194,False
receptor_sequences.fasta,5ip4_complex,10.71,100.0,194,False
ligand_sequences.fasta,1ugh_complex,10.71,100.0,194,False
ligand_sequences.fasta,1uug_complex,10.71,100.0,194,False
ligand_sequences.fasta,2yvj_complex,10.71,100.0,194,False
ligand_sequences.fasta,3e1z_complex,10.71,100.0,194,False
ligand_sequences.fasta,4lyl_complex,10.71,100.0,194,False
ligand_sequences.fasta,4u4c_complex,10.71,100.0,194,False
ligand_sequences.fasta,6eg1_complex,10.71,100.0,194,False
ligand_sequences.fasta,6fu9_complex,10.71,100.0,194,False
ligand_sequences.fasta,6gfi_complex,10.71,100.0,194,False
ligand_sequences.fasta,5anm_complex,10.67,100.0,194,False
receptor_sequences.fasta,1pxv_complex,10.66,100.0,194,False
ligand_sequences.fasta,1nw9_complex,10.66,100.0,194,False
receptor_sequences.fasta,2j1k_complex,10.64,100.0,194,False
receptor_sequences.fasta,3bp8_complex,10.64,100.0,194,False
receptor_sequences.fasta,3vep_complex,10.64,100.0,194,False
receptor_sequences.fasta,4i2x_complex,10.64,100.0,194,False
receptor_sequences.fasta,4yn0_complex,10.64,100.0,194,False
ligand_sequences.fasta,1fle_complex,10.64,100.0,194,False
ligand_sequences.fasta,1usv_complex,10.64,100.0,194,False
ligand_sequences.fasta,2j12_complex,10.64,100.0,194,False
ligand_sequences.fasta,3v1c_complex,10.64,100.0,194,False
ligand_sequences.fasta,3zo0_complex,10.64,100.0,194,False
ligand_sequences.fasta,6ddm_complex,10.64,100.0,194,False
ligand_sequences.fasta,6ddr_complex,10.64,100.0,194,False
receptor_sequences.fasta,6fhp_complex,10.62,100.0,194,False
receptor_sequences.fasta,6gbg_complex,10.61,100.0,194,False
ligand_sequences.fasta,2ybr_complex,10.61,100.0,194,False
ligand_sequences.fasta,3blh_complex,10.61,100.0,194,False
ligand_sequences.fasta,3w8h_complex,10.61,100.0,194,False
ligand_sequences.fasta,4g59_complex,10.61,100.0,194,False
ligand_sequences.fasta,4lxr_complex,10.61,100.0,194,False
ligand_sequences.fasta,5nvk_complex,10.61,100.0,194,False
ligand_sequences.fasta,5u4m_complex,10.61,100.0,194,False
ligand_sequences.fasta,5w8t_complex,10.61,100.0,194,False
ligand_sequences.fasta,6fto_complex,10.61,100.0,194,False
ligand_sequences.fasta,2jel_complex,10.59,100.0,194,False
receptor_sequences.fasta,3hh2_complex,10.58,100.0,194,False
receptor_sequences.fasta,6pnp_complex,10.58,100.0,194,False
ligand_sequences.fasta,5f3b_complex,10.58,100.0,194,False
receptor_sequences.fasta,3g9v_complex,10.56,100.0,194,False
receptor_sequences.fasta,4u3j_complex,10.56,100.0,194,False
ligand_sequences.fasta,3vg9_complex,10.56,100.0,194,False
ligand_sequences.fasta,5te4_complex,10.56,100.0,194,False
receptor_sequences.fasta,1i4e_complex,10.53,100.0,194,False
receptor_sequences.fasta,1zmy_complex,10.53,100.0,194,False
receptor_sequences.fasta,4zrp_complex,10.53,100.0,194,False
receptor_sequences.fasta,5e8d_complex,10.53,100.0,194,False
ligand_sequences.fasta,1efn_complex,10.53,100.0,194,False
ligand_sequences.fasta,1sv0_complex,10.53,100.0,194,False
ligand_sequences.fasta,3f4y_complex,10.53,100.0,194,False
ligand_sequences.fasta,3uzq_complex,10.53,100.0,194,False
ligand_sequences.fasta,3vza_complex,10.53,100.0,194,False
ligand_sequences.fasta,4dzu_complex,10.53,100.0,194,False
ligand_sequences.fasta,4glv_complex,10.53,100.0,194,False
ligand_sequences.fasta,4nee_complex,10.53,100.0,194,False
ligand_sequences.fasta,4u30_complex,10.53,100.0,194,False
ligand_sequences.fasta,5hys_complex,10.53,100.0,194,False
ligand_sequences.fasta,5ky0_complex,10.53,100.0,194,False
ligand_sequences.fasta,6a3w_complex,10.53,100.0,194,False
ligand_sequences.fasta,3nfp_complex,10.48,100.0,194,False
ligand_sequences.fasta,3t1q_complex,10.48,100.0,194,False
ligand_sequences.fasta,6nrw_complex,10.48,100.0,194,False
receptor_sequences.fasta,2x1w_complex,10.47,100.0,194,False
ligand_sequences.fasta,2bym_complex,10.47,100.0,194,False
ligand_sequences.fasta,4dx8_complex,10.47,100.0,194,False
ligand_sequences.fasta,4lqf_complex,10.47,100.0,194,False
ligand_sequences.fasta,4p23_complex,10.47,100.0,194,False
receptor_sequences.fasta,1ktz_complex,10.45,100.0,194,False
receptor_sequences.fasta,1op9_complex,10.45,100.0,194,False
ligand_sequences.fasta,3bk3_complex,10.45,100.0,194,False
ligand_sequences.fasta,5d50_complex,10.45,100.0,194,False
ligand_sequences.fasta,5j56_complex,10.45,100.0,194,False
ligand_sequences.fasta,6ehg_complex,10.45,100.0,194,False
receptor_sequences.fasta,3k75_complex,10.43,100.0,194,False
receptor_sequences.fasta,1j2j_complex,10.42,100.0,194,False
receptor_sequences.fasta,2abz_complex,10.42,100.0,194,False
receptor_sequences.fasta,2j59_complex,10.42,100.0,194,False
receptor_sequences.fasta,5e95_complex,10.42,100.0,194,False
ligand_sequences.fasta,1eer_complex,10.42,100.0,194,False
ligand_sequences.fasta,3eab_complex,10.42,100.0,194,False
ligand_sequences.fasta,3wih_complex,10.42,100.0,194,False
ligand_sequences.fasta,4rdq_complex,10.42,100.0,194,False
ligand_sequences.fasta,4ypg_complex,10.42,100.0,194,False
ligand_sequences.fasta,6o3b_complex,10.42,100.0,194,False
receptor_sequences.fasta,3l9j_complex,10.4,100.0,194,False
receptor_sequences.fasta,6fud_complex,10.39,100.0,194,False
ligand_sequences.fasta,4hcn_complex,10.39,100.0,194,False
receptor_sequences.fasta,1i8l_complex,10.38,100.0,194,False
receptor_sequences.fasta,1dp5_complex,10.37,100.0,194,False
receptor_sequences.fasta,5ifs_complex,10.34,100.0,194,False
receptor_sequences.fasta,6gjq_complex,10.34,100.0,194,False
ligand_sequences.fasta,6h46_complex,10.34,100.0,194,False
receptor_sequences.fasta,4pj7_complex,10.32,100.0,194,False
receptor_sequences.fasta,5me5_complex,10.32,100.0,194,False
ligand_sequences.fasta,2vlo_complex,10.32,100.0,194,False
ligand_sequences.fasta,6ejg_complex,10.32,100.0,194,False
receptor_sequences.fasta,1jps_complex,10.31,100.0,194,False
receptor_sequences.fasta,3hi1_complex,10.31,100.0,194,False
receptor_sequences.fasta,4al8_complex,10.31,100.0,194,False
receptor_sequences.fasta,4f3f_complex,10.31,100.0,194,False
receptor_sequences.fasta,4hlz_complex,10.31,100.0,194,False
receptor_sequences.fasta,4k9e_complex,10.31,100.0,194,False
receptor_sequences.fasta,4mne_complex,10.31,100.0,194,False
receptor_sequences.fasta,5k59_complex,10.31,100.0,194,False
receptor_sequences.fasta,5kxh_complex,10.31,100.0,194,False
receptor_sequences.fasta,5ky0_complex,10.31,100.0,194,False
receptor_sequences.fasta,5ky4_complex,10.31,100.0,194,False
receptor_sequences.fasta,5ky5_complex,10.31,100.0,194,False
receptor_sequences.fasta,5ky9_complex,10.31,100.0,194,False
receptor_sequences.fasta,5usl_complex,10.31,100.0,194,False
receptor_sequences.fasta,5wi9_complex,10.31,100.0,194,False
receptor_sequences.fasta,6a67_complex,10.31,100.0,194,False
receptor_sequences.fasta,6b3s_complex,10.31,100.0,194,False
receptor_sequences.fasta,6fgb_complex,10.31,100.0,194,False
receptor_sequences.fasta,6uvo_complex,10.31,100.0,194,False
ligand_sequences.fasta,1gla_complex,10.31,100.0,194,False
ligand_sequences.fasta,3sqo_complex,10.31,100.0,194,False
ligand_sequences.fasta,4ffy_complex,10.31,100.0,194,False
ligand_sequences.fasta,4weu_complex,10.31,100.0,194,False
ligand_sequences.fasta,4xoi_complex,10.31,100.0,194,False
ligand_sequences.fasta,5jlv_complex,10.31,100.0,194,False
receptor_sequences.fasta,3eba_complex,10.29,100.0,194,False
receptor_sequences.fasta,5uzu_complex,10.29,100.0,194,False
receptor_sequences.fasta,5v69_complex,10.29,100.0,194,False
receptor_sequences.fasta,5v6a_complex,10.29,100.0,194,False
ligand_sequences.fasta,1ffw_complex,10.29,100.0,194,False
ligand_sequences.fasta,3w6j_complex,10.29,100.0,194,False
ligand_sequences.fasta,1avx_complex,10.28,100.0,194,False
receptor_sequences.fasta,3gc3_complex,10.26,100.0,194,False
receptor_sequences.fasta,3ul4_complex,10.26,100.0,194,False
receptor_sequences.fasta,5lhn_complex,10.26,100.0,194,False
ligand_sequences.fasta,2p8q_complex,10.26,100.0,194,False
ligand_sequences.fasta,3gmw_complex,10.26,100.0,194,False
ligand_sequences.fasta,4gla_complex,10.26,100.0,194,False
ligand_sequences.fasta,5o03_complex,10.26,100.0,194,False
receptor_sequences.fasta,2o8v_complex,10.24,100.0,194,False
receptor_sequences.fasta,4j2y_complex,10.24,100.0,194,False
receptor_sequences.fasta,3fhc_complex,10.23,100.0,194,False
receptor_sequences.fasta,3qbt_complex,10.23,100.0,194,False
receptor_sequences.fasta,5szk_complex,10.23,100.0,194,False
ligand_sequences.fasta,1gpw_complex,10.23,100.0,194,False
ligand_sequences.fasta,4lu5_complex,10.23,100.0,194,False
ligand_sequences.fasta,5mn2_complex,10.23,100.0,194,False
ligand_sequences.fasta,5szi_complex,10.23,100.0,194,False
receptor_sequences.fasta,1xu1_complex,10.22,100.0,194,False
receptor_sequences.fasta,6a7v_complex,10.22,100.0,194,False
receptor_sequences.fasta,3fxd_complex,10.2,100.0,194,False
ligand_sequences.fasta,5iia_complex,10.2,100.0,194,False
ligand_sequences.fasta,6moe_complex,10.2,100.0,194,False
receptor_sequences.fasta,1dhk_complex,10.19,100.0,194,False
receptor_sequences.fasta,2iy1_complex,10.19,100.0,194,False
ligand_sequences.fasta,4yiq_complex,10.19,100.0,194,False
receptor_sequences.fasta,4etp_complex,10.17,100.0,194,False
receptor_sequences.fasta,5oen_complex,10.17,100.0,194,False
ligand_sequences.fasta,2btf_complex,10.17,100.0,194,False
ligand_sequences.fasta,3wrx_complex,10.17,100.0,194,False
ligand_sequences.fasta,5elu_complex,10.17,100.0,194,False
ligand_sequences.fasta,5my6_complex,10.17,100.0,194,False
ligand_sequences.fasta,6isc_complex,10.17,100.0,194,False
ligand_sequences.fasta,1z92_complex,10.16,100.0,194,False
ligand_sequences.fasta,2vln_complex,10.16,100.0,194,False
ligand_sequences.fasta,1f34_complex,10.14,100.0,194,False
ligand_sequences.fasta,3vep_complex,10.14,100.0,194,False
ligand_sequences.fasta,4etw_complex,10.14,100.0,194,False
ligand_sequences.fasta,5kof_complex,10.14,100.0,194,False
receptor_sequences.fasta,1kxq_complex,10.13,100.0,194,False
receptor_sequences.fasta,1kxt_complex,10.13,100.0,194,False
receptor_sequences.fasta,1kxv_complex,10.13,100.0,194,False
receptor_sequences.fasta,6eg0_complex,10.13,100.0,194,False
receptor_sequences.fasta,6fu9_complex,10.13,100.0,194,False
ligand_sequences.fasta,5l8j_complex,10.13,100.0,194,False
receptor_sequences.fasta,6h3t_complex,10.12,100.0,194,False
receptor_sequences.fasta,3tnf_complex,10.11,100.0,194,False
receptor_sequences.fasta,4lrz_complex,10.11,100.0,194,False
ligand_sequences.fasta,3uze_complex,10.1,100.0,194,False
receptor_sequences.fasta,2aq1_complex,10.09,100.0,194,False
ligand_sequences.fasta,5ayr_complex,10.09,100.0,194,False
ligand_sequences.fasta,5ays_complex,10.09,100.0,194,False
receptor_sequences.fasta,5o4e_complex,10.08,100.0,194,False
receptor_sequences.fasta,1cn4_complex,10.07,100.0,194,False
receptor_sequences.fasta,5vpg_complex,10.06,100.0,194,False
receptor_sequences.fasta,5vpl_complex,10.06,100.0,194,False
receptor_sequences.fasta,2aq2_complex,10.0,100.0,194,False
receptor_sequences.fasta,2j7p_complex,10.0,100.0,194,False
receptor_sequences.fasta,4afq_complex,10.0,100.0,194,False
receptor_sequences.fasta,4afz_complex,10.0,100.0,194,False
receptor_sequences.fasta,4ag2_complex,10.0,100.0,194,False
receptor_sequences.fasta,4kjy_complex,10.0,100.0,194,False
receptor_sequences.fasta,5szh_complex,10.0,100.0,194,False
receptor_sequences.fasta,6co2_complex,10.0,100.0,194,False
receptor_sequences.fasta,6ihb_complex,10.0,100.0,194,False
receptor_sequences.fasta,6mhr_complex,10.0,100.0,194,False
receptor_sequences.fasta,6og4_complex,10.0,100.0,194,False
ligand_sequences.fasta,1an1_complex,10.0,100.0,194,False
ligand_sequences.fasta,1c9p_complex,10.0,100.0,194,False
ligand_sequences.fasta,1sy6_complex,10.0,100.0,194,False
ligand_sequences.fasta,2jjs_complex,10.0,100.0,194,False
ligand_sequences.fasta,2jjt_complex,10.0,100.0,194,False
ligand_sequences.fasta,3oux_complex,10.0,100.0,194,False
ligand_sequences.fasta,3wdg_complex,10.0,100.0,194,False
ligand_sequences.fasta,3wry_complex,10.0,100.0,194,False
ligand_sequences.fasta,3wwn_complex,10.0,100.0,194,False
ligand_sequences.fasta,4c5g_complex,10.0,100.0,194,False
ligand_sequences.fasta,4cmm_complex,10.0,100.0,194,False
ligand_sequences.fasta,4fq0_complex,10.0,100.0,194,False
ligand_sequences.fasta,4x7e_complex,10.0,100.0,194,False
ligand_sequences.fasta,5dc4_complex,10.0,100.0,194,False
ligand_sequences.fasta,5eoa_complex,10.0,100.0,194,False
ligand_sequences.fasta,5eof_complex,10.0,100.0,194,False
ligand_sequences.fasta,5eql_complex,10.0,100.0,194,False
ligand_sequences.fasta,5hgg_complex,10.0,100.0,194,False
ligand_sequences.fasta,5ikc_complex,10.0,100.0,194,False
ligand_sequences.fasta,5oaq_complex,10.0,100.0,194,False
ligand_sequences.fasta,5oyl_complex,10.0,100.0,194,False
ligand_sequences.fasta,5szj_complex,10.0,100.0,194,False
ligand_sequences.fasta,5tvq_complex,10.0,100.0,194,False
ligand_sequences.fasta,5tzt_complex,10.0,100.0,194,False
ligand_sequences.fasta,5x4l_complex,10.0,100.0,194,False
ligand_sequences.fasta,6mhr_complex,10.0,100.0,194,False
receptor_sequences.fasta,3rdt_complex,9.95,100.0,194,False
receptor_sequences.fasta,4p46_complex,9.95,100.0,194,False
receptor_sequences.fasta,1dzb_complex,9.94,100.0,194,False
receptor_sequences.fasta,3q9n_complex,9.93,100.0,194,False
receptor_sequences.fasta,3q9u_complex,9.93,100.0,194,False
receptor_sequences.fasta,1ibr_complex,9.92,100.0,194,False
receptor_sequences.fasta,4lgr_complex,9.92,100.0,194,False
receptor_sequences.fasta,5j56_complex,9.92,100.0,194,False
receptor_sequences.fasta,5u4m_complex,9.92,100.0,194,False
receptor_sequences.fasta,6cwg_complex,9.92,100.0,194,False
ligand_sequences.fasta,2o3b_complex,9.92,100.0,194,False
ligand_sequences.fasta,6h2y_complex,9.92,100.0,194,False
ligand_sequences.fasta,3q9n_complex,9.91,100.0,194,False
ligand_sequences.fasta,3q9u_complex,9.91,100.0,194,False
receptor_sequences.fasta,3g7z_complex,9.9,100.0,194,False
receptor_sequences.fasta,3hpw_complex,9.9,100.0,194,False
ligand_sequences.fasta,1x75_complex,9.9,100.0,194,False
ligand_sequences.fasta,4cvw_complex,9.9,100.0,194,False
receptor_sequences.fasta,4lqf_complex,9.89,100.0,194,False
ligand_sequences.fasta,3mj7_complex,9.89,100.0,194,False
ligand_sequences.fasta,5tz2_complex,9.89,100.0,194,False
receptor_sequences.fasta,4dpg_complex,9.88,100.0,194,False
receptor_sequences.fasta,4yvq_complex,9.88,100.0,194,False
ligand_sequences.fasta,3cqx_complex,9.88,100.0,194,False
ligand_sequences.fasta,4euk_complex,9.87,100.0,194,False
receptor_sequences.fasta,4qlb_complex,9.86,100.0,194,False
receptor_sequences.fasta,5w8t_complex,9.86,100.0,194,False
ligand_sequences.fasta,3tq7_complex,9.86,100.0,194,False
ligand_sequences.fasta,5tl6_complex,9.86,100.0,194,False
ligand_sequences.fasta,6nmr_complex,9.86,100.0,194,False
ligand_sequences.fasta,6nmt_complex,9.86,100.0,194,False
receptor_sequences.fasta,1i2m_complex,9.85,100.0,194,False
receptor_sequences.fasta,1k5d_complex,9.85,100.0,194,False
receptor_sequences.fasta,4ol0_complex,9.85,100.0,194,False
receptor_sequences.fasta,2iwg_complex,9.84,100.0,194,False
receptor_sequences.fasta,2x9a_complex,9.84,100.0,194,False
receptor_sequences.fasta,3eab_complex,9.84,100.0,194,False
receptor_sequences.fasta,3tsr_complex,9.84,100.0,194,False
receptor_sequences.fasta,3twi_complex,9.84,100.0,194,False
receptor_sequences.fasta,4a49_complex,9.84,100.0,194,False
receptor_sequences.fasta,4z9k_complex,9.84,100.0,194,False
receptor_sequences.fasta,5j57_complex,9.84,100.0,194,False
receptor_sequences.fasta,5u52_complex,9.84,100.0,194,False
ligand_sequences.fasta,1z0k_complex,9.84,100.0,194,False
ligand_sequences.fasta,3wwk_complex,9.84,100.0,194,False
ligand_sequences.fasta,4afq_complex,9.84,100.0,194,False
ligand_sequences.fasta,5k22_complex,9.84,100.0,194,False
ligand_sequences.fasta,6fpg_complex,9.84,100.0,194,False
ligand_sequences.fasta,6otc_complex,9.84,100.0,194,False
receptor_sequences.fasta,4k71_complex,9.83,100.0,194,False
receptor_sequences.fasta,2c1m_complex,9.82,100.0,194,False
ligand_sequences.fasta,5uwc_complex,9.82,100.0,194,False
ligand_sequences.fasta,1dee_complex,9.8,100.0,194,False
ligand_sequences.fasta,2b2x_complex,9.8,100.0,194,False
ligand_sequences.fasta,5mtm_complex,9.8,100.0,194,False
receptor_sequences.fasta,1iqd_complex,9.79,100.0,194,False
receptor_sequences.fasta,1tzh_complex,9.79,100.0,194,False
receptor_sequences.fasta,3p71_complex,9.79,100.0,194,False
receptor_sequences.fasta,3uc0_complex,9.79,100.0,194,False
receptor_sequences.fasta,4ct0_complex,9.79,100.0,194,False
receptor_sequences.fasta,4lyl_complex,9.79,100.0,194,False
receptor_sequences.fasta,4m1g_complex,9.79,100.0,194,False
receptor_sequences.fasta,4p3y_complex,9.79,100.0,194,False
receptor_sequences.fasta,5eb1_complex,9.79,100.0,194,False
receptor_sequences.fasta,5gzo_complex,9.79,100.0,194,False
receptor_sequences.fasta,5lqb_complex,9.79,100.0,194,False
receptor_sequences.fasta,5nzz_complex,9.79,100.0,194,False
receptor_sequences.fasta,6ddr_complex,9.79,100.0,194,False
receptor_sequences.fasta,6h2y_complex,9.79,100.0,194,False
receptor_sequences.fasta,6moe_complex,9.79,100.0,194,False
receptor_sequences.fasta,6phb_complex,9.79,100.0,194,False
ligand_sequences.fasta,2cmr_complex,9.79,100.0,194,False
ligand_sequences.fasta,3ma9_complex,9.79,100.0,194,False
ligand_sequences.fasta,3mac_complex,9.79,100.0,194,False
ligand_sequences.fasta,4bkx_complex,9.79,100.0,194,False
ligand_sequences.fasta,5gvi_complex,9.79,100.0,194,False
ligand_sequences.fasta,6h47_complex,9.79,100.0,194,False
ligand_sequences.fasta,6mgp_complex,9.79,100.0,194,False
ligand_sequences.fasta,6mi2_complex,9.79,100.0,194,False
receptor_sequences.fasta,2j8x_complex,9.78,100.0,194,False
receptor_sequences.fasta,3uyo_complex,9.78,100.0,194,False
receptor_sequences.fasta,5szi_complex,9.78,100.0,194,False
ligand_sequences.fasta,1kac_complex,9.78,100.0,194,False
ligand_sequences.fasta,1ktk_complex,9.78,100.0,194,False
ligand_sequences.fasta,1p6a_complex,9.78,100.0,194,False
ligand_sequences.fasta,2byk_complex,9.78,100.0,194,False
ligand_sequences.fasta,2fu5_complex,9.78,100.0,194,False
receptor_sequences.fasta,2ij0_complex,9.77,100.0,194,False
receptor_sequences.fasta,3ch5_complex,9.77,100.0,194,False
receptor_sequences.fasta,4j6g_complex,9.77,100.0,194,False
receptor_sequences.fasta,4kgq_complex,9.77,100.0,194,False
ligand_sequences.fasta,4kgg_complex,9.77,100.0,194,False
receptor_sequences.fasta,1icf_complex,9.76,100.0,194,False
receptor_sequences.fasta,1xt9_complex,9.76,100.0,194,False
receptor_sequences.fasta,3sgk_complex,9.76,100.0,194,False
receptor_sequences.fasta,5yc5_complex,9.76,100.0,194,False
receptor_sequences.fasta,5z7l_complex,9.76,100.0,194,False
receptor_sequences.fasta,6j11_complex,9.76,100.0,194,False
receptor_sequences.fasta,6q69_complex,9.76,100.0,194,False
ligand_sequences.fasta,1fc2_complex,9.76,100.0,194,False
ligand_sequences.fasta,2ijo_complex,9.76,100.0,194,False
ligand_sequences.fasta,2wus_complex,9.76,100.0,194,False
ligand_sequences.fasta,4hem_complex,9.76,100.0,194,False
ligand_sequences.fasta,5o2t_complex,9.76,100.0,194,False
ligand_sequences.fasta,5xmh_complex,9.76,100.0,194,False
receptor_sequences.fasta,4dt1_complex,9.73,100.0,194,False
ligand_sequences.fasta,1ycs_complex,9.73,100.0,194,False
receptor_sequences.fasta,3vyr_complex,9.72,100.0,194,False
receptor_sequences.fasta,5mr4_complex,9.72,100.0,194,False
receptor_sequences.fasta,5mr5_complex,9.72,100.0,194,False
receptor_sequences.fasta,6fe4_complex,9.72,100.0,194,False
ligand_sequences.fasta,2xra_complex,9.72,100.0,194,False
ligand_sequences.fasta,4dh2_complex,9.72,100.0,194,False
ligand_sequences.fasta,6nms_complex,9.72,100.0,194,False
ligand_sequences.fasta,6nmu_complex,9.72,100.0,194,False
receptor_sequences.fasta,5x4l_complex,9.7,100.0,194,False
ligand_sequences.fasta,1e6j_complex,9.7,100.0,194,False
receptor_sequences.fasta,1ay7_complex,9.68,100.0,194,False
receptor_sequences.fasta,3ux9_complex,9.68,100.0,194,False
receptor_sequences.fasta,5gjk_complex,9.68,100.0,194,False
receptor_sequences.fasta,6fgo_complex,9.68,100.0,194,False
receptor_sequences.fasta,6fub_complex,9.68,100.0,194,False
ligand_sequences.fasta,2j6e_complex,9.68,100.0,194,False
ligand_sequences.fasta,5dfw_complex,9.68,100.0,194,False
ligand_sequences.fasta,5fhx_complex,9.68,100.0,194,False
ligand_sequences.fasta,6a7v_complex,9.68,100.0,194,False
ligand_sequences.fasta,6umt_complex,9.68,100.0,194,False
receptor_sequences.fasta,1fle_complex,9.64,100.0,194,False
receptor_sequences.fasta,3ejj_complex,9.64,100.0,194,False
receptor_sequences.fasta,3ojm_complex,9.64,100.0,194,False
receptor_sequences.fasta,6j7w_complex,9.64,100.0,194,False
receptor_sequences.fasta,3e2k_complex,9.63,100.0,194,False
ligand_sequences.fasta,2iwg_complex,9.63,100.0,194,False
receptor_sequences.fasta,2gh0_complex,9.62,100.0,194,False
ligand_sequences.fasta,1v7p_complex,9.62,100.0,194,False
ligand_sequences.fasta,2uuy_complex,9.62,100.0,194,False
receptor_sequences.fasta,1fak_complex,9.6,100.0,194,False
receptor_sequences.fasta,2ijo_complex,9.6,100.0,194,False
receptor_sequences.fasta,4hff_complex,9.6,100.0,194,False
receptor_sequences.fasta,4lgp_complex,9.6,100.0,194,False
receptor_sequences.fasta,5u4y_complex,9.6,100.0,194,False
ligand_sequences.fasta,5usl_complex,9.6,100.0,194,False
receptor_sequences.fasta,3gxu_complex,9.59,100.0,194,False
ligand_sequences.fasta,3h2v_complex,9.59,100.0,194,False
ligand_sequences.fasta,4zqu_complex,9.59,100.0,194,False
ligand_sequences.fasta,6bit_complex,9.59,100.0,194,False
ligand_sequences.fasta,6mlk_complex,9.59,100.0,194,False
receptor_sequences.fasta,2noj_complex,9.57,100.0,194,False
receptor_sequences.fasta,4c4k_complex,9.57,100.0,194,False
ligand_sequences.fasta,6ddv_complex,9.57,100.0,194,False
receptor_sequences.fasta,3k3q_complex,9.56,100.0,194,False
ligand_sequences.fasta,2nyy_complex,9.56,100.0,194,False
receptor_sequences.fasta,4uyp_complex,9.52,100.0,194,False
receptor_sequences.fasta,4uyq_complex,9.52,100.0,194,False
receptor_sequences.fasta,5iia_complex,9.52,100.0,194,False
ligand_sequences.fasta,1yd8_complex,9.52,100.0,194,False
ligand_sequences.fasta,2x1w_complex,9.52,100.0,194,False
ligand_sequences.fasta,3ngb_complex,9.52,100.0,194,False
ligand_sequences.fasta,3uir_complex,9.52,100.0,194,False
ligand_sequences.fasta,4jkp_complex,9.52,100.0,194,False
ligand_sequences.fasta,4p9h_complex,9.52,100.0,194,False
ligand_sequences.fasta,4zrj_complex,9.52,100.0,194,False
ligand_sequences.fasta,5f5s_complex,9.52,100.0,194,False
ligand_sequences.fasta,5kvf_complex,9.52,100.0,194,False
ligand_sequences.fasta,5te6_complex,9.52,100.0,194,False
ligand_sequences.fasta,5ush_complex,9.52,100.0,194,False
ligand_sequences.fasta,5x0w_complex,9.52,100.0,194,False
ligand_sequences.fasta,6bck_complex,9.52,100.0,194,False
ligand_sequences.fasta,6bf4_complex,9.52,100.0,194,False
ligand_sequences.fasta,6saz_complex,9.52,100.0,194,False
receptor_sequences.fasta,4f6r_complex,9.5,100.0,194,False
receptor_sequences.fasta,5eyp_complex,9.5,100.0,194,False
receptor_sequences.fasta,6gwc_complex,9.5,100.0,194,False
receptor_sequences.fasta,1avx_complex,9.49,100.0,194,False
receptor_sequences.fasta,1eja_complex,9.49,100.0,194,False
receptor_sequences.fasta,1ldt_complex,9.49,100.0,194,False
receptor_sequences.fasta,1s1q_complex,9.49,100.0,194,False
receptor_sequences.fasta,2ftl_complex,9.49,100.0,194,False
receptor_sequences.fasta,2wp0_complex,9.49,100.0,194,False
receptor_sequences.fasta,4an7_complex,9.49,100.0,194,False
receptor_sequences.fasta,4c2b_complex,9.49,100.0,194,False
receptor_sequences.fasta,4doq_complex,9.49,100.0,194,False
ligand_sequences.fasta,3bik_complex,9.48,100.0,194,False
ligand_sequences.fasta,4x7d_complex,9.48,100.0,194,False
ligand_sequences.fasta,6k0y_complex,9.48,100.0,194,False
ligand_sequences.fasta,6o3o_complex,9.47,100.0,194,False
ligand_sequences.fasta,6sak_complex,9.47,100.0,194,False
receptor_sequences.fasta,2wo2_complex,9.46,100.0,194,False
receptor_sequences.fasta,2wo3_complex,9.46,100.0,194,False
receptor_sequences.fasta,3oj2_complex,9.46,100.0,194,False
ligand_sequences.fasta,1zli_complex,9.46,100.0,194,False
ligand_sequences.fasta,3lms_complex,9.46,100.0,194,False
ligand_sequences.fasta,4h2s_complex,9.46,100.0,194,False
ligand_sequences.fasta,4hep_complex,9.46,100.0,194,False
ligand_sequences.fasta,4m8q_complex,9.46,100.0,194,False
ligand_sequences.fasta,6nmv_complex,9.46,100.0,194,False
receptor_sequences.fasta,3g3b_complex,9.45,100.0,194,False
receptor_sequences.fasta,5bnq_complex,9.45,100.0,194,False
ligand_sequences.fasta,2j1k_complex,9.45,100.0,194,False
ligand_sequences.fasta,4etq_complex,9.45,100.0,194,False
ligand_sequences.fasta,4i0c_complex,9.45,100.0,194,False
ligand_sequences.fasta,5te7_complex,9.45,100.0,194,False
ligand_sequences.fasta,5vyf_complex,9.45,100.0,194,False
ligand_sequences.fasta,6cwg_complex,9.45,100.0,194,False
receptor_sequences.fasta,2es4_complex,9.44,100.0,194,False
receptor_sequences.fasta,4ons_complex,9.43,100.0,194,False
receptor_sequences.fasta,4uem_complex,9.43,100.0,194,False
receptor_sequences.fasta,5aam_complex,9.43,100.0,194,False
ligand_sequences.fasta,4pbv_complex,9.43,100.0,194,False
ligand_sequences.fasta,3s2k_complex,9.41,100.0,194,False
ligand_sequences.fasta,5t29_complex,9.4,100.0,194,False
ligand_sequences.fasta,6jjp_complex,9.4,100.0,194,False
receptor_sequences.fasta,5d50_complex,9.38,100.0,194,False
ligand_sequences.fasta,1gl0_complex,9.38,100.0,194,False
ligand_sequences.fasta,1kgy_complex,9.38,100.0,194,False
ligand_sequences.fasta,2hle_complex,9.38,100.0,194,False
ligand_sequences.fasta,2z58_complex,9.38,100.0,194,False
ligand_sequences.fasta,3vv2_complex,9.38,100.0,194,False
ligand_sequences.fasta,5y4r_complex,9.38,100.0,194,False
ligand_sequences.fasta,6byh_complex,9.38,100.0,194,False
ligand_sequences.fasta,6fgo_complex,9.38,100.0,194,False
ligand_sequences.fasta,4ww2_complex,9.36,100.0,194,False
receptor_sequences.fasta,1uex_complex,9.35,100.0,194,False
ligand_sequences.fasta,5fr1_complex,9.35,100.0,194,False
ligand_sequences.fasta,5o74_complex,9.35,100.0,194,False
receptor_sequences.fasta,4cmm_complex,9.33,100.0,194,False
ligand_sequences.fasta,1i3o_complex,9.33,100.0,194,False
ligand_sequences.fasta,3kyi_complex,9.33,100.0,194,False
ligand_sequences.fasta,5f3x_complex,9.33,100.0,194,False
receptor_sequences.fasta,4c2a_complex,9.32,100.0,194,False
ligand_sequences.fasta,2wpt_complex,9.32,100.0,194,False
ligand_sequences.fasta,6jbt_complex,9.32,100.0,194,False
receptor_sequences.fasta,1du3_complex,9.3,100.0,194,False
receptor_sequences.fasta,5hpy_complex,9.3,100.0,194,False
ligand_sequences.fasta,2nqd_complex,9.3,100.0,194,False
ligand_sequences.fasta,3fxd_complex,9.3,100.0,194,False
ligand_sequences.fasta,4h88_complex,9.3,100.0,194,False
ligand_sequences.fasta,5aoq_complex,9.3,100.0,194,False
ligand_sequences.fasta,6arq_complex,9.3,100.0,194,False
ligand_sequences.fasta,6i07_complex,9.3,100.0,194,False
receptor_sequences.fasta,4qt8_complex,9.29,100.0,194,False
ligand_sequences.fasta,2hev_complex,9.29,100.0,194,False
receptor_sequences.fasta,1bj1_complex,9.28,100.0,194,False
receptor_sequences.fasta,1cz8_complex,9.28,100.0,194,False
receptor_sequences.fasta,1fe8_complex,9.28,100.0,194,False
receptor_sequences.fasta,1ob1_complex,9.28,100.0,194,False
receptor_sequences.fasta,1qfu_complex,9.28,100.0,194,False
receptor_sequences.fasta,1sy6_complex,9.28,100.0,194,False
receptor_sequences.fasta,1tdq_complex,9.28,100.0,194,False
receptor_sequences.fasta,2bdn_complex,9.28,100.0,194,False
receptor_sequences.fasta,2iy0_complex,9.28,100.0,194,False
receptor_sequences.fasta,3bgf_complex,9.28,100.0,194,False
receptor_sequences.fasta,3l5x_complex,9.28,100.0,194,False
receptor_sequences.fasta,3l95_complex,9.28,100.0,194,False
receptor_sequences.fasta,3scm_complex,9.28,100.0,194,False
receptor_sequences.fasta,4ala_complex,9.28,100.0,194,False
receptor_sequences.fasta,4cmh_complex,9.28,100.0,194,False
receptor_sequences.fasta,4dgi_complex,9.28,100.0,194,False
receptor_sequences.fasta,4fqi_complex,9.28,100.0,194,False
receptor_sequences.fasta,4h88_complex,9.28,100.0,194,False
receptor_sequences.fasta,4iiq_complex,9.28,100.0,194,False
receptor_sequences.fasta,4n9g_complex,9.28,100.0,194,False
receptor_sequences.fasta,4nee_complex,9.28,100.0,194,False
receptor_sequences.fasta,4ps4_complex,9.28,100.0,194,False
receptor_sequences.fasta,4rs1_complex,9.28,100.0,194,False
receptor_sequences.fasta,5a3i_complex,9.28,100.0,194,False
receptor_sequences.fasta,5dob_complex,9.28,100.0,194,False
receptor_sequences.fasta,5imt_complex,9.28,100.0,194,False
receptor_sequences.fasta,5lxm_complex,9.28,100.0,194,False
receptor_sequences.fasta,6b9j_complex,9.28,100.0,194,False
receptor_sequences.fasta,6bf4_complex,9.28,100.0,194,False
receptor_sequences.fasta,6bkc_complex,9.28,100.0,194,False
receptor_sequences.fasta,6cmg_complex,9.28,100.0,194,False
receptor_sequences.fasta,6ddm_complex,9.28,100.0,194,False
receptor_sequences.fasta,6mss_complex,9.28,100.0,194,False
receptor_sequences.fasta,6nmt_complex,9.28,100.0,194,False
ligand_sequences.fasta,1rvj_complex,9.28,100.0,194,False
ligand_sequences.fasta,2aep_complex,9.28,100.0,194,False
ligand_sequences.fasta,2aeq_complex,9.28,100.0,194,False
ligand_sequences.fasta,4c1n_complex,9.28,100.0,194,False
ligand_sequences.fasta,4eoz_complex,9.28,100.0,194,False
ligand_sequences.fasta,5jhl_complex,9.28,100.0,194,False
ligand_sequences.fasta,6hul_complex,9.28,100.0,194,False
ligand_sequences.fasta,6oan_complex,9.28,100.0,194,False
ligand_sequences.fasta,2y5b_complex,9.27,100.0,194,False
receptor_sequences.fasta,1sg1_complex,9.26,100.0,194,False
receptor_sequences.fasta,2fdb_complex,9.26,100.0,194,False
receptor_sequences.fasta,4fq0_complex,9.26,100.0,194,False
receptor_sequences.fasta,5d1k_complex,9.26,100.0,194,False
receptor_sequences.fasta,5d1l_complex,9.26,100.0,194,False
receptor_sequences.fasta,5d1m_complex,9.26,100.0,194,False
ligand_sequences.fasta,1ijk_complex,9.26,100.0,194,False
ligand_sequences.fasta,3rpg_complex,9.26,100.0,194,False
ligand_sequences.fasta,4a49_complex,9.26,100.0,194,False
ligand_sequences.fasta,4edw_complex,9.26,100.0,194,False
ligand_sequences.fasta,4s3o_complex,9.26,100.0,194,False
ligand_sequences.fasta,4uuz_complex,9.26,100.0,194,False
receptor_sequences.fasta,5vxz_complex,9.25,100.0,194,False
ligand_sequences.fasta,5whk_complex,9.25,100.0,194,False
receptor_sequences.fasta,1uuz_complex,9.23,100.0,194,False
receptor_sequences.fasta,4n7v_complex,9.23,100.0,194,False
receptor_sequences.fasta,5o2t_complex,9.23,100.0,194,False
ligand_sequences.fasta,1uad_complex,9.23,100.0,194,False
ligand_sequences.fasta,3d5r_complex,9.23,100.0,194,False
ligand_sequences.fasta,6gho_complex,9.23,100.0,194,False
receptor_sequences.fasta,1wej_complex,9.22,100.0,194,False
receptor_sequences.fasta,2o98_complex,9.21,100.0,194,False
receptor_sequences.fasta,5jze_complex,9.21,100.0,194,False
receptor_sequences.fasta,5tl7_complex,9.21,100.0,194,False
receptor_sequences.fasta,5vz4_complex,9.21,100.0,194,False
ligand_sequences.fasta,1gua_complex,9.21,100.0,194,False
ligand_sequences.fasta,3kuc_complex,9.21,100.0,194,False
ligand_sequences.fasta,3kud_complex,9.21,100.0,194,False
ligand_sequences.fasta,3vpj_complex,9.21,100.0,194,False
ligand_sequences.fasta,5t6l_complex,9.21,100.0,194,False
receptor_sequences.fasta,4k5b_complex,9.2,100.0,194,False
receptor_sequences.fasta,6o3o_complex,9.2,100.0,194,False
ligand_sequences.fasta,1uex_complex,9.2,100.0,194,False
ligand_sequences.fasta,4k5a_complex,9.2,100.0,194,False
ligand_sequences.fasta,4gn3_complex,9.18,100.0,194,False
ligand_sequences.fasta,6flc_complex,9.18,100.0,194,False
receptor_sequences.fasta,1j7d_complex,9.17,100.0,194,False
receptor_sequences.fasta,2dsr_complex,9.17,100.0,194,False
receptor_sequences.fasta,2wy8_complex,9.17,100.0,194,False
ligand_sequences.fasta,3tje_complex,9.17,100.0,194,False
ligand_sequences.fasta,4iiq_complex,9.17,100.0,194,False
receptor_sequences.fasta,3beg_complex,9.16,100.0,194,False
receptor_sequences.fasta,5djt_complex,9.16,100.0,194,False
ligand_sequences.fasta,3t6g_complex,9.16,100.0,194,False
receptor_sequences.fasta,2j6e_complex,9.15,100.0,194,False
receptor_sequences.fasta,3nvq_complex,9.15,100.0,194,False
ligand_sequences.fasta,4z2m_complex,9.15,100.0,194,False
ligand_sequences.fasta,5t5b_complex,9.15,100.0,194,False
ligand_sequences.fasta,6bkb_complex,9.15,100.0,194,False
receptor_sequences.fasta,4l0p_complex,9.14,100.0,194,False
ligand_sequences.fasta,4k2u_complex,9.14,100.0,194,False
receptor_sequences.fasta,2vln_complex,9.09,100.0,194,False
receptor_sequences.fasta,2wp3_complex,9.09,100.0,194,False
receptor_sequences.fasta,2wwk_complex,9.09,100.0,194,False
receptor_sequences.fasta,2zxx_complex,9.09,100.0,194,False
receptor_sequences.fasta,3bx1_complex,9.09,100.0,194,False
receptor_sequences.fasta,3ona_complex,9.09,100.0,194,False
receptor_sequences.fasta,4mjs_complex,9.09,100.0,194,False
receptor_sequences.fasta,5jg6_complex,9.09,100.0,194,False
receptor_sequences.fasta,5y1z_complex,9.09,100.0,194,False
receptor_sequences.fasta,6fto_complex,9.09,100.0,194,False
receptor_sequences.fasta,6jb8_complex,9.09,100.0,194,False
ligand_sequences.fasta,1ava_complex,9.09,100.0,194,False
ligand_sequences.fasta,1fak_complex,9.09,100.0,194,False
ligand_sequences.fasta,2nut_complex,9.09,100.0,194,False
ligand_sequences.fasta,2oza_complex,9.09,100.0,194,False
ligand_sequences.fasta,3bx1_complex,9.09,100.0,194,False
ligand_sequences.fasta,3knb_complex,9.09,100.0,194,False
ligand_sequences.fasta,3lk2_complex,9.09,100.0,194,False
ligand_sequences.fasta,3v4y_complex,9.09,100.0,194,False
ligand_sequences.fasta,4eqa_complex,9.09,100.0,194,False
ligand_sequences.fasta,4jmf_complex,9.09,100.0,194,False
ligand_sequences.fasta,4kht_complex,9.09,100.0,194,False
ligand_sequences.fasta,4khx_complex,9.09,100.0,194,False
ligand_sequences.fasta,4llo_complex,9.09,100.0,194,False
ligand_sequences.fasta,4n7v_complex,9.09,100.0,194,False
ligand_sequences.fasta,4pp8_complex,9.09,100.0,194,False
ligand_sequences.fasta,5dju_complex,9.09,100.0,194,False
ligand_sequences.fasta,5ioh_complex,9.09,100.0,194,False
ligand_sequences.fasta,5j28_complex,9.09,100.0,194,False
ligand_sequences.fasta,5tfw_complex,9.09,100.0,194,False
receptor_sequences.fasta,4u97_complex,9.04,100.0,194,False
ligand_sequences.fasta,4u97_complex,9.04,100.0,194,False
ligand_sequences.fasta,5jke_complex,9.04,100.0,194,False
receptor_sequences.fasta,4iyp_complex,9.03,100.0,194,False
ligand_sequences.fasta,4m62_complex,9.03,100.0,194,False
ligand_sequences.fasta,5sy8_complex,9.03,100.0,194,False
receptor_sequences.fasta,2xqw_complex,9.02,100.0,194,False
receptor_sequences.fasta,4hx3_complex,9.02,100.0,194,False
ligand_sequences.fasta,1pvh_complex,9.02,100.0,194,False
ligand_sequences.fasta,4r8w_complex,9.02,100.0,194,False
receptor_sequences.fasta,3t0y_complex,9.01,100.0,194,False
receptor_sequences.fasta,3fpu_complex,9.0,100.0,194,False
receptor_sequences.fasta,3uzv_complex,9.0,100.0,194,False
ligand_sequences.fasta,5e94_complex,9.0,100.0,194,False
ligand_sequences.fasta,5mr4_complex,9.0,100.0,194,False
ligand_sequences.fasta,6flb_complex,9.0,100.0,194,False
ligand_sequences.fasta,4xhu_complex,8.99,100.0,194,False
ligand_sequences.fasta,5vpg_complex,8.99,100.0,194,False
receptor_sequences.fasta,1us7_complex,8.97,100.0,194,False
receptor_sequences.fasta,3tg1_complex,8.97,100.0,194,False
receptor_sequences.fasta,4y5o_complex,8.97,100.0,194,False
receptor_sequences.fasta,6f3z_complex,8.97,100.0,194,False
ligand_sequences.fasta,1w1w_complex,8.97,100.0,194,False
ligand_sequences.fasta,2z8w_complex,8.97,100.0,194,False
ligand_sequences.fasta,4p3y_complex,8.97,100.0,194,False
ligand_sequences.fasta,5h07_complex,8.97,100.0,194,False
ligand_sequences.fasta,5lhn_complex,8.97,100.0,194,False
receptor_sequences.fasta,5ufe_complex,8.96,100.0,194,False
receptor_sequences.fasta,5ufq_complex,8.96,100.0,194,False
receptor_sequences.fasta,6h46_complex,8.96,100.0,194,False
receptor_sequences.fasta,6h47_complex,8.96,100.0,194,False
ligand_sequences.fasta,6hpr_complex,8.95,100.0,194,False
receptor_sequences.fasta,2p46_complex,8.94,100.0,194,False
receptor_sequences.fasta,2p47_complex,8.94,100.0,194,False
receptor_sequences.fasta,2p49_complex,8.94,100.0,194,False
receptor_sequences.fasta,3oxu_complex,8.94,100.0,194,False
receptor_sequences.fasta,4peq_complex,8.94,100.0,194,False
receptor_sequences.fasta,1gla_complex,8.93,100.0,194,False
receptor_sequences.fasta,1mzw_complex,8.93,100.0,194,False
receptor_sequences.fasta,1xg2_complex,8.93,100.0,194,False
receptor_sequences.fasta,2b0z_complex,8.93,100.0,194,False
receptor_sequences.fasta,2b10_complex,8.93,100.0,194,False
receptor_sequences.fasta,2b11_complex,8.93,100.0,194,False
receptor_sequences.fasta,2pcb_complex,8.93,100.0,194,False
receptor_sequences.fasta,2pcc_complex,8.93,100.0,194,False
receptor_sequences.fasta,2x89_complex,8.93,100.0,194,False
receptor_sequences.fasta,4krl_complex,8.93,100.0,194,False
receptor_sequences.fasta,4nqw_complex,8.93,100.0,194,False
receptor_sequences.fasta,6jb2_complex,8.93,100.0,194,False
ligand_sequences.fasta,1eaw_complex,8.93,100.0,194,False
ligand_sequences.fasta,1f7z_complex,8.93,100.0,194,False
ligand_sequences.fasta,1fy8_complex,8.93,100.0,194,False
ligand_sequences.fasta,3tgk_complex,8.93,100.0,194,False
ligand_sequences.fasta,4c4p_complex,8.93,100.0,194,False
ligand_sequences.fasta,5ft8_complex,8.93,100.0,194,False
receptor_sequences.fasta,5dmj_complex,8.91,100.0,194,False
receptor_sequences.fasta,5kve_complex,8.91,100.0,194,False
ligand_sequences.fasta,2aze_complex,8.91,100.0,194,False
ligand_sequences.fasta,4lgp_complex,8.91,100.0,194,False
ligand_sequences.fasta,6jep_complex,8.91,100.0,194,False
receptor_sequences.fasta,6gum_complex,8.9,100.0,194,False
receptor_sequences.fasta,3f5c_complex,8.89,100.0,194,False
receptor_sequences.fasta,4g59_complex,8.89,100.0,194,False
ligand_sequences.fasta,5ep6_complex,8.89,100.0,194,False
ligand_sequences.fasta,5vpl_complex,8.89,100.0,194,False
ligand_sequences.fasta,6a78_complex,8.89,100.0,194,False
ligand_sequences.fasta,6a79_complex,8.89,100.0,194,False
ligand_sequences.fasta,6fp7_complex,8.89,100.0,194,False
receptor_sequences.fasta,3bik_complex,8.88,100.0,194,False
ligand_sequences.fasta,5ius_complex,8.88,100.0,194,False
ligand_sequences.fasta,5xj4_complex,8.88,100.0,194,False
receptor_sequences.fasta,1dfj_complex,8.87,100.0,194,False
receptor_sequences.fasta,2p42_complex,8.87,100.0,194,False
receptor_sequences.fasta,2p43_complex,8.87,100.0,194,False
receptor_sequences.fasta,2p44_complex,8.87,100.0,194,False
receptor_sequences.fasta,2p45_complex,8.87,100.0,194,False
receptor_sequences.fasta,2p48_complex,8.87,100.0,194,False
receptor_sequences.fasta,2p4a_complex,8.87,100.0,194,False
receptor_sequences.fasta,3qsk_complex,8.87,100.0,194,False
receptor_sequences.fasta,4pou_complex,8.87,100.0,194,False
ligand_sequences.fasta,5eb1_complex,8.87,100.0,194,False
receptor_sequences.fasta,1sq0_complex,8.86,100.0,194,False
receptor_sequences.fasta,3mj9_complex,8.86,100.0,194,False
receptor_sequences.fasta,5lz3_complex,8.86,100.0,194,False
ligand_sequences.fasta,5jze_complex,8.86,100.0,194,False
receptor_sequences.fasta,6hul_complex,8.85,100.0,194,False
ligand_sequences.fasta,2xqb_complex,8.85,100.0,194,False
ligand_sequences.fasta,1i4e_complex,8.84,100.0,194,False
ligand_sequences.fasta,1jtg_complex,8.84,100.0,194,False
ligand_sequences.fasta,2g2u_complex,8.84,100.0,194,False
ligand_sequences.fasta,2g2w_complex,8.84,100.0,194,False
ligand_sequences.fasta,3c4o_complex,8.84,100.0,194,False
ligand_sequences.fasta,3c4p_complex,8.84,100.0,194,False
ligand_sequences.fasta,3e2k_complex,8.84,100.0,194,False
ligand_sequences.fasta,3e2l_complex,8.84,100.0,194,False
ligand_sequences.fasta,3n4i_complex,8.84,100.0,194,False
receptor_sequences.fasta,1pvh_complex,8.82,100.0,194,False
receptor_sequences.fasta,3fie_complex,8.82,100.0,194,False
receptor_sequences.fasta,5uk5_complex,8.82,100.0,194,False
receptor_sequences.fasta,6ivz_complex,8.82,100.0,194,False
ligand_sequences.fasta,1kig_complex,8.82,100.0,194,False
ligand_sequences.fasta,5gjk_complex,8.82,100.0,194,False
ligand_sequences.fasta,5hlz_complex,8.82,100.0,194,False
ligand_sequences.fasta,5u52_complex,8.82,100.0,194,False
ligand_sequences.fasta,6gum_complex,8.82,100.0,194,False
ligand_sequences.fasta,6og4_complex,8.82,100.0,194,False
receptor_sequences.fasta,2gox_complex,8.8,100.0,194,False
receptor_sequences.fasta,3d5r_complex,8.8,100.0,194,False
receptor_sequences.fasta,3d5s_complex,8.8,100.0,194,False
ligand_sequences.fasta,2xqr_complex,8.8,100.0,194,False
ligand_sequences.fasta,2b42_complex,8.79,100.0,194,False
ligand_sequences.fasta,2h9g_complex,8.79,100.0,194,False
ligand_sequences.fasta,4f48_complex,8.79,100.0,194,False
ligand_sequences.fasta,5bw8_complex,8.79,100.0,194,False
receptor_sequences.fasta,1efn_complex,8.77,100.0,194,False
receptor_sequences.fasta,2c7n_complex,8.77,100.0,194,False
receptor_sequences.fasta,2vlo_complex,8.77,100.0,194,False
receptor_sequences.fasta,2vlp_complex,8.77,100.0,194,False
receptor_sequences.fasta,2y8s_complex,8.77,100.0,194,False
receptor_sequences.fasta,2y8t_complex,8.77,100.0,194,False
ligand_sequences.fasta,1avz_complex,8.77,100.0,194,False
ligand_sequences.fasta,1f5r_complex,8.77,100.0,194,False
ligand_sequences.fasta,3ifq_complex,8.77,100.0,194,False
ligand_sequences.fasta,4pw9_complex,8.77,100.0,194,False
ligand_sequences.fasta,4uyp_complex,8.77,100.0,194,False
ligand_sequences.fasta,4uyq_complex,8.77,100.0,194,False
ligand_sequences.fasta,6s29_complex,8.77,100.0,194,False
receptor_sequences.fasta,1fsk_complex,8.76,100.0,194,False
receptor_sequences.fasta,1mhh_complex,8.76,100.0,194,False
receptor_sequences.fasta,1p2c_complex,8.76,100.0,194,False
receptor_sequences.fasta,1wpx_complex,8.76,100.0,194,False
receptor_sequences.fasta,2aep_complex,8.76,100.0,194,False
receptor_sequences.fasta,2jel_complex,8.76,100.0,194,False
receptor_sequences.fasta,2nut_complex,8.76,100.0,194,False
receptor_sequences.fasta,2oza_complex,8.76,100.0,194,False
receptor_sequences.fasta,2v8s_complex,8.76,100.0,194,False
receptor_sequences.fasta,2vxt_complex,8.76,100.0,194,False
receptor_sequences.fasta,2xb6_complex,8.76,100.0,194,False
receptor_sequences.fasta,2xra_complex,8.76,100.0,194,False
receptor_sequences.fasta,2z7f_complex,8.76,100.0,194,False
receptor_sequences.fasta,3kbt_complex,8.76,100.0,194,False
receptor_sequences.fasta,3l5w_complex,8.76,100.0,194,False
receptor_sequences.fasta,3mxw_complex,8.76,100.0,194,False
receptor_sequences.fasta,3nfp_complex,8.76,100.0,194,False
receptor_sequences.fasta,3sda_complex,8.76,100.0,194,False
receptor_sequences.fasta,3so3_complex,8.76,100.0,194,False
receptor_sequences.fasta,3w9e_complex,8.76,100.0,194,False
receptor_sequences.fasta,3wih_complex,8.76,100.0,194,False
receptor_sequences.fasta,3zuv_complex,8.76,100.0,194,False
receptor_sequences.fasta,4c5g_complex,8.76,100.0,194,False
receptor_sequences.fasta,4dke_complex,8.76,100.0,194,False
receptor_sequences.fasta,4drx_complex,8.76,100.0,194,False
receptor_sequences.fasta,4g6j_complex,8.76,100.0,194,False
receptor_sequences.fasta,4g6m_complex,8.76,100.0,194,False
receptor_sequences.fasta,4gms_complex,8.76,100.0,194,False
receptor_sequences.fasta,4hh3_complex,8.76,100.0,194,False
receptor_sequences.fasta,4hkx_complex,8.76,100.0,194,False
receptor_sequences.fasta,4i3r_complex,8.76,100.0,194,False
receptor_sequences.fasta,4jpk_complex,8.76,100.0,194,False
receptor_sequences.fasta,4lu5_complex,8.76,100.0,194,False
receptor_sequences.fasta,4nst_complex,8.76,100.0,194,False
receptor_sequences.fasta,4nzl_complex,8.76,100.0,194,False
receptor_sequences.fasta,4pj9_complex,8.76,100.0,194,False
receptor_sequences.fasta,4r8w_complex,8.76,100.0,194,False
receptor_sequences.fasta,4ww2_complex,8.76,100.0,194,False
receptor_sequences.fasta,5fcu_complex,8.76,100.0,194,False
receptor_sequences.fasta,5g15_complex,8.76,100.0,194,False
receptor_sequences.fasta,5gzn_complex,8.76,100.0,194,False
receptor_sequences.fasta,5hvf_complex,8.76,100.0,194,False
receptor_sequences.fasta,5kof_complex,8.76,100.0,194,False
receptor_sequences.fasta,5mi0_complex,8.76,100.0,194,False
receptor_sequences.fasta,5sx4_complex,8.76,100.0,194,False
receptor_sequences.fasta,5sx5_complex,8.76,100.0,194,False
receptor_sequences.fasta,5th9_complex,8.76,100.0,194,False
receptor_sequences.fasta,5vyf_complex,8.76,100.0,194,False
receptor_sequences.fasta,5xmh_complex,8.76,100.0,194,False
receptor_sequences.fasta,5y11_complex,8.76,100.0,194,False
receptor_sequences.fasta,6b0a_complex,8.76,100.0,194,False
receptor_sequences.fasta,6c83_complex,8.76,100.0,194,False
receptor_sequences.fasta,6dg5_complex,8.76,100.0,194,False
receptor_sequences.fasta,6fg1_complex,8.76,100.0,194,False
receptor_sequences.fasta,6flc_complex,8.76,100.0,194,False
receptor_sequences.fasta,6jbt_complex,8.76,100.0,194,False
receptor_sequences.fasta,6mft_complex,8.76,100.0,194,False
receptor_sequences.fasta,6o60_complex,8.76,100.0,194,False
receptor_sequences.fasta,6oor_complex,8.76,100.0,194,False
receptor_sequences.fasta,6p50_complex,8.76,100.0,194,False
receptor_sequences.fasta,6phc_complex,8.76,100.0,194,False
ligand_sequences.fasta,2wy3_complex,8.76,100.0,194,False
ligand_sequences.fasta,3h42_complex,8.76,100.0,194,False
ligand_sequences.fasta,3mca_complex,8.76,100.0,194,False
ligand_sequences.fasta,3qbv_complex,8.76,100.0,194,False
ligand_sequences.fasta,4p2c_complex,8.76,100.0,194,False
ligand_sequences.fasta,5fqd_complex,8.76,100.0,194,False
ligand_sequences.fasta,5gzo_complex,8.76,100.0,194,False
ligand_sequences.fasta,5lcv_complex,8.76,100.0,194,False
ligand_sequences.fasta,5ma3_complex,8.76,100.0,194,False
ligand_sequences.fasta,5ma5_complex,8.76,100.0,194,False
ligand_sequences.fasta,5ip4_complex,8.75,100.0,194,False
receptor_sequences.fasta,1djs_complex,8.74,100.0,194,False
receptor_sequences.fasta,2btf_complex,8.74,100.0,194,False
receptor_sequences.fasta,4hgm_complex,8.74,100.0,194,False
ligand_sequences.fasta,2a78_complex,8.74,100.0,194,False
ligand_sequences.fasta,2a9k_complex,8.74,100.0,194,False
ligand_sequences.fasta,3lb8_complex,8.74,100.0,194,False
ligand_sequences.fasta,4i9x_complex,8.74,100.0,194,False
ligand_sequences.fasta,6plk_complex,8.74,100.0,194,False
receptor_sequences.fasta,5n88_complex,8.73,100.0,194,False
receptor_sequences.fasta,1ahw_complex,8.7,100.0,194,False
receptor_sequences.fasta,2wd5_complex,8.7,100.0,194,False
receptor_sequences.fasta,4ilw_complex,8.7,100.0,194,False
receptor_sequences.fasta,5jh5_complex,8.7,100.0,194,False
ligand_sequences.fasta,1ldt_complex,8.7,100.0,194,False
ligand_sequences.fasta,1oey_complex,8.7,100.0,194,False
ligand_sequences.fasta,4cdk_complex,8.7,100.0,194,False
ligand_sequences.fasta,4kt1_complex,8.7,100.0,194,False
ligand_sequences.fasta,4lad_complex,8.7,100.0,194,False
ligand_sequences.fasta,4qci_complex,8.7,100.0,194,False
ligand_sequences.fasta,4qti_complex,8.7,100.0,194,False
ligand_sequences.fasta,4qxa_complex,8.7,100.0,194,False
ligand_sequences.fasta,4ui0_complex,8.7,100.0,194,False
ligand_sequences.fasta,4ui1_complex,8.7,100.0,194,False
ligand_sequences.fasta,5nt7_complex,8.7,100.0,194,False
ligand_sequences.fasta,5upk_complex,8.7,100.0,194,False
receptor_sequences.fasta,1de4_complex,8.67,100.0,194,False
receptor_sequences.fasta,5xwd_complex,8.67,100.0,194,False
ligand_sequences.fasta,3bpo_complex,8.67,100.0,194,False
ligand_sequences.fasta,6bxa_complex,8.67,100.0,194,False
ligand_sequences.fasta,6mss_complex,8.67,100.0,194,False
receptor_sequences.fasta,1yc0_complex,8.65,100.0,194,False
receptor_sequences.fasta,5lz6_complex,8.64,100.0,194,False
ligand_sequences.fasta,5cxb_complex,8.64,100.0,194,False
ligand_sequences.fasta,5cyk_complex,8.64,100.0,194,False
receptor_sequences.fasta,1grn_complex,8.63,100.0,194,False
receptor_sequences.fasta,3eg5_complex,8.63,100.0,194,False
receptor_sequences.fasta,4did_complex,8.63,100.0,194,False
ligand_sequences.fasta,3uz0_complex,8.63,100.0,194,False
receptor_sequences.fasta,1emv_complex,8.62,100.0,194,False
receptor_sequences.fasta,2c7m_complex,8.62,100.0,194,False
receptor_sequences.fasta,2j12_complex,8.62,100.0,194,False
ligand_sequences.fasta,1bth_complex,8.62,100.0,194,False
ligand_sequences.fasta,2ftl_complex,8.62,100.0,194,False
ligand_sequences.fasta,2ftm_complex,8.62,100.0,194,False
ligand_sequences.fasta,2i9b_complex,8.62,100.0,194,False
ligand_sequences.fasta,2ptc_complex,8.62,100.0,194,False
ligand_sequences.fasta,2r9p_complex,8.62,100.0,194,False
ligand_sequences.fasta,2ra3_complex,8.62,100.0,194,False
ligand_sequences.fasta,2tgp_complex,8.62,100.0,194,False
ligand_sequences.fasta,3fp6_complex,8.62,100.0,194,False
ligand_sequences.fasta,3p92_complex,8.62,100.0,194,False
ligand_sequences.fasta,3p95_complex,8.62,100.0,194,False
ligand_sequences.fasta,3rbb_complex,8.62,100.0,194,False
ligand_sequences.fasta,4ag2_complex,8.62,100.0,194,False
ligand_sequences.fasta,4dg4_complex,8.62,100.0,194,False
receptor_sequences.fasta,5j11_complex,8.61,100.0,194,False
receptor_sequences.fasta,5d28_complex,8.6,100.0,194,False
ligand_sequences.fasta,2vsm_complex,8.59,100.0,194,False
ligand_sequences.fasta,2wo2_complex,8.59,100.0,194,False
receptor_sequences.fasta,3fju_complex,8.57,100.0,194,False
receptor_sequences.fasta,6qb3_complex,8.57,100.0,194,False
ligand_sequences.fasta,3ixe_complex,8.57,100.0,194,False
ligand_sequences.fasta,3tl8_complex,8.57,100.0,194,False
ligand_sequences.fasta,4yc7_complex,8.57,100.0,194,False
ligand_sequences.fasta,5hk5_complex,8.57,100.0,194,False
ligand_sequences.fasta,5z2w_complex,8.57,100.0,194,False
ligand_sequences.fasta,6j4o_complex,8.57,100.0,194,False
receptor_sequences.fasta,2g45_complex,8.55,100.0,194,False
receptor_sequences.fasta,2z3q_complex,8.55,100.0,194,False
receptor_sequences.fasta,2z3r_complex,8.55,100.0,194,False
receptor_sequences.fasta,4rgm_complex,8.55,100.0,194,False
receptor_sequences.fasta,6b12_complex,8.55,100.0,194,False
ligand_sequences.fasta,6bkc_complex,8.55,100.0,194,False
receptor_sequences.fasta,2h62_complex,8.54,100.0,194,False
receptor_sequences.fasta,2z58_complex,8.54,100.0,194,False
receptor_sequences.fasta,6isc_complex,8.54,100.0,194,False
ligand_sequences.fasta,4jb8_complex,8.54,100.0,194,False
ligand_sequences.fasta,3gxu_complex,8.53,100.0,194,False
ligand_sequences.fasta,6p7y_complex,8.53,100.0,194,False
receptor_sequences.fasta,5n47_complex,8.52,100.0,194,False
receptor_sequences.fasta,3oky_complex,8.51,100.0,194,False
receptor_sequences.fasta,4ds8_complex,8.51,100.0,194,False
receptor_sequences.fasta,4dzu_complex,8.51,100.0,194,False
ligand_sequences.fasta,1qty_complex,8.51,100.0,194,False
ligand_sequences.fasta,2hqs_complex,8.51,100.0,194,False
ligand_sequences.fasta,2w8b_complex,8.51,100.0,194,False
ligand_sequences.fasta,3aon_complex,8.51,100.0,194,False
receptor_sequences.fasta,4xwj_complex,8.5,100.0,194,False
ligand_sequences.fasta,1t6b_complex,8.49,100.0,194,False
ligand_sequences.fasta,3qbq_complex,8.49,100.0,194,False
ligand_sequences.fasta,4giq_complex,8.49,100.0,194,False
ligand_sequences.fasta,5oen_complex,8.49,100.0,194,False
receptor_sequences.fasta,1u7f_complex,8.47,100.0,194,False
receptor_sequences.fasta,1z92_complex,8.47,100.0,194,False
receptor_sequences.fasta,2aeq_complex,8.47,100.0,194,False
receptor_sequences.fasta,2i26_complex,8.47,100.0,194,False
receptor_sequences.fasta,2zvn_complex,8.47,100.0,194,False
receptor_sequences.fasta,3b08_complex,8.47,100.0,194,False
receptor_sequences.fasta,3wwq_complex,8.47,100.0,194,False
receptor_sequences.fasta,4zrj_complex,8.47,100.0,194,False
receptor_sequences.fasta,5gvi_complex,8.47,100.0,194,False
receptor_sequences.fasta,6n6r_complex,8.47,100.0,194,False
ligand_sequences.fasta,2b5i_complex,8.47,100.0,194,False
ligand_sequences.fasta,3znz_complex,8.47,100.0,194,False
ligand_sequences.fasta,4cni_complex,8.47,100.0,194,False
ligand_sequences.fasta,4zs7_complex,8.47,100.0,194,False
ligand_sequences.fasta,5f1b_complex,8.47,100.0,194,False
ligand_sequences.fasta,5lqb_complex,8.47,100.0,194,False
ligand_sequences.fasta,6h6y_complex,8.47,100.0,194,False
ligand_sequences.fasta,5y9j_complex,8.46,100.0,194,False
ligand_sequences.fasta,5tzn_complex,8.45,100.0,194,False
receptor_sequences.fasta,5nvk_complex,8.44,100.0,194,False
receptor_sequences.fasta,5nvm_complex,8.44,100.0,194,False
receptor_sequences.fasta,3vv2_complex,8.43,100.0,194,False
receptor_sequences.fasta,4p2c_complex,8.43,100.0,194,False
ligand_sequences.fasta,1ewy_complex,8.43,100.0,194,False
ligand_sequences.fasta,2j8x_complex,8.43,100.0,194,False
ligand_sequences.fasta,6b12_complex,8.43,100.0,194,False
ligand_sequences.fasta,1flt_complex,8.42,100.0,194,False
ligand_sequences.fasta,1fqj_complex,8.42,100.0,194,False
ligand_sequences.fasta,5aam_complex,8.42,100.0,194,False
receptor_sequences.fasta,5eo9_complex,8.41,100.0,194,False
ligand_sequences.fasta,3me2_complex,8.41,100.0,194,False
ligand_sequences.fasta,5bnq_complex,8.41,100.0,194,False
ligand_sequences.fasta,5kvg_complex,8.41,100.0,194,False
receptor_sequences.fasta,2a78_complex,8.4,100.0,194,False
receptor_sequences.fasta,2a9k_complex,8.4,100.0,194,False
receptor_sequences.fasta,2zvo_complex,8.4,100.0,194,False
ligand_sequences.fasta,1grn_complex,8.4,100.0,194,False
ligand_sequences.fasta,3g9v_complex,8.4,100.0,194,False
receptor_sequences.fasta,1nf3_complex,8.39,100.0,194,False
receptor_sequences.fasta,1zm4_complex,8.39,100.0,194,False
receptor_sequences.fasta,3w8i_complex,8.39,100.0,194,False
receptor_sequences.fasta,1v7p_complex,8.38,100.0,194,False
receptor_sequences.fasta,5kwy_complex,8.38,100.0,194,False
ligand_sequences.fasta,5f4e_complex,8.38,100.0,194,False
receptor_sequences.fasta,1azz_complex,8.33,100.0,194,False
receptor_sequences.fasta,1uad_complex,8.33,100.0,194,False
receptor_sequences.fasta,1zc3_complex,8.33,100.0,194,False
receptor_sequences.fasta,1zc4_complex,8.33,100.0,194,False
receptor_sequences.fasta,2uzi_complex,8.33,100.0,194,False
receptor_sequences.fasta,2vlq_complex,8.33,100.0,194,False
receptor_sequences.fasta,3da7_complex,8.33,100.0,194,False
receptor_sequences.fasta,3orv_complex,8.33,100.0,194,False
receptor_sequences.fasta,3rea_complex,8.33,100.0,194,False
receptor_sequences.fasta,5xj4_complex,8.33,100.0,194,False
receptor_sequences.fasta,6nrw_complex,8.33,100.0,194,False
ligand_sequences.fasta,1avg_complex,8.33,100.0,194,False
ligand_sequences.fasta,1fe8_complex,8.33,100.0,194,False
ligand_sequences.fasta,1nf3_complex,8.33,100.0,194,False
ligand_sequences.fasta,1yvb_complex,8.33,100.0,194,False
ligand_sequences.fasta,2i3s_complex,8.33,100.0,194,False
ligand_sequences.fasta,2pjy_complex,8.33,100.0,194,False
ligand_sequences.fasta,2w19_complex,8.33,100.0,194,False
ligand_sequences.fasta,3f7p_complex,8.33,100.0,194,False
ligand_sequences.fasta,3k9m_complex,8.33,100.0,194,False
ligand_sequences.fasta,3qwo_complex,8.33,100.0,194,False
ligand_sequences.fasta,3uyp_complex,8.33,100.0,194,False
ligand_sequences.fasta,4ers_complex,8.33,100.0,194,False
ligand_sequences.fasta,4n9g_complex,8.33,100.0,194,False
ligand_sequences.fasta,4nl9_complex,8.33,100.0,194,False
ligand_sequences.fasta,4noo_complex,8.33,100.0,194,False
ligand_sequences.fasta,4o1q_complex,8.33,100.0,194,False
ligand_sequences.fasta,4z8l_complex,8.33,100.0,194,False
ligand_sequences.fasta,5d28_complex,8.33,100.0,194,False
ligand_sequences.fasta,5kvd_complex,8.33,100.0,194,False
ligand_sequences.fasta,5m5e_complex,8.33,100.0,194,False
ligand_sequences.fasta,5utz_complex,8.33,100.0,194,False
ligand_sequences.fasta,6n9d_complex,8.33,100.0,194,False
receptor_sequences.fasta,5uwc_complex,8.29,100.0,194,False
ligand_sequences.fasta,3oj2_complex,8.29,100.0,194,False
ligand_sequences.fasta,6fg2_complex,8.29,100.0,194,False
receptor_sequences.fasta,3cqc_complex,8.28,100.0,194,False
receptor_sequences.fasta,3w8h_complex,8.28,100.0,194,False
receptor_sequences.fasta,5kvg_complex,8.28,100.0,194,False
ligand_sequences.fasta,3tkl_complex,8.28,100.0,194,False
ligand_sequences.fasta,4k94_complex,8.28,100.0,194,False
ligand_sequences.fasta,4m1g_complex,8.28,100.0,194,False
receptor_sequences.fasta,1p27_complex,8.27,100.0,194,False
receptor_sequences.fasta,3dgc_complex,8.27,100.0,194,False
ligand_sequences.fasta,2erj_complex,8.26,100.0,194,False
receptor_sequences.fasta,1acb_complex,8.25,100.0,194,False
receptor_sequences.fasta,1clv_complex,8.25,100.0,194,False
receptor_sequences.fasta,1dee_complex,8.25,100.0,194,False
receptor_sequences.fasta,1gl0_complex,8.25,100.0,194,False
receptor_sequences.fasta,1gl1_complex,8.25,100.0,194,False
receptor_sequences.fasta,1i3o_complex,8.25,100.0,194,False
receptor_sequences.fasta,1mlc_complex,8.25,100.0,194,False
receptor_sequences.fasta,1oyh_complex,8.25,100.0,194,False
receptor_sequences.fasta,1xd3_complex,8.25,100.0,194,False
receptor_sequences.fasta,1y6m_complex,8.25,100.0,194,False
receptor_sequences.fasta,2aze_complex,8.25,100.0,194,False
receptor_sequences.fasta,2nup_complex,8.25,100.0,194,False
receptor_sequences.fasta,2xqb_complex,8.25,100.0,194,False
receptor_sequences.fasta,2y6t_complex,8.25,100.0,194,False
receptor_sequences.fasta,3blh_complex,8.25,100.0,194,False
receptor_sequences.fasta,3idx_complex,8.25,100.0,194,False
receptor_sequences.fasta,3nps_complex,8.25,100.0,194,False
receptor_sequences.fasta,3r1g_complex,8.25,100.0,194,False
receptor_sequences.fasta,3r9a_complex,8.25,100.0,194,False
receptor_sequences.fasta,3ru8_complex,8.25,100.0,194,False
receptor_sequences.fasta,3rug_complex,8.25,100.0,194,False
receptor_sequences.fasta,3s2k_complex,8.25,100.0,194,False
receptor_sequences.fasta,4c9b_complex,8.25,100.0,194,False
receptor_sequences.fasta,4cvw_complex,8.25,100.0,194,False
receptor_sequences.fasta,4ers_complex,8.25,100.0,194,False
receptor_sequences.fasta,4etq_complex,8.25,100.0,194,False
receptor_sequences.fasta,4g3y_complex,8.25,100.0,194,False
receptor_sequences.fasta,4kr0_complex,8.25,100.0,194,False
receptor_sequences.fasta,4liq_complex,8.25,100.0,194,False
receptor_sequences.fasta,4lmq_complex,8.25,100.0,194,False
receptor_sequences.fasta,4m5f_complex,8.25,100.0,194,False
receptor_sequences.fasta,4qti_complex,8.25,100.0,194,False
receptor_sequences.fasta,4qzv_complex,8.25,100.0,194,False
receptor_sequences.fasta,4u6v_complex,8.25,100.0,194,False
receptor_sequences.fasta,4yk4_complex,8.25,100.0,194,False
receptor_sequences.fasta,4ypg_complex,8.25,100.0,194,False
receptor_sequences.fasta,4z8l_complex,8.25,100.0,194,False
receptor_sequences.fasta,5bk1_complex,8.25,100.0,194,False
receptor_sequences.fasta,5czx_complex,8.25,100.0,194,False
receptor_sequences.fasta,5d8j_complex,8.25,100.0,194,False
receptor_sequences.fasta,5ikc_complex,8.25,100.0,194,False
receptor_sequences.fasta,5lp5_complex,8.25,100.0,194,False
receptor_sequences.fasta,5odw_complex,8.25,100.0,194,False
receptor_sequences.fasta,5oyl_complex,8.25,100.0,194,False
receptor_sequences.fasta,5tru_complex,8.25,100.0,194,False
receptor_sequences.fasta,5xxy_complex,8.25,100.0,194,False
receptor_sequences.fasta,6a0z_complex,8.25,100.0,194,False
receptor_sequences.fasta,6bkb_complex,8.25,100.0,194,False
receptor_sequences.fasta,6ch2_complex,8.25,100.0,194,False
receptor_sequences.fasta,6ch3_complex,8.25,100.0,194,False
receptor_sequences.fasta,6e63_complex,8.25,100.0,194,False
receptor_sequences.fasta,6h15_complex,8.25,100.0,194,False
receptor_sequences.fasta,6h16_complex,8.25,100.0,194,False
receptor_sequences.fasta,6isu_complex,8.25,100.0,194,False
receptor_sequences.fasta,6jep_complex,8.25,100.0,194,False
receptor_sequences.fasta,6k0y_complex,8.25,100.0,194,False
receptor_sequences.fasta,6nha_complex,8.25,100.0,194,False
receptor_sequences.fasta,6nmr_complex,8.25,100.0,194,False
receptor_sequences.fasta,6ppg_complex,8.25,100.0,194,False
receptor_sequences.fasta,6qb6_complex,8.25,100.0,194,False
receptor_sequences.fasta,6r8x_complex,8.25,100.0,194,False
ligand_sequences.fasta,1de4_complex,8.25,100.0,194,False
ligand_sequences.fasta,1jmo_complex,8.25,100.0,194,False
ligand_sequences.fasta,1ob1_complex,8.25,100.0,194,False
ligand_sequences.fasta,1oyh_complex,8.25,100.0,194,False
ligand_sequences.fasta,1wq1_complex,8.25,100.0,194,False
ligand_sequences.fasta,2fju_complex,8.25,100.0,194,False
ligand_sequences.fasta,3be1_complex,8.25,100.0,194,False
ligand_sequences.fasta,3bh6_complex,8.25,100.0,194,False
ligand_sequences.fasta,3it8_complex,8.25,100.0,194,False
ligand_sequences.fasta,3qml_complex,8.25,100.0,194,False
ligand_sequences.fasta,3r1g_complex,8.25,100.0,194,False
ligand_sequences.fasta,3rgf_complex,8.25,100.0,194,False
ligand_sequences.fasta,3tnf_complex,8.25,100.0,194,False
ligand_sequences.fasta,3tu3_complex,8.25,100.0,194,False
ligand_sequences.fasta,3vys_complex,8.25,100.0,194,False
ligand_sequences.fasta,4ol0_complex,8.25,100.0,194,False
ligand_sequences.fasta,5bqe_complex,8.25,100.0,194,False
ligand_sequences.fasta,5gzn_complex,8.25,100.0,194,False
ligand_sequences.fasta,5mr5_complex,8.25,100.0,194,False
ligand_sequences.fasta,5ydr_complex,8.25,100.0,194,False
ligand_sequences.fasta,6o07_complex,8.25,100.0,194,False
ligand_sequences.fasta,6o1f_complex,8.25,100.0,194,False
receptor_sequences.fasta,3k1r_complex,8.24,100.0,194,False
receptor_sequences.fasta,5f3x_complex,8.24,100.0,194,False
ligand_sequences.fasta,1dhk_complex,8.24,100.0,194,False
ligand_sequences.fasta,3b2u_complex,8.24,100.0,194,False
ligand_sequences.fasta,4j4p_complex,8.24,100.0,194,False
ligand_sequences.fasta,6b3s_complex,8.24,100.0,194,False
receptor_sequences.fasta,4geh_complex,8.23,100.0,194,False
receptor_sequences.fasta,5nvl_complex,8.23,100.0,194,False
ligand_sequences.fasta,4k9e_complex,8.23,100.0,194,False
receptor_sequences.fasta,2pjy_complex,8.22,100.0,194,False
ligand_sequences.fasta,4iyp_complex,8.22,100.0,194,False
receptor_sequences.fasta,1yy9_complex,8.2,100.0,194,False
receptor_sequences.fasta,3wdg_complex,8.2,100.0,194,False
receptor_sequences.fasta,4krp_complex,8.2,100.0,194,False
receptor_sequences.fasta,4kv5_complex,8.2,100.0,194,False
receptor_sequences.fasta,4py8_complex,8.2,100.0,194,False
receptor_sequences.fasta,4rwt_complex,8.2,100.0,194,False
receptor_sequences.fasta,5tzn_complex,8.2,100.0,194,False
receptor_sequences.fasta,6q18_complex,8.2,100.0,194,False
ligand_sequences.fasta,1pk1_complex,8.2,100.0,194,False
ligand_sequences.fasta,2f4m_complex,8.2,100.0,194,False
ligand_sequences.fasta,3lhp_complex,8.2,100.0,194,False
ligand_sequences.fasta,3ojm_complex,8.2,100.0,194,False
ligand_sequences.fasta,4afz_complex,8.2,100.0,194,False
ligand_sequences.fasta,4dn4_complex,8.2,100.0,194,False
ligand_sequences.fasta,4zk9_complex,8.2,100.0,194,False
receptor_sequences.fasta,3huj_complex,8.19,100.0,194,False
receptor_sequences.fasta,3ma2_complex,8.19,100.0,194,False
ligand_sequences.fasta,3p0y_complex,8.19,100.0,194,False
receptor_sequences.fasta,5nvn_complex,8.18,100.0,194,False
ligand_sequences.fasta,3v6o_complex,8.18,100.0,194,False
ligand_sequences.fasta,3lk3_complex,8.16,100.0,194,False
ligand_sequences.fasta,4oyd_complex,8.16,100.0,194,False
ligand_sequences.fasta,5jsb_complex,8.16,100.0,194,False
receptor_sequences.fasta,3wwk_complex,8.15,100.0,194,False
ligand_sequences.fasta,4jeh_complex,8.15,100.0,194,False
ligand_sequences.fasta,1zm4_complex,8.14,100.0,194,False
ligand_sequences.fasta,4g6v_complex,8.14,100.0,194,False
ligand_sequences.fasta,4nso_complex,8.14,100.0,194,False
ligand_sequences.fasta,5ma6_complex,8.14,100.0,194,False
ligand_sequences.fasta,6gwc_complex,8.14,100.0,194,False
ligand_sequences.fasta,6ewb_complex,8.13,100.0,194,False
ligand_sequences.fasta,4lrz_complex,8.12,100.0,194,False
receptor_sequences.fasta,3qhy_complex,8.11,100.0,194,False
receptor_sequences.fasta,4ln0_complex,8.11,100.0,194,False
ligand_sequences.fasta,4ml7_complex,8.11,100.0,194,False
ligand_sequences.fasta,5ibw_complex,8.11,100.0,194,False
ligand_sequences.fasta,6gjq_complex,8.11,100.0,194,False
receptor_sequences.fasta,3he6_complex,8.09,100.0,194,False
ligand_sequences.fasta,6nha_complex,8.09,100.0,194,False
receptor_sequences.fasta,4h6j_complex,8.08,100.0,194,False
ligand_sequences.fasta,1l4z_complex,8.08,100.0,194,False
ligand_sequences.fasta,3skj_complex,8.08,100.0,194,False
ligand_sequences.fasta,4hff_complex,8.08,100.0,194,False
ligand_sequences.fasta,5mj3_complex,8.08,100.0,194,False
receptor_sequences.fasta,3q3g_complex,8.07,100.0,194,False
receptor_sequences.fasta,6ewb_complex,8.07,100.0,194,False
ligand_sequences.fasta,4rt6_complex,8.07,100.0,194,False
receptor_sequences.fasta,1ri8_complex,8.06,100.0,194,False
receptor_sequences.fasta,4x7d_complex,8.06,100.0,194,False
receptor_sequences.fasta,4zqu_complex,8.06,100.0,194,False
ligand_sequences.fasta,4cj2_complex,8.06,100.0,194,False
receptor_sequences.fasta,1ugh_complex,8.05,100.0,194,False
receptor_sequences.fasta,6fp7_complex,8.05,100.0,194,False
ligand_sequences.fasta,3vwk_complex,8.04,100.0,194,False
receptor_sequences.fasta,1d6r_complex,8.03,100.0,194,False
receptor_sequences.fasta,1taw_complex,8.03,100.0,194,False
receptor_sequences.fasta,1zr0_complex,8.03,100.0,194,False
receptor_sequences.fasta,2ftm_complex,8.03,100.0,194,False
receptor_sequences.fasta,2g81_complex,8.03,100.0,194,False
receptor_sequences.fasta,2ptc_complex,8.03,100.0,194,False
receptor_sequences.fasta,2tgp_complex,8.03,100.0,194,False
receptor_sequences.fasta,2uuy_complex,8.03,100.0,194,False
receptor_sequences.fasta,3rdz_complex,8.03,100.0,194,False
receptor_sequences.fasta,4aoq_complex,8.03,100.0,194,False
receptor_sequences.fasta,4aor_complex,8.03,100.0,194,False
receptor_sequences.fasta,5abv_complex,8.03,100.0,194,False
receptor_sequences.fasta,6dwf_complex,8.03,100.0,194,False
receptor_sequences.fasta,6dwh_complex,8.03,100.0,194,False
ligand_sequences.fasta,1ezs_complex,8.03,100.0,194,False
ligand_sequences.fasta,1ezu_complex,8.03,100.0,194,False
ligand_sequences.fasta,1oph_complex,8.03,100.0,194,False
ligand_sequences.fasta,2xtt_complex,8.03,100.0,194,False
ligand_sequences.fasta,4j2y_complex,8.03,100.0,194,False
ligand_sequences.fasta,5o0w_complex,8.03,100.0,194,False
ligand_sequences.fasta,6rhw_complex,8.03,100.0,194,False
receptor_sequences.fasta,2aw2_complex,8.0,100.0,194,False
receptor_sequences.fasta,2w2n_complex,8.0,100.0,194,False
receptor_sequences.fasta,4jmf_complex,8.0,100.0,194,False
receptor_sequences.fasta,4nl9_complex,8.0,100.0,194,False
receptor_sequences.fasta,4ov6_complex,8.0,100.0,194,False
receptor_sequences.fasta,5ayr_complex,8.0,100.0,194,False
receptor_sequences.fasta,5n48_complex,8.0,100.0,194,False
receptor_sequences.fasta,6her_complex,8.0,100.0,194,False
ligand_sequences.fasta,1kxt_complex,8.0,100.0,194,False
ligand_sequences.fasta,2o98_complex,8.0,100.0,194,False
ligand_sequences.fasta,5bo1_complex,8.0,100.0,194,False
receptor_sequences.fasta,5bn5_complex,7.98,100.0,194,False
ligand_sequences.fasta,3ux9_complex,7.98,100.0,194,False
ligand_sequences.fasta,1i4d_complex,7.97,100.0,194,False
ligand_sequences.fasta,5jjd_complex,7.97,100.0,194,False
receptor_sequences.fasta,4giq_complex,7.96,100.0,194,False
ligand_sequences.fasta,1e6e_complex,7.96,100.0,194,False
ligand_sequences.fasta,3zkq_complex,7.96,100.0,194,False
ligand_sequences.fasta,5e4e_complex,7.96,100.0,194,False
ligand_sequences.fasta,5jw9_complex,7.96,100.0,194,False
receptor_sequences.fasta,5eql_complex,7.95,100.0,194,False
receptor_sequences.fasta,2w2m_complex,7.94,100.0,194,False
receptor_sequences.fasta,4g8a_complex,7.94,100.0,194,False
ligand_sequences.fasta,1acb_complex,7.94,100.0,194,False
ligand_sequences.fasta,2nz1_complex,7.94,100.0,194,False
ligand_sequences.fasta,3tac_complex,7.94,100.0,194,False
ligand_sequences.fasta,4cmh_complex,7.94,100.0,194,False
ligand_sequences.fasta,6fg8_complex,7.94,100.0,194,False
ligand_sequences.fasta,6m9k_complex,7.94,100.0,194,False
ligand_sequences.fasta,1ul1_complex,7.92,100.0,194,False
ligand_sequences.fasta,2xtj_complex,7.92,100.0,194,False
receptor_sequences.fasta,1e96_complex,7.91,100.0,194,False
receptor_sequences.fasta,1lw6_complex,7.91,100.0,194,False
receptor_sequences.fasta,1tm1_complex,7.91,100.0,194,False
receptor_sequences.fasta,1tm3_complex,7.91,100.0,194,False
receptor_sequences.fasta,1tm4_complex,7.91,100.0,194,False
receptor_sequences.fasta,1tm5_complex,7.91,100.0,194,False
receptor_sequences.fasta,1tm7_complex,7.91,100.0,194,False
receptor_sequences.fasta,1to1_complex,7.91,100.0,194,False
receptor_sequences.fasta,1y1k_complex,7.91,100.0,194,False
receptor_sequences.fasta,1y33_complex,7.91,100.0,194,False
receptor_sequences.fasta,1y34_complex,7.91,100.0,194,False
receptor_sequences.fasta,1y3b_complex,7.91,100.0,194,False
receptor_sequences.fasta,1y3c_complex,7.91,100.0,194,False
receptor_sequences.fasta,1y3d_complex,7.91,100.0,194,False
receptor_sequences.fasta,1y48_complex,7.91,100.0,194,False
receptor_sequences.fasta,1y4a_complex,7.91,100.0,194,False
receptor_sequences.fasta,1y4d_complex,7.91,100.0,194,False
receptor_sequences.fasta,2fju_complex,7.91,100.0,194,False
receptor_sequences.fasta,2sic_complex,7.91,100.0,194,False
receptor_sequences.fasta,2sni_complex,7.91,100.0,194,False
ligand_sequences.fasta,4kvg_complex,7.91,100.0,194,False
receptor_sequences.fasta,2i25_complex,7.89,100.0,194,False
receptor_sequences.fasta,3me2_complex,7.89,100.0,194,False
receptor_sequences.fasta,3qbq_complex,7.89,100.0,194,False
receptor_sequences.fasta,3vg9_complex,7.89,100.0,194,False
receptor_sequences.fasta,4jeg_complex,7.89,100.0,194,False
receptor_sequences.fasta,5mv9_complex,7.89,100.0,194,False
receptor_sequences.fasta,6fg8_complex,7.89,100.0,194,False
ligand_sequences.fasta,3wwq_complex,7.89,100.0,194,False
ligand_sequences.fasta,4g6u_complex,7.89,100.0,194,False
ligand_sequences.fasta,4wo4_complex,7.89,100.0,194,False
ligand_sequences.fasta,3bn3_complex,7.88,100.0,194,False
receptor_sequences.fasta,2b42_complex,7.87,100.0,194,False
receptor_sequences.fasta,6ejg_complex,7.87,100.0,194,False
ligand_sequences.fasta,4ng2_complex,7.87,100.0,194,False
receptor_sequences.fasta,3onl_complex,7.86,100.0,194,False
receptor_sequences.fasta,4je4_complex,7.84,100.0,194,False
receptor_sequences.fasta,4zk9_complex,7.84,100.0,194,False
receptor_sequences.fasta,5z7g_complex,7.84,100.0,194,False
ligand_sequences.fasta,4c7n_complex,7.84,100.0,194,False
receptor_sequences.fasta,3bn3_complex,7.83,100.0,194,False
receptor_sequences.fasta,4i9x_complex,7.83,100.0,194,False
receptor_sequences.fasta,5mad_complex,7.83,100.0,194,False
ligand_sequences.fasta,3eoa_complex,7.83,100.0,194,False
ligand_sequences.fasta,3hi6_complex,7.83,100.0,194,False
ligand_sequences.fasta,5jsn_complex,7.83,100.0,194,False
receptor_sequences.fasta,6j4s_complex,7.82,100.0,194,False
receptor_sequences.fasta,4ffy_complex,7.81,100.0,194,False
ligand_sequences.fasta,2ot3_complex,7.81,100.0,194,False
ligand_sequences.fasta,4cc4_complex,7.81,100.0,194,False
ligand_sequences.fasta,4fqj_complex,7.81,100.0,194,False
ligand_sequences.fasta,1jps_complex,7.8,100.0,194,False
ligand_sequences.fasta,4f38_complex,7.8,100.0,194,False
ligand_sequences.fasta,5w06_complex,7.8,100.0,194,False
ligand_sequences.fasta,2r56_complex,7.79,100.0,194,False
receptor_sequences.fasta,1t0p_complex,7.78,100.0,194,False
receptor_sequences.fasta,5dfw_complex,7.78,100.0,194,False
ligand_sequences.fasta,2x9a_complex,7.78,100.0,194,False
ligand_sequences.fasta,4rwt_complex,7.78,100.0,194,False
receptor_sequences.fasta,6o07_complex,7.77,100.0,194,False
ligand_sequences.fasta,4c99_complex,7.77,100.0,194,False
ligand_sequences.fasta,5dmj_complex,7.77,100.0,194,False
receptor_sequences.fasta,6gho_complex,7.76,100.0,194,False
ligand_sequences.fasta,3b4v_complex,7.76,100.0,194,False
ligand_sequences.fasta,4kjy_complex,7.76,100.0,194,False
receptor_sequences.fasta,1oc0_complex,7.75,100.0,194,False
receptor_sequences.fasta,5x0w_complex,7.75,100.0,194,False
ligand_sequences.fasta,1ahw_complex,7.75,100.0,194,False
ligand_sequences.fasta,2hth_complex,7.75,100.0,194,False
ligand_sequences.fasta,6mav_complex,7.74,100.0,194,False
ligand_sequences.fasta,6mm6_complex,7.74,100.0,194,False
receptor_sequences.fasta,1bql_complex,7.73,100.0,194,False
receptor_sequences.fasta,1rvj_complex,7.73,100.0,194,False
receptor_sequences.fasta,1uug_complex,7.73,100.0,194,False
receptor_sequences.fasta,1xx9_complex,7.73,100.0,194,False
receptor_sequences.fasta,1xxd_complex,7.73,100.0,194,False
receptor_sequences.fasta,1zjd_complex,7.73,100.0,194,False
receptor_sequences.fasta,2b2x_complex,7.73,100.0,194,False
receptor_sequences.fasta,2cmr_complex,7.73,100.0,194,False
receptor_sequences.fasta,2hqs_complex,7.73,100.0,194,False
receptor_sequences.fasta,2iff_complex,7.73,100.0,194,False
receptor_sequences.fasta,2nyy_complex,7.73,100.0,194,False
receptor_sequences.fasta,2omv_complex,7.73,100.0,194,False
receptor_sequences.fasta,2omw_complex,7.73,100.0,194,False
receptor_sequences.fasta,2omy_complex,7.73,100.0,194,False
receptor_sequences.fasta,2omz_complex,7.73,100.0,194,False
receptor_sequences.fasta,2r56_complex,7.73,100.0,194,False
receptor_sequences.fasta,2ra3_complex,7.73,100.0,194,False
receptor_sequences.fasta,2vxs_complex,7.73,100.0,194,False
receptor_sequences.fasta,2w8b_complex,7.73,100.0,194,False
receptor_sequences.fasta,2wjv_complex,7.73,100.0,194,False
receptor_sequences.fasta,2xbb_complex,7.73,100.0,194,False
receptor_sequences.fasta,2xzd_complex,7.73,100.0,194,False
receptor_sequences.fasta,2y0b_complex,7.73,100.0,194,False
receptor_sequences.fasta,3bdy_complex,7.73,100.0,194,False
receptor_sequences.fasta,3be1_complex,7.73,100.0,194,False
receptor_sequences.fasta,3bpo_complex,7.73,100.0,194,False
receptor_sequences.fasta,3crk_complex,7.73,100.0,194,False
receptor_sequences.fasta,3dbh_complex,7.73,100.0,194,False
receptor_sequences.fasta,3dbl_complex,7.73,100.0,194,False
receptor_sequences.fasta,3egg_complex,7.73,100.0,194,False
receptor_sequences.fasta,3h42_complex,7.73,100.0,194,False
receptor_sequences.fasta,3idb_complex,7.73,100.0,194,False
receptor_sequences.fasta,3idc_complex,7.73,100.0,194,False
receptor_sequences.fasta,3kr3_complex,7.73,100.0,194,False
receptor_sequences.fasta,3kz1_complex,7.73,100.0,194,False
receptor_sequences.fasta,3ngb_complex,7.73,100.0,194,False
receptor_sequences.fasta,3o6f_complex,7.73,100.0,194,False
receptor_sequences.fasta,3o8x_complex,7.73,100.0,194,False
receptor_sequences.fasta,3o9w_complex,7.73,100.0,194,False
receptor_sequences.fasta,3pl6_complex,7.73,100.0,194,False
receptor_sequences.fasta,3qtl_complex,7.73,100.0,194,False
receptor_sequences.fasta,3qux_complex,7.73,100.0,194,False
receptor_sequences.fasta,3quy_complex,7.73,100.0,194,False
receptor_sequences.fasta,3quz_complex,7.73,100.0,194,False
receptor_sequences.fasta,3rtq_complex,7.73,100.0,194,False
receptor_sequences.fasta,3rzc_complex,7.73,100.0,194,False
receptor_sequences.fasta,3skj_complex,7.73,100.0,194,False
receptor_sequences.fasta,3thm_complex,7.73,100.0,194,False
receptor_sequences.fasta,3tje_complex,7.73,100.0,194,False
receptor_sequences.fasta,3tvm_complex,7.73,100.0,194,False
receptor_sequences.fasta,3v4y_complex,7.73,100.0,194,False
receptor_sequences.fasta,3wa5_complex,7.73,100.0,194,False
receptor_sequences.fasta,3znz_complex,7.73,100.0,194,False
receptor_sequences.fasta,3zu7_complex,7.73,100.0,194,False
receptor_sequences.fasta,4cc4_complex,7.73,100.0,194,False
receptor_sequences.fasta,4cj0_complex,7.73,100.0,194,False
receptor_sequences.fasta,4cj1_complex,7.73,100.0,194,False
receptor_sequences.fasta,4cni_complex,7.73,100.0,194,False
receptor_sequences.fasta,4dck_complex,7.73,100.0,194,False
receptor_sequences.fasta,4dtg_complex,7.73,100.0,194,False
receptor_sequences.fasta,4edw_complex,7.73,100.0,194,False
receptor_sequences.fasta,4en3_complex,7.73,100.0,194,False
receptor_sequences.fasta,4gi3_complex,7.73,100.0,194,False
receptor_sequences.fasta,4hj0_complex,7.73,100.0,194,False
receptor_sequences.fasta,4k2u_complex,7.73,100.0,194,False
receptor_sequences.fasta,4k3j_complex,7.73,100.0,194,False
receptor_sequences.fasta,4leo_complex,7.73,100.0,194,False
receptor_sequences.fasta,4may_complex,7.73,100.0,194,False
receptor_sequences.fasta,4nn6_complex,7.73,100.0,194,False
receptor_sequences.fasta,4p9h_complex,7.73,100.0,194,False
receptor_sequences.fasta,4pja_complex,7.73,100.0,194,False
receptor_sequences.fasta,4pjb_complex,7.73,100.0,194,False
receptor_sequences.fasta,4pjc_complex,7.73,100.0,194,False
receptor_sequences.fasta,4pjd_complex,7.73,100.0,194,False
receptor_sequences.fasta,4pjf_complex,7.73,100.0,194,False
receptor_sequences.fasta,4rt6_complex,7.73,100.0,194,False
receptor_sequences.fasta,4wem_complex,7.73,100.0,194,False
receptor_sequences.fasta,4wv1_complex,7.73,100.0,194,False
receptor_sequences.fasta,4xnm_complex,7.73,100.0,194,False
receptor_sequences.fasta,4zak_complex,7.73,100.0,194,False
receptor_sequences.fasta,4zfo_complex,7.73,100.0,194,False
receptor_sequences.fasta,4zgq_complex,7.73,100.0,194,False
receptor_sequences.fasta,4zpt_complex,7.73,100.0,194,False
receptor_sequences.fasta,5bo1_complex,7.73,100.0,194,False
receptor_sequences.fasta,5bvp_complex,7.73,100.0,194,False
receptor_sequences.fasta,5d93_complex,7.73,100.0,194,False
receptor_sequences.fasta,5do2_complex,7.73,100.0,194,False
receptor_sequences.fasta,5f3b_complex,7.73,100.0,194,False
receptor_sequences.fasta,5fhx_complex,7.73,100.0,194,False
receptor_sequences.fasta,5gwp_complex,7.73,100.0,194,False
receptor_sequences.fasta,5ies_complex,7.73,100.0,194,False
receptor_sequences.fasta,5inb_complex,7.73,100.0,194,False
receptor_sequences.fasta,5ioh_complex,7.73,100.0,194,False
receptor_sequences.fasta,5j28_complex,7.73,100.0,194,False
receptor_sequences.fasta,5kn5_complex,7.73,100.0,194,False
receptor_sequences.fasta,5l8j_complex,7.73,100.0,194,False
receptor_sequences.fasta,5n7w_complex,7.73,100.0,194,False
receptor_sequences.fasta,5t29_complex,7.73,100.0,194,False
receptor_sequences.fasta,5t5b_complex,7.73,100.0,194,False
receptor_sequences.fasta,5t6l_complex,7.73,100.0,194,False
receptor_sequences.fasta,5tfw_complex,7.73,100.0,194,False
receptor_sequences.fasta,5tz2_complex,7.73,100.0,194,False
receptor_sequences.fasta,5ush_complex,7.73,100.0,194,False
receptor_sequences.fasta,5utz_complex,7.73,100.0,194,False
receptor_sequences.fasta,5vag_complex,7.73,100.0,194,False
receptor_sequences.fasta,6azz_complex,7.73,100.0,194,False
receptor_sequences.fasta,6bck_complex,7.73,100.0,194,False
receptor_sequences.fasta,6blh_complex,7.73,100.0,194,False
receptor_sequences.fasta,6cug_complex,7.73,100.0,194,False
receptor_sequences.fasta,6ird_complex,7.73,100.0,194,False
receptor_sequences.fasta,6j6y_complex,7.73,100.0,194,False
receptor_sequences.fasta,6k4k_complex,7.73,100.0,194,False
receptor_sequences.fasta,6k7o_complex,7.73,100.0,194,False
receptor_sequences.fasta,6m7l_complex,7.73,100.0,194,False
receptor_sequences.fasta,6mm6_complex,7.73,100.0,194,False
receptor_sequences.fasta,6mvl_complex,7.73,100.0,194,False
receptor_sequences.fasta,6obn_complex,7.73,100.0,194,False
receptor_sequences.fasta,6oqq_complex,7.73,100.0,194,False
receptor_sequences.fasta,6otc_complex,7.73,100.0,194,False
receptor_sequences.fasta,6plk_complex,7.73,100.0,194,False
receptor_sequences.fasta,6plm_complex,7.73,100.0,194,False
receptor_sequences.fasta,6sak_complex,7.73,100.0,194,False
receptor_sequences.fasta,6u8c_complex,7.73,100.0,194,False
ligand_sequences.fasta,1i2m_complex,7.73,100.0,194,False
ligand_sequences.fasta,1kxp_complex,7.73,100.0,194,False
ligand_sequences.fasta,2wg3_complex,7.73,100.0,194,False
ligand_sequences.fasta,3aaa_complex,7.73,100.0,194,False
ligand_sequences.fasta,3k75_complex,7.73,100.0,194,False
ligand_sequences.fasta,3p71_complex,7.73,100.0,194,False
ligand_sequences.fasta,3sdy_complex,7.73,100.0,194,False
ligand_sequences.fasta,4dkd_complex,7.73,100.0,194,False
ligand_sequences.fasta,4liq_complex,7.73,100.0,194,False
ligand_sequences.fasta,5jh5_complex,7.73,100.0,194,False
ligand_sequences.fasta,5wi9_complex,7.73,100.0,194,False
ligand_sequences.fasta,6aod_complex,7.73,100.0,194,False
ligand_sequences.fasta,6cug_complex,7.73,100.0,194,False
ligand_sequences.fasta,6fg1_complex,7.73,100.0,194,False
ligand_sequences.fasta,6hhc_complex,7.73,100.0,194,False
ligand_sequences.fasta,6i3f_complex,7.73,100.0,194,False
ligand_sequences.fasta,6r8x_complex,7.73,100.0,194,False
receptor_sequences.fasta,1es0_complex,7.69,100.0,194,False
receptor_sequences.fasta,1fqj_complex,7.69,100.0,194,False
receptor_sequences.fasta,1zhi_complex,7.69,100.0,194,False
receptor_sequences.fasta,2hle_complex,7.69,100.0,194,False
receptor_sequences.fasta,3d1m_complex,7.69,100.0,194,False
receptor_sequences.fasta,4bkx_complex,7.69,100.0,194,False
receptor_sequences.fasta,5elu_complex,7.69,100.0,194,False
receptor_sequences.fasta,6cxf_complex,7.69,100.0,194,False
receptor_sequences.fasta,6ejm_complex,7.69,100.0,194,False
ligand_sequences.fasta,2z8v_complex,7.69,100.0,194,False
ligand_sequences.fasta,3k2m_complex,7.69,100.0,194,False
ligand_sequences.fasta,3uyo_complex,7.69,100.0,194,False
ligand_sequences.fasta,3zwl_complex,7.69,100.0,194,False
ligand_sequences.fasta,4dgi_complex,7.69,100.0,194,False
ligand_sequences.fasta,4eef_complex,7.69,100.0,194,False
ligand_sequences.fasta,5eyp_complex,7.69,100.0,194,False
ligand_sequences.fasta,5mtn_complex,7.69,100.0,194,False
ligand_sequences.fasta,5sx5_complex,7.69,100.0,194,False
ligand_sequences.fasta,6ppg_complex,7.69,100.0,194,False
receptor_sequences.fasta,1nez_complex,7.65,100.0,194,False
receptor_sequences.fasta,4aei_complex,7.65,100.0,194,False
receptor_sequences.fasta,4x7s_complex,7.65,100.0,194,False
ligand_sequences.fasta,5sx4_complex,7.65,100.0,194,False
receptor_sequences.fasta,2uyz_complex,7.64,100.0,194,False
receptor_sequences.fasta,5xfs_complex,7.64,100.0,194,False
receptor_sequences.fasta,6oan_complex,7.64,100.0,194,False
ligand_sequences.fasta,6bxc_complex,7.64,100.0,194,False
receptor_sequences.fasta,1ezs_complex,7.63,100.0,194,False
receptor_sequences.fasta,1u0s_complex,7.63,100.0,194,False
receptor_sequences.fasta,3di3_complex,7.63,100.0,194,False
receptor_sequences.fasta,6d4p_complex,7.63,100.0,194,False
receptor_sequences.fasta,6mba_complex,7.63,100.0,194,False
ligand_sequences.fasta,2j59_complex,7.63,100.0,194,False
ligand_sequences.fasta,5d93_complex,7.63,100.0,194,False
ligand_sequences.fasta,1shz_complex,7.62,100.0,194,False
receptor_sequences.fasta,3u43_complex,7.61,100.0,194,False
receptor_sequences.fasta,4auq_complex,7.61,100.0,194,False
ligand_sequences.fasta,3l95_complex,7.61,100.0,194,False
ligand_sequences.fasta,5czf_complex,7.61,100.0,194,False
receptor_sequences.fasta,1xwd_complex,7.6,100.0,194,False
receptor_sequences.fasta,3zeu_complex,7.6,100.0,194,False
ligand_sequences.fasta,3vyr_complex,7.6,100.0,194,False
receptor_sequences.fasta,1ib1_complex,7.59,100.0,194,False
receptor_sequences.fasta,4qxa_complex,7.59,100.0,194,False
receptor_sequences.fasta,4xxb_complex,7.59,100.0,194,False
ligand_sequences.fasta,1veu_complex,7.59,100.0,194,False
ligand_sequences.fasta,2dsr_complex,7.59,100.0,194,False
ligand_sequences.fasta,2w9e_complex,7.59,100.0,194,False
ligand_sequences.fasta,3nvq_complex,7.59,100.0,194,False
ligand_sequences.fasta,4etp_complex,7.59,100.0,194,False
ligand_sequences.fasta,6d7g_complex,7.59,100.0,194,False
receptor_sequences.fasta,1ycs_complex,7.58,100.0,194,False
receptor_sequences.fasta,2bo9_complex,7.58,100.0,194,False
receptor_sequences.fasta,4euk_complex,7.58,100.0,194,False
ligand_sequences.fasta,2nyz_complex,7.58,100.0,194,False
ligand_sequences.fasta,3ddc_complex,7.58,100.0,194,False
ligand_sequences.fasta,3fpu_complex,7.58,100.0,194,False
receptor_sequences.fasta,2w19_complex,7.56,100.0,194,False
ligand_sequences.fasta,4wem_complex,7.56,100.0,194,False
receptor_sequences.fasta,2wwx_complex,7.55,100.0,194,False
receptor_sequences.fasta,5t0f_complex,7.55,100.0,194,False
ligand_sequences.fasta,1ktz_complex,7.55,100.0,194,False
ligand_sequences.fasta,6j14_complex,7.55,100.0,194,False
receptor_sequences.fasta,4re1_complex,7.53,100.0,194,False
receptor_sequences.fasta,5oaq_complex,7.53,100.0,194,False
receptor_sequences.fasta,6u2h_complex,7.53,100.0,194,False
ligand_sequences.fasta,2v8s_complex,7.53,100.0,194,False
ligand_sequences.fasta,3rkd_complex,7.53,100.0,194,False
ligand_sequences.fasta,4p6i_complex,7.53,100.0,194,False
receptor_sequences.fasta,4ayi_complex,7.5,100.0,194,False
ligand_sequences.fasta,3zs8_complex,7.5,100.0,194,False
ligand_sequences.fasta,4ilg_complex,7.5,100.0,194,False
ligand_sequences.fasta,6o39_complex,7.5,100.0,194,False
receptor_sequences.fasta,1y8n_complex,7.49,100.0,194,False
receptor_sequences.fasta,3a4s_complex,7.48,100.0,194,False
receptor_sequences.fasta,3jza_complex,7.48,100.0,194,False
receptor_sequences.fasta,4s3o_complex,7.48,100.0,194,False
ligand_sequences.fasta,3nvn_complex,7.48,100.0,194,False
ligand_sequences.fasta,4i3r_complex,7.48,100.0,194,False
ligand_sequences.fasta,4m5z_complex,7.48,100.0,194,False
receptor_sequences.fasta,4gh7_complex,7.47,100.0,194,False
receptor_sequences.fasta,3vys_complex,7.46,100.0,194,False
ligand_sequences.fasta,2bdn_complex,7.46,100.0,194,False
ligand_sequences.fasta,4cj1_complex,7.46,100.0,194,False
receptor_sequences.fasta,2v4z_complex,7.45,100.0,194,False
receptor_sequences.fasta,3onw_complex,7.45,100.0,194,False
receptor_sequences.fasta,3qi2_complex,7.45,100.0,194,False
receptor_sequences.fasta,6arq_complex,7.45,100.0,194,False
receptor_sequences.fasta,6bx4_complex,7.45,100.0,194,False
ligand_sequences.fasta,3gb8_complex,7.45,100.0,194,False
ligand_sequences.fasta,4x33_complex,7.45,100.0,194,False
ligand_sequences.fasta,5cw7_complex,7.45,100.0,194,False
ligand_sequences.fasta,5npo_complex,7.45,100.0,194,False
ligand_sequences.fasta,6j5f_complex,7.45,100.0,194,False
receptor_sequences.fasta,2b7c_complex,7.44,100.0,194,False
receptor_sequences.fasta,5nt7_complex,7.44,100.0,194,False
ligand_sequences.fasta,6ch2_complex,7.44,100.0,194,False
receptor_sequences.fasta,3zet_complex,7.43,100.0,194,False
ligand_sequences.fasta,5gy2_complex,7.43,100.0,194,False
receptor_sequences.fasta,1w1w_complex,7.41,100.0,194,False
receptor_sequences.fasta,3tkl_complex,7.41,100.0,194,False
receptor_sequences.fasta,5mv8_complex,7.41,100.0,194,False
receptor_sequences.fasta,5xbf_complex,7.41,100.0,194,False
ligand_sequences.fasta,3mxw_complex,7.41,100.0,194,False
ligand_sequences.fasta,4xr8_complex,7.41,100.0,194,False
ligand_sequences.fasta,5b3h_complex,7.41,100.0,194,False
ligand_sequences.fasta,5dob_complex,7.41,100.0,194,False
ligand_sequences.fasta,6ejm_complex,7.41,100.0,194,False
ligand_sequences.fasta,2dd8_complex,7.39,100.0,194,False
receptor_sequences.fasta,2w81_complex,7.38,100.0,194,False
receptor_sequences.fasta,5hlz_complex,7.38,100.0,194,False
ligand_sequences.fasta,4pj2_complex,7.38,100.0,194,False
ligand_sequences.fasta,5gwp_complex,7.38,100.0,194,False
ligand_sequences.fasta,6k4k_complex,7.38,100.0,194,False
receptor_sequences.fasta,5ee5_complex,7.37,100.0,194,False
receptor_sequences.fasta,6bx5_complex,7.37,100.0,194,False
ligand_sequences.fasta,2vxs_complex,7.37,100.0,194,False
ligand_sequences.fasta,4jlr_complex,7.37,100.0,194,False
receptor_sequences.fasta,1kig_complex,7.35,100.0,194,False
receptor_sequences.fasta,3tgk_complex,7.35,100.0,194,False
receptor_sequences.fasta,4iu3_complex,7.35,100.0,194,False
receptor_sequences.fasta,4plo_complex,7.35,100.0,194,False
ligand_sequences.fasta,2omt_complex,7.35,100.0,194,False
ligand_sequences.fasta,2omu_complex,7.35,100.0,194,False
ligand_sequences.fasta,2omw_complex,7.35,100.0,194,False
ligand_sequences.fasta,2omy_complex,7.35,100.0,194,False
ligand_sequences.fasta,2omz_complex,7.35,100.0,194,False
ligand_sequences.fasta,5nzz_complex,7.35,100.0,194,False
receptor_sequences.fasta,1nma_complex,7.33,100.0,194,False
receptor_sequences.fasta,6a3w_complex,7.33,100.0,194,False
receptor_sequences.fasta,2w80_complex,7.32,100.0,194,False
receptor_sequences.fasta,2wpt_complex,7.32,100.0,194,False
receptor_sequences.fasta,4ayd_complex,7.32,100.0,194,False
receptor_sequences.fasta,4aye_complex,7.32,100.0,194,False
ligand_sequences.fasta,1axi_complex,7.32,100.0,194,False
ligand_sequences.fasta,3twi_complex,7.32,100.0,194,False
receptor_sequences.fasta,1f5r_complex,7.3,100.0,194,False
receptor_sequences.fasta,1f7z_complex,7.3,100.0,194,False
receptor_sequences.fasta,1fy8_complex,7.3,100.0,194,False
receptor_sequences.fasta,3fp6_complex,7.3,100.0,194,False
receptor_sequences.fasta,3vza_complex,7.3,100.0,194,False
receptor_sequences.fasta,5v5h_complex,7.3,100.0,194,False
receptor_sequences.fasta,5v5i_complex,7.3,100.0,194,False
ligand_sequences.fasta,1ib1_complex,7.3,100.0,194,False
receptor_sequences.fasta,1hia_complex,7.29,100.0,194,False
receptor_sequences.fasta,4ekd_complex,7.29,100.0,194,False
receptor_sequences.fasta,4h5s_complex,7.29,100.0,194,False
ligand_sequences.fasta,4jw3_complex,7.29,100.0,194,False
ligand_sequences.fasta,6mft_complex,7.29,100.0,194,False
receptor_sequences.fasta,5kvd_complex,7.28,100.0,194,False
receptor_sequences.fasta,5ngv_complex,7.28,100.0,194,False
receptor_sequences.fasta,5nh3_complex,7.28,100.0,194,False
ligand_sequences.fasta,1xg2_complex,7.28,100.0,194,False
receptor_sequences.fasta,2ass_complex,7.27,100.0,194,False
receptor_sequences.fasta,2y9m_complex,7.27,100.0,194,False
receptor_sequences.fasta,5dju_complex,7.27,100.0,194,False
receptor_sequences.fasta,6umt_complex,7.27,100.0,194,False
ligand_sequences.fasta,1a22_complex,7.27,100.0,194,False
ligand_sequences.fasta,5nh3_complex,7.27,100.0,194,False
ligand_sequences.fasta,5szk_complex,7.27,100.0,194,False
receptor_sequences.fasta,3a67_complex,7.26,100.0,194,False
ligand_sequences.fasta,6her_complex,7.26,100.0,194,False
receptor_sequences.fasta,5jds_complex,7.25,100.0,194,False
ligand_sequences.fasta,1yrt_complex,7.25,100.0,194,False
ligand_sequences.fasta,1yru_complex,7.25,100.0,194,False
ligand_sequences.fasta,5cff_complex,7.25,100.0,194,False
ligand_sequences.fasta,5nvl_complex,7.25,100.0,194,False
receptor_sequences.fasta,6pxh_complex,7.24,100.0,194,False
ligand_sequences.fasta,5uk5_complex,7.24,100.0,194,False
receptor_sequences.fasta,3bs5_complex,7.23,100.0,194,False
ligand_sequences.fasta,4kfz_complex,7.23,100.0,194,False
ligand_sequences.fasta,5lpu_complex,7.23,100.0,194,False
receptor_sequences.fasta,1avg_complex,7.22,100.0,194,False
receptor_sequences.fasta,1eo8_complex,7.22,100.0,194,False
receptor_sequences.fasta,1hrt_complex,7.22,100.0,194,False
receptor_sequences.fasta,1id5_complex,7.22,100.0,194,False
receptor_sequences.fasta,1nca_complex,7.22,100.0,194,False
receptor_sequences.fasta,1rke_complex,7.22,100.0,194,False
receptor_sequences.fasta,1ta3_complex,7.22,100.0,194,False
receptor_sequences.fasta,1tbr_complex,7.22,100.0,194,False
receptor_sequences.fasta,1te1_complex,7.22,100.0,194,False
receptor_sequences.fasta,1xdt_complex,7.22,100.0,194,False
receptor_sequences.fasta,2h9g_complex,7.22,100.0,194,False
receptor_sequences.fasta,2j8s_complex,7.22,100.0,194,False
receptor_sequences.fasta,2ody_complex,7.22,100.0,194,False
receptor_sequences.fasta,2omt_complex,7.22,100.0,194,False
receptor_sequences.fasta,2omu_complex,7.22,100.0,194,False
receptor_sequences.fasta,2omx_complex,7.22,100.0,194,False
receptor_sequences.fasta,2pms_complex,7.22,100.0,194,False
receptor_sequences.fasta,2vxq_complex,7.22,100.0,194,False
receptor_sequences.fasta,3b2u_complex,7.22,100.0,194,False
receptor_sequences.fasta,3bpl_complex,7.22,100.0,194,False
receptor_sequences.fasta,3dvg_complex,7.22,100.0,194,False
receptor_sequences.fasta,3dvn_complex,7.22,100.0,194,False
receptor_sequences.fasta,3eoa_complex,7.22,100.0,194,False
receptor_sequences.fasta,3f7p_complex,7.22,100.0,194,False
receptor_sequences.fasta,3hi6_complex,7.22,100.0,194,False
receptor_sequences.fasta,3lev_complex,7.22,100.0,194,False
receptor_sequences.fasta,3noc_complex,7.22,100.0,194,False
receptor_sequences.fasta,3rgf_complex,7.22,100.0,194,False
receptor_sequences.fasta,3sdd_complex,7.22,100.0,194,False
receptor_sequences.fasta,3sqo_complex,7.22,100.0,194,False
receptor_sequences.fasta,4byf_complex,7.22,100.0,194,False
receptor_sequences.fasta,4dkf_complex,7.22,100.0,194,False
receptor_sequences.fasta,4dn4_complex,7.22,100.0,194,False
receptor_sequences.fasta,4fqj_complex,7.22,100.0,194,False
receptor_sequences.fasta,4kxz_complex,7.22,100.0,194,False
receptor_sequences.fasta,4np4_complex,7.22,100.0,194,False
receptor_sequences.fasta,4qnp_complex,7.22,100.0,194,False
receptor_sequences.fasta,4yiz_complex,7.22,100.0,194,False
receptor_sequences.fasta,5anm_complex,7.22,100.0,194,False
receptor_sequences.fasta,5b71_complex,7.22,100.0,194,False
receptor_sequences.fasta,5d5m_complex,7.22,100.0,194,False
receptor_sequences.fasta,5d7i_complex,7.22,100.0,194,False
receptor_sequences.fasta,5d7j_complex,7.22,100.0,194,False
receptor_sequences.fasta,5e4e_complex,7.22,100.0,194,False
receptor_sequences.fasta,5eg3_complex,7.22,100.0,194,False
receptor_sequences.fasta,5gwo_complex,7.22,100.0,194,False
receptor_sequences.fasta,5hys_complex,7.22,100.0,194,False
receptor_sequences.fasta,5imy_complex,7.22,100.0,194,False
receptor_sequences.fasta,5nmv_complex,7.22,100.0,194,False
receptor_sequences.fasta,5o0w_complex,7.22,100.0,194,False
receptor_sequences.fasta,5otj_complex,7.22,100.0,194,False
receptor_sequences.fasta,5w06_complex,7.22,100.0,194,False
receptor_sequences.fasta,6azp_complex,7.22,100.0,194,False
receptor_sequences.fasta,6b0g_complex,7.22,100.0,194,False
receptor_sequences.fasta,6bit_complex,7.22,100.0,194,False
receptor_sequences.fasta,6d7g_complex,7.22,100.0,194,False
receptor_sequences.fasta,6dkj_complex,7.22,100.0,194,False
receptor_sequences.fasta,6fg2_complex,7.22,100.0,194,False
receptor_sequences.fasta,6flb_complex,7.22,100.0,194,False
receptor_sequences.fasta,6ieb_complex,7.22,100.0,194,False
receptor_sequences.fasta,6n85_complex,7.22,100.0,194,False
receptor_sequences.fasta,6nmu_complex,7.22,100.0,194,False
receptor_sequences.fasta,6p67_complex,7.22,100.0,194,False
receptor_sequences.fasta,6q0h_complex,7.22,100.0,194,False
receptor_sequences.fasta,6q0o_complex,7.22,100.0,194,False
ligand_sequences.fasta,1b6c_complex,7.22,100.0,194,False
ligand_sequences.fasta,1h1v_complex,7.22,100.0,194,False
ligand_sequences.fasta,1o94_complex,7.22,100.0,194,False
ligand_sequences.fasta,3gni_complex,7.22,100.0,194,False
ligand_sequences.fasta,3he6_complex,7.22,100.0,194,False
ligand_sequences.fasta,3idx_complex,7.22,100.0,194,False
ligand_sequences.fasta,3r9a_complex,7.22,100.0,194,False
ligand_sequences.fasta,4c9b_complex,7.22,100.0,194,False
ligand_sequences.fasta,4dvg_complex,7.22,100.0,194,False
ligand_sequences.fasta,4jzj_complex,7.22,100.0,194,False
ligand_sequences.fasta,4k3j_complex,7.22,100.0,194,False
ligand_sequences.fasta,4peq_complex,7.22,100.0,194,False
ligand_sequences.fasta,4qnp_complex,7.22,100.0,194,False
ligand_sequences.fasta,5czx_complex,7.22,100.0,194,False
ligand_sequences.fasta,5uzu_complex,7.22,100.0,194,False
ligand_sequences.fasta,6gbh_complex,7.22,100.0,194,False
ligand_sequences.fasta,5d1l_complex,7.21,100.0,194,False
ligand_sequences.fasta,5ovw_complex,7.21,100.0,194,False
receptor_sequences.fasta,3aon_complex,7.19,100.0,194,False
receptor_sequences.fasta,3v96_complex,7.19,100.0,194,False
receptor_sequences.fasta,5v5g_complex,7.19,100.0,194,False
ligand_sequences.fasta,6gbg_complex,7.18,100.0,194,False
receptor_sequences.fasta,1z7x_complex,7.14,100.0,194,False
receptor_sequences.fasta,2g2u_complex,7.14,100.0,194,False
receptor_sequences.fasta,2g2w_complex,7.14,100.0,194,False
receptor_sequences.fasta,2hrk_complex,7.14,100.0,194,False
receptor_sequences.fasta,3c4o_complex,7.14,100.0,194,False
receptor_sequences.fasta,3c4p_complex,7.14,100.0,194,False
receptor_sequences.fasta,3n4i_complex,7.14,100.0,194,False
receptor_sequences.fasta,3qht_complex,7.14,100.0,194,False
receptor_sequences.fasta,3uz0_complex,7.14,100.0,194,False
receptor_sequences.fasta,5eoa_complex,7.14,100.0,194,False
ligand_sequences.fasta,1m1e_complex,7.14,100.0,194,False
ligand_sequences.fasta,3oun_complex,7.14,100.0,194,False
ligand_sequences.fasta,3sja_complex,7.14,100.0,194,False
ligand_sequences.fasta,4kt3_complex,7.14,100.0,194,False
ligand_sequences.fasta,4mjs_complex,7.14,100.0,194,False
ligand_sequences.fasta,4uem_complex,7.14,100.0,194,False
ligand_sequences.fasta,5dfv_complex,7.14,100.0,194,False
ligand_sequences.fasta,5e7f_complex,7.14,100.0,194,False
ligand_sequences.fasta,5jem_complex,7.14,100.0,194,False
ligand_sequences.fasta,5kve_complex,7.14,100.0,194,False
ligand_sequences.fasta,5szh_complex,7.14,100.0,194,False
ligand_sequences.fasta,6iea_complex,7.14,100.0,194,False
receptor_sequences.fasta,1bvk_complex,7.1,100.0,194,False
ligand_sequences.fasta,3lbx_complex,7.1,100.0,194,False
ligand_sequences.fasta,6j11_complex,7.1,100.0,194,False
ligand_sequences.fasta,6pxh_complex,7.1,100.0,194,False
ligand_sequences.fasta,3lev_complex,7.09,100.0,194,False
ligand_sequences.fasta,3mzg_complex,7.09,100.0,194,False
ligand_sequences.fasta,3n06_complex,7.09,100.0,194,False
ligand_sequences.fasta,3n0p_complex,7.09,100.0,194,False
ligand_sequences.fasta,3ncb_complex,7.09,100.0,194,False
ligand_sequences.fasta,3ncc_complex,7.09,100.0,194,False
ligand_sequences.fasta,4ayi_complex,7.09,100.0,194,False
ligand_sequences.fasta,4qd2_complex,7.09,100.0,194,False
receptor_sequences.fasta,5mfc_complex,7.08,100.0,194,False
receptor_sequences.fasta,6jdj_complex,7.08,100.0,194,False
receptor_sequences.fasta,3t2n_complex,7.07,100.0,194,False
receptor_sequences.fasta,4d9q_complex,7.07,100.0,194,False
receptor_sequences.fasta,4d9r_complex,7.07,100.0,194,False
receptor_sequences.fasta,4wen_complex,7.07,100.0,194,False
receptor_sequences.fasta,1vfb_complex,7.06,100.0,194,False
receptor_sequences.fasta,3doe_complex,7.06,100.0,194,False
receptor_sequences.fasta,3v6o_complex,7.06,100.0,194,False
receptor_sequences.fasta,5mrv_complex,7.06,100.0,194,False
receptor_sequences.fasta,5tar_complex,7.06,100.0,194,False
ligand_sequences.fasta,1l4d_complex,7.06,100.0,194,False
ligand_sequences.fasta,4dt1_complex,7.06,100.0,194,False
receptor_sequences.fasta,6d68_complex,7.05,100.0,194,False
ligand_sequences.fasta,2iy0_complex,7.05,100.0,194,False
ligand_sequences.fasta,4py8_complex,7.05,100.0,194,False
receptor_sequences.fasta,1r6q_complex,7.04,100.0,194,False
receptor_sequences.fasta,3tjz_complex,7.04,100.0,194,False
receptor_sequences.fasta,5eof_complex,7.04,100.0,194,False
receptor_sequences.fasta,6mgp_complex,7.04,100.0,194,False
ligand_sequences.fasta,3bow_complex,7.04,100.0,194,False
ligand_sequences.fasta,5e95_complex,7.04,100.0,194,False
receptor_sequences.fasta,3d7t_complex,7.03,100.0,194,False
receptor_sequences.fasta,4a94_complex,7.03,100.0,194,False
receptor_sequences.fasta,6in9_complex,7.03,100.0,194,False
ligand_sequences.fasta,2bo9_complex,7.03,100.0,194,False
ligand_sequences.fasta,5abv_complex,7.02,100.0,194,False
ligand_sequences.fasta,6u8c_complex,7.02,100.0,194,False
ligand_sequences.fasta,2nup_complex,7.01,100.0,194,False
receptor_sequences.fasta,2xtj_complex,6.99,100.0,194,False
receptor_sequences.fasta,6a78_complex,6.99,100.0,194,False
receptor_sequences.fasta,6a79_complex,6.99,100.0,194,False
receptor_sequences.fasta,4bd9_complex,6.98,100.0,194,False
ligand_sequences.fasta,2wbj_complex,6.98,100.0,194,False
ligand_sequences.fasta,3qt2_complex,6.98,100.0,194,False
ligand_sequences.fasta,3rt0_complex,6.98,100.0,194,False
ligand_sequences.fasta,5c4v_complex,6.98,100.0,194,False
receptor_sequences.fasta,3di2_complex,6.96,100.0,194,False
receptor_sequences.fasta,4eee_complex,6.96,100.0,194,False
ligand_sequences.fasta,3q3g_complex,6.96,100.0,194,False
ligand_sequences.fasta,5jds_complex,6.96,100.0,194,False
ligand_sequences.fasta,5xxy_complex,6.96,100.0,194,False
receptor_sequences.fasta,1f34_complex,6.94,100.0,194,False
receptor_sequences.fasta,3cqg_complex,6.94,100.0,194,False
ligand_sequences.fasta,6fq0_complex,6.94,100.0,194,False
receptor_sequences.fasta,2qj9_complex,6.93,100.0,194,False
receptor_sequences.fasta,1nsn_complex,6.92,100.0,194,False
receptor_sequences.fasta,3olm_complex,6.92,100.0,194,False
receptor_sequences.fasta,6j5d_complex,6.92,100.0,194,False
receptor_sequences.fasta,6j5f_complex,6.92,100.0,194,False
ligand_sequences.fasta,2f9z_complex,6.92,100.0,194,False
ligand_sequences.fasta,3v96_complex,6.92,100.0,194,False
ligand_sequences.fasta,4ilw_complex,6.92,100.0,194,False
receptor_sequences.fasta,1l2w_complex,6.9,100.0,194,False
receptor_sequences.fasta,1oyv_complex,6.9,100.0,194,False
receptor_sequences.fasta,1r0r_complex,6.9,100.0,194,False
receptor_sequences.fasta,4eoz_complex,6.9,100.0,194,False
receptor_sequences.fasta,4llo_complex,6.9,100.0,194,False
receptor_sequences.fasta,4noo_complex,6.9,100.0,194,False
receptor_sequences.fasta,4nso_complex,6.9,100.0,194,False
receptor_sequences.fasta,4xoi_complex,6.9,100.0,194,False
receptor_sequences.fasta,6on9_complex,6.9,100.0,194,False
ligand_sequences.fasta,3ogo_complex,6.9,100.0,194,False
ligand_sequences.fasta,4k81_complex,6.9,100.0,194,False
ligand_sequences.fasta,5hpy_complex,6.9,100.0,194,False
receptor_sequences.fasta,4v3k_complex,6.88,100.0,194,False
receptor_sequences.fasta,5aoq_complex,6.88,100.0,194,False
ligand_sequences.fasta,5t5w_complex,6.88,100.0,194,False
receptor_sequences.fasta,2q0o_complex,6.86,100.0,194,False
receptor_sequences.fasta,2qja_complex,6.86,100.0,194,False
receptor_sequences.fasta,2qjb_complex,6.86,100.0,194,False
receptor_sequences.fasta,3bk3_complex,6.86,100.0,194,False
receptor_sequences.fasta,3gmw_complex,6.86,100.0,194,False
receptor_sequences.fasta,4ui0_complex,6.86,100.0,194,False
receptor_sequences.fasta,4ui1_complex,6.86,100.0,194,False
receptor_sequences.fasta,6er6_complex,6.86,100.0,194,False
ligand_sequences.fasta,3pl6_complex,6.86,100.0,194,False
ligand_sequences.fasta,4grl_complex,6.86,100.0,194,False
ligand_sequences.fasta,4may_complex,6.86,100.0,194,False
receptor_sequences.fasta,1nw9_complex,6.85,100.0,194,False
receptor_sequences.fasta,4w6y_complex,6.85,100.0,194,False
ligand_sequences.fasta,1lzw_complex,6.85,100.0,194,False
receptor_sequences.fasta,5gpg_complex,6.84,100.0,194,False
ligand_sequences.fasta,4eig_complex,6.84,100.0,194,False
ligand_sequences.fasta,5d96_complex,6.84,100.0,194,False
receptor_sequences.fasta,2w83_complex,6.83,100.0,194,False
receptor_sequences.fasta,4per_complex,6.83,100.0,194,False
ligand_sequences.fasta,1vg0_complex,6.83,100.0,194,False
receptor_sequences.fasta,1atn_complex,6.82,100.0,194,False
receptor_sequences.fasta,1jtd_complex,6.82,100.0,194,False
receptor_sequences.fasta,2f4m_complex,6.82,100.0,194,False
receptor_sequences.fasta,4pbv_complex,6.82,100.0,194,False
ligand_sequences.fasta,4u6v_complex,6.82,100.0,194,False
ligand_sequences.fasta,4b93_complex,6.81,100.0,194,False
receptor_sequences.fasta,2h64_complex,6.8,100.0,194,False
receptor_sequences.fasta,4g6u_complex,6.8,100.0,194,False
receptor_sequences.fasta,5jsb_complex,6.8,100.0,194,False
ligand_sequences.fasta,4dkf_complex,6.8,100.0,194,False
receptor_sequences.fasta,1kac_complex,6.79,100.0,194,False
receptor_sequences.fasta,1p6a_complex,6.79,100.0,194,False
receptor_sequences.fasta,3vhx_complex,6.79,100.0,194,False
receptor_sequences.fasta,1jtg_complex,6.78,100.0,194,False
receptor_sequences.fasta,5npo_complex,6.78,100.0,194,False
ligand_sequences.fasta,1l0x_complex,6.78,100.0,194,False
ligand_sequences.fasta,1l0y_complex,6.78,100.0,194,False
ligand_sequences.fasta,2xhe_complex,6.78,100.0,194,False
ligand_sequences.fasta,3gjn_complex,6.78,100.0,194,False
ligand_sequences.fasta,6o3a_complex,6.78,100.0,194,False
receptor_sequences.fasta,4pw9_complex,6.77,100.0,194,False
receptor_sequences.fasta,5un7_complex,6.77,100.0,194,False
ligand_sequences.fasta,1nma_complex,6.77,100.0,194,False
ligand_sequences.fasta,5xoc_complex,6.77,100.0,194,False
receptor_sequences.fasta,1s4y_complex,6.76,100.0,194,False
receptor_sequences.fasta,4p1n_complex,6.76,100.0,194,False
ligand_sequences.fasta,1ze3_complex,6.76,100.0,194,False
ligand_sequences.fasta,3a4s_complex,6.76,100.0,194,False
ligand_sequences.fasta,3bpl_complex,6.76,100.0,194,False
ligand_sequences.fasta,5omm_complex,6.76,100.0,194,False
ligand_sequences.fasta,6co2_complex,6.76,100.0,194,False
ligand_sequences.fasta,4d0n_complex,6.75,100.0,194,False
ligand_sequences.fasta,6dwf_complex,6.75,100.0,194,False
ligand_sequences.fasta,6dwh_complex,6.75,100.0,194,False
receptor_sequences.fasta,3k9m_complex,6.74,100.0,194,False
receptor_sequences.fasta,3nvn_complex,6.74,100.0,194,False
receptor_sequences.fasta,4q5e_complex,6.74,100.0,194,False
receptor_sequences.fasta,6s29_complex,6.74,100.0,194,False
ligand_sequences.fasta,1fg9_complex,6.74,100.0,194,False
ligand_sequences.fasta,1nca_complex,6.74,100.0,194,False
receptor_sequences.fasta,3hct_complex,6.73,100.0,194,False
receptor_sequences.fasta,3hcu_complex,6.73,100.0,194,False
ligand_sequences.fasta,4dke_complex,6.73,100.0,194,False
receptor_sequences.fasta,2jjs_complex,6.72,100.0,194,False
receptor_sequences.fasta,6mkz_complex,6.72,100.0,194,False
ligand_sequences.fasta,4yvq_complex,6.72,100.0,194,False
ligand_sequences.fasta,5l21_complex,6.72,100.0,194,False
ligand_sequences.fasta,6ne2_complex,6.72,100.0,194,False
ligand_sequences.fasta,6ne4_complex,6.72,100.0,194,False
receptor_sequences.fasta,2wel_complex,6.71,100.0,194,False
ligand_sequences.fasta,4eo5_complex,6.71,100.0,194,False
ligand_sequences.fasta,4krl_complex,6.71,100.0,194,False
receptor_sequences.fasta,1ava_complex,6.7,100.0,194,False
receptor_sequences.fasta,1h1v_complex,6.7,100.0,194,False
receptor_sequences.fasta,1nl0_complex,6.7,100.0,194,False
receptor_sequences.fasta,1xqs_complex,6.7,100.0,194,False
receptor_sequences.fasta,1yvb_complex,6.7,100.0,194,False
receptor_sequences.fasta,2fjg_complex,6.7,100.0,194,False
receptor_sequences.fasta,2oul_complex,6.7,100.0,194,False
receptor_sequences.fasta,2v52_complex,6.7,100.0,194,False
receptor_sequences.fasta,2ve7_complex,6.7,100.0,194,False
receptor_sequences.fasta,2xhe_complex,6.7,100.0,194,False
receptor_sequences.fasta,2xqr_complex,6.7,100.0,194,False
receptor_sequences.fasta,2y5b_complex,6.7,100.0,194,False
receptor_sequences.fasta,3au4_complex,6.7,100.0,194,False
receptor_sequences.fasta,3bow_complex,6.7,100.0,194,False
receptor_sequences.fasta,3cqx_complex,6.7,100.0,194,False
receptor_sequences.fasta,3mzw_complex,6.7,100.0,194,False
receptor_sequences.fasta,3p0y_complex,6.7,100.0,194,False
receptor_sequences.fasta,3pnr_complex,6.7,100.0,194,False
receptor_sequences.fasta,3rt0_complex,6.7,100.0,194,False
receptor_sequences.fasta,3sdy_complex,6.7,100.0,194,False
receptor_sequences.fasta,3tl8_complex,6.7,100.0,194,False
receptor_sequences.fasta,3vwk_complex,6.7,100.0,194,False
receptor_sequences.fasta,3wrx_complex,6.7,100.0,194,False
receptor_sequences.fasta,3wry_complex,6.7,100.0,194,False
receptor_sequences.fasta,3zkq_complex,6.7,100.0,194,False
receptor_sequences.fasta,4ap2_complex,6.7,100.0,194,False
receptor_sequences.fasta,4b1y_complex,6.7,100.0,194,False
receptor_sequences.fasta,4f0z_complex,6.7,100.0,194,False
receptor_sequences.fasta,4grl_complex,6.7,100.0,194,False
receptor_sequences.fasta,4jkp_complex,6.7,100.0,194,False
receptor_sequences.fasta,4qci_complex,6.7,100.0,194,False
receptor_sequences.fasta,4x7e_complex,6.7,100.0,194,False
receptor_sequences.fasta,4x7f_complex,6.7,100.0,194,False
receptor_sequences.fasta,4yc7_complex,6.7,100.0,194,False
receptor_sequences.fasta,5c0n_complex,6.7,100.0,194,False
receptor_sequences.fasta,5c7x_complex,6.7,100.0,194,False
receptor_sequences.fasta,5d70_complex,6.7,100.0,194,False
receptor_sequences.fasta,5d72_complex,6.7,100.0,194,False
receptor_sequences.fasta,5e8e_complex,6.7,100.0,194,False
receptor_sequences.fasta,5e94_complex,6.7,100.0,194,False
receptor_sequences.fasta,5ee4_complex,6.7,100.0,194,False
receptor_sequences.fasta,5ft8_complex,6.7,100.0,194,False
receptor_sequences.fasta,5h07_complex,6.7,100.0,194,False
receptor_sequences.fasta,5hgg_complex,6.7,100.0,194,False
receptor_sequences.fasta,5jq6_complex,6.7,100.0,194,False
receptor_sequences.fasta,5my6_complex,6.7,100.0,194,False
receptor_sequences.fasta,5o03_complex,6.7,100.0,194,False
receptor_sequences.fasta,5omm_complex,6.7,100.0,194,False
receptor_sequences.fasta,5omn_complex,6.7,100.0,194,False
receptor_sequences.fasta,5sy8_complex,6.7,100.0,194,False
receptor_sequences.fasta,5te7_complex,6.7,100.0,194,False
receptor_sequences.fasta,5w08_complex,6.7,100.0,194,False
receptor_sequences.fasta,5whk_complex,6.7,100.0,194,False
receptor_sequences.fasta,5wux_complex,6.7,100.0,194,False
receptor_sequences.fasta,5xjg_complex,6.7,100.0,194,False
receptor_sequences.fasta,5xjo_complex,6.7,100.0,194,False
receptor_sequences.fasta,6aqr_complex,6.7,100.0,194,False
receptor_sequences.fasta,6ath_complex,6.7,100.0,194,False
receptor_sequences.fasta,6b0s_complex,6.7,100.0,194,False
receptor_sequences.fasta,6gku_complex,6.7,100.0,194,False
receptor_sequences.fasta,6mlk_complex,6.7,100.0,194,False
receptor_sequences.fasta,6nms_complex,6.7,100.0,194,False
receptor_sequences.fasta,6o1f_complex,6.7,100.0,194,False
receptor_sequences.fasta,6o39_complex,6.7,100.0,194,False
receptor_sequences.fasta,6o3a_complex,6.7,100.0,194,False
receptor_sequences.fasta,6o3b_complex,6.7,100.0,194,False
receptor_sequences.fasta,6oc3_complex,6.7,100.0,194,False
receptor_sequences.fasta,6rhv_complex,6.7,100.0,194,False
receptor_sequences.fasta,6rhw_complex,6.7,100.0,194,False
ligand_sequences.fasta,1t44_complex,6.7,100.0,194,False
ligand_sequences.fasta,3fhc_complex,6.7,100.0,194,False
ligand_sequences.fasta,3gc3_complex,6.7,100.0,194,False
ligand_sequences.fasta,3huj_complex,6.7,100.0,194,False
ligand_sequences.fasta,3ujg_complex,6.7,100.0,194,False
ligand_sequences.fasta,4ds8_complex,6.7,100.0,194,False
ligand_sequences.fasta,5bn5_complex,6.7,100.0,194,False
ligand_sequences.fasta,5hdq_complex,6.7,100.0,194,False
ligand_sequences.fasta,5jyl_complex,6.7,100.0,194,False
ligand_sequences.fasta,5k59_complex,6.7,100.0,194,False
ligand_sequences.fasta,5o05_complex,6.7,100.0,194,False
ligand_sequences.fasta,6m7l_complex,6.7,100.0,194,False
receptor_sequences.fasta,3h8d_complex,6.67,100.0,194,False
receptor_sequences.fasta,3htu_complex,6.67,100.0,194,False
receptor_sequences.fasta,5czf_complex,6.67,100.0,194,False
receptor_sequences.fasta,5m2i_complex,6.67,100.0,194,False
ligand_sequences.fasta,1jrh_complex,6.67,100.0,194,False
ligand_sequences.fasta,1wve_complex,6.67,100.0,194,False
ligand_sequences.fasta,2ve7_complex,6.67,100.0,194,False
ligand_sequences.fasta,2wjv_complex,6.67,100.0,194,False
ligand_sequences.fasta,3g7a_complex,6.67,100.0,194,False
ligand_sequences.fasta,4g3y_complex,6.67,100.0,194,False
ligand_sequences.fasta,4h2w_complex,6.67,100.0,194,False
ligand_sequences.fasta,5ngv_complex,6.67,100.0,194,False
ligand_sequences.fasta,5un5_complex,6.67,100.0,194,False
ligand_sequences.fasta,5v5i_complex,6.67,100.0,194,False
ligand_sequences.fasta,6q0h_complex,6.67,100.0,194,False
ligand_sequences.fasta,6q18_complex,6.67,100.0,194,False
ligand_sequences.fasta,6h3t_complex,6.63,100.0,194,False
receptor_sequences.fasta,5jhl_complex,6.62,100.0,194,False
ligand_sequences.fasta,2y6t_complex,6.62,100.0,194,False
ligand_sequences.fasta,6h71_complex,6.61,100.0,194,False
receptor_sequences.fasta,4dkd_complex,6.6,100.0,194,False
receptor_sequences.fasta,1lzw_complex,6.59,100.0,194,False
receptor_sequences.fasta,4k81_complex,6.59,100.0,194,False
receptor_sequences.fasta,5m2j_complex,6.59,100.0,194,False
ligand_sequences.fasta,3l9j_complex,6.59,100.0,194,False
ligand_sequences.fasta,3qht_complex,6.59,100.0,194,False
ligand_sequences.fasta,5gwo_complex,6.59,100.0,194,False
ligand_sequences.fasta,5mtj_complex,6.59,100.0,194,False
ligand_sequences.fasta,5wux_complex,6.59,100.0,194,False
ligand_sequences.fasta,6bx4_complex,6.59,100.0,194,False
receptor_sequences.fasta,6r2g_complex,6.58,100.0,194,False
ligand_sequences.fasta,1xxd_complex,6.57,100.0,194,False
ligand_sequences.fasta,3f5c_complex,6.56,100.0,194,False
ligand_sequences.fasta,3p9w_complex,6.56,100.0,194,False
ligand_sequences.fasta,4nst_complex,6.56,100.0,194,False
ligand_sequences.fasta,4ons_complex,6.56,100.0,194,False
ligand_sequences.fasta,5kwy_complex,6.56,100.0,194,False
ligand_sequences.fasta,5xqz_complex,6.56,100.0,194,False
receptor_sequences.fasta,4eef_complex,6.54,100.0,194,False
ligand_sequences.fasta,2w2x_complex,6.54,100.0,194,False
receptor_sequences.fasta,3gni_complex,6.52,100.0,194,False
receptor_sequences.fasta,3qbv_complex,6.52,100.0,194,False
receptor_sequences.fasta,4f38_complex,6.52,100.0,194,False
receptor_sequences.fasta,4z80_complex,6.52,100.0,194,False
receptor_sequences.fasta,5kvf_complex,6.52,100.0,194,False
ligand_sequences.fasta,1azz_complex,6.52,100.0,194,False
ligand_sequences.fasta,1id5_complex,6.52,100.0,194,False
ligand_sequences.fasta,6obn_complex,6.52,100.0,194,False
receptor_sequences.fasta,3qml_complex,6.51,100.0,194,False
receptor_sequences.fasta,2ypv_complex,6.49,100.0,194,False
receptor_sequences.fasta,3hug_complex,6.49,100.0,194,False
receptor_sequences.fasta,4mrt_complex,6.49,100.0,194,False
ligand_sequences.fasta,5z78_complex,6.49,100.0,194,False
receptor_sequences.fasta,1b27_complex,6.48,100.0,194,False
receptor_sequences.fasta,1b3s_complex,6.48,100.0,194,False
receptor_sequences.fasta,1brs_complex,6.48,100.0,194,False
receptor_sequences.fasta,1x1w_complex,6.48,100.0,194,False
receptor_sequences.fasta,1x1y_complex,6.48,100.0,194,False
receptor_sequences.fasta,1wdw_complex,6.47,100.0,194,False
receptor_sequences.fasta,1yrt_complex,6.47,100.0,194,False
receptor_sequences.fasta,1yru_complex,6.47,100.0,194,False
receptor_sequences.fasta,2w2x_complex,6.47,100.0,194,False
ligand_sequences.fasta,1p0s_complex,6.47,100.0,194,False
ligand_sequences.fasta,1xx9_complex,6.47,100.0,194,False
receptor_sequences.fasta,3m0a_complex,6.45,100.0,194,False
receptor_sequences.fasta,5hdq_complex,6.45,100.0,194,False
receptor_sequences.fasta,5m2m_complex,6.45,100.0,194,False
receptor_sequences.fasta,6g10_complex,6.45,100.0,194,False
ligand_sequences.fasta,3q1s_complex,6.45,100.0,194,False
ligand_sequences.fasta,3wa5_complex,6.45,100.0,194,False
ligand_sequences.fasta,4drx_complex,6.45,100.0,194,False
ligand_sequences.fasta,4m5f_complex,6.45,100.0,194,False
ligand_sequences.fasta,6oqq_complex,6.45,100.0,194,False
receptor_sequences.fasta,1ezu_complex,6.43,100.0,194,False
receptor_sequences.fasta,1nvu_complex,6.43,100.0,194,False
receptor_sequences.fasta,1wq1_complex,6.43,100.0,194,False
receptor_sequences.fasta,3ddc_complex,6.43,100.0,194,False
receptor_sequences.fasta,3ixe_complex,6.43,100.0,194,False
receptor_sequences.fasta,3k8p_complex,6.43,100.0,194,False
receptor_sequences.fasta,3kud_complex,6.43,100.0,194,False
receptor_sequences.fasta,3lbx_complex,6.43,100.0,194,False
receptor_sequences.fasta,4mqw_complex,6.43,100.0,194,False
receptor_sequences.fasta,4oyd_complex,6.43,100.0,194,False
ligand_sequences.fasta,1he8_complex,6.43,100.0,194,False
ligand_sequences.fasta,1lfd_complex,6.43,100.0,194,False
ligand_sequences.fasta,2uzi_complex,6.43,100.0,194,False
ligand_sequences.fasta,3h2u_complex,6.43,100.0,194,False
receptor_sequences.fasta,1b2s_complex,6.42,100.0,194,False
receptor_sequences.fasta,1b2u_complex,6.42,100.0,194,False
receptor_sequences.fasta,1x1u_complex,6.42,100.0,194,False
receptor_sequences.fasta,1x1x_complex,6.42,100.0,194,False
receptor_sequences.fasta,2za4_complex,6.42,100.0,194,False
receptor_sequences.fasta,3e2l_complex,6.42,100.0,194,False
receptor_sequences.fasta,5fr1_complex,6.42,100.0,194,False
receptor_sequences.fasta,3oiq_complex,6.41,100.0,194,False
receptor_sequences.fasta,4hrl_complex,6.41,100.0,194,False
receptor_sequences.fasta,4ic7_complex,6.41,100.0,194,False
receptor_sequences.fasta,5imk_complex,6.4,100.0,194,False
receptor_sequences.fasta,5imm_complex,6.4,100.0,194,False
receptor_sequences.fasta,5omb_complex,6.4,100.0,194,False
receptor_sequences.fasta,6gtq_complex,6.4,100.0,194,False
ligand_sequences.fasta,2pms_complex,6.4,100.0,194,False
ligand_sequences.fasta,2v4z_complex,6.4,100.0,194,False
ligand_sequences.fasta,4jw2_complex,6.4,100.0,194,False
receptor_sequences.fasta,4c7n_complex,6.38,100.0,194,False
receptor_sequences.fasta,4mit_complex,6.38,100.0,194,False
receptor_sequences.fasta,6j4o_complex,6.38,100.0,194,False
ligand_sequences.fasta,4xxw_complex,6.38,100.0,194,False
ligand_sequences.fasta,5yoy_complex,6.38,100.0,194,False
ligand_sequences.fasta,6j5d_complex,6.38,100.0,194,False
ligand_sequences.fasta,3hct_complex,6.36,100.0,194,False
ligand_sequences.fasta,3o6f_complex,6.36,100.0,194,False
ligand_sequences.fasta,5d1k_complex,6.36,100.0,194,False
ligand_sequences.fasta,5d1m_complex,6.36,100.0,194,False
receptor_sequences.fasta,1eaw_complex,6.35,100.0,194,False
receptor_sequences.fasta,4aqe_complex,6.35,100.0,194,False
ligand_sequences.fasta,3dgc_complex,6.35,100.0,194,False
ligand_sequences.fasta,3nps_complex,6.35,100.0,194,False
ligand_sequences.fasta,3so3_complex,6.35,100.0,194,False
receptor_sequences.fasta,4w6w_complex,6.34,100.0,194,False
receptor_sequences.fasta,4w6x_complex,6.34,100.0,194,False
receptor_sequences.fasta,6amb_complex,6.34,100.0,194,False
ligand_sequences.fasta,3jza_complex,6.34,100.0,194,False
receptor_sequences.fasta,5xis_complex,6.33,100.0,194,False
ligand_sequences.fasta,1f3v_complex,6.33,100.0,194,False
ligand_sequences.fasta,4f6r_complex,6.33,100.0,194,False
receptor_sequences.fasta,6fv0_complex,6.32,100.0,194,False
ligand_sequences.fasta,6amb_complex,6.32,100.0,194,False
receptor_sequences.fasta,5ywr_complex,6.31,100.0,194,False
receptor_sequences.fasta,1jiw_complex,6.3,100.0,194,False
ligand_sequences.fasta,5m2m_complex,6.3,100.0,194,False
receptor_sequences.fasta,2j0t_complex,6.29,100.0,194,False
receptor_sequences.fasta,3o5t_complex,6.29,100.0,194,False
receptor_sequences.fasta,4d0n_complex,6.29,100.0,194,False
receptor_sequences.fasta,4lxr_complex,6.29,100.0,194,False
receptor_sequences.fasta,5dcq_complex,6.29,100.0,194,False
receptor_sequences.fasta,5o74_complex,6.29,100.0,194,False
ligand_sequences.fasta,3kz1_complex,6.29,100.0,194,False
receptor_sequences.fasta,4apx_complex,6.28,100.0,194,False
receptor_sequences.fasta,1e3u_complex,6.25,100.0,194,False
receptor_sequences.fasta,1f3v_complex,6.25,100.0,194,False
receptor_sequences.fasta,2v9t_complex,6.25,100.0,194,False
receptor_sequences.fasta,3zwh_complex,6.25,100.0,194,False
receptor_sequences.fasta,4d0g_complex,6.25,100.0,194,False
receptor_sequences.fasta,4kgg_complex,6.25,100.0,194,False
receptor_sequences.fasta,5f4e_complex,6.25,100.0,194,False
receptor_sequences.fasta,5jke_complex,6.25,100.0,194,False
ligand_sequences.fasta,1e3u_complex,6.25,100.0,194,False
ligand_sequences.fasta,1hia_complex,6.25,100.0,194,False
ligand_sequences.fasta,3w9e_complex,6.25,100.0,194,False
ligand_sequences.fasta,4ct0_complex,6.25,100.0,194,False
ligand_sequences.fasta,4ekd_complex,6.25,100.0,194,False
ligand_sequences.fasta,4j6g_complex,6.25,100.0,194,False
ligand_sequences.fasta,4kgq_complex,6.25,100.0,194,False
ligand_sequences.fasta,4rs1_complex,6.25,100.0,194,False
ligand_sequences.fasta,4yyp_complex,6.25,100.0,194,False
ligand_sequences.fasta,3gqi_complex,6.22,100.0,194,False
receptor_sequences.fasta,1y6k_complex,6.21,100.0,194,False
receptor_sequences.fasta,4lad_complex,6.21,100.0,194,False
ligand_sequences.fasta,4yn0_complex,6.21,100.0,194,False
ligand_sequences.fasta,4dbg_complex,6.2,100.0,194,False
receptor_sequences.fasta,1k93_complex,6.19,100.0,194,False
receptor_sequences.fasta,1m1e_complex,6.19,100.0,194,False
receptor_sequences.fasta,1o94_complex,6.19,100.0,194,False
receptor_sequences.fasta,1th1_complex,6.19,100.0,194,False
receptor_sequences.fasta,1tzi_complex,6.19,100.0,194,False
receptor_sequences.fasta,1v18_complex,6.19,100.0,194,False
receptor_sequences.fasta,2bp7_complex,6.19,100.0,194,False
receptor_sequences.fasta,2c0l_complex,6.19,100.0,194,False
receptor_sequences.fasta,2efd_complex,6.19,100.0,194,False
receptor_sequences.fasta,2efh_complex,6.19,100.0,194,False
receptor_sequences.fasta,2jjt_complex,6.19,100.0,194,False
receptor_sequences.fasta,2p8q_complex,6.19,100.0,194,False
receptor_sequences.fasta,2qna_complex,6.19,100.0,194,False
receptor_sequences.fasta,3b9f_complex,6.19,100.0,194,False
receptor_sequences.fasta,3ma9_complex,6.19,100.0,194,False
receptor_sequences.fasta,3nh7_complex,6.19,100.0,194,False
receptor_sequences.fasta,3oux_complex,6.19,100.0,194,False
receptor_sequences.fasta,4c1n_complex,6.19,100.0,194,False
receptor_sequences.fasta,4g01_complex,6.19,100.0,194,False
receptor_sequences.fasta,4jeh_complex,6.19,100.0,194,False
receptor_sequences.fasta,4jgh_complex,6.19,100.0,194,False
receptor_sequences.fasta,4jzj_complex,6.19,100.0,194,False
receptor_sequences.fasta,4kht_complex,6.19,100.0,194,False
receptor_sequences.fasta,4khx_complex,6.19,100.0,194,False
receptor_sequences.fasta,4kt1_complex,6.19,100.0,194,False
receptor_sequences.fasta,4m5z_complex,6.19,100.0,194,False
receptor_sequences.fasta,4qd2_complex,6.19,100.0,194,False
receptor_sequences.fasta,4tq0_complex,6.19,100.0,194,False
receptor_sequences.fasta,4tq1_complex,6.19,100.0,194,False
receptor_sequences.fasta,4zff_complex,6.19,100.0,194,False
receptor_sequences.fasta,4zfg_complex,6.19,100.0,194,False
receptor_sequences.fasta,5d71_complex,6.19,100.0,194,False
receptor_sequences.fasta,5l6y_complex,6.19,100.0,194,False
receptor_sequences.fasta,5ohp_complex,6.19,100.0,194,False
receptor_sequences.fasta,5te4_complex,6.19,100.0,194,False
receptor_sequences.fasta,5te6_complex,6.19,100.0,194,False
receptor_sequences.fasta,5w3x_complex,6.19,100.0,194,False
receptor_sequences.fasta,6bmt_complex,6.19,100.0,194,False
receptor_sequences.fasta,6ddv_complex,6.19,100.0,194,False
receptor_sequences.fasta,6iwd_complex,6.19,100.0,194,False
receptor_sequences.fasta,6kbr_complex,6.19,100.0,194,False
ligand_sequences.fasta,1dzb_complex,6.19,100.0,194,False
ligand_sequences.fasta,2es4_complex,6.19,100.0,194,False
ligand_sequences.fasta,3cqc_complex,6.19,100.0,194,False
ligand_sequences.fasta,3cqg_complex,6.19,100.0,194,False
ligand_sequences.fasta,3qlu_complex,6.19,100.0,194,False
ligand_sequences.fasta,4ap2_complex,6.19,100.0,194,False
ligand_sequences.fasta,4fqi_complex,6.19,100.0,194,False
ligand_sequences.fasta,4xl5_complex,6.19,100.0,194,False
ligand_sequences.fasta,4yoc_complex,6.19,100.0,194,False
ligand_sequences.fasta,4zi2_complex,6.19,100.0,194,False
ligand_sequences.fasta,5ma4_complex,6.19,100.0,194,False
ligand_sequences.fasta,5mak_complex,6.19,100.0,194,False
ligand_sequences.fasta,6i2m_complex,6.19,100.0,194,False
ligand_sequences.fasta,6ihb_complex,6.19,100.0,194,False
receptor_sequences.fasta,1bth_complex,6.18,100.0,194,False
receptor_sequences.fasta,1jmo_complex,6.18,100.0,194,False
receptor_sequences.fasta,6fpg_complex,6.18,100.0,194,False
ligand_sequences.fasta,3b9f_complex,6.18,100.0,194,False
ligand_sequences.fasta,5e8e_complex,6.18,100.0,194,False
receptor_sequences.fasta,6oy4_complex,6.17,100.0,194,False
ligand_sequences.fasta,4nn6_complex,6.17,100.0,194,False
ligand_sequences.fasta,5mfc_complex,6.17,100.0,194,False
receptor_sequences.fasta,4dvg_complex,6.16,100.0,194,False
receptor_sequences.fasta,3ff7_complex,6.15,100.0,194,False
receptor_sequences.fasta,3ff8_complex,6.15,100.0,194,False
receptor_sequences.fasta,3k6g_complex,6.15,100.0,194,False
receptor_sequences.fasta,5a6w_complex,6.15,100.0,194,False
ligand_sequences.fasta,6a0z_complex,6.15,100.0,194,False
ligand_sequences.fasta,6ib8_complex,6.15,100.0,194,False
receptor_sequences.fasta,3zo0_complex,6.14,100.0,194,False
ligand_sequences.fasta,5d71_complex,6.14,100.0,194,False
receptor_sequences.fasta,4dra_complex,6.12,100.0,194,False
ligand_sequences.fasta,1rv6_complex,6.12,100.0,194,False
ligand_sequences.fasta,4hfk_complex,6.12,100.0,194,False
ligand_sequences.fasta,5odw_complex,6.12,100.0,194,False
receptor_sequences.fasta,5tl6_complex,6.11,100.0,194,False
ligand_sequences.fasta,3zet_complex,6.11,100.0,194,False
ligand_sequences.fasta,3zeu_complex,6.11,100.0,194,False
ligand_sequences.fasta,4i2x_complex,6.11,100.0,194,False
receptor_sequences.fasta,4b93_complex,6.1,100.0,194,False
receptor_sequences.fasta,4dbg_complex,6.1,100.0,194,False
ligand_sequences.fasta,3tsr_complex,6.1,100.0,194,False
ligand_sequences.fasta,1xwd_complex,6.09,100.0,194,False
ligand_sequences.fasta,5d70_complex,6.09,100.0,194,False
ligand_sequences.fasta,5d72_complex,6.09,100.0,194,False
receptor_sequences.fasta,5e6j_complex,6.08,100.0,194,False
ligand_sequences.fasta,2wwx_complex,6.08,100.0,194,False
receptor_sequences.fasta,5mj3_complex,6.06,100.0,194,False
receptor_sequences.fasta,5mzv_complex,6.06,100.0,194,False
ligand_sequences.fasta,3m63_complex,6.06,100.0,194,False
ligand_sequences.fasta,4zrp_complex,6.06,100.0,194,False
ligand_sequences.fasta,6dkj_complex,6.06,100.0,194,False
receptor_sequences.fasta,3ogo_complex,6.04,100.0,194,False
receptor_sequences.fasta,4m0w_complex,6.04,100.0,194,False
receptor_sequences.fasta,4xl5_complex,6.04,100.0,194,False
ligand_sequences.fasta,2fdb_complex,6.04,100.0,194,False
ligand_sequences.fasta,5c7x_complex,6.03,100.0,194,False
ligand_sequences.fasta,5w6g_complex,6.01,100.0,194,False
receptor_sequences.fasta,1j7v_complex,6.0,100.0,194,False
receptor_sequences.fasta,5ma5_complex,6.0,100.0,194,False
receptor_sequences.fasta,5ma6_complex,6.0,100.0,194,False
receptor_sequences.fasta,5mak_complex,6.0,100.0,194,False
ligand_sequences.fasta,2mta_complex,6.0,100.0,194,False
ligand_sequences.fasta,2qjb_complex,6.0,100.0,194,False
ligand_sequences.fasta,4zi3_complex,6.0,100.0,194,False
ligand_sequences.fasta,5mad_complex,6.0,100.0,194,False
ligand_sequences.fasta,4xnm_complex,5.99,100.0,194,False
ligand_sequences.fasta,6a67_complex,5.99,100.0,194,False
receptor_sequences.fasta,1fg9_complex,5.98,100.0,194,False
receptor_sequences.fasta,2f9z_complex,5.98,100.0,194,False
receptor_sequences.fasta,4xr8_complex,5.98,100.0,194,False
ligand_sequences.fasta,4yk4_complex,5.98,100.0,194,False
ligand_sequences.fasta,5n7w_complex,5.98,100.0,194,False
ligand_sequences.fasta,5tl7_complex,5.98,100.0,194,False
receptor_sequences.fasta,4kt3_complex,5.97,100.0,194,False
ligand_sequences.fasta,1zc3_complex,5.97,100.0,194,False
ligand_sequences.fasta,1zc4_complex,5.97,100.0,194,False
ligand_sequences.fasta,2omv_complex,5.97,100.0,194,False
ligand_sequences.fasta,2omx_complex,5.97,100.0,194,False
ligand_sequences.fasta,5otj_complex,5.97,100.0,194,False
receptor_sequences.fasta,5ma3_complex,5.96,100.0,194,False
ligand_sequences.fasta,4mne_complex,5.96,100.0,194,False
receptor_sequences.fasta,4awx_complex,5.95,100.0,194,False
receptor_sequences.fasta,4h2w_complex,5.95,100.0,194,False
ligand_sequences.fasta,1atn_complex,5.95,100.0,194,False
ligand_sequences.fasta,2v5q_complex,5.95,100.0,194,False
receptor_sequences.fasta,4ovn_complex,5.93,100.0,194,False
ligand_sequences.fasta,1a4y_complex,5.93,100.0,194,False
receptor_sequences.fasta,4h2s_complex,5.92,100.0,194,False
receptor_sequences.fasta,5ma4_complex,5.92,100.0,194,False
ligand_sequences.fasta,6ieb_complex,5.92,100.0,194,False
ligand_sequences.fasta,6u2h_complex,5.92,100.0,194,False
receptor_sequences.fasta,3mzg_complex,5.91,100.0,194,False
receptor_sequences.fasta,3n06_complex,5.91,100.0,194,False
receptor_sequences.fasta,3n0p_complex,5.91,100.0,194,False
receptor_sequences.fasta,3ncb_complex,5.91,100.0,194,False
receptor_sequences.fasta,3ncc_complex,5.91,100.0,194,False
ligand_sequences.fasta,4iu3_complex,5.91,100.0,194,False
receptor_sequences.fasta,1p0s_complex,5.88,100.0,194,False
receptor_sequences.fasta,2i9b_complex,5.88,100.0,194,False
receptor_sequences.fasta,3g9w_complex,5.88,100.0,194,False
receptor_sequences.fasta,3mca_complex,5.88,100.0,194,False
receptor_sequences.fasta,4gaf_complex,5.88,100.0,194,False
receptor_sequences.fasta,6ere_complex,5.88,100.0,194,False
receptor_sequences.fasta,6m9k_complex,5.88,100.0,194,False
ligand_sequences.fasta,1ta3_complex,5.88,100.0,194,False
ligand_sequences.fasta,4a94_complex,5.88,100.0,194,False
ligand_sequences.fasta,4xl1_complex,5.88,100.0,194,False
ligand_sequences.fasta,6h16_complex,5.88,100.0,194,False
receptor_sequences.fasta,1i4d_complex,5.85,100.0,194,False
receptor_sequences.fasta,6fq0_complex,5.84,100.0,194,False
ligand_sequences.fasta,3t04_complex,5.83,100.0,194,False
ligand_sequences.fasta,3u43_complex,5.83,100.0,194,False
ligand_sequences.fasta,4hkx_complex,5.83,100.0,194,False
ligand_sequences.fasta,5ml9_complex,5.83,100.0,194,False
ligand_sequences.fasta,6oc3_complex,5.83,100.0,194,False
receptor_sequences.fasta,1ze3_complex,5.82,100.0,194,False
receptor_sequences.fasta,3tvj_complex,5.82,100.0,194,False
receptor_sequences.fasta,4xxw_complex,5.82,100.0,194,False
receptor_sequences.fasta,1u7v_complex,5.81,100.0,194,False
receptor_sequences.fasta,6ff3_complex,5.81,100.0,194,False
ligand_sequences.fasta,4mqw_complex,5.81,100.0,194,False
ligand_sequences.fasta,5tdy_complex,5.81,100.0,194,False
ligand_sequences.fasta,4mrt_complex,5.79,100.0,194,False
ligand_sequences.fasta,6q0o_complex,5.79,100.0,194,False
ligand_sequences.fasta,1es0_complex,5.78,100.0,194,False
receptor_sequences.fasta,2b5i_complex,5.77,100.0,194,False
receptor_sequences.fasta,2erj_complex,5.77,100.0,194,False
receptor_sequences.fasta,5m5e_complex,5.77,100.0,194,False
ligand_sequences.fasta,2c0l_complex,5.77,100.0,194,False
ligand_sequences.fasta,3ru8_complex,5.77,100.0,194,False
ligand_sequences.fasta,6ndz_complex,5.77,100.0,194,False
receptor_sequences.fasta,6j14_complex,5.76,100.0,194,False
receptor_sequences.fasta,6s53_complex,5.76,100.0,194,False
ligand_sequences.fasta,3mj9_complex,5.76,100.0,194,False
ligand_sequences.fasta,6rhv_complex,5.76,100.0,194,False
receptor_sequences.fasta,3p8m_complex,5.75,100.0,194,False
receptor_sequences.fasta,5oc7_complex,5.75,100.0,194,False
ligand_sequences.fasta,6ere_complex,5.75,100.0,194,False
receptor_sequences.fasta,4m62_complex,5.73,100.0,194,False
receptor_sequences.fasta,4m8q_complex,5.73,100.0,194,False
ligand_sequences.fasta,3cx6_complex,5.71,100.0,194,False
ligand_sequences.fasta,3cx7_complex,5.71,100.0,194,False
ligand_sequences.fasta,3cx8_complex,5.71,100.0,194,False
ligand_sequences.fasta,5wuj_complex,5.71,100.0,194,False
ligand_sequences.fasta,1wpx_complex,5.7,100.0,194,False
receptor_sequences.fasta,3uyp_complex,5.69,100.0,194,False
ligand_sequences.fasta,3uzv_complex,5.69,100.0,194,False
ligand_sequences.fasta,6er6_complex,5.68,100.0,194,False
receptor_sequences.fasta,1buh_complex,5.67,100.0,194,False
receptor_sequences.fasta,1ewy_complex,5.67,100.0,194,False
receptor_sequences.fasta,1lqs_complex,5.67,100.0,194,False
receptor_sequences.fasta,1zli_complex,5.67,100.0,194,False
receptor_sequences.fasta,2ot3_complex,5.67,100.0,194,False
receptor_sequences.fasta,2vsm_complex,5.67,100.0,194,False
receptor_sequences.fasta,2w9e_complex,5.67,100.0,194,False
receptor_sequences.fasta,2yvj_complex,5.67,100.0,194,False
receptor_sequences.fasta,3mac_complex,5.67,100.0,194,False
receptor_sequences.fasta,3mj7_complex,5.67,100.0,194,False
receptor_sequences.fasta,3qwq_complex,5.67,100.0,194,False
receptor_sequences.fasta,4brw_complex,5.67,100.0,194,False
receptor_sequences.fasta,4rdq_complex,5.67,100.0,194,False
receptor_sequences.fasta,4u4c_complex,5.67,100.0,194,False
receptor_sequences.fasta,4yoc_complex,5.67,100.0,194,False
receptor_sequences.fasta,4zs7_complex,5.67,100.0,194,False
receptor_sequences.fasta,5nqf_complex,5.67,100.0,194,False
receptor_sequences.fasta,6b6u_complex,5.67,100.0,194,False
receptor_sequences.fasta,6km7_complex,5.67,100.0,194,False
ligand_sequences.fasta,1dfj_complex,5.67,100.0,194,False
ligand_sequences.fasta,1j7v_complex,5.67,100.0,194,False
ligand_sequences.fasta,1sq0_complex,5.67,100.0,194,False
ligand_sequences.fasta,1wdw_complex,5.67,100.0,194,False
ligand_sequences.fasta,1y6k_complex,5.67,100.0,194,False
ligand_sequences.fasta,1y6m_complex,5.67,100.0,194,False
ligand_sequences.fasta,1y6n_complex,5.67,100.0,194,False
ligand_sequences.fasta,1yy9_complex,5.67,100.0,194,False
ligand_sequences.fasta,2aq1_complex,5.67,100.0,194,False
ligand_sequences.fasta,2aq2_complex,5.67,100.0,194,False
ligand_sequences.fasta,2bp7_complex,5.67,100.0,194,False
ligand_sequences.fasta,3bzd_complex,5.67,100.0,194,False
ligand_sequences.fasta,3k8p_complex,5.67,100.0,194,False
ligand_sequences.fasta,3t2n_complex,5.67,100.0,194,False
ligand_sequences.fasta,4fzv_complex,5.67,100.0,194,False
ligand_sequences.fasta,4krp_complex,5.67,100.0,194,False
ligand_sequences.fasta,4pj7_complex,5.67,100.0,194,False
ligand_sequences.fasta,4pj9_complex,5.67,100.0,194,False
ligand_sequences.fasta,4pja_complex,5.67,100.0,194,False
ligand_sequences.fasta,4pjb_complex,5.67,100.0,194,False
ligand_sequences.fasta,4pjc_complex,5.67,100.0,194,False
ligand_sequences.fasta,4pjd_complex,5.67,100.0,194,False
ligand_sequences.fasta,4pjf_complex,5.67,100.0,194,False
ligand_sequences.fasta,4plo_complex,5.67,100.0,194,False
ligand_sequences.fasta,5a3i_complex,5.67,100.0,194,False
ligand_sequences.fasta,5d5m_complex,5.67,100.0,194,False
ligand_sequences.fasta,5d7i_complex,5.67,100.0,194,False
ligand_sequences.fasta,5d7j_complex,5.67,100.0,194,False
ligand_sequences.fasta,5xwd_complex,5.67,100.0,194,False
ligand_sequences.fasta,6b6u_complex,5.67,100.0,194,False
receptor_sequences.fasta,6ne2_complex,5.66,100.0,194,False
receptor_sequences.fasta,6ne4_complex,5.66,100.0,194,False
ligand_sequences.fasta,2v3b_complex,5.66,100.0,194,False
ligand_sequences.fasta,5mrv_complex,5.66,100.0,194,False
receptor_sequences.fasta,3uze_complex,5.65,100.0,194,False
receptor_sequences.fasta,3uzq_complex,5.65,100.0,194,False
receptor_sequences.fasta,3mjh_complex,5.62,100.0,194,False
receptor_sequences.fasta,5bt1_complex,5.62,100.0,194,False
receptor_sequences.fasta,6eg1_complex,5.59,100.0,194,False
receptor_sequences.fasta,6mav_complex,5.59,100.0,194,False
receptor_sequences.fasta,6n9d_complex,5.59,100.0,194,False
ligand_sequences.fasta,5y1z_complex,5.59,100.0,194,False
receptor_sequences.fasta,3h6s_complex,5.56,100.0,194,False
ligand_sequences.fasta,1tdq_complex,5.56,100.0,194,False
ligand_sequences.fasta,2ajf_complex,5.56,100.0,194,False
ligand_sequences.fasta,2b7c_complex,5.56,100.0,194,False
ligand_sequences.fasta,3bgf_complex,5.56,100.0,194,False
ligand_sequences.fasta,4jgh_complex,5.52,100.0,194,False
ligand_sequences.fasta,5lp5_complex,5.52,100.0,194,False
ligand_sequences.fasta,4did_complex,5.51,100.0,194,False
ligand_sequences.fasta,4eiz_complex,5.51,100.0,194,False
ligand_sequences.fasta,1j7d_complex,5.5,100.0,194,False
ligand_sequences.fasta,3hcu_complex,5.5,100.0,194,False
ligand_sequences.fasta,1r6q_complex,5.49,100.0,194,False
receptor_sequences.fasta,5o2u_complex,5.48,100.0,194,False
receptor_sequences.fasta,5xoc_complex,5.48,100.0,194,False
receptor_sequences.fasta,4rgo_complex,5.46,100.0,194,False
receptor_sequences.fasta,6f2g_complex,5.45,100.0,194,False
receptor_sequences.fasta,1t44_complex,5.43,100.0,194,False
receptor_sequences.fasta,3gqi_complex,5.43,100.0,194,False
ligand_sequences.fasta,4g8a_complex,5.43,100.0,194,False
ligand_sequences.fasta,4hlz_complex,5.43,100.0,194,False
receptor_sequences.fasta,1axi_complex,5.42,100.0,194,False
receptor_sequences.fasta,3ixs_complex,5.41,100.0,194,False
ligand_sequences.fasta,2c1m_complex,5.41,100.0,194,False
ligand_sequences.fasta,5tar_complex,5.41,100.0,194,False
receptor_sequences.fasta,1ijk_complex,5.38,100.0,194,False
ligand_sequences.fasta,3mc0_complex,5.38,100.0,194,False
receptor_sequences.fasta,5jsn_complex,5.37,100.0,194,False
receptor_sequences.fasta,1a22_complex,5.36,100.0,194,False
receptor_sequences.fasta,6s8s_complex,5.36,100.0,194,False
receptor_sequences.fasta,6fuz_complex,5.33,100.0,194,False
ligand_sequences.fasta,6a6x_complex,5.33,100.0,194,False
receptor_sequences.fasta,2wii_complex,5.29,100.0,194,False
receptor_sequences.fasta,5fo8_complex,5.29,100.0,194,False
receptor_sequences.fasta,5fob_complex,5.29,100.0,194,False
receptor_sequences.fasta,6ehg_complex,5.29,100.0,194,False
ligand_sequences.fasta,2j7p_complex,5.29,100.0,194,False
ligand_sequences.fasta,2w81_complex,5.29,100.0,194,False
ligand_sequences.fasta,5t5f_complex,5.29,100.0,194,False
receptor_sequences.fasta,1kgy_complex,5.26,100.0,194,False
receptor_sequences.fasta,2ygg_complex,5.26,100.0,194,False
receptor_sequences.fasta,4i6l_complex,5.26,100.0,194,False
receptor_sequences.fasta,4w4l_complex,5.26,100.0,194,False
receptor_sequences.fasta,6fc2_complex,5.26,100.0,194,False
receptor_sequences.fasta,6fc3_complex,5.26,100.0,194,False
ligand_sequences.fasta,1sbb_complex,5.26,100.0,194,False
ligand_sequences.fasta,2ypv_complex,5.26,100.0,194,False
ligand_sequences.fasta,4ayd_complex,5.26,100.0,194,False
ligand_sequences.fasta,6ch3_complex,5.26,100.0,194,False
ligand_sequences.fasta,4aye_complex,5.24,100.0,194,False
receptor_sequences.fasta,1oph_complex,5.21,100.0,194,False
receptor_sequences.fasta,1y6n_complex,5.21,100.0,194,False
ligand_sequences.fasta,2w80_complex,5.21,100.0,194,False
ligand_sequences.fasta,3d1m_complex,5.21,100.0,194,False
receptor_sequences.fasta,1usu_complex,5.19,100.0,194,False
receptor_sequences.fasta,1usv_complex,5.19,100.0,194,False
ligand_sequences.fasta,3doe_complex,5.17,100.0,194,False
receptor_sequences.fasta,1a4y_complex,5.15,100.0,194,False
receptor_sequences.fasta,1l4d_complex,5.15,100.0,194,False
receptor_sequences.fasta,1l4z_complex,5.15,100.0,194,False
receptor_sequences.fasta,1vg0_complex,5.15,100.0,194,False
receptor_sequences.fasta,2ajf_complex,5.15,100.0,194,False
receptor_sequences.fasta,2dd8_complex,5.15,100.0,194,False
receptor_sequences.fasta,2hd5_complex,5.15,100.0,194,False
receptor_sequences.fasta,2i3s_complex,5.15,100.0,194,False
receptor_sequences.fasta,2i3t_complex,5.15,100.0,194,False
receptor_sequences.fasta,2j4w_complex,5.15,100.0,194,False
receptor_sequences.fasta,2j5l_complex,5.15,100.0,194,False
receptor_sequences.fasta,2nyz_complex,5.15,100.0,194,False
receptor_sequences.fasta,2nz1_complex,5.15,100.0,194,False
receptor_sequences.fasta,3gb8_complex,5.15,100.0,194,False
receptor_sequences.fasta,3ifq_complex,5.15,100.0,194,False
receptor_sequences.fasta,3uir_complex,5.15,100.0,194,False
receptor_sequences.fasta,3zs8_complex,5.15,100.0,194,False
receptor_sequences.fasta,3zwz_complex,5.15,100.0,194,False
receptor_sequences.fasta,4m6b_complex,5.15,100.0,194,False
receptor_sequences.fasta,4zgy_complex,5.15,100.0,194,False
receptor_sequences.fasta,5b3h_complex,5.15,100.0,194,False
receptor_sequences.fasta,5gy2_complex,5.15,100.0,194,False
receptor_sequences.fasta,5hps_complex,5.15,100.0,194,False
receptor_sequences.fasta,5lrw_complex,5.15,100.0,194,False
receptor_sequences.fasta,5t5w_complex,5.15,100.0,194,False
receptor_sequences.fasta,6b08_complex,5.15,100.0,194,False
receptor_sequences.fasta,6bxa_complex,5.15,100.0,194,False
receptor_sequences.fasta,6bxc_complex,5.15,100.0,194,False
receptor_sequences.fasta,6dgf_complex,5.15,100.0,194,False
receptor_sequences.fasta,6mi2_complex,5.15,100.0,194,False
ligand_sequences.fasta,1ibr_complex,5.15,100.0,194,False
ligand_sequences.fasta,1z7x_complex,5.15,100.0,194,False
ligand_sequences.fasta,2aq3_complex,5.15,100.0,194,False
ligand_sequences.fasta,4apx_complex,5.15,100.0,194,False
ligand_sequences.fasta,4aqe_complex,5.15,100.0,194,False
ligand_sequences.fasta,4c2a_complex,5.15,100.0,194,False
ligand_sequences.fasta,4c2b_complex,5.15,100.0,194,False
ligand_sequences.fasta,4w4l_complex,5.15,100.0,194,False
ligand_sequences.fasta,5xfs_complex,5.15,100.0,194,False
ligand_sequences.fasta,6e62_complex,5.15,100.0,194,False
ligand_sequences.fasta,6e63_complex,5.15,100.0,194,False
receptor_sequences.fasta,3h2v_complex,5.14,100.0,194,False
ligand_sequences.fasta,1us7_complex,5.13,100.0,194,False
ligand_sequences.fasta,4kv5_complex,5.1,100.0,194,False
receptor_sequences.fasta,3h2u_complex,5.08,100.0,194,False
ligand_sequences.fasta,1rke_complex,5.08,100.0,194,False
ligand_sequences.fasta,5imk_complex,5.08,100.0,194,False
receptor_sequences.fasta,2hev_complex,5.04,100.0,194,False
receptor_sequences.fasta,3zv0_complex,5.04,100.0,194,False
ligand_sequences.fasta,1iqd_complex,5.04,100.0,194,False
receptor_sequences.fasta,5ibk_complex,5.03,100.0,194,False
ligand_sequences.fasta,4h5s_complex,5.0,100.0,194,False
receptor_sequences.fasta,5t5f_complex,4.95,100.0,194,False
ligand_sequences.fasta,5mv8_complex,4.95,100.0,194,False
ligand_sequences.fasta,5mv9_complex,4.95,100.0,194,False
ligand_sequences.fasta,5xbf_complex,4.95,100.0,194,False
ligand_sequences.fasta,2b4j_complex,4.94,100.0,194,False
ligand_sequences.fasta,3d7t_complex,4.91,100.0,194,False
receptor_sequences.fasta,2wy3_complex,4.9,100.0,194,False
receptor_sequences.fasta,5w9a_complex,4.9,100.0,194,False
ligand_sequences.fasta,1k93_complex,4.9,100.0,194,False
ligand_sequences.fasta,3o5t_complex,4.88,100.0,194,False
ligand_sequences.fasta,1xqs_complex,4.85,100.0,194,False
ligand_sequences.fasta,4u5w_complex,4.85,100.0,194,False
receptor_sequences.fasta,4lzx_complex,4.83,100.0,194,False
ligand_sequences.fasta,2wel_complex,4.83,100.0,194,False
ligand_sequences.fasta,4np4_complex,4.83,100.0,194,False
ligand_sequences.fasta,6b8n_complex,4.83,100.0,194,False
ligand_sequences.fasta,6mba_complex,4.83,100.0,194,False
ligand_sequences.fasta,4w6x_complex,4.8,100.0,194,False
ligand_sequences.fasta,2ygg_complex,4.79,100.0,194,False
ligand_sequences.fasta,5eo9_complex,4.79,100.0,194,False
receptor_sequences.fasta,1rjc_complex,4.76,100.0,194,False
receptor_sequences.fasta,6mud_complex,4.76,100.0,194,False
ligand_sequences.fasta,6plm_complex,4.76,100.0,194,False
receptor_sequences.fasta,4etw_complex,4.74,100.0,194,False
ligand_sequences.fasta,4byf_complex,4.73,100.0,194,False
ligand_sequences.fasta,2ody_complex,4.72,100.0,194,False
receptor_sequences.fasta,4uu9_complex,4.67,100.0,194,False
receptor_sequences.fasta,4xl1_complex,4.67,100.0,194,False
receptor_sequences.fasta,2vdb_complex,4.64,100.0,194,False
receptor_sequences.fasta,2z8v_complex,4.64,100.0,194,False
receptor_sequences.fasta,2z8w_complex,4.64,100.0,194,False
receptor_sequences.fasta,3sf4_complex,4.64,100.0,194,False
receptor_sequences.fasta,3zs9_complex,4.64,100.0,194,False
receptor_sequences.fasta,3zwl_complex,4.64,100.0,194,False
receptor_sequences.fasta,4b0m_complex,4.64,100.0,194,False
receptor_sequences.fasta,5bw8_complex,4.64,100.0,194,False
receptor_sequences.fasta,5cxb_complex,4.64,100.0,194,False
receptor_sequences.fasta,5cyk_complex,4.64,100.0,194,False
receptor_sequences.fasta,5j13_complex,4.64,100.0,194,False
receptor_sequences.fasta,5nqg_complex,4.64,100.0,194,False
receptor_sequences.fasta,5upk_complex,4.64,100.0,194,False
receptor_sequences.fasta,5wb7_complex,4.64,100.0,194,False
receptor_sequences.fasta,5wb8_complex,4.64,100.0,194,False
receptor_sequences.fasta,5y9j_complex,4.64,100.0,194,False
ligand_sequences.fasta,1jtd_complex,4.64,100.0,194,False
ligand_sequences.fasta,3orv_complex,4.64,100.0,194,False
ligand_sequences.fasta,3qhy_complex,4.64,100.0,194,False
ligand_sequences.fasta,4hgm_complex,4.64,100.0,194,False
ligand_sequences.fasta,4k71_complex,4.64,100.0,194,False
receptor_sequences.fasta,3zyi_complex,4.58,100.0,194,False
ligand_sequences.fasta,6f2g_complex,4.58,100.0,194,False
receptor_sequences.fasta,2psm_complex,4.55,100.0,194,False
receptor_sequences.fasta,4qlp_complex,4.55,100.0,194,False
receptor_sequences.fasta,6jhw_complex,4.49,100.0,194,False
ligand_sequences.fasta,4per_complex,4.46,100.0,194,False
receptor_sequences.fasta,5mtn_complex,4.44,100.0,194,False
ligand_sequences.fasta,4d9q_complex,4.42,100.0,194,False
ligand_sequences.fasta,4d9r_complex,4.42,100.0,194,False
receptor_sequences.fasta,1hez_complex,4.4,100.0,194,False
receptor_sequences.fasta,5nt1_complex,4.4,100.0,194,False
ligand_sequences.fasta,3k3q_complex,4.38,100.0,194,False
receptor_sequences.fasta,1z0k_complex,4.35,100.0,194,False
ligand_sequences.fasta,1usu_complex,4.35,100.0,194,False
ligand_sequences.fasta,2ass_complex,4.35,100.0,194,False
ligand_sequences.fasta,2vxq_complex,4.35,100.0,194,False
ligand_sequences.fasta,5gpg_complex,4.35,100.0,194,False
receptor_sequences.fasta,4dx8_complex,4.32,100.0,194,False
receptor_sequences.fasta,5xqz_complex,4.32,100.0,194,False
receptor_sequences.fasta,3o6q_complex,4.29,100.0,194,False
ligand_sequences.fasta,1buh_complex,4.29,100.0,194,False
ligand_sequences.fasta,4nzl_complex,4.26,100.0,194,False
receptor_sequences.fasta,5un5_complex,4.2,100.0,194,False
receptor_sequences.fasta,1e6j_complex,4.12,100.0,194,False
receptor_sequences.fasta,3sja_complex,4.12,100.0,194,False
receptor_sequences.fasta,4o1q_complex,4.12,100.0,194,False
receptor_sequences.fasta,5hpk_complex,4.12,100.0,194,False
receptor_sequences.fasta,5wpa_complex,4.12,100.0,194,False
receptor_sequences.fasta,5yoy_complex,4.12,100.0,194,False
ligand_sequences.fasta,3oky_complex,4.12,100.0,194,False
ligand_sequences.fasta,6o60_complex,4.12,100.0,194,False
receptor_sequences.fasta,6ndz_complex,4.1,100.0,194,False
ligand_sequences.fasta,4wv1_complex,4.08,100.0,194,False
ligand_sequences.fasta,3k1r_complex,4.05,100.0,194,False
ligand_sequences.fasta,6cbp_complex,4.03,100.0,194,False
ligand_sequences.fasta,3rdt_complex,4.02,100.0,194,False
receptor_sequences.fasta,2fu5_complex,4.0,100.0,194,False
receptor_sequences.fasta,4p23_complex,4.0,100.0,194,False
receptor_sequences.fasta,4pp8_complex,4.0,100.0,194,False
receptor_sequences.fasta,4udm_complex,4.0,100.0,194,False
ligand_sequences.fasta,4p46_complex,4.0,100.0,194,False
ligand_sequences.fasta,6j6y_complex,3.96,100.0,194,False
ligand_sequences.fasta,5n88_complex,3.8,100.0,194,False
ligand_sequences.fasta,4rgm_complex,3.72,100.0,194,False
receptor_sequences.fasta,2mta_complex,3.7,100.0,194,False
ligand_sequences.fasta,4rgo_complex,3.7,100.0,194,False
ligand_sequences.fasta,6ird_complex,3.68,100.0,194,False
receptor_sequences.fasta,5z78_complex,3.64,100.0,194,False
receptor_sequences.fasta,3w6j_complex,3.42,100.0,194,False
receptor_sequences.fasta,6saz_complex,3.39,100.0,194,False
ligand_sequences.fasta,1nsn_complex,2.9,100.0,194,False
