split,file,chain_type,total_residues,interface_residues,non_interface_residues,interface_ratio_percent,invalid_label_count
train,1acb_complex_lig_features.csv,ligand,63,14,49,22.22222222222222,0
train,1acb_complex_rec_features.csv,receptor,241,27,214,11.20331950207469,0
train,1ahw_complex_lig_features.csv,ligand,208,27,181,12.980769230769232,0
train,1ahw_complex_rec_features.csv,receptor,428,26,402,6.074766355140187,0
train,1ak4_complex_lig_features.csv,ligand,145,10,135,6.896551724137931,0
train,1ak4_complex_rec_features.csv,receptor,165,20,145,12.121212121212121,0
train,1an1_complex_lig_features.csv,ligand,40,13,27,32.5,0
train,1an1_complex_rec_features.csv,receptor,222,28,194,12.612612612612612,0
train,1atn_complex_lig_features.csv,ligand,260,27,233,10.384615384615385,0
train,1atn_complex_rec_features.csv,receptor,371,21,350,5.660377358490567,0
train,1ava_complex_lig_features.csv,ligand,181,35,146,19.337016574585636,0
train,1ava_complex_rec_features.csv,receptor,403,35,368,8.6848635235732,0
train,1avg_complex_lig_features.csv,ligand,142,21,121,14.788732394366196,0
train,1avg_complex_rec_features.csv,receptor,259,15,244,5.7915057915057915,0
train,1avx_complex_lig_features.csv,ligand,177,16,161,9.03954802259887,0
train,1avx_complex_rec_features.csv,receptor,223,34,189,15.246636771300448,0
train,1avz_complex_lig_features.csv,ligand,57,15,42,26.31578947368421,0
train,1avz_complex_rec_features.csv,receptor,103,16,87,15.53398058252427,0
train,1azz_complex_lig_features.csv,ligand,138,23,115,16.666666666666664,0
train,1azz_complex_rec_features.csv,receptor,226,34,192,15.04424778761062,0
train,1b6c_complex_lig_features.csv,ligand,326,20,306,6.134969325153374,0
train,1b6c_complex_rec_features.csv,receptor,107,21,86,19.626168224299064,0
train,1bj1_complex_lig_features.csv,ligand,94,17,77,18.085106382978726,0
train,1bj1_complex_rec_features.csv,receptor,437,25,412,5.720823798627003,0
train,1bql_complex_lig_features.csv,ligand,129,20,109,15.503875968992247,0
train,1bql_complex_rec_features.csv,receptor,426,21,405,4.929577464788732,0
train,1bth_complex_lig_features.csv,ligand,58,24,34,41.37931034482759,0
train,1bth_complex_rec_features.csv,receptor,254,38,216,14.960629921259844,0
train,1bvk_complex_lig_features.csv,ligand,129,20,109,15.503875968992247,0
train,1bvk_complex_rec_features.csv,receptor,224,19,205,8.482142857142858,0
train,1bvn_complex_lig_features.csv,ligand,71,21,50,29.577464788732392,0
train,1bvn_complex_rec_features.csv,receptor,496,33,463,6.653225806451612,0
train,1c9p_complex_lig_features.csv,ligand,50,11,39,22.0,0
train,1c9p_complex_rec_features.csv,receptor,222,29,193,13.063063063063062,0
train,1clv_complex_lig_features.csv,ligand,32,20,12,62.5,0
train,1clv_complex_rec_features.csv,receptor,470,35,435,7.446808510638298,0
train,1cz8_complex_lig_features.csv,ligand,94,18,76,19.148936170212767,0
train,1cz8_complex_rec_features.csv,receptor,437,25,412,5.720823798627003,0
train,1d6r_complex_lig_features.csv,ligand,58,14,44,24.137931034482758,0
train,1d6r_complex_rec_features.csv,receptor,223,30,193,13.452914798206278,0
train,1de4_complex_lig_features.csv,ligand,635,24,611,3.779527559055118,0
train,1de4_complex_rec_features.csv,receptor,371,24,347,6.46900269541779,0
train,1dee_complex_lig_features.csv,ligand,51,15,36,29.411764705882355,0
train,1dee_complex_rec_features.csv,receptor,437,16,421,3.6613272311212817,0
train,1dfj_complex_lig_features.csv,ligand,456,39,417,8.552631578947368,0
train,1dfj_complex_rec_features.csv,receptor,124,33,91,26.61290322580645,0
train,1dhk_complex_lig_features.csv,ligand,199,37,162,18.592964824120603,0
train,1dhk_complex_rec_features.csv,receptor,495,49,446,9.8989898989899,0
train,1dp5_complex_lig_features.csv,ligand,31,27,4,87.09677419354838,0
train,1dp5_complex_rec_features.csv,receptor,329,50,279,15.19756838905775,0
train,1dqj_complex_lig_features.csv,ligand,129,24,105,18.6046511627907,0
train,1dqj_complex_rec_features.csv,receptor,424,23,401,5.4245283018867925,0
train,1du3_complex_lig_features.csv,ligand,150,24,126,16.0,0
train,1du3_complex_rec_features.csv,receptor,103,22,81,21.35922330097087,0
train,1dzb_complex_lig_features.csv,ligand,129,21,108,16.27906976744186,0
train,1dzb_complex_rec_features.csv,receptor,238,26,212,10.92436974789916,0
train,1e3u_complex_lig_features.csv,ligand,245,34,211,13.877551020408163,0
train,1e3u_complex_rec_features.csv,receptor,243,35,208,14.40329218106996,0
train,1e6j_complex_lig_features.csv,ligand,210,14,196,6.666666666666667,0
train,1e6j_complex_rec_features.csv,receptor,429,21,408,4.895104895104895,0
train,1e96_complex_lig_features.csv,ligand,185,17,168,9.18918918918919,0
train,1e96_complex_rec_features.csv,receptor,178,18,160,10.112359550561797,0
train,1eaw_complex_lig_features.csv,ligand,56,18,38,32.142857142857146,0
train,1eaw_complex_rec_features.csv,receptor,241,33,208,13.692946058091287,0
train,1eer_complex_lig_features.csv,ligand,213,25,188,11.737089201877934,0
train,1eer_complex_rec_features.csv,receptor,166,25,141,15.060240963855422,0
train,1eja_complex_lig_features.csv,ligand,53,16,37,30.18867924528302,0
train,1eja_complex_rec_features.csv,receptor,223,29,194,13.004484304932735,0
train,1eo8_complex_lig_features.csv,ligand,319,25,294,7.836990595611286,0
train,1eo8_complex_rec_features.csv,receptor,427,21,406,4.918032786885246,0
train,1es0_complex_lig_features.csv,ligand,208,83,125,39.90384615384615,0
train,1es0_complex_rec_features.csv,receptor,182,82,100,45.05494505494506,0
train,1ewy_complex_lig_features.csv,ligand,98,18,80,18.367346938775512,0
train,1ewy_complex_rec_features.csv,receptor,303,21,282,6.9306930693069315,0
train,1ezs_complex_lig_features.csv,ligand,223,36,187,16.143497757847534,0
train,1ezs_complex_rec_features.csv,receptor,131,21,110,16.030534351145036,0
train,1ezu_complex_lig_features.csv,ligand,223,30,193,13.452914798206278,0
train,1ezu_complex_rec_features.csv,receptor,140,20,120,14.285714285714285,0
train,1f34_complex_lig_features.csv,ligand,148,47,101,31.756756756756754,0
train,1f34_complex_rec_features.csv,receptor,325,57,268,17.53846153846154,0
train,1f5r_complex_lig_features.csv,ligand,57,14,43,24.561403508771928,0
train,1f5r_complex_rec_features.csv,receptor,223,31,192,13.901345291479823,0
train,1f7z_complex_lig_features.csv,ligand,56,14,42,25.0,0
train,1f7z_complex_rec_features.csv,receptor,223,27,196,12.10762331838565,0
train,1fak_complex_lig_features.csv,ligand,55,17,38,30.909090909090907,0
train,1fak_complex_rec_features.csv,receptor,254,38,216,14.960629921259844,0
train,1fc2_complex_lig_features.csv,ligand,207,17,190,8.212560386473431,0
train,1fc2_complex_rec_features.csv,receptor,44,15,29,34.090909090909086,0
train,1fe8_complex_lig_features.csv,ligand,186,22,164,11.827956989247312,0
train,1fe8_complex_rec_features.csv,receptor,421,26,395,6.175771971496437,0
train,1ffw_complex_lig_features.csv,ligand,68,15,53,22.058823529411764,0
train,1ffw_complex_rec_features.csv,receptor,128,14,114,10.9375,0
train,1fg9_complex_lig_features.csv,ligand,212,20,192,9.433962264150944,0
train,1fg9_complex_rec_features.csv,receptor,127,21,106,16.535433070866144,0
train,1fle_complex_lig_features.csv,ligand,47,19,28,40.42553191489361,0
train,1fle_complex_rec_features.csv,receptor,240,28,212,11.666666666666666,0
train,1flt_complex_lig_features.csv,ligand,95,15,80,15.789473684210526,0
train,1flt_complex_rec_features.csv,receptor,98,13,85,13.26530612244898,0
train,1fqj_complex_lig_features.csv,ligand,317,37,280,11.67192429022082,0
train,1fqj_complex_rec_features.csv,receptor,171,43,128,25.146198830409354,0
train,1fsk_complex_lig_features.csv,ligand,159,18,141,11.320754716981133,0
train,1fsk_complex_rec_features.csv,receptor,434,25,409,5.76036866359447,0
train,1fy8_complex_lig_features.csv,ligand,56,17,39,30.357142857142854,0
train,1fy8_complex_rec_features.csv,receptor,223,36,187,16.143497757847534,0
train,1gl0_complex_lig_features.csv,ligand,32,19,13,59.375,0
train,1gl0_complex_rec_features.csv,receptor,245,32,213,13.061224489795919,0
train,1gl1_complex_lig_features.csv,ligand,33,15,18,45.45454545454545,0
train,1gl1_complex_rec_features.csv,receptor,245,26,219,10.612244897959183,0
train,1grn_complex_lig_features.csv,ligand,197,32,165,16.243654822335024,0
train,1grn_complex_rec_features.csv,receptor,191,23,168,12.041884816753926,0
train,1gua_complex_lig_features.csv,ligand,76,16,60,21.052631578947366,0
train,1gua_complex_rec_features.csv,receptor,167,16,151,9.580838323353294,0
train,1h1v_complex_lig_features.csv,ligand,331,27,304,8.157099697885197,0
train,1h1v_complex_rec_features.csv,receptor,371,27,344,7.277628032345014,0
train,1he8_complex_lig_features.csv,ligand,166,16,150,9.63855421686747,0
train,1he8_complex_rec_features.csv,receptor,797,19,778,2.3839397741530743,0
train,1hez_complex_lig_features.csv,ligand,61,16,45,26.229508196721312,0
train,1hez_complex_rec_features.csv,receptor,437,19,418,4.3478260869565215,0
train,1hia_complex_lig_features.csv,ligand,48,15,33,31.25,0
train,1hia_complex_rec_features.csv,receptor,230,30,200,13.043478260869565,0
train,1hrt_complex_lig_features.csv,ligand,65,33,32,50.76923076923077,0
train,1hrt_complex_rec_features.csv,receptor,259,46,213,17.760617760617762,0
train,1i2m_complex_lig_features.csv,ligand,394,40,354,10.152284263959391,0
train,1i2m_complex_rec_features.csv,receptor,170,30,140,17.647058823529413,0
train,1i3o_complex_lig_features.csv,ligand,101,24,77,23.762376237623762,0
train,1i3o_complex_rec_features.csv,receptor,245,27,218,11.020408163265307,0
train,1i8l_complex_lig_features.csv,ligand,118,15,103,12.711864406779661,0
train,1i8l_complex_rec_features.csv,receptor,199,17,182,8.542713567839195,0
train,1ibr_complex_lig_features.csv,ligand,458,47,411,10.262008733624455,0
train,1ibr_complex_rec_features.csv,receptor,169,41,128,24.2603550295858,0
train,1icf_complex_lig_features.csv,ligand,65,24,41,36.92307692307693,0
train,1icf_complex_rec_features.csv,receptor,175,27,148,15.428571428571427,0
train,1id5_complex_lig_features.csv,ligand,138,25,113,18.115942028985508,0
train,1id5_complex_rec_features.csv,receptor,256,39,217,15.234375,0
train,1ijk_complex_lig_features.csv,ligand,199,18,181,9.045226130653267,0
train,1ijk_complex_rec_features.csv,receptor,250,20,230,8.0,0
train,1iqd_complex_lig_features.csv,ligand,156,18,138,11.538461538461538,0
train,1iqd_complex_rec_features.csv,receptor,426,39,387,9.15492957746479,0
train,1j2j_complex_lig_features.csv,ligand,41,14,27,34.146341463414636,0
train,1j2j_complex_rec_features.csv,receptor,165,13,152,7.878787878787878,0
train,1j7d_complex_lig_features.csv,ligand,149,20,129,13.422818791946309,0
train,1j7d_complex_rec_features.csv,receptor,140,19,121,13.571428571428571,0
train,1j7v_complex_lig_features.csv,ligand,205,25,180,12.195121951219512,0
train,1j7v_complex_rec_features.csv,receptor,150,17,133,11.333333333333332,0
train,1jmo_complex_lig_features.csv,ligand,425,37,388,8.705882352941176,0
train,1jmo_complex_rec_features.csv,receptor,259,56,203,21.62162162162162,0
train,1jps_complex_lig_features.csv,ligand,207,24,183,11.594202898550725,0
train,1jps_complex_rec_features.csv,receptor,430,27,403,6.279069767441861,0
train,1jrh_complex_lig_features.csv,ligand,95,17,78,17.894736842105264,0
train,1jrh_complex_rec_features.csv,receptor,402,23,379,5.721393034825871,0
train,1jtd_complex_lig_features.csv,ligand,273,32,241,11.72161172161172,0
train,1jtd_complex_rec_features.csv,receptor,262,25,237,9.541984732824428,0
train,1jtg_complex_lig_features.csv,ligand,165,32,133,19.393939393939394,0
train,1jtg_complex_rec_features.csv,receptor,263,35,228,13.307984790874524,0
train,1k5d_complex_lig_features.csv,ligand,344,42,302,12.209302325581394,0
train,1k5d_complex_rec_features.csv,receptor,206,31,175,15.048543689320388,0
train,1kig_complex_lig_features.csv,ligand,60,22,38,36.666666666666664,0
train,1kig_complex_rec_features.csv,receptor,241,30,211,12.448132780082988,0
train,1kkl_complex_lig_features.csv,ligand,86,21,65,24.418604651162788,0
train,1kkl_complex_rec_features.csv,receptor,177,11,166,6.214689265536723,0
train,1ktk_complex_lig_features.csv,ligand,247,22,225,8.906882591093117,0
train,1ktk_complex_rec_features.csv,receptor,206,21,185,10.194174757281553,0
train,1ktz_complex_lig_features.csv,ligand,106,13,93,12.264150943396226,0
train,1ktz_complex_rec_features.csv,receptor,82,9,73,10.975609756097562,0
train,1kxp_complex_lig_features.csv,ligand,438,51,387,11.643835616438356,0
train,1kxp_complex_rec_features.csv,receptor,361,36,325,9.97229916897507,0
train,1kxq_complex_lig_features.csv,ligand,120,26,94,21.666666666666668,0
train,1kxq_complex_rec_features.csv,receptor,496,35,461,7.056451612903227,0
train,1kxt_complex_lig_features.csv,ligand,125,27,98,21.6,0
train,1kxt_complex_rec_features.csv,receptor,496,24,472,4.838709677419355,0
train,1kxv_complex_lig_features.csv,ligand,121,26,95,21.487603305785125,0
train,1kxv_complex_rec_features.csv,receptor,496,24,472,4.838709677419355,0
train,1l0x_complex_lig_features.csv,ligand,221,13,208,5.88235294117647,0
train,1l0x_complex_rec_features.csv,receptor,236,16,220,6.779661016949152,0
train,1l0y_complex_lig_features.csv,ligand,221,13,208,5.88235294117647,0
train,1l0y_complex_rec_features.csv,receptor,236,16,220,6.779661016949152,0
train,1l4d_complex_lig_features.csv,ligand,122,24,98,19.672131147540984,0
train,1l4d_complex_rec_features.csv,receptor,249,20,229,8.032128514056225,0
train,1l4z_complex_lig_features.csv,ligand,136,20,116,14.705882352941178,0
train,1l4z_complex_rec_features.csv,receptor,248,17,231,6.854838709677419,0
train,1ldt_complex_lig_features.csv,ligand,46,13,33,28.26086956521739,0
train,1ldt_complex_rec_features.csv,receptor,223,29,194,13.004484304932735,0
train,1lfd_complex_lig_features.csv,ligand,167,17,150,10.179640718562874,0
train,1lfd_complex_rec_features.csv,receptor,87,15,72,17.24137931034483,0
train,1lp1_complex_lig_features.csv,ligand,54,19,35,35.18518518518518,0
train,1lp1_complex_rec_features.csv,receptor,55,19,36,34.54545454545455,0
train,1lqs_complex_lig_features.csv,ligand,142,21,121,14.788732394366196,0
train,1lqs_complex_rec_features.csv,receptor,207,23,184,11.11111111111111,0
train,1lw6_complex_lig_features.csv,ligand,63,16,47,25.396825396825395,0
train,1lw6_complex_rec_features.csv,receptor,281,31,250,11.032028469750891,0
train,1lzw_complex_lig_features.csv,ligand,146,27,119,18.493150684931507,0
train,1lzw_complex_rec_features.csv,receptor,91,21,70,23.076923076923077,0
train,1mhh_complex_lig_features.csv,ligand,63,14,49,22.22222222222222,0
train,1mhh_complex_rec_features.csv,receptor,436,16,420,3.669724770642202,0
train,1mlc_complex_lig_features.csv,ligand,129,19,110,14.728682170542637,0
train,1mlc_complex_rec_features.csv,receptor,432,22,410,5.092592592592593,0
train,1mzw_complex_lig_features.csv,ligand,31,11,20,35.483870967741936,0
train,1mzw_complex_rec_features.csv,receptor,173,19,154,10.982658959537572,0
train,1nca_complex_lig_features.csv,ligand,389,26,363,6.683804627249357,0
train,1nca_complex_rec_features.csv,receptor,435,28,407,6.436781609195402,0
train,1nez_complex_lig_features.csv,ligand,274,32,242,11.678832116788321,0
train,1nez_complex_rec_features.csv,receptor,242,38,204,15.702479338842975,0
train,1nf3_complex_lig_features.csv,ligand,123,25,98,20.32520325203252,0
train,1nf3_complex_rec_features.csv,receptor,194,29,165,14.948453608247423,0
train,1nl0_complex_lig_features.csv,ligand,33,7,26,21.21212121212121,0
train,1nl0_complex_rec_features.csv,receptor,437,22,415,5.034324942791762,0
train,1nm5_complex_lig_features.csv,ligand,174,21,153,12.068965517241379,0
train,1nm5_complex_rec_features.csv,receptor,358,17,341,4.748603351955307,0
train,1nma_complex_lig_features.csv,ligand,378,22,356,5.82010582010582,0
train,1nma_complex_rec_features.csv,receptor,231,22,209,9.523809523809524,0
train,1nsn_complex_lig_features.csv,ligand,138,24,114,17.391304347826086,0
train,1nsn_complex_rec_features.csv,receptor,427,21,406,4.918032786885246,0
train,1nvu_complex_lig_features.csv,ligand,481,45,436,9.355509355509357,0
train,1nvu_complex_rec_features.csv,receptor,166,35,131,21.084337349397593,0
train,1o94_complex_lig_features.csv,ligand,424,14,410,3.30188679245283,0
train,1o94_complex_rec_features.csv,receptor,729,22,707,3.017832647462277,0
train,1ob1_complex_lig_features.csv,ligand,97,15,82,15.463917525773196,0
train,1ob1_complex_rec_features.csv,receptor,434,22,412,5.0691244239631335,0
train,1oc0_complex_lig_features.csv,ligand,37,14,23,37.83783783783784,0
train,1oc0_complex_rec_features.csv,receptor,374,18,356,4.81283422459893,0
train,1oey_complex_lig_features.csv,ligand,101,17,84,16.831683168316832,0
train,1oey_complex_rec_features.csv,receptor,74,17,57,22.972972972972975,0
train,1op9_complex_lig_features.csv,ligand,130,15,115,11.538461538461538,0
train,1op9_complex_rec_features.csv,receptor,121,17,104,14.049586776859504,0
train,1oph_complex_lig_features.csv,ligand,223,30,193,13.452914798206278,0
train,1oph_complex_rec_features.csv,receptor,375,12,363,3.2,0
train,1oyv_complex_lig_features.csv,ligand,116,28,88,24.137931034482758,0
train,1oyv_complex_rec_features.csv,receptor,274,42,232,15.328467153284672,0
train,1p0s_complex_lig_features.csv,ligand,139,26,113,18.705035971223023,0
train,1p0s_complex_rec_features.csv,receptor,235,36,199,15.319148936170212,0
train,1p2c_complex_lig_features.csv,ligand,129,19,110,14.728682170542637,0
train,1p2c_complex_rec_features.csv,receptor,428,22,406,5.14018691588785,0
train,1p3q_complex_lig_features.csv,ligand,73,13,60,17.80821917808219,0
train,1p3q_complex_rec_features.csv,receptor,34,12,22,35.294117647058826,0
train,1pvh_complex_lig_features.csv,ligand,169,20,149,11.834319526627219,0
train,1pvh_complex_rec_features.csv,receptor,201,17,184,8.45771144278607,0
train,1pxv_complex_lig_features.csv,ligand,111,26,85,23.423423423423422,0
train,1pxv_complex_rec_features.csv,receptor,183,33,150,18.0327868852459,0
train,1qfu_complex_lig_features.csv,ligand,318,28,290,8.80503144654088,0
train,1qfu_complex_rec_features.csv,receptor,440,26,414,5.909090909090909,0
train,1qty_complex_lig_features.csv,ligand,94,15,79,15.957446808510639,0
train,1qty_complex_rec_features.csv,receptor,96,13,83,13.541666666666666,0
train,1r0r_complex_lig_features.csv,ligand,51,12,39,23.52941176470588,0
train,1r0r_complex_rec_features.csv,receptor,274,30,244,10.948905109489052,0
train,1ri8_complex_lig_features.csv,ligand,129,16,113,12.4031007751938,0
train,1ri8_complex_rec_features.csv,receptor,124,23,101,18.548387096774192,0
train,1rjc_complex_lig_features.csv,ligand,129,21,108,16.27906976744186,0
train,1rjc_complex_rec_features.csv,receptor,126,26,100,20.634920634920633,0
train,1rke_complex_lig_features.csv,ligand,182,28,154,15.384615384615385,0
train,1rke_complex_rec_features.csv,receptor,262,35,227,13.358778625954198,0
train,1rv6_complex_lig_features.csv,ligand,92,18,74,19.565217391304348,0
train,1rv6_complex_rec_features.csv,receptor,95,14,81,14.736842105263156,0
train,1s1q_complex_lig_features.csv,ligand,71,16,55,22.535211267605636,0
train,1s1q_complex_rec_features.csv,receptor,137,17,120,12.408759124087592,0
train,1s4y_complex_lig_features.csv,ligand,112,21,91,18.75,0
train,1s4y_complex_rec_features.csv,receptor,95,21,74,22.105263157894736,0
train,1sbb_complex_lig_features.csv,ligand,233,13,220,5.579399141630901,0
train,1sbb_complex_rec_features.csv,receptor,238,14,224,5.88235294117647,0
train,1shz_complex_lig_features.csv,ligand,217,32,185,14.746543778801843,0
train,1shz_complex_rec_features.csv,receptor,327,39,288,11.926605504587156,0
train,1sq0_complex_lig_features.csv,ligand,265,34,231,12.830188679245284,0
train,1sq0_complex_rec_features.csv,receptor,198,29,169,14.646464646464647,0
train,1sy6_complex_lig_features.csv,ligand,168,14,154,8.333333333333332,0
train,1sy6_complex_rec_features.csv,receptor,432,19,413,4.398148148148148,0
train,1t44_complex_lig_features.csv,ligand,370,57,313,15.405405405405407,0
train,1t44_complex_rec_features.csv,receptor,144,48,96,33.33333333333333,0
train,1t6b_complex_lig_features.csv,ligand,170,26,144,15.294117647058824,0
train,1t6b_complex_rec_features.csv,receptor,688,29,659,4.215116279069767,0
train,1ta3_complex_lig_features.csv,ligand,301,33,268,10.96345514950166,0
train,1ta3_complex_rec_features.csv,receptor,274,23,251,8.394160583941606,0
train,1taw_complex_lig_features.csv,ligand,54,13,41,24.074074074074073,0
train,1taw_complex_rec_features.csv,receptor,223,32,191,14.349775784753364,0
train,1tbr_complex_lig_features.csv,ligand,103,40,63,38.83495145631068,0
train,1tbr_complex_rec_features.csv,receptor,259,52,207,20.077220077220076,0
train,1tdq_complex_lig_features.csv,ligand,126,24,102,19.047619047619047,0
train,1tdq_complex_rec_features.csv,receptor,271,23,248,8.487084870848708,0
train,1te1_complex_lig_features.csv,ligand,190,29,161,15.263157894736842,0
train,1te1_complex_rec_features.csv,receptor,274,22,252,8.02919708029197,0
train,1tm1_complex_lig_features.csv,ligand,64,14,50,21.875,0
train,1tm1_complex_rec_features.csv,receptor,281,30,251,10.676156583629894,0
train,1tm3_complex_lig_features.csv,ligand,64,13,51,20.3125,0
train,1tm3_complex_rec_features.csv,receptor,281,31,250,11.032028469750891,0
train,1tm4_complex_lig_features.csv,ligand,64,13,51,20.3125,0
train,1tm4_complex_rec_features.csv,receptor,281,28,253,9.9644128113879,0
train,1tm5_complex_lig_features.csv,ligand,64,14,50,21.875,0
train,1tm5_complex_rec_features.csv,receptor,281,30,251,10.676156583629894,0
train,1tm7_complex_lig_features.csv,ligand,64,14,50,21.875,0
train,1tm7_complex_rec_features.csv,receptor,281,32,249,11.387900355871885,0
train,1to1_complex_lig_features.csv,ligand,64,15,49,23.4375,0
train,1to1_complex_rec_features.csv,receptor,281,30,251,10.676156583629894,0
train,1tzh_complex_lig_features.csv,ligand,94,17,77,18.085106382978726,0
train,1tzh_complex_rec_features.csv,receptor,432,18,414,4.166666666666666,0
train,1tzi_complex_lig_features.csv,ligand,97,5,92,5.154639175257731,0
train,1tzi_complex_rec_features.csv,receptor,436,5,431,1.146788990825688,0
train,1u7f_complex_lig_features.csv,ligand,191,29,162,15.18324607329843,0
train,1u7f_complex_rec_features.csv,receptor,196,32,164,16.3265306122449,0
train,1u7v_complex_lig_features.csv,ligand,208,29,179,13.942307692307693,0
train,1u7v_complex_rec_features.csv,receptor,196,31,165,15.816326530612246,0
train,1uad_complex_lig_features.csv,ligand,92,12,80,13.043478260869565,0
train,1uad_complex_rec_features.csv,receptor,173,14,159,8.092485549132949,0
train,1uex_complex_lig_features.csv,ligand,202,18,184,8.91089108910891,0
train,1uex_complex_rec_features.csv,receptor,123,16,107,13.008130081300814,0
train,1ugh_complex_lig_features.csv,ligand,82,32,50,39.02439024390244,0
train,1ugh_complex_rec_features.csv,receptor,223,29,194,13.004484304932735,0
train,1ul1_complex_lig_features.csv,ligand,259,48,211,18.53281853281853,0
train,1ul1_complex_rec_features.csv,receptor,327,43,284,13.149847094801222,0
train,1us7_complex_lig_features.csv,ligand,201,14,187,6.965174129353234,0
train,1us7_complex_rec_features.csv,receptor,207,17,190,8.212560386473431,0
train,1usu_complex_lig_features.csv,ligand,142,21,121,14.788732394366196,0
train,1usu_complex_rec_features.csv,receptor,256,21,235,8.203125,0
train,1usv_complex_lig_features.csv,ligand,146,19,127,13.013698630136986,0
train,1usv_complex_rec_features.csv,receptor,256,17,239,6.640625,0
train,1uug_complex_lig_features.csv,ligand,82,27,55,32.926829268292686,0
train,1uug_complex_rec_features.csv,receptor,221,26,195,11.76470588235294,0
train,1uuz_complex_lig_features.csv,ligand,129,23,106,17.829457364341085,0
train,1uuz_complex_rec_features.csv,receptor,130,24,106,18.461538461538463,0
train,1v7p_complex_lig_features.csv,ligand,193,24,169,12.435233160621761,0
train,1v7p_complex_rec_features.csv,receptor,261,28,233,10.727969348659004,0
train,1vet_complex_lig_features.csv,ligand,118,31,87,26.27118644067797,0
train,1vet_complex_rec_features.csv,receptor,122,27,95,22.131147540983605,0
train,1veu_complex_lig_features.csv,ligand,119,32,87,26.89075630252101,0
train,1veu_complex_rec_features.csv,receptor,118,31,87,26.27118644067797,0
train,1vfb_complex_lig_features.csv,ligand,129,21,108,16.27906976744186,0
train,1vfb_complex_rec_features.csv,receptor,223,18,205,8.071748878923767,0
train,1vg0_complex_lig_features.csv,ligand,186,32,154,17.20430107526882,0
train,1vg0_complex_rec_features.csv,receptor,500,42,458,8.4,0
train,1wdw_complex_lig_features.csv,ligand,385,41,344,10.649350649350648,0
train,1wdw_complex_rec_features.csv,receptor,248,41,207,16.532258064516128,0
train,1wej_complex_lig_features.csv,ligand,104,15,89,14.423076923076922,0
train,1wej_complex_rec_features.csv,receptor,437,20,417,4.576659038901601,0
train,1wpx_complex_lig_features.csv,ligand,219,46,173,21.00456621004566,0
train,1wpx_complex_rec_features.csv,receptor,421,50,371,11.87648456057007,0
train,1wq1_complex_lig_features.csv,ligand,320,37,283,11.5625,0
train,1wq1_complex_rec_features.csv,receptor,166,29,137,17.46987951807229,0
train,1wqj_complex_lig_features.csv,ligand,62,20,42,32.25806451612903,0
train,1wqj_complex_rec_features.csv,receptor,80,21,59,26.25,0
train,1wr6_complex_lig_features.csv,ligand,72,16,56,22.22222222222222,0
train,1wr6_complex_rec_features.csv,receptor,88,18,70,20.454545454545457,0
train,1wrd_complex_lig_features.csv,ligand,76,16,60,21.052631578947366,0
train,1wrd_complex_rec_features.csv,receptor,98,15,83,15.306122448979592,0
train,1x75_complex_lig_features.csv,ligand,101,7,94,6.9306930693069315,0
train,1x75_complex_rec_features.csv,receptor,132,11,121,8.333333333333332,0
train,1xd3_complex_lig_features.csv,ligand,75,25,50,33.33333333333333,0
train,1xd3_complex_rec_features.csv,receptor,229,38,191,16.593886462882097,0
train,1xdt_complex_lig_features.csv,ligand,41,26,15,63.41463414634146,0
train,1xdt_complex_rec_features.csv,receptor,535,40,495,7.476635514018691,0
train,1xg2_complex_lig_features.csv,ligand,151,35,116,23.178807947019866,0
train,1xg2_complex_rec_features.csv,receptor,317,28,289,8.832807570977918,0
train,1xqs_complex_lig_features.csv,ligand,165,27,138,16.363636363636363,0
train,1xqs_complex_rec_features.csv,receptor,264,34,230,12.878787878787879,0
train,1xt9_complex_lig_features.csv,ligand,76,31,45,40.78947368421053,0
train,1xt9_complex_rec_features.csv,receptor,210,49,161,23.333333333333332,0
train,1xu1_complex_lig_features.csv,ligand,36,14,22,38.88888888888889,0
train,1xu1_complex_rec_features.csv,receptor,137,23,114,16.78832116788321,0
train,1xx9_complex_lig_features.csv,ligand,139,25,114,17.985611510791365,0
train,1xx9_complex_rec_features.csv,receptor,238,38,200,15.966386554621847,0
train,1xxd_complex_lig_features.csv,ligand,137,20,117,14.5985401459854,0
train,1xxd_complex_rec_features.csv,receptor,238,36,202,15.126050420168067,0
train,1y1k_complex_lig_features.csv,ligand,64,13,51,20.3125,0
train,1y1k_complex_rec_features.csv,receptor,281,27,254,9.608540925266903,0
train,1y33_complex_lig_features.csv,ligand,64,15,49,23.4375,0
train,1y33_complex_rec_features.csv,receptor,281,29,252,10.320284697508896,0
train,1y34_complex_lig_features.csv,ligand,64,14,50,21.875,0
train,1y34_complex_rec_features.csv,receptor,281,30,251,10.676156583629894,0
train,1y3b_complex_lig_features.csv,ligand,64,15,49,23.4375,0
train,1y3b_complex_rec_features.csv,receptor,281,30,251,10.676156583629894,0
train,1y3c_complex_lig_features.csv,ligand,64,15,49,23.4375,0
train,1y3c_complex_rec_features.csv,receptor,281,29,252,10.320284697508896,0
train,1y3d_complex_lig_features.csv,ligand,64,13,51,20.3125,0
train,1y3d_complex_rec_features.csv,receptor,281,28,253,9.9644128113879,0
train,1y48_complex_lig_features.csv,ligand,64,16,48,25.0,0
train,1y48_complex_rec_features.csv,receptor,281,32,249,11.387900355871885,0
train,1y4a_complex_lig_features.csv,ligand,63,16,47,25.396825396825395,0
train,1y4a_complex_rec_features.csv,receptor,275,32,243,11.636363636363637,0
train,1y4d_complex_lig_features.csv,ligand,63,14,49,22.22222222222222,0
train,1y4d_complex_rec_features.csv,receptor,276,32,244,11.594202898550725,0
train,1y6k_complex_lig_features.csv,ligand,205,23,182,11.219512195121952,0
train,1y6k_complex_rec_features.csv,receptor,145,16,129,11.03448275862069,0
train,1y6m_complex_lig_features.csv,ligand,204,21,183,10.294117647058822,0
train,1y6m_complex_rec_features.csv,receptor,142,16,126,11.267605633802818,0
train,1y6n_complex_lig_features.csv,ligand,202,22,180,10.891089108910892,0
train,1y6n_complex_rec_features.csv,receptor,137,17,120,12.408759124087592,0
train,1yc0_complex_lig_features.csv,ligand,66,16,50,24.242424242424242,0
train,1yc0_complex_rec_features.csv,receptor,245,33,212,13.46938775510204,0
train,1yd8_complex_lig_features.csv,ligand,93,15,78,16.129032258064516,0
train,1yd8_complex_rec_features.csv,receptor,73,16,57,21.91780821917808,0
train,1yy9_complex_lig_features.csv,ligand,613,25,588,4.078303425774878,0
train,1yy9_complex_rec_features.csv,receptor,431,24,407,5.56844547563805,0
train,1z0k_complex_lig_features.csv,ligand,61,23,38,37.704918032786885,0
train,1z0k_complex_rec_features.csv,receptor,169,23,146,13.609467455621301,0
train,1z7x_complex_lig_features.csv,ligand,460,43,417,9.347826086956522,0
train,1z7x_complex_rec_features.csv,receptor,126,36,90,28.57142857142857,0
train,1z92_complex_lig_features.csv,ligand,128,25,103,19.53125,0
train,1z92_complex_rec_features.csv,receptor,128,23,105,17.96875,0
train,1zc3_complex_lig_features.csv,ligand,109,28,81,25.688073394495415,0
train,1zc3_complex_rec_features.csv,receptor,173,21,152,12.138728323699421,0
train,1zc4_complex_lig_features.csv,ligand,113,25,88,22.123893805309734,0
train,1zc4_complex_rec_features.csv,receptor,173,21,152,12.138728323699421,0
train,1zhi_complex_lig_features.csv,ligand,125,16,109,12.8,0
train,1zhi_complex_rec_features.csv,receptor,205,17,188,8.292682926829269,0
train,1zjd_complex_lig_features.csv,ligand,57,17,40,29.82456140350877,0
train,1zjd_complex_rec_features.csv,receptor,237,32,205,13.502109704641349,0
train,1zli_complex_lig_features.csv,ligand,74,28,46,37.83783783783784,0
train,1zli_complex_rec_features.csv,receptor,306,33,273,10.784313725490197,0
train,1zm4_complex_lig_features.csv,ligand,207,20,187,9.66183574879227,0
train,1zm4_complex_rec_features.csv,receptor,822,25,797,3.0413625304136254,0
train,1zmy_complex_lig_features.csv,ligand,129,23,106,17.829457364341085,0
train,1zmy_complex_rec_features.csv,receptor,133,20,113,15.037593984962406,0
train,1zr0_complex_lig_features.csv,ligand,63,14,49,22.22222222222222,0
train,1zr0_complex_rec_features.csv,receptor,223,31,192,13.901345291479823,0
train,1zv5_complex_lig_features.csv,ligand,119,21,98,17.647058823529413,0
train,1zv5_complex_rec_features.csv,receptor,129,16,113,12.4031007751938,0
train,1zvh_complex_lig_features.csv,ligand,124,14,110,11.29032258064516,0
train,1zvh_complex_rec_features.csv,receptor,129,19,110,14.728682170542637,0
train,2a78_complex_lig_features.csv,ligand,207,24,183,11.594202898550725,0
train,2a78_complex_rec_features.csv,receptor,170,27,143,15.88235294117647,0
train,2a9k_complex_lig_features.csv,ligand,207,24,183,11.594202898550725,0
train,2a9k_complex_rec_features.csv,receptor,170,26,144,15.294117647058824,0
train,2abz_complex_lig_features.csv,ligand,61,17,44,27.86885245901639,0
train,2abz_complex_rec_features.csv,receptor,303,24,279,7.920792079207921,0
train,2aep_complex_lig_features.csv,ligand,388,23,365,5.927835051546391,0
train,2aep_complex_rec_features.csv,receptor,287,25,262,8.710801393728223,0
train,2aeq_complex_lig_features.csv,ligand,388,21,367,5.412371134020619,0
train,2aeq_complex_rec_features.csv,receptor,223,21,202,9.417040358744394,0
train,2ajf_complex_lig_features.csv,ligand,180,21,159,11.666666666666666,0
train,2ajf_complex_rec_features.csv,receptor,597,24,573,4.0201005025125625,0
train,2aq1_complex_lig_features.csv,ligand,236,15,221,6.3559322033898304,0
train,2aq1_complex_rec_features.csv,receptor,109,17,92,15.59633027522936,0
train,2aq2_complex_lig_features.csv,ligand,234,17,217,7.264957264957266,0
train,2aq2_complex_rec_features.csv,receptor,110,19,91,17.272727272727273,0
train,2aq3_complex_lig_features.csv,ligand,237,16,221,6.751054852320674,0
train,2aq3_complex_rec_features.csv,receptor,109,18,91,16.51376146788991,0
train,2arp_complex_lig_features.csv,ligand,148,32,116,21.62162162162162,0
train,2arp_complex_rec_features.csv,receptor,116,25,91,21.551724137931032,0
train,2b0z_complex_lig_features.csv,ligand,108,11,97,10.185185185185185,0
train,2b0z_complex_rec_features.csv,receptor,294,14,280,4.761904761904762,0
train,2b10_complex_lig_features.csv,ligand,108,16,92,14.814814814814813,0
train,2b10_complex_rec_features.csv,receptor,294,16,278,5.442176870748299,0
train,2b11_complex_lig_features.csv,ligand,108,17,91,15.74074074074074,0
train,2b11_complex_rec_features.csv,receptor,294,14,280,4.761904761904762,0
train,2b2x_complex_lig_features.csv,ligand,190,23,167,12.105263157894736,0
train,2b2x_complex_rec_features.csv,receptor,427,29,398,6.791569086651054,0
train,2b42_complex_lig_features.csv,ligand,184,34,150,18.478260869565215,0
train,2b42_complex_rec_features.csv,receptor,376,38,338,10.106382978723403,0
train,2b4j_complex_lig_features.csv,ligand,82,8,74,9.75609756097561,0
train,2b4j_complex_rec_features.csv,receptor,153,9,144,5.88235294117647,0
train,2b5i_complex_lig_features.csv,ligand,128,48,80,37.5,0
train,2b5i_complex_rec_features.csv,receptor,520,53,467,10.192307692307692,0
train,2b7c_complex_lig_features.csv,ligand,90,43,47,47.77777777777778,0
train,2b7c_complex_rec_features.csv,receptor,437,49,388,11.212814645308924,0
train,2bdn_complex_lig_features.csv,ligand,68,17,51,25.0,0
train,2bdn_complex_rec_features.csv,receptor,431,24,407,5.56844547563805,0
train,2bo9_complex_lig_features.csv,ligand,217,31,186,14.285714285714285,0
train,2bo9_complex_rec_features.csv,receptor,307,31,276,10.097719869706841,0
train,2btf_complex_lig_features.csv,ligand,139,29,110,20.863309352517987,0
train,2btf_complex_rec_features.csv,receptor,373,28,345,7.506702412868632,0
train,2c0l_complex_lig_features.csv,ligand,122,19,103,15.573770491803279,0
train,2c0l_complex_rec_features.csv,receptor,305,39,266,12.786885245901638,0
train,2c1m_complex_lig_features.csv,ligand,46,38,8,82.6086956521739,0
train,2c1m_complex_rec_features.csv,receptor,424,66,358,15.566037735849056,0
train,2c1t_complex_lig_features.csv,ligand,45,37,8,82.22222222222221,0
train,2c1t_complex_rec_features.csv,receptor,423,54,369,12.76595744680851,0
train,2c7m_complex_lig_features.csv,ligand,74,20,54,27.027027027027028,0
train,2c7m_complex_rec_features.csv,receptor,58,14,44,24.137931034482758,0
train,2c7n_complex_lig_features.csv,ligand,74,21,53,28.37837837837838,0
train,2c7n_complex_rec_features.csv,receptor,57,14,43,24.561403508771928,0
train,2cjs_complex_lig_features.csv,ligand,54,31,23,57.407407407407405,0
train,2cjs_complex_rec_features.csv,receptor,163,39,124,23.92638036809816,0
train,2cmr_complex_lig_features.csv,ligand,216,24,192,11.11111111111111,0
train,2cmr_complex_rec_features.csv,receptor,423,27,396,6.382978723404255,0
train,2dd8_complex_lig_features.csv,ligand,192,24,168,12.5,0
train,2dd8_complex_rec_features.csv,receptor,432,25,407,5.787037037037037,0
train,2dsp_complex_lig_features.csv,ligand,67,28,39,41.7910447761194,0
train,2dsp_complex_rec_features.csv,receptor,92,24,68,26.08695652173913,0
train,2erj_complex_lig_features.csv,ligand,131,27,104,20.610687022900763,0
train,2erj_complex_rec_features.csv,receptor,399,31,368,7.769423558897243,0
train,2es4_complex_lig_features.csv,ligand,277,70,207,25.27075812274368,0
train,2es4_complex_rec_features.csv,receptor,319,76,243,23.824451410658305,0
train,2f4m_complex_lig_features.csv,ligand,61,22,39,36.0655737704918,0
train,2f4m_complex_rec_features.csv,receptor,295,19,276,6.440677966101695,0
train,2f5z_complex_lig_features.csv,ligand,43,13,30,30.23255813953488,0
train,2f5z_complex_rec_features.csv,receptor,471,12,459,2.547770700636943,0
train,2fdb_complex_lig_features.csv,ligand,210,55,155,26.190476190476193,0
train,2fdb_complex_rec_features.csv,receptor,149,50,99,33.557046979865774,0
train,2fjg_complex_lig_features.csv,ligand,95,10,85,10.526315789473683,0
train,2fjg_complex_rec_features.csv,receptor,434,13,421,2.995391705069124,0
train,2fju_complex_lig_features.csv,ligand,700,16,684,2.2857142857142856,0
train,2fju_complex_rec_features.csv,receptor,177,12,165,6.779661016949152,0
train,2ftl_complex_lig_features.csv,ligand,58,14,44,24.137931034482758,0
train,2ftl_complex_rec_features.csv,receptor,222,28,194,12.612612612612612,0
train,2ftm_complex_lig_features.csv,ligand,58,14,44,24.137931034482758,0
train,2ftm_complex_rec_features.csv,receptor,223,30,193,13.452914798206278,0
train,2g2u_complex_lig_features.csv,ligand,165,31,134,18.787878787878785,0
train,2g2u_complex_rec_features.csv,receptor,265,32,233,12.075471698113208,0
train,2g2w_complex_lig_features.csv,ligand,165,27,138,16.363636363636363,0
train,2g2w_complex_rec_features.csv,receptor,265,33,232,12.452830188679245,0
train,2g45_complex_lig_features.csv,ligand,76,12,64,15.789473684210526,0
train,2g45_complex_rec_features.csv,receptor,117,14,103,11.965811965811966,0
train,2g81_complex_lig_features.csv,ligand,56,13,43,23.214285714285715,0
train,2g81_complex_rec_features.csv,receptor,223,31,192,13.901345291479823,0
train,2gox_complex_lig_features.csv,ligand,65,20,45,30.76923076923077,0
train,2gox_complex_rec_features.csv,receptor,297,22,275,7.4074074074074066,0
train,2h62_complex_lig_features.csv,ligand,84,32,52,38.095238095238095,0
train,2h62_complex_rec_features.csv,receptor,207,35,172,16.908212560386474,0
train,2h64_complex_lig_features.csv,ligand,92,9,83,9.782608695652174,0
train,2h64_complex_rec_features.csv,receptor,105,14,91,13.333333333333334,0
train,2h9g_complex_lig_features.csv,ligand,108,17,91,15.74074074074074,0
train,2h9g_complex_rec_features.csv,receptor,431,28,403,6.496519721577726,0
train,2hd5_complex_lig_features.csv,ligand,76,43,33,56.57894736842105,0
train,2hd5_complex_rec_features.csv,receptor,336,71,265,21.13095238095238,0
train,2hev_complex_lig_features.csv,ligand,140,16,124,11.428571428571429,0
train,2hev_complex_rec_features.csv,receptor,126,14,112,11.11111111111111,0
train,2hrk_complex_lig_features.csv,ligand,121,21,100,17.355371900826448,0
train,2hrk_complex_rec_features.csv,receptor,177,17,160,9.6045197740113,0
train,2hth_complex_lig_features.csv,ligand,129,16,113,12.4031007751938,0
train,2hth_complex_rec_features.csv,receptor,73,12,61,16.43835616438356,0
train,2i25_complex_lig_features.csv,ligand,129,24,105,18.6046511627907,0
train,2i25_complex_rec_features.csv,receptor,114,17,97,14.912280701754385,0
train,2i26_complex_lig_features.csv,ligand,129,23,106,17.829457364341085,0
train,2i26_complex_rec_features.csv,receptor,118,14,104,11.864406779661017,0
train,2i3s_complex_lig_features.csv,ligand,36,29,7,80.55555555555556,0
train,2i3s_complex_rec_features.csv,receptor,340,44,296,12.941176470588237,0
train,2i3t_complex_lig_features.csv,ligand,43,32,11,74.4186046511628,0
train,2i3t_complex_rec_features.csv,receptor,340,46,294,13.529411764705882,0
train,2i9b_complex_lig_features.csv,ligand,278,42,236,15.107913669064748,0
train,2i9b_complex_rec_features.csv,receptor,122,24,98,19.672131147540984,0
train,2iff_complex_lig_features.csv,ligand,129,18,111,13.953488372093023,0
train,2iff_complex_rec_features.csv,receptor,426,23,403,5.39906103286385,0
train,2ijo_complex_lig_features.csv,ligand,41,39,2,95.1219512195122,0
train,2ijo_complex_rec_features.csv,receptor,232,68,164,29.310344827586203,0
train,2iwg_complex_lig_features.csv,ligand,181,19,162,10.497237569060774,0
train,2iwg_complex_rec_features.csv,receptor,207,18,189,8.695652173913043,0
train,2iy0_complex_lig_features.csv,ligand,156,10,146,6.41025641025641,0
train,2iy0_complex_rec_features.csv,receptor,302,18,284,5.960264900662252,0
train,2iy1_complex_lig_features.csv,ligand,83,22,61,26.506024096385545,0
train,2iy1_complex_rec_features.csv,receptor,226,32,194,14.15929203539823,0
train,2iyb_complex_lig_features.csv,ligand,63,18,45,28.57142857142857,0
train,2iyb_complex_rec_features.csv,receptor,112,20,92,17.857142857142858,0
train,2j0t_complex_lig_features.csv,ligand,124,17,107,13.709677419354838,0
train,2j0t_complex_rec_features.csv,receptor,159,23,136,14.465408805031446,0
train,2j1k_complex_lig_features.csv,ligand,182,23,159,12.637362637362637,0
train,2j1k_complex_rec_features.csv,receptor,117,20,97,17.094017094017094,0
train,2j4w_complex_lig_features.csv,ligand,34,15,19,44.11764705882353,0
train,2j4w_complex_rec_features.csv,receptor,437,21,416,4.805491990846682,0
train,2j59_complex_lig_features.csv,ligand,133,20,113,15.037593984962406,0
train,2j59_complex_rec_features.csv,receptor,165,21,144,12.727272727272727,0
train,2j5l_complex_lig_features.csv,ligand,34,15,19,44.11764705882353,0
train,2j5l_complex_rec_features.csv,receptor,437,22,415,5.034324942791762,0
train,2j6e_complex_lig_features.csv,ligand,210,12,198,5.714285714285714,0
train,2j6e_complex_rec_features.csv,receptor,434,10,424,2.3041474654377883,0
train,2j8s_complex_lig_features.csv,ligand,156,19,137,12.179487179487179,0
train,2j8s_complex_rec_features.csv,receptor,1022,23,999,2.2504892367906066,0
train,2j8x_complex_lig_features.csv,ligand,83,33,50,39.75903614457831,0
train,2j8x_complex_rec_features.csv,receptor,230,35,195,15.217391304347828,0
train,2jel_complex_lig_features.csv,ligand,85,17,68,20.0,0
train,2jel_complex_rec_features.csv,receptor,435,28,407,6.436781609195402,0
train,2jjs_complex_lig_features.csv,ligand,115,24,91,20.869565217391305,0
train,2jjs_complex_rec_features.csv,receptor,119,25,94,21.008403361344538,0
train,2jjt_complex_lig_features.csv,ligand,114,24,90,21.052631578947366,0
train,2jjt_complex_rec_features.csv,receptor,113,25,88,22.123893805309734,0
train,2mta_complex_lig_features.csv,ligand,105,16,89,15.238095238095239,0
train,2mta_complex_rec_features.csv,receptor,497,23,474,4.627766599597585,0
train,2noj_complex_lig_features.csv,ligand,58,18,40,31.03448275862069,0
train,2noj_complex_rec_features.csv,receptor,287,27,260,9.40766550522648,0
train,2nqd_complex_lig_features.csv,ligand,221,33,188,14.93212669683258,0
train,2nqd_complex_rec_features.csv,receptor,109,22,87,20.18348623853211,0
train,2nup_complex_lig_features.csv,ligand,157,30,127,19.10828025477707,0
train,2nup_complex_rec_features.csv,receptor,1022,31,991,3.0332681017612524,0
train,2nut_complex_lig_features.csv,ligand,140,28,112,20.0,0
train,2nut_complex_rec_features.csv,receptor,1022,31,991,3.0332681017612524,0
train,2nyy_complex_lig_features.csv,ligand,1022,13,1009,1.2720156555772992,0
train,2nyy_complex_rec_features.csv,receptor,433,30,403,6.928406466512701,0
train,2nyz_complex_lig_features.csv,ligand,66,14,52,21.21212121212121,0
train,2nyz_complex_rec_features.csv,receptor,371,16,355,4.31266846361186,0
train,2nz1_complex_lig_features.csv,ligand,64,16,48,25.0,0
train,2nz1_complex_rec_features.csv,receptor,371,16,355,4.31266846361186,0
train,2o8v_complex_lig_features.csv,ligand,108,23,85,21.296296296296298,0
train,2o8v_complex_rec_features.csv,receptor,243,24,219,9.876543209876543,0
train,2ody_complex_lig_features.csv,ligand,127,39,88,30.708661417322837,0
train,2ody_complex_rec_features.csv,receptor,255,57,198,22.35294117647059,0
train,2oob_complex_lig_features.csv,ligand,72,13,59,18.055555555555554,0
train,2oob_complex_rec_features.csv,receptor,44,10,34,22.727272727272727,0
train,2oor_complex_lig_features.csv,ligand,173,20,153,11.560693641618498,0
train,2oor_complex_rec_features.csv,receptor,364,18,346,4.945054945054945,0
train,2p42_complex_lig_features.csv,ligand,118,16,102,13.559322033898304,0
train,2p42_complex_rec_features.csv,receptor,124,17,107,13.709677419354838,0
train,2p43_complex_lig_features.csv,ligand,120,17,103,14.166666666666666,0
train,2p43_complex_rec_features.csv,receptor,124,17,107,13.709677419354838,0
train,2p44_complex_lig_features.csv,ligand,118,16,102,13.559322033898304,0
train,2p44_complex_rec_features.csv,receptor,124,18,106,14.516129032258066,0
train,2p45_complex_lig_features.csv,ligand,116,16,100,13.793103448275861,0
train,2p45_complex_rec_features.csv,receptor,124,16,108,12.903225806451612,0
train,2p46_complex_lig_features.csv,ligand,116,17,99,14.655172413793101,0
train,2p46_complex_rec_features.csv,receptor,123,17,106,13.821138211382115,0
train,2p47_complex_lig_features.csv,ligand,116,16,100,13.793103448275861,0
train,2p47_complex_rec_features.csv,receptor,123,16,107,13.008130081300814,0
train,2p48_complex_lig_features.csv,ligand,116,16,100,13.793103448275861,0
train,2p48_complex_rec_features.csv,receptor,124,16,108,12.903225806451612,0
train,2p49_complex_lig_features.csv,ligand,123,17,106,13.821138211382115,0
train,2p49_complex_rec_features.csv,receptor,123,19,104,15.447154471544716,0
train,2p4a_complex_lig_features.csv,ligand,121,17,104,14.049586776859504,0
train,2p4a_complex_rec_features.csv,receptor,124,17,107,13.709677419354838,0
train,2pcb_complex_lig_features.csv,ligand,104,13,91,12.5,0
train,2pcb_complex_rec_features.csv,receptor,294,11,283,3.741496598639456,0
train,2pcc_complex_lig_features.csv,ligand,108,17,91,15.74074074074074,0
train,2pcc_complex_rec_features.csv,receptor,294,14,280,4.761904761904762,0
train,2pjy_complex_lig_features.csv,ligand,108,21,87,19.444444444444446,0
train,2pjy_complex_rec_features.csv,receptor,191,22,169,11.518324607329843,0
train,2psm_complex_lig_features.csv,ligand,69,19,50,27.536231884057973,0
train,2psm_complex_rec_features.csv,receptor,117,17,100,14.529914529914532,0
train,2ptc_complex_lig_features.csv,ligand,58,14,44,24.137931034482758,0
train,2ptc_complex_rec_features.csv,receptor,223,31,192,13.901345291479823,0
train,2ptt_complex_lig_features.csv,ligand,108,21,87,19.444444444444446,0
train,2ptt_complex_rec_features.csv,receptor,103,21,82,20.388349514563107,0
train,2qc1_complex_lig_features.csv,ligand,212,18,194,8.49056603773585,0
train,2qc1_complex_rec_features.csv,receptor,74,19,55,25.675675675675674,0
train,2qho_complex_lig_features.csv,ligand,49,17,32,34.69387755102041,0
train,2qho_complex_rec_features.csv,receptor,75,13,62,17.333333333333336,0
train,2qj9_complex_lig_features.csv,ligand,93,24,69,25.806451612903224,0
train,2qj9_complex_rec_features.csv,receptor,103,19,84,18.446601941747574,0
train,2qja_complex_lig_features.csv,ligand,93,24,69,25.806451612903224,0
train,2qja_complex_rec_features.csv,receptor,104,20,84,19.230769230769234,0
train,2qjb_complex_lig_features.csv,ligand,90,25,65,27.77777777777778,0
train,2qjb_complex_rec_features.csv,receptor,104,21,83,20.192307692307693,0
train,2r56_complex_lig_features.csv,ligand,159,25,134,15.723270440251572,0
train,2r56_complex_rec_features.csv,receptor,432,26,406,6.018518518518518,0
train,2r9p_complex_lig_features.csv,ligand,58,13,45,22.413793103448278,0
train,2r9p_complex_rec_features.csv,receptor,224,29,195,12.946428571428573,0
train,2ra3_complex_lig_features.csv,ligand,58,14,44,24.137931034482758,0
train,2ra3_complex_rec_features.csv,receptor,224,28,196,12.5,0
train,2sic_complex_lig_features.csv,ligand,107,13,94,12.149532710280374,0
train,2sic_complex_rec_features.csv,receptor,275,31,244,11.272727272727273,0
train,2sni_complex_lig_features.csv,ligand,64,16,48,25.0,0
train,2sni_complex_rec_features.csv,receptor,275,31,244,11.272727272727273,0
train,2tgp_complex_lig_features.csv,ligand,58,14,44,24.137931034482758,0
train,2tgp_complex_rec_features.csv,receptor,223,30,193,13.452914798206278,0
train,2uuy_complex_lig_features.csv,ligand,52,11,41,21.153846153846153,0
train,2uuy_complex_rec_features.csv,receptor,223,29,194,13.004484304932735,0
train,2uyz_complex_lig_features.csv,ligand,78,18,60,23.076923076923077,0
train,2uyz_complex_rec_features.csv,receptor,156,14,142,8.974358974358974,0
train,2uzi_complex_lig_features.csv,ligand,166,21,145,12.650602409638553,0
train,2uzi_complex_rec_features.csv,receptor,218,24,194,11.009174311926607,0
train,2v4z_complex_lig_features.csv,ligand,128,22,106,17.1875,0
train,2v4z_complex_rec_features.csv,receptor,316,19,297,6.012658227848101,0
train,2v52_complex_lig_features.csv,ligand,30,18,12,60.0,0
train,2v52_complex_rec_features.csv,receptor,373,29,344,7.774798927613941,0
train,2v5q_complex_lig_features.csv,ligand,129,21,108,16.27906976744186,0
train,2v5q_complex_rec_features.csv,receptor,285,20,265,7.017543859649122,0
train,2v8s_complex_lig_features.csv,ligand,93,21,72,22.58064516129032,0
train,2v8s_complex_rec_features.csv,receptor,137,15,122,10.948905109489052,0
train,2vxq_complex_lig_features.csv,ligand,92,21,71,22.82608695652174,0
train,2vxq_complex_rec_features.csv,receptor,429,27,402,6.293706293706294,0
train,2vxs_complex_lig_features.csv,ligand,95,10,85,10.526315789473683,0
train,2vxs_complex_rec_features.csv,receptor,436,14,422,3.211009174311927,0
train,2vxt_complex_lig_features.csv,ligand,156,24,132,15.384615384615385,0
train,2vxt_complex_rec_features.csv,receptor,426,34,392,7.981220657276995,0
train,2vyr_complex_lig_features.csv,ligand,123,15,108,12.195121951219512,0
train,2vyr_complex_rec_features.csv,receptor,86,21,65,24.418604651162788,0
train,2w2m_complex_lig_features.csv,ligand,49,13,36,26.53061224489796,0
train,2w2m_complex_rec_features.csv,receptor,295,16,279,5.423728813559322,0
train,2w2n_complex_lig_features.csv,ligand,49,13,36,26.53061224489796,0
train,2w2n_complex_rec_features.csv,receptor,294,16,278,5.442176870748299,0
train,2w2x_complex_lig_features.csv,ligand,107,13,94,12.149532710280374,0
train,2w2x_complex_rec_features.csv,receptor,177,12,165,6.779661016949152,0
train,2w80_complex_lig_features.csv,ligand,244,54,190,22.131147540983605,0
train,2w80_complex_rec_features.csv,receptor,123,34,89,27.64227642276423,0
train,2w81_complex_lig_features.csv,ligand,241,44,197,18.25726141078838,0
train,2w81_complex_rec_features.csv,receptor,122,28,94,22.950819672131146,0
train,2w83_complex_lig_features.csv,ligand,67,13,54,19.402985074626866,0
train,2w83_complex_rec_features.csv,receptor,161,15,146,9.316770186335404,0
train,2w9e_complex_lig_features.csv,ligand,99,19,80,19.19191919191919,0
train,2w9e_complex_rec_features.csv,receptor,427,23,404,5.386416861826698,0
train,2wbj_complex_lig_features.csv,ligand,364,50,314,13.736263736263737,0
train,2wbj_complex_rec_features.csv,receptor,463,38,425,8.207343412526997,0
train,2wd5_complex_lig_features.csv,ligand,194,39,155,20.103092783505154,0
train,2wd5_complex_rec_features.csv,receptor,177,44,133,24.858757062146893,0
train,2wg3_complex_lig_features.csv,ligand,425,20,405,4.705882352941177,0
train,2wg3_complex_rec_features.csv,receptor,160,29,131,18.125,0
train,2wii_complex_lig_features.csv,ligand,245,59,186,24.081632653061224,0
train,2wii_complex_rec_features.csv,receptor,1022,52,970,5.088062622309197,0
train,2wjv_complex_lig_features.csv,ligand,60,36,24,60.0,0
train,2wjv_complex_rec_features.csv,receptor,798,50,748,6.265664160401002,0
train,2wp0_complex_lig_features.csv,ligand,86,13,73,15.11627906976744,0
train,2wp0_complex_rec_features.csv,receptor,180,14,166,7.777777777777778,0
train,2wwx_complex_lig_features.csv,ligand,200,46,154,23.0,0
train,2wwx_complex_rec_features.csv,receptor,170,41,129,24.11764705882353,0
train,2wx0_complex_lig_features.csv,ligand,31,10,21,32.25806451612903,0
train,2wx0_complex_rec_features.csv,receptor,72,11,61,15.277777777777779,0
train,2wy3_complex_lig_features.csv,ligand,137,30,107,21.897810218978105,0
train,2wy3_complex_rec_features.csv,receptor,176,30,146,17.045454545454543,0
train,2wy8_complex_lig_features.csv,ligand,66,15,51,22.727272727272727,0
train,2wy8_complex_rec_features.csv,receptor,292,23,269,7.876712328767123,0
train,2x2d_complex_lig_features.csv,ligand,146,11,135,7.534246575342466,0
train,2x2d_complex_rec_features.csv,receptor,163,19,144,11.65644171779141,0
train,2x89_complex_lig_features.csv,ligand,92,15,77,16.304347826086957,0
train,2x89_complex_rec_features.csv,receptor,128,18,110,14.0625,0
train,2xb6_complex_lig_features.csv,ligand,177,15,162,8.47457627118644,0
train,2xb6_complex_rec_features.csv,receptor,540,17,523,3.148148148148148,0
train,2xbb_complex_lig_features.csv,ligand,76,18,58,23.684210526315788,0
train,2xbb_complex_rec_features.csv,receptor,376,22,354,5.851063829787234,0
train,2xhe_complex_lig_features.csv,ligand,220,54,166,24.545454545454547,0
train,2xhe_complex_rec_features.csv,receptor,567,59,508,10.405643738977071,0
train,2xqb_complex_lig_features.csv,ligand,113,28,85,24.778761061946902,0
train,2xqb_complex_rec_features.csv,receptor,435,28,407,6.436781609195402,0
train,2xqr_complex_lig_features.csv,ligand,146,24,122,16.43835616438356,0
train,2xqr_complex_rec_features.csv,receptor,537,31,506,5.772811918063315,0
train,2xqw_complex_lig_features.csv,ligand,123,19,104,15.447154471544716,0
train,2xqw_complex_rec_features.csv,receptor,294,21,273,7.142857142857142,0
train,2xra_complex_lig_features.csv,ligand,216,23,193,10.648148148148149,0
train,2xra_complex_rec_features.csv,receptor,438,27,411,6.164383561643835,0
train,2xtj_complex_lig_features.csv,ligand,248,20,228,8.064516129032258,0
train,2xtj_complex_rec_features.csv,receptor,238,26,212,10.92436974789916,0
train,2xtt_complex_lig_features.csv,ligand,223,34,189,15.246636771300448,0
train,2xtt_complex_rec_features.csv,receptor,35,17,18,48.57142857142857,0
train,2xzd_complex_lig_features.csv,ligand,119,17,102,14.285714285714285,0
train,2xzd_complex_rec_features.csv,receptor,234,18,216,7.6923076923076925,0
train,2y0b_complex_lig_features.csv,ligand,119,20,99,16.80672268907563,0
train,2y0b_complex_rec_features.csv,receptor,234,18,216,7.6923076923076925,0
train,2y5b_complex_lig_features.csv,ligand,151,49,102,32.450331125827816,0
train,2y5b_complex_rec_features.csv,receptor,335,70,265,20.8955223880597,0
train,2y6t_complex_lig_features.csv,ligand,140,20,120,14.285714285714285,0
train,2y6t_complex_rec_features.csv,receptor,245,31,214,12.653061224489795,0
train,2y8s_complex_lig_features.csv,ligand,36,33,3,91.66666666666666,0
train,2y8s_complex_rec_features.csv,receptor,391,52,339,13.299232736572892,0
train,2y8t_complex_lig_features.csv,ligand,36,34,2,94.44444444444444,0
train,2y8t_complex_rec_features.csv,receptor,405,59,346,14.5679012345679,0
train,2y9m_complex_lig_features.csv,ligand,115,23,92,20.0,0
train,2y9m_complex_rec_features.csv,receptor,166,20,146,12.048192771084338,0
train,2ybr_complex_lig_features.csv,ligand,66,19,47,28.78787878787879,0
train,2ybr_complex_rec_features.csv,receptor,229,28,201,12.22707423580786,0
train,2ypv_complex_lig_features.csv,ligand,242,21,221,8.677685950413224,0
train,2ypv_complex_rec_features.csv,receptor,430,29,401,6.744186046511628,0
train,2z3q_complex_lig_features.csv,ligand,77,17,60,22.07792207792208,0
train,2z3q_complex_rec_features.csv,receptor,117,18,99,15.384615384615385,0
train,2z3r_complex_lig_features.csv,ligand,74,16,58,21.62162162162162,0
train,2z3r_complex_rec_features.csv,receptor,117,17,100,14.529914529914532,0
train,2z7f_complex_lig_features.csv,ligand,50,11,39,22.0,0
train,2z7f_complex_rec_features.csv,receptor,218,30,188,13.761467889908257,0
train,2z8v_complex_lig_features.csv,ligand,116,23,93,19.82758620689655,0
train,2z8v_complex_rec_features.csv,receptor,335,25,310,7.462686567164178,0
train,2z8w_complex_lig_features.csv,ligand,116,25,91,21.551724137931032,0
train,2z8w_complex_rec_features.csv,receptor,335,25,310,7.462686567164178,0
train,2zvn_complex_lig_features.csv,ligand,85,15,70,17.647058823529413,0
train,2zvn_complex_rec_features.csv,receptor,148,15,133,10.135135135135135,0
train,2zvo_complex_lig_features.csv,ligand,88,13,75,14.772727272727273,0
train,2zvo_complex_rec_features.csv,receptor,149,13,136,8.724832214765101,0
train,2zxx_complex_lig_features.csv,ligand,181,23,158,12.70718232044199,0
train,2zxx_complex_rec_features.csv,receptor,77,21,56,27.27272727272727,0
train,3a4s_complex_lig_features.csv,ligand,74,19,55,25.675675675675674,0
train,3a4s_complex_rec_features.csv,receptor,159,15,144,9.433962264150944,0
train,3a67_complex_lig_features.csv,ligand,129,22,107,17.05426356589147,0
train,3a67_complex_rec_features.csv,receptor,221,26,195,11.76470588235294,0
train,3a6b_complex_lig_features.csv,ligand,129,22,107,17.05426356589147,0
train,3a6b_complex_rec_features.csv,receptor,221,25,196,11.312217194570136,0
train,3a6c_complex_lig_features.csv,ligand,129,23,106,17.829457364341085,0
train,3a6c_complex_rec_features.csv,receptor,221,25,196,11.312217194570136,0
train,3ay4_complex_lig_features.csv,ligand,170,14,156,8.235294117647058,0
train,3ay4_complex_rec_features.csv,receptor,215,18,197,8.372093023255815,0
train,3b08_complex_lig_features.csv,ligand,59,21,38,35.59322033898305,0
train,3b08_complex_rec_features.csv,receptor,150,24,126,16.0,0
train,3b2u_complex_lig_features.csv,ligand,193,27,166,13.989637305699482,0
train,3b2u_complex_rec_features.csv,receptor,435,24,411,5.517241379310345,0
train,3b4v_complex_lig_features.csv,ligand,206,40,166,19.41747572815534,0
train,3b4v_complex_rec_features.csv,receptor,114,32,82,28.07017543859649,0
train,3b9f_complex_lig_features.csv,ligand,259,38,221,14.671814671814673,0
train,3b9f_complex_rec_features.csv,receptor,360,16,344,4.444444444444445,0
train,3bdy_complex_lig_features.csv,ligand,95,16,79,16.842105263157894,0
train,3bdy_complex_rec_features.csv,receptor,438,21,417,4.794520547945205,0
train,3be1_complex_lig_features.csv,ligand,595,25,570,4.201680672268908,0
train,3be1_complex_rec_features.csv,receptor,436,32,404,7.339449541284404,0
train,3bgf_complex_lig_features.csv,ligand,180,18,162,10.0,0
train,3bgf_complex_rec_features.csv,receptor,431,22,409,5.104408352668213,0
train,3bh6_complex_lig_features.csv,ligand,314,36,278,11.464968152866243,0
train,3bh6_complex_rec_features.csv,receptor,161,32,129,19.875776397515526,0
train,3bik_complex_lig_features.csv,ligand,116,25,91,21.551724137931032,0
train,3bik_complex_rec_features.csv,receptor,212,21,191,9.90566037735849,0
train,3bk3_complex_lig_features.csv,ligand,67,16,51,23.88059701492537,0
train,3bk3_complex_rec_features.csv,receptor,104,18,86,17.307692307692307,0
train,3blh_complex_lig_features.csv,ligand,255,34,221,13.333333333333334,0
train,3blh_complex_rec_features.csv,receptor,317,32,285,10.094637223974763,0
train,3bow_complex_lig_features.csv,ligand,71,62,9,87.32394366197182,0
train,3bow_complex_rec_features.csv,receptor,856,115,741,13.434579439252337,0
train,3bp8_complex_lig_features.csv,ligand,75,18,57,24.0,0
train,3bp8_complex_rec_features.csv,receptor,395,19,376,4.810126582278481,0
train,3bpl_complex_lig_features.csv,ligand,194,32,162,16.49484536082474,0
train,3bpl_complex_rec_features.csv,receptor,328,29,299,8.841463414634147,0
train,3bpo_complex_lig_features.csv,ligand,198,30,168,15.151515151515152,0
train,3bpo_complex_rec_features.csv,receptor,422,32,390,7.5829383886255926,0
train,3bs5_complex_lig_features.csv,ligand,74,14,60,18.91891891891892,0
train,3bs5_complex_rec_features.csv,receptor,83,12,71,14.457831325301203,0
train,3bx1_complex_lig_features.csv,ligand,181,19,162,10.497237569060774,0
train,3bx1_complex_rec_features.csv,receptor,269,35,234,13.011152416356877,0
train,3bzd_complex_lig_features.csv,ligand,234,15,219,6.41025641025641,0
train,3bzd_complex_rec_features.csv,receptor,109,19,90,17.431192660550458,0
train,3c4o_complex_lig_features.csv,ligand,165,33,132,20.0,0
train,3c4o_complex_rec_features.csv,receptor,265,29,236,10.943396226415095,0
train,3c4p_complex_lig_features.csv,ligand,165,32,133,19.393939393939394,0
train,3c4p_complex_rec_features.csv,receptor,265,31,234,11.69811320754717,0
train,3c9a_complex_lig_features.csv,ligand,48,29,19,60.416666666666664,0
train,3c9a_complex_rec_features.csv,receptor,207,37,170,17.874396135265698,0
train,3ch5_complex_lig_features.csv,ligand,37,17,20,45.94594594594595,0
train,3ch5_complex_rec_features.csv,receptor,199,28,171,14.07035175879397,0
train,3cqx_complex_lig_features.csv,ligand,81,26,55,32.098765432098766,0
train,3cqx_complex_rec_features.csv,receptor,377,23,354,6.10079575596817,0
train,3cx6_complex_lig_features.csv,ligand,196,29,167,14.795918367346939,0
train,3cx6_complex_rec_features.csv,receptor,323,47,276,14.551083591331269,0
train,3cx7_complex_lig_features.csv,ligand,196,30,166,15.306122448979592,0
train,3cx7_complex_rec_features.csv,receptor,323,46,277,14.241486068111456,0
train,3cx8_complex_lig_features.csv,ligand,196,32,164,16.3265306122449,0
train,3cx8_complex_rec_features.csv,receptor,323,45,278,13.93188854489164,0
train,3d1m_complex_lig_features.csv,ligand,96,22,74,22.916666666666664,0
train,3d1m_complex_rec_features.csv,receptor,150,17,133,11.333333333333332,0
train,3d5r_complex_lig_features.csv,ligand,65,17,48,26.153846153846157,0
train,3d5r_complex_rec_features.csv,receptor,297,22,275,7.4074074074074066,0
train,3d5s_complex_lig_features.csv,ligand,65,19,46,29.230769230769234,0
train,3d5s_complex_rec_features.csv,receptor,297,22,275,7.4074074074074066,0
train,3d7t_complex_lig_features.csv,ligand,276,15,261,5.434782608695652,0
train,3d7t_complex_rec_features.csv,receptor,263,18,245,6.844106463878327,0
train,3dbh_complex_lig_features.csv,ligand,76,32,44,42.10526315789473,0
train,3dbh_complex_rec_features.csv,receptor,947,53,894,5.59662090813094,0
train,3dbl_complex_lig_features.csv,ligand,76,30,46,39.473684210526315,0
train,3dbl_complex_rec_features.csv,receptor,955,49,906,5.130890052356021,0
train,3ddc_complex_lig_features.csv,ligand,133,17,116,12.781954887218044,0
train,3ddc_complex_rec_features.csv,receptor,166,21,145,12.650602409638553,0
train,3dgc_complex_lig_features.csv,ligand,207,18,189,8.695652173913043,0
train,3dgc_complex_rec_features.csv,receptor,141,23,118,16.312056737588655,0
train,3di2_complex_lig_features.csv,ligand,195,16,179,8.205128205128204,0
train,3di2_complex_rec_features.csv,receptor,115,19,96,16.52173913043478,0
train,3di3_complex_lig_features.csv,ligand,193,20,173,10.362694300518134,0
train,3di3_complex_rec_features.csv,receptor,118,21,97,17.796610169491526,0
train,3doe_complex_lig_features.csv,ligand,116,26,90,22.413793103448278,0
train,3doe_complex_rec_features.csv,receptor,189,25,164,13.227513227513226,0
train,3dvg_complex_lig_features.csv,ligand,151,31,120,20.52980132450331,0
train,3dvg_complex_rec_features.csv,receptor,431,29,402,6.728538283062645,0
train,3dvn_complex_lig_features.csv,ligand,151,28,123,18.543046357615893,0
train,3dvn_complex_rec_features.csv,receptor,433,29,404,6.697459584295612,0
train,3e1z_complex_lig_features.csv,ligand,212,30,182,14.150943396226415,0
train,3e1z_complex_rec_features.csv,receptor,109,19,90,17.431192660550458,0
train,3e2k_complex_lig_features.csv,ligand,165,41,124,24.848484848484848,0
train,3e2k_complex_rec_features.csv,receptor,261,40,221,15.32567049808429,0
train,3e2l_complex_lig_features.csv,ligand,165,41,124,24.848484848484848,0
train,3e2l_complex_rec_features.csv,receptor,260,38,222,14.615384615384617,0
train,3eab_complex_lig_features.csv,ligand,48,26,22,54.166666666666664,0
train,3eab_complex_rec_features.csv,receptor,88,25,63,28.40909090909091,0
train,3eba_complex_lig_features.csv,ligand,130,15,115,11.538461538461538,0
train,3eba_complex_rec_features.csv,receptor,122,14,108,11.475409836065573,0
train,3eg5_complex_lig_features.csv,ligand,353,39,314,11.048158640226628,0
train,3eg5_complex_rec_features.csv,receptor,178,24,154,13.48314606741573,0
train,3egg_complex_lig_features.csv,ligand,66,40,26,60.60606060606061,0
train,3egg_complex_rec_features.csv,receptor,294,52,242,17.687074829931973,0
train,3ejj_complex_lig_features.csv,ligand,277,23,254,8.303249097472925,0
train,3ejj_complex_rec_features.csv,receptor,148,23,125,15.54054054054054,0
train,3eoa_complex_lig_features.csv,ligand,179,16,163,8.938547486033519,0
train,3eoa_complex_rec_features.csv,receptor,434,20,414,4.6082949308755765,0
train,3f1p_complex_lig_features.csv,ligand,111,25,86,22.52252252252252,0
train,3f1p_complex_rec_features.csv,receptor,114,26,88,22.807017543859647,0
train,3f4y_complex_lig_features.csv,ligand,38,19,19,50.0,0
train,3f4y_complex_rec_features.csv,receptor,36,18,18,50.0,0
train,3f7p_complex_lig_features.csv,ligand,205,28,177,13.658536585365855,0
train,3f7p_complex_rec_features.csv,receptor,231,27,204,11.688311688311687,0
train,3ff7_complex_lig_features.csv,ligand,112,16,96,14.285714285714285,0
train,3ff7_complex_rec_features.csv,receptor,100,17,83,17.0,0
train,3ff8_complex_lig_features.csv,ligand,113,16,97,14.15929203539823,0
train,3ff8_complex_rec_features.csv,receptor,100,15,85,15.0,0
train,3fie_complex_lig_features.csv,ligand,33,29,4,87.87878787878788,0
train,3fie_complex_rec_features.csv,receptor,415,56,359,13.493975903614459,0
train,3fju_complex_lig_features.csv,ligand,65,13,52,20.0,0
train,3fju_complex_rec_features.csv,receptor,307,24,283,7.81758957654723,0
train,3fp6_complex_lig_features.csv,ligand,58,13,45,22.413793103448278,0
train,3fp6_complex_rec_features.csv,receptor,223,29,194,13.004484304932735,0
train,3fpu_complex_lig_features.csv,ligand,66,27,39,40.909090909090914,0
train,3fpu_complex_rec_features.csv,receptor,100,36,64,36.0,0
train,3g3a_complex_lig_features.csv,ligand,127,25,102,19.68503937007874,0
train,3g3a_complex_rec_features.csv,receptor,167,24,143,14.37125748502994,0
train,3g3b_complex_lig_features.csv,ligand,127,23,104,18.11023622047244,0
train,3g3b_complex_rec_features.csv,receptor,169,20,149,11.834319526627219,0
train,3g7a_complex_lig_features.csv,ligand,30,14,16,46.666666666666664,0
train,3g7a_complex_rec_features.csv,receptor,36,15,21,41.66666666666667,0
train,3g7z_complex_lig_features.csv,ligand,33,18,15,54.54545454545454,0
train,3g7z_complex_rec_features.csv,receptor,101,28,73,27.722772277227726,0
train,3g9v_complex_lig_features.csv,ligand,139,28,111,20.14388489208633,0
train,3g9v_complex_rec_features.csv,receptor,198,26,172,13.131313131313133,0
train,3gc3_complex_lig_features.csv,ligand,348,38,310,10.919540229885058,0
train,3gc3_complex_rec_features.csv,receptor,380,30,350,7.894736842105263,0
train,3gmw_complex_lig_features.csv,ligand,156,30,126,19.230769230769234,0
train,3gmw_complex_rec_features.csv,receptor,261,38,223,14.559386973180077,0
train,3gni_complex_lig_features.csv,ligand,309,40,269,12.944983818770226,0
train,3gni_complex_rec_features.csv,receptor,335,53,282,15.82089552238806,0
train,3gqi_complex_lig_features.csv,ligand,226,24,202,10.619469026548673,0
train,3gqi_complex_rec_features.csv,receptor,304,25,279,8.223684210526317,0
train,3h42_complex_lig_features.csv,ligand,584,32,552,5.47945205479452,0
train,3h42_complex_rec_features.csv,receptor,435,28,407,6.436781609195402,0
train,3h6s_complex_lig_features.csv,ligand,150,23,127,15.333333333333332,0
train,3h6s_complex_rec_features.csv,receptor,220,32,188,14.545454545454545,0
train,3h8d_complex_lig_features.csv,ligand,38,18,20,47.368421052631575,0
train,3h8d_complex_rec_features.csv,receptor,120,28,92,23.333333333333332,0
train,3hct_complex_lig_features.csv,ligand,148,11,137,7.4324324324324325,0
train,3hct_complex_rec_features.csv,receptor,104,18,86,17.307692307692307,0
train,3hcu_complex_lig_features.csv,ligand,149,12,137,8.053691275167784,0
train,3hcu_complex_rec_features.csv,receptor,104,16,88,15.384615384615385,0
train,3he6_complex_lig_features.csv,ligand,447,18,429,4.026845637583892,0
train,3he6_complex_rec_features.csv,receptor,391,17,374,4.3478260869565215,0
train,3hg0_complex_lig_features.csv,ligand,124,16,108,12.903225806451612,0
train,3hg0_complex_rec_features.csv,receptor,137,13,124,9.48905109489051,0
train,3hh2_complex_lig_features.csv,ligand,288,41,247,14.23611111111111,0
train,3hh2_complex_rec_features.csv,receptor,109,31,78,28.440366972477065,0
train,3hi1_complex_lig_features.csv,ligand,297,30,267,10.1010101010101,0
train,3hi1_complex_rec_features.csv,receptor,440,26,414,5.909090909090909,0
train,3hi6_complex_lig_features.csv,ligand,180,25,155,13.88888888888889,0
train,3hi6_complex_rec_features.csv,receptor,429,26,403,6.0606060606060606,0
train,3hpw_complex_lig_features.csv,ligand,33,20,13,60.60606060606061,0
train,3hpw_complex_rec_features.csv,receptor,101,30,71,29.7029702970297,0
train,3hug_complex_lig_features.csv,ligand,64,28,36,43.75,0
train,3hug_complex_rec_features.csv,receptor,77,31,46,40.25974025974026,0
train,3huj_complex_lig_features.csv,ligand,448,19,429,4.241071428571429,0
train,3huj_complex_rec_features.csv,receptor,372,17,355,4.56989247311828,0
train,3idb_complex_lig_features.csv,ligand,158,30,128,18.9873417721519,0
train,3idb_complex_rec_features.csv,receptor,341,39,302,11.436950146627565,0
train,3idc_complex_lig_features.csv,ligand,163,39,124,23.92638036809816,0
train,3idc_complex_rec_features.csv,receptor,341,46,295,13.48973607038123,0
train,3idx_complex_lig_features.csv,ligand,316,21,295,6.645569620253164,0
train,3idx_complex_rec_features.csv,receptor,445,16,429,3.5955056179775284,0
train,3it8_complex_lig_features.csv,ligand,299,18,281,6.0200668896321075,0
train,3it8_complex_rec_features.csv,receptor,152,15,137,9.868421052631579,0
train,3iu3_complex_lig_features.csv,ligand,119,30,89,25.210084033613445,0
train,3iu3_complex_rec_features.csv,receptor,424,27,397,6.367924528301887,0
train,3ixe_complex_lig_features.csv,ligand,70,25,45,35.714285714285715,0
train,3ixe_complex_rec_features.csv,receptor,171,24,147,14.035087719298245,0
train,3jsv_complex_lig_features.csv,ligand,76,13,63,17.105263157894736,0
train,3jsv_complex_rec_features.csv,receptor,169,15,154,8.875739644970414,0
train,3jza_complex_lig_features.csv,ligand,193,44,149,22.797927461139896,0
train,3jza_complex_rec_features.csv,receptor,170,44,126,25.882352941176475,0
train,3k1r_complex_lig_features.csv,ligand,74,25,49,33.78378378378378,0
train,3k1r_complex_rec_features.csv,receptor,192,40,152,20.833333333333336,0
train,3k2m_complex_lig_features.csv,ligand,101,15,86,14.85148514851485,0
train,3k2m_complex_rec_features.csv,receptor,100,20,80,20.0,0
train,3k3q_complex_lig_features.csv,ligand,137,16,121,11.678832116788321,0
train,3k3q_complex_rec_features.csv,receptor,414,14,400,3.3816425120772946,0
train,3k6g_complex_lig_features.csv,ligand,31,20,11,64.51612903225806,0
train,3k6g_complex_rec_features.csv,receptor,92,29,63,31.521739130434785,0
train,3k75_complex_lig_features.csv,ligand,248,16,232,6.451612903225806,0
train,3k75_complex_rec_features.csv,receptor,152,18,134,11.842105263157894,0
train,3knb_complex_lig_features.csv,ligand,96,19,77,19.791666666666664,0
train,3knb_complex_rec_features.csv,receptor,98,21,77,21.428571428571427,0
train,3kr3_complex_lig_features.csv,ligand,60,25,35,41.66666666666667,0
train,3kr3_complex_rec_features.csv,receptor,437,25,412,5.720823798627003,0
train,3kuc_complex_lig_features.csv,ligand,76,16,60,21.052631578947366,0
train,3kuc_complex_rec_features.csv,receptor,167,15,152,8.982035928143713,0
train,3kud_complex_lig_features.csv,ligand,76,14,62,18.421052631578945,0
train,3kud_complex_rec_features.csv,receptor,165,14,151,8.484848484848486,0
train,3kw5_complex_lig_features.csv,ligand,75,21,54,28.000000000000004,0
train,3kw5_complex_rec_features.csv,receptor,223,35,188,15.695067264573993,0
train,3kz1_complex_lig_features.csv,ligand,179,14,165,7.82122905027933,0
train,3kz1_complex_rec_features.csv,receptor,369,17,352,4.607046070460704,0
train,3l33_complex_lig_features.csv,ligand,52,13,39,25.0,0
train,3l33_complex_rec_features.csv,receptor,224,32,192,14.285714285714285,0
train,3l5w_complex_lig_features.csv,ligand,104,11,93,10.576923076923077,0
train,3l5w_complex_rec_features.csv,receptor,436,13,423,2.981651376146789,0
train,3l5x_complex_lig_features.csv,ligand,105,10,95,9.523809523809524,0
train,3l5x_complex_rec_features.csv,receptor,437,13,424,2.9748283752860414,0
train,3l95_complex_lig_features.csv,ligand,218,28,190,12.844036697247708,0
train,3l95_complex_rec_features.csv,receptor,431,25,406,5.800464037122969,0
train,3l9j_complex_lig_features.csv,ligand,149,24,125,16.10738255033557,0
train,3l9j_complex_rec_features.csv,receptor,134,19,115,14.17910447761194,0
train,3lbx_complex_lig_features.csv,ligand,184,38,146,20.652173913043477,0
train,3lbx_complex_rec_features.csv,receptor,140,23,117,16.428571428571427,0
train,3lev_complex_lig_features.csv,ligand,177,14,163,7.909604519774012,0
train,3lev_complex_rec_features.csv,receptor,451,24,427,5.321507760532151,0
train,3lh2_complex_lig_features.csv,ligand,66,13,53,19.696969696969695,0
train,3lh2_complex_rec_features.csv,receptor,241,28,213,11.618257261410788,0
train,3lhp_complex_lig_features.csv,ligand,112,16,96,14.285714285714285,0
train,3lhp_complex_rec_features.csv,receptor,235,28,207,11.914893617021278,0
train,3lms_complex_lig_features.csv,ligand,74,26,48,35.13513513513514,0
train,3lms_complex_rec_features.csv,receptor,309,33,276,10.679611650485436,0
train,3m0a_complex_lig_features.csv,ligand,74,13,61,17.56756756756757,0
train,3m0a_complex_rec_features.csv,receptor,62,10,52,16.129032258064516,0
train,3m18_complex_lig_features.csv,ligand,127,21,106,16.535433070866144,0
train,3m18_complex_rec_features.csv,receptor,245,35,210,14.285714285714285,0
train,3m63_complex_lig_features.csv,ligand,72,14,58,19.444444444444446,0
train,3m63_complex_rec_features.csv,receptor,957,15,942,1.5673981191222568,0
train,3ma2_complex_lig_features.csv,ligand,124,19,105,15.32258064516129,0
train,3ma2_complex_rec_features.csv,receptor,171,21,150,12.280701754385964,0
train,3ma9_complex_lig_features.csv,ligand,216,27,189,12.5,0
train,3ma9_complex_rec_features.csv,receptor,421,29,392,6.88836104513064,0
train,3mac_complex_lig_features.csv,ligand,216,28,188,12.962962962962962,0
train,3mac_complex_rec_features.csv,receptor,433,28,405,6.466512702078522,0
train,3mc0_complex_lig_features.csv,ligand,232,16,216,6.896551724137931,0
train,3mc0_complex_rec_features.csv,receptor,109,20,89,18.34862385321101,0
train,3mca_complex_lig_features.csv,ligand,347,30,317,8.645533141210375,0
train,3mca_complex_rec_features.csv,receptor,384,33,351,8.59375,0
train,3mj9_complex_lig_features.csv,ligand,229,28,201,12.22707423580786,0
train,3mj9_complex_rec_features.csv,receptor,427,38,389,8.899297423887589,0
train,3mxw_complex_lig_features.csv,ligand,153,24,129,15.686274509803921,0
train,3mxw_complex_rec_features.csv,receptor,432,23,409,5.324074074074074,0
train,3mzg_complex_lig_features.csv,ligand,206,26,180,12.62135922330097,0
train,3mzg_complex_rec_features.csv,receptor,186,30,156,16.129032258064516,0
train,3mzw_complex_lig_features.csv,ligand,53,17,36,32.075471698113205,0
train,3mzw_complex_rec_features.csv,receptor,578,29,549,5.017301038062284,0
train,3n06_complex_lig_features.csv,ligand,206,26,180,12.62135922330097,0
train,3n06_complex_rec_features.csv,receptor,186,30,156,16.129032258064516,0
train,3n0p_complex_lig_features.csv,ligand,206,25,181,12.135922330097088,0
train,3n0p_complex_rec_features.csv,receptor,186,30,156,16.129032258064516,0
train,3n4i_complex_lig_features.csv,ligand,165,32,133,19.393939393939394,0
train,3n4i_complex_rec_features.csv,receptor,265,34,231,12.830188679245284,0
train,3ncb_complex_lig_features.csv,ligand,206,26,180,12.62135922330097,0
train,3ncb_complex_rec_features.csv,receptor,186,31,155,16.666666666666664,0
train,3ncc_complex_lig_features.csv,ligand,206,25,181,12.135922330097088,0
train,3ncc_complex_rec_features.csv,receptor,186,29,157,15.591397849462366,0
train,3nfp_complex_lig_features.csv,ligand,124,20,104,16.129032258064516,0
train,3nfp_complex_rec_features.csv,receptor,428,22,406,5.14018691588785,0
train,3ngb_complex_lig_features.csv,ligand,353,31,322,8.78186968838527,0
train,3ngb_complex_rec_features.csv,receptor,432,28,404,6.481481481481481,0
train,3nh7_complex_lig_features.csv,ligand,85,26,59,30.58823529411765,0
train,3nh7_complex_rec_features.csv,receptor,430,34,396,7.906976744186046,0
train,3noc_complex_lig_features.csv,ligand,154,21,133,13.636363636363635,0
train,3noc_complex_rec_features.csv,receptor,1022,24,998,2.3483365949119372,0
train,3nps_complex_lig_features.csv,ligand,241,33,208,13.692946058091287,0
train,3nps_complex_rec_features.csv,receptor,437,24,413,5.491990846681922,0
train,3o6f_complex_lig_features.csv,ligand,396,36,360,9.090909090909092,0
train,3o6f_complex_rec_features.csv,receptor,440,29,411,6.59090909090909,0
train,3o6q_complex_lig_features.csv,ligand,44,30,14,68.18181818181817,0
train,3o6q_complex_rec_features.csv,receptor,140,35,105,25.0,0
train,3o8x_complex_lig_features.csv,ligand,273,19,254,6.95970695970696,0
train,3o8x_complex_rec_features.csv,receptor,442,20,422,4.524886877828054,0
train,3o9w_complex_lig_features.csv,ligand,274,19,255,6.934306569343065,0
train,3o9w_complex_rec_features.csv,receptor,442,20,422,4.524886877828054,0
train,3ogo_complex_lig_features.csv,ligand,116,19,97,16.379310344827587,0
train,3ogo_complex_rec_features.csv,receptor,224,20,204,8.928571428571429,0
train,3oiq_complex_lig_features.csv,ligand,30,14,16,46.666666666666664,0
train,3oiq_complex_rec_features.csv,receptor,212,16,196,7.547169811320755,0
train,3oj2_complex_lig_features.csv,ligand,209,36,173,17.22488038277512,0
train,3oj2_complex_rec_features.csv,receptor,135,38,97,28.14814814814815,0
train,3ojm_complex_lig_features.csv,ligand,211,39,172,18.48341232227488,0
train,3ojm_complex_rec_features.csv,receptor,145,46,99,31.724137931034484,0
train,3olm_complex_lig_features.csv,ligand,74,18,56,24.324324324324326,0
train,3olm_complex_rec_features.csv,receptor,420,22,398,5.238095238095238,0
train,3ona_complex_lig_features.csv,ligand,66,12,54,18.181818181818183,0
train,3ona_complex_rec_features.csv,receptor,158,19,139,12.025316455696203,0
train,3onl_complex_lig_features.csv,ligand,95,17,78,17.894736842105264,0
train,3onl_complex_rec_features.csv,receptor,140,19,121,13.571428571428571,0
train,3onw_complex_lig_features.csv,ligand,35,30,5,85.71428571428571,0
train,3onw_complex_rec_features.csv,receptor,316,55,261,17.405063291139243,0
train,3orv_complex_lig_features.csv,ligand,499,36,463,7.214428857715431,0
train,3orv_complex_rec_features.csv,receptor,354,29,325,8.192090395480225,0
train,3oun_complex_lig_features.csv,ligand,256,11,245,4.296875,0
train,3oun_complex_rec_features.csv,receptor,91,11,80,12.087912087912088,0
train,3oxu_complex_lig_features.csv,ligand,125,23,102,18.4,0
train,3oxu_complex_rec_features.csv,receptor,295,29,266,9.830508474576272,0
train,3p0y_complex_lig_features.csv,ligand,194,20,174,10.309278350515463,0
train,3p0y_complex_rec_features.csv,receptor,436,25,411,5.73394495412844,0
train,3p71_complex_lig_features.csv,ligand,303,34,269,11.221122112211221,0
train,3p71_complex_rec_features.csv,receptor,315,38,277,12.063492063492063,0
train,3p92_complex_lig_features.csv,ligand,58,14,44,24.137931034482758,0
train,3p92_complex_rec_features.csv,receptor,224,32,192,14.285714285714285,0
train,3p95_complex_lig_features.csv,ligand,58,13,45,22.413793103448278,0
train,3p95_complex_rec_features.csv,receptor,224,32,192,14.285714285714285,0
train,3p9w_complex_lig_features.csv,ligand,122,26,96,21.311475409836063,0
train,3p9w_complex_rec_features.csv,receptor,97,25,72,25.773195876288657,0
train,3pl6_complex_lig_features.csv,ligand,371,51,320,13.746630727762804,0
train,3pl6_complex_rec_features.csv,receptor,455,35,420,7.6923076923076925,0
train,3q1s_complex_lig_features.csv,ligand,124,16,108,12.903225806451612,0
train,3q1s_complex_rec_features.csv,receptor,434,22,412,5.0691244239631335,0
train,3q3g_complex_lig_features.csv,ligand,189,21,168,11.11111111111111,0
train,3q3g_complex_rec_features.csv,receptor,444,24,420,5.405405405405405,0
train,3q9n_complex_lig_features.csv,ligand,157,26,131,16.560509554140125,0
train,3q9n_complex_rec_features.csv,receptor,141,17,124,12.056737588652481,0
train,3q9u_complex_lig_features.csv,ligand,157,25,132,15.92356687898089,0
train,3q9u_complex_rec_features.csv,receptor,141,15,126,10.638297872340425,0
train,3qbt_complex_lig_features.csv,ligand,130,21,109,16.153846153846153,0
train,3qbt_complex_rec_features.csv,receptor,170,24,146,14.117647058823529,0
train,3qbv_complex_lig_features.csv,ligand,289,35,254,12.110726643598616,0
train,3qbv_complex_rec_features.csv,receptor,177,25,152,14.124293785310735,0
train,3qc8_complex_lig_features.csv,ligand,80,20,60,25.0,0
train,3qc8_complex_rec_features.csv,receptor,170,28,142,16.470588235294116,0
train,3qht_complex_lig_features.csv,ligand,93,15,78,16.129032258064516,0
train,3qht_complex_rec_features.csv,receptor,79,16,63,20.253164556962027,0
train,3qhy_complex_lig_features.csv,ligand,271,30,241,11.07011070110701,0
train,3qhy_complex_rec_features.csv,receptor,258,22,236,8.527131782945736,0
train,3qi2_complex_lig_features.csv,ligand,35,29,6,82.85714285714286,0
train,3qi2_complex_rec_features.csv,receptor,318,59,259,18.553459119496853,0
train,3qlu_complex_lig_features.csv,ligand,382,40,342,10.471204188481675,0
train,3qlu_complex_rec_features.csv,receptor,374,33,341,8.823529411764707,0
train,3qml_complex_lig_features.csv,ligand,266,37,229,13.909774436090224,0
train,3qml_complex_rec_features.csv,receptor,377,31,346,8.222811671087534,0
train,3qq8_complex_lig_features.csv,ligand,80,21,59,26.25,0
train,3qq8_complex_rec_features.csv,receptor,177,26,151,14.689265536723164,0
train,3qsk_complex_lig_features.csv,ligand,123,16,107,13.008130081300814,0
train,3qsk_complex_rec_features.csv,receptor,124,16,108,12.903225806451612,0
train,3qt2_complex_lig_features.csv,ligand,110,17,93,15.454545454545453,0
train,3qt2_complex_rec_features.csv,receptor,307,22,285,7.166123778501629,0
train,3qtl_complex_lig_features.csv,ligand,75,16,59,21.333333333333336,0
train,3qtl_complex_rec_features.csv,receptor,274,29,245,10.583941605839415,0
train,3qux_complex_lig_features.csv,ligand,273,18,255,6.593406593406594,0
train,3qux_complex_rec_features.csv,receptor,442,21,421,4.751131221719457,0
train,3quy_complex_lig_features.csv,ligand,274,17,257,6.204379562043796,0
train,3quy_complex_rec_features.csv,receptor,442,20,422,4.524886877828054,0
train,3quz_complex_lig_features.csv,ligand,273,19,254,6.95970695970696,0
train,3quz_complex_rec_features.csv,receptor,442,20,422,4.524886877828054,0
train,3qwo_complex_lig_features.csv,ligand,53,17,36,32.075471698113205,0
train,3qwo_complex_rec_features.csv,receptor,430,25,405,5.813953488372093,0
train,3qwq_complex_lig_features.csv,ligand,100,17,83,17.0,0
train,3qwq_complex_rec_features.csv,receptor,613,17,596,2.7732463295269167,0
train,3r1g_complex_lig_features.csv,ligand,381,27,354,7.086614173228346,0
train,3r1g_complex_rec_features.csv,receptor,436,25,411,5.73394495412844,0
train,3r9a_complex_lig_features.csv,ligand,299,39,260,13.043478260869565,0
train,3r9a_complex_rec_features.csv,receptor,388,19,369,4.896907216494846,0
train,3rbb_complex_lig_features.csv,ligand,58,15,43,25.862068965517242,0
train,3rbb_complex_rec_features.csv,receptor,140,14,126,10.0,0
train,3rdt_complex_lig_features.csv,ligand,378,19,359,5.026455026455026,0
train,3rdt_complex_rec_features.csv,receptor,437,19,418,4.3478260869565215,0
train,3rdz_complex_lig_features.csv,ligand,67,15,52,22.388059701492537,0
train,3rdz_complex_rec_features.csv,receptor,223,32,191,14.349775784753364,0
train,3rea_complex_lig_features.csv,ligand,60,17,43,28.333333333333332,0
train,3rea_complex_rec_features.csv,receptor,127,19,108,14.960629921259844,0
train,3rgf_complex_lig_features.csv,ligand,266,45,221,16.917293233082706,0
train,3rgf_complex_rec_features.csv,receptor,339,34,305,10.029498525073747,0
train,3rkd_complex_lig_features.csv,ligand,146,26,120,17.80821917808219,0
train,3rkd_complex_rec_features.csv,receptor,437,23,414,5.263157894736842,0
train,3rpg_complex_lig_features.csv,ligand,149,19,130,12.751677852348994,0
train,3rpg_complex_rec_features.csv,receptor,200,16,184,8.0,0
train,3rt0_complex_lig_features.csv,ligand,172,27,145,15.69767441860465,0
train,3rt0_complex_rec_features.csv,receptor,331,27,304,8.157099697885197,0
train,3rtq_complex_lig_features.csv,ligand,273,19,254,6.95970695970696,0
train,3rtq_complex_rec_features.csv,receptor,442,21,421,4.751131221719457,0
train,3ru8_complex_lig_features.csv,ligand,277,31,246,11.191335740072201,0
train,3ru8_complex_rec_features.csv,receptor,440,27,413,6.136363636363637,0
train,3rug_complex_lig_features.csv,ligand,288,19,269,6.597222222222222,0
train,3rug_complex_rec_features.csv,receptor,436,22,414,5.045871559633028,0
train,3rzc_complex_lig_features.csv,ligand,274,18,256,6.569343065693431,0
train,3rzc_complex_rec_features.csv,receptor,442,21,421,4.751131221719457,0
train,3rzw_complex_lig_features.csv,ligand,75,14,61,18.666666666666668,0
train,3rzw_complex_rec_features.csv,receptor,89,12,77,13.48314606741573,0
train,3s2k_complex_lig_features.csv,ligand,85,30,55,35.294117647058826,0
train,3s2k_complex_rec_features.csv,receptor,619,37,582,5.977382875605816,0
train,3scm_complex_lig_features.csv,ligand,289,16,273,5.536332179930796,0
train,3scm_complex_rec_features.csv,receptor,439,18,421,4.100227790432802,0
train,3sda_complex_lig_features.csv,ligand,290,16,274,5.517241379310345,0
train,3sda_complex_rec_features.csv,receptor,440,15,425,3.4090909090909087,0
train,3sdd_complex_lig_features.csv,ligand,290,16,274,5.517241379310345,0
train,3sdd_complex_rec_features.csv,receptor,438,17,421,3.881278538812785,0
train,3sdy_complex_lig_features.csv,ligand,491,21,470,4.276985743380855,0
train,3sdy_complex_rec_features.csv,receptor,438,24,414,5.47945205479452,0
train,3sf4_complex_lig_features.csv,ligand,45,37,8,82.22222222222221,0
train,3sf4_complex_rec_features.csv,receptor,362,69,293,19.060773480662984,0
train,3sgb_complex_lig_features.csv,ligand,50,13,37,26.0,0
train,3sgb_complex_rec_features.csv,receptor,185,27,158,14.594594594594595,0
train,3sgk_complex_lig_features.csv,ligand,170,13,157,7.647058823529412,0
train,3sgk_complex_rec_features.csv,receptor,209,13,196,6.220095693779904,0
train,3sja_complex_lig_features.csv,ligand,61,10,51,16.39344262295082,0
train,3sja_complex_rec_features.csv,receptor,351,11,340,3.133903133903134,0
train,3skj_complex_lig_features.csv,ligand,99,24,75,24.242424242424242,0
train,3skj_complex_rec_features.csv,receptor,445,20,425,4.49438202247191,0
train,3so3_complex_lig_features.csv,ligand,241,36,205,14.937759336099585,0
train,3so3_complex_rec_features.csv,receptor,441,33,408,7.482993197278912,0
train,3sqo_complex_lig_features.csv,ligand,529,20,509,3.780718336483932,0
train,3sqo_complex_rec_features.csv,receptor,431,25,406,5.800464037122969,0
train,3t04_complex_lig_features.csv,ligand,103,17,86,16.50485436893204,0
train,3t04_complex_rec_features.csv,receptor,98,20,78,20.408163265306122,0
train,3t1q_complex_lig_features.csv,ligand,132,11,121,8.333333333333332,0
train,3t1q_complex_rec_features.csv,receptor,184,11,173,5.978260869565218,0
train,3t2n_complex_lig_features.csv,ligand,361,19,342,5.263157894736842,0
train,3t2n_complex_rec_features.csv,receptor,425,35,390,8.235294117647058,0
train,3tg1_complex_lig_features.csv,ligand,140,20,120,14.285714285714285,0
train,3tg1_complex_rec_features.csv,receptor,348,26,322,7.471264367816093,0
train,3tgk_complex_lig_features.csv,ligand,56,14,42,25.0,0
train,3tgk_complex_rec_features.csv,receptor,222,33,189,14.864864864864865,0
train,3thm_complex_lig_features.csv,ligand,79,20,59,25.31645569620253,0
train,3thm_complex_rec_features.csv,receptor,447,33,414,7.38255033557047,0
train,3tje_complex_lig_features.csv,ligand,109,21,88,19.26605504587156,0
train,3tje_complex_rec_features.csv,receptor,448,31,417,6.919642857142858,0
train,3tjz_complex_lig_features.csv,ligand,275,23,252,8.363636363636363,0
train,3tjz_complex_rec_features.csv,receptor,159,21,138,13.20754716981132,0
train,3tkl_complex_lig_features.csv,ligand,192,30,162,15.625,0
train,3tkl_complex_rec_features.csv,receptor,171,25,146,14.619883040935672,0
train,3tl8_complex_lig_features.csv,ligand,88,27,61,30.681818181818183,0
train,3tl8_complex_rec_features.csv,receptor,306,43,263,14.052287581699346,0
train,3tnf_complex_lig_features.csv,ligand,379,46,333,12.137203166226913,0
train,3tnf_complex_rec_features.csv,receptor,170,42,128,24.705882352941178,0
train,3tsr_complex_lig_features.csv,ligand,457,40,417,8.752735229759299,0
train,3tsr_complex_rec_features.csv,receptor,122,36,86,29.508196721311474,0
train,3tu3_complex_lig_features.csv,ligand,564,34,530,6.028368794326241,0
train,3tu3_complex_rec_features.csv,receptor,119,41,78,34.45378151260504,0
train,3tvj_complex_lig_features.csv,ligand,35,24,11,68.57142857142857,0
train,3tvj_complex_rec_features.csv,receptor,325,43,282,13.230769230769232,0
train,3tvm_complex_lig_features.csv,ligand,225,18,207,8.0,0
train,3tvm_complex_rec_features.csv,receptor,443,20,423,4.514672686230249,0
train,3twi_complex_lig_features.csv,ligand,117,16,101,13.675213675213676,0
train,3twi_complex_rec_features.csv,receptor,136,12,124,8.823529411764707,0
train,3uc0_complex_lig_features.csv,ligand,125,23,102,18.4,0
train,3uc0_complex_rec_features.csv,receptor,432,25,407,5.787037037037037,0
train,3uir_complex_lig_features.csv,ligand,57,16,41,28.07017543859649,0
train,3uir_complex_rec_features.csv,receptor,247,29,218,11.740890688259109,0
train,3ul4_complex_lig_features.csv,ligand,63,20,43,31.746031746031743,0
train,3ul4_complex_rec_features.csv,receptor,142,31,111,21.830985915492956,0
train,3ux9_complex_lig_features.csv,ligand,230,29,201,12.608695652173912,0
train,3ux9_complex_rec_features.csv,receptor,148,20,128,13.513513513513514,0
train,3uyo_complex_lig_features.csv,ligand,94,21,73,22.340425531914892,0
train,3uyo_complex_rec_features.csv,receptor,114,22,92,19.298245614035086,0
train,3uyp_complex_lig_features.csv,ligand,96,22,74,22.916666666666664,0
train,3uyp_complex_rec_features.csv,receptor,226,30,196,13.274336283185843,0
train,3uze_complex_lig_features.csv,ligand,99,19,80,19.19191919191919,0
train,3uze_complex_rec_features.csv,receptor,244,25,219,10.245901639344263,0
train,3uzq_complex_lig_features.csv,ligand,95,22,73,23.157894736842106,0
train,3uzq_complex_rec_features.csv,receptor,243,29,214,11.934156378600823,0
train,3uzv_complex_lig_features.csv,ligand,243,28,215,11.522633744855968,0
train,3uzv_complex_rec_features.csv,receptor,100,22,78,22.0,0
train,3v1c_complex_lig_features.csv,ligand,47,14,33,29.78723404255319,0
train,3v1c_complex_rec_features.csv,receptor,46,12,34,26.08695652173913,0
train,3v4y_complex_lig_features.csv,ligand,55,33,22,60.0,0
train,3v4y_complex_rec_features.csv,receptor,293,53,240,18.088737201365188,0
train,3v6o_complex_lig_features.csv,ligand,202,17,185,8.415841584158416,0
train,3v6o_complex_rec_features.csv,receptor,432,21,411,4.861111111111112,0
train,3v96_complex_lig_features.csv,ligand,159,32,127,20.125786163522015,0
train,3v96_complex_rec_features.csv,receptor,178,31,147,17.415730337078653,0
train,3vep_complex_lig_features.csv,ligand,69,25,44,36.231884057971016,0
train,3vep_complex_rec_features.csv,receptor,47,23,24,48.93617021276596,0
train,3vg9_complex_lig_features.csv,ligand,304,33,271,10.855263157894738,0
train,3vg9_complex_rec_features.csv,receptor,438,37,401,8.447488584474886,0
train,3vhx_complex_lig_features.csv,ligand,106,32,74,30.18867924528302,0
train,3vhx_complex_rec_features.csv,receptor,162,26,136,16.049382716049383,0
train,3vpj_complex_lig_features.csv,ligand,148,31,117,20.945945945945947,0
train,3vpj_complex_rec_features.csv,receptor,146,28,118,19.17808219178082,0
train,3vux_complex_lig_features.csv,ligand,34,15,19,44.11764705882353,0
train,3vux_complex_rec_features.csv,receptor,76,17,59,22.36842105263158,0
train,3vwk_complex_lig_features.csv,ligand,271,17,254,6.273062730627306,0
train,3vwk_complex_rec_features.csv,receptor,442,18,424,4.072398190045249,0
train,3vyr_complex_lig_features.csv,ligand,371,31,340,8.355795148247978,0
train,3vyr_complex_rec_features.csv,receptor,72,24,48,33.33333333333333,0
train,3vys_complex_lig_features.csv,ligand,333,34,299,10.21021021021021,0
train,3vys_complex_rec_features.csv,receptor,421,37,384,8.788598574821853,0
train,3vza_complex_lig_features.csv,ligand,31,26,5,83.87096774193549,0
train,3vza_complex_rec_features.csv,receptor,161,36,125,22.36024844720497,0
train,3w6j_complex_lig_features.csv,ligand,170,66,104,38.82352941176471,0
train,3w6j_complex_rec_features.csv,receptor,146,47,99,32.19178082191781,0
train,3w8h_complex_lig_features.csv,ligand,66,37,29,56.060606060606055,0
train,3w8h_complex_rec_features.csv,receptor,197,39,158,19.796954314720814,0
train,3w8i_complex_lig_features.csv,ligand,67,32,35,47.76119402985074,0
train,3w8i_complex_rec_features.csv,receptor,193,37,156,19.170984455958546,0
train,3w9e_complex_lig_features.csv,ligand,229,32,197,13.973799126637553,0
train,3w9e_complex_rec_features.csv,receptor,433,32,401,7.390300230946882,0
train,3wdg_complex_lig_features.csv,ligand,110,29,81,26.36363636363636,0
train,3wdg_complex_rec_features.csv,receptor,216,28,188,12.962962962962962,0
train,3wih_complex_lig_features.csv,ligand,96,19,77,19.791666666666664,0
train,3wih_complex_rec_features.csv,receptor,432,19,413,4.398148148148148,0
train,3wn5_complex_lig_features.csv,ligand,171,24,147,14.035087719298245,0
train,3wn5_complex_rec_features.csv,receptor,422,27,395,6.398104265402843,0
train,3wqb_complex_lig_features.csv,ligand,99,35,64,35.35353535353536,0
train,3wqb_complex_rec_features.csv,receptor,597,48,549,8.040201005025125,0
train,3wwk_complex_lig_features.csv,ligand,122,9,113,7.377049180327869,0
train,3wwk_complex_rec_features.csv,receptor,135,9,126,6.666666666666667,0
train,3wwn_complex_lig_features.csv,ligand,54,22,32,40.74074074074074,0
train,3wwn_complex_rec_features.csv,receptor,269,24,245,8.921933085501859,0
train,3wwq_complex_lig_features.csv,ligand,38,18,20,47.368421052631575,0
train,3wwq_complex_rec_features.csv,receptor,151,15,136,9.933774834437086,0
train,3zet_complex_lig_features.csv,ligand,337,32,305,9.495548961424333,0
train,3zet_complex_rec_features.csv,receptor,229,32,197,13.973799126637553,0
train,3zeu_complex_lig_features.csv,ligand,337,31,306,9.198813056379821,0
train,3zeu_complex_rec_features.csv,receptor,225,34,191,15.11111111111111,0
train,3zkq_complex_lig_features.csv,ligand,113,22,91,19.469026548672566,0
train,3zkq_complex_rec_features.csv,receptor,386,23,363,5.958549222797927,0
train,3znz_complex_lig_features.csv,ligand,146,38,108,26.027397260273972,0
train,3znz_complex_rec_features.csv,receptor,274,53,221,19.34306569343066,0
train,3zo0_complex_lig_features.csv,ligand,180,23,157,12.777777777777777,0
train,3zo0_complex_rec_features.csv,receptor,208,21,187,10.096153846153847,0
train,3zs8_complex_lig_features.csv,ligand,62,11,51,17.741935483870968,0
train,3zs8_complex_rec_features.csv,receptor,300,11,289,3.6666666666666665,0
train,3zs9_complex_lig_features.csv,ligand,31,16,15,51.61290322580645,0
train,3zs9_complex_rec_features.csv,receptor,323,24,299,7.430340557275541,0
train,3zu7_complex_lig_features.csv,ligand,154,23,131,14.935064935064934,0
train,3zu7_complex_rec_features.csv,receptor,344,19,325,5.523255813953488,0
train,3zuv_complex_lig_features.csv,ligand,122,20,102,16.39344262295082,0
train,3zuv_complex_rec_features.csv,receptor,357,15,342,4.201680672268908,0
train,3zv0_complex_lig_features.csv,ligand,161,45,116,27.95031055900621,0
train,3zv0_complex_rec_features.csv,receptor,340,53,287,15.588235294117647,0
train,3zwh_complex_lig_features.csv,ligand,43,21,22,48.837209302325576,0
train,3zwh_complex_rec_features.csv,receptor,93,27,66,29.03225806451613,0
train,3zwl_complex_lig_features.csv,ligand,39,20,19,51.28205128205128,0
train,3zwl_complex_rec_features.csv,receptor,352,28,324,7.954545454545454,0
train,3zwz_complex_lig_features.csv,ligand,36,30,6,83.33333333333334,0
train,3zwz_complex_rec_features.csv,receptor,297,53,244,17.845117845117844,0
train,3zyi_complex_lig_features.csv,ligand,330,31,299,9.393939393939393,0
train,3zyi_complex_rec_features.csv,receptor,398,41,357,10.301507537688442,0
train,4a49_complex_lig_features.csv,ligand,146,15,131,10.273972602739725,0
train,4a49_complex_rec_features.csv,receptor,76,20,56,26.31578947368421,0
train,4a94_complex_lig_features.csv,ligand,51,21,30,41.17647058823529,0
train,4a94_complex_rec_features.csv,receptor,302,31,271,10.264900662251655,0
train,4aei_complex_lig_features.csv,ligand,64,19,45,29.6875,0
train,4aei_complex_rec_features.csv,receptor,435,30,405,6.896551724137931,0
train,4afq_complex_lig_features.csv,ligand,61,20,41,32.78688524590164,0
train,4afq_complex_rec_features.csv,receptor,226,28,198,12.389380530973451,0
train,4afz_complex_lig_features.csv,ligand,61,20,41,32.78688524590164,0
train,4afz_complex_rec_features.csv,receptor,226,28,198,12.389380530973451,0
train,4ag2_complex_lig_features.csv,ligand,58,20,38,34.48275862068966,0
train,4ag2_complex_rec_features.csv,receptor,226,30,196,13.274336283185843,0
train,4al8_complex_lig_features.csv,ligand,98,18,80,18.367346938775512,0
train,4al8_complex_rec_features.csv,receptor,429,21,408,4.895104895104895,0
train,4ala_complex_lig_features.csv,ligand,92,12,80,13.043478260869565,0
train,4ala_complex_rec_features.csv,receptor,429,19,410,4.428904428904429,0
train,4an7_complex_lig_features.csv,ligand,174,25,149,14.367816091954023,0
train,4an7_complex_rec_features.csv,receptor,223,37,186,16.591928251121075,0
train,4aoq_complex_lig_features.csv,ligand,35,15,20,42.857142857142854,0
train,4aoq_complex_rec_features.csv,receptor,223,33,190,14.798206278026907,0
train,4aor_complex_lig_features.csv,ligand,34,15,19,44.11764705882353,0
train,4aor_complex_rec_features.csv,receptor,223,35,188,15.695067264573993,0
train,4apx_complex_lig_features.csv,ligand,238,27,211,11.344537815126051,0
train,4apx_complex_rec_features.csv,receptor,208,23,185,11.057692307692307,0
train,4aqe_complex_lig_features.csv,ligand,238,26,212,10.92436974789916,0
train,4aqe_complex_rec_features.csv,receptor,206,23,183,11.165048543689322,0
train,4auq_complex_lig_features.csv,ligand,77,26,51,33.76623376623377,0
train,4auq_complex_rec_features.csv,receptor,203,37,166,18.226600985221676,0
train,4ayd_complex_lig_features.csv,ligand,243,44,199,18.106995884773664,0
train,4ayd_complex_rec_features.csv,receptor,123,25,98,20.32520325203252,0
train,4aye_complex_lig_features.csv,ligand,243,48,195,19.753086419753085,0
train,4aye_complex_rec_features.csv,receptor,123,32,91,26.01626016260163,0
train,4ayi_complex_lig_features.csv,ligand,243,54,189,22.22222222222222,0
train,4ayi_complex_rec_features.csv,receptor,120,35,85,29.166666666666668,0
train,4b1y_complex_lig_features.csv,ligand,30,20,10,66.66666666666666,0
train,4b1y_complex_rec_features.csv,receptor,375,27,348,7.199999999999999,0
train,4b93_complex_lig_features.csv,ligand,191,13,178,6.806282722513089,0
train,4b93_complex_rec_features.csv,receptor,164,21,143,12.804878048780488,0
train,4bd9_complex_lig_features.csv,ligand,165,26,139,15.757575757575756,0
train,4bd9_complex_rec_features.csv,receptor,304,34,270,11.18421052631579,0
train,4brw_complex_lig_features.csv,ligand,30,24,6,80.0,0
train,4brw_complex_rec_features.csv,receptor,376,35,341,9.308510638297872,0
train,4c2a_complex_lig_features.csv,ligand,266,33,233,12.406015037593985,0
train,4c2a_complex_rec_features.csv,receptor,202,24,178,11.881188118811881,0
train,4c2b_complex_lig_features.csv,ligand,263,32,231,12.167300380228136,0
train,4c2b_complex_rec_features.csv,receptor,197,24,173,12.18274111675127,0
train,4c4p_complex_lig_features.csv,ligand,56,13,43,23.214285714285715,0
train,4c4p_complex_rec_features.csv,receptor,167,17,150,10.179640718562874,0
train,4cj0_complex_lig_features.csv,ligand,65,11,54,16.923076923076923,0
train,4cj0_complex_rec_features.csv,receptor,534,26,508,4.868913857677903,0
train,4cj1_complex_lig_features.csv,ligand,67,15,52,22.388059701492537,0
train,4cj1_complex_rec_features.csv,receptor,544,24,520,4.411764705882353,0
train,4cj2_complex_lig_features.csv,ligand,62,20,42,32.25806451612903,0
train,4cj2_complex_rec_features.csv,receptor,129,23,106,17.829457364341085,0
train,4cmh_complex_lig_features.csv,ligand,240,35,205,14.583333333333334,0
train,4cmh_complex_rec_features.csv,receptor,435,31,404,7.126436781609195,0
train,4cmm_complex_lig_features.csv,ligand,119,23,96,19.327731092436977,0
train,4cmm_complex_rec_features.csv,receptor,117,25,92,21.367521367521366,0
train,4cni_complex_lig_features.csv,ligand,171,19,152,11.11111111111111,0
train,4cni_complex_rec_features.csv,receptor,434,24,410,5.529953917050691,0
train,4ct0_complex_lig_features.csv,ligand,96,71,25,73.95833333333334,0
train,4ct0_complex_rec_features.csv,receptor,494,89,405,18.016194331983808,0
train,4cvw_complex_lig_features.csv,ligand,101,26,75,25.742574257425744,0
train,4cvw_complex_rec_features.csv,receptor,883,38,845,4.303510758776897,0
train,4d0g_complex_lig_features.csv,ligand,46,13,33,28.26086956521739,0
train,4d0g_complex_rec_features.csv,receptor,167,16,151,9.580838323353294,0
train,4d0n_complex_lig_features.csv,ligand,371,37,334,9.973045822102426,0
train,4d0n_complex_rec_features.csv,receptor,179,30,149,16.75977653631285,0
train,4d9q_complex_lig_features.csv,ligand,228,17,211,7.456140350877193,0
train,4d9q_complex_rec_features.csv,receptor,429,31,398,7.226107226107226,0
train,4d9r_complex_lig_features.csv,ligand,228,18,210,7.894736842105263,0
train,4d9r_complex_rec_features.csv,receptor,429,32,397,7.459207459207459,0
train,4dbg_complex_lig_features.csv,ligand,146,14,132,9.58904109589041,0
train,4dbg_complex_rec_features.csv,receptor,82,24,58,29.268292682926827,0
train,4dck_complex_lig_features.csv,ligand,153,48,105,31.372549019607842,0
train,4dck_complex_rec_features.csv,receptor,293,54,239,18.43003412969283,0
train,4dg4_complex_lig_features.csv,ligand,58,14,44,24.137931034482758,0
train,4dg4_complex_rec_features.csv,receptor,224,30,194,13.392857142857142,0
train,4dge_complex_lig_features.csv,ligand,145,14,131,9.655172413793103,0
train,4dge_complex_rec_features.csv,receptor,164,20,144,12.195121951219512,0
train,4dgi_complex_lig_features.csv,ligand,97,12,85,12.371134020618557,0
train,4dgi_complex_rec_features.csv,receptor,431,16,415,3.7122969837587005,0
train,4dh2_complex_lig_features.csv,ligand,72,15,57,20.833333333333336,0
train,4dh2_complex_rec_features.csv,receptor,158,27,131,17.088607594936708,0
train,4did_complex_lig_features.csv,ligand,127,42,85,33.07086614173229,0
train,4did_complex_rec_features.csv,receptor,179,43,136,24.022346368715084,0
train,4dkd_complex_lig_features.csv,ligand,276,27,249,9.782608695652174,0
train,4dkd_complex_rec_features.csv,receptor,161,34,127,21.11801242236025,0
train,4dke_complex_lig_features.csv,ligand,159,17,142,10.69182389937107,0
train,4dke_complex_rec_features.csv,receptor,439,24,415,5.466970387243736,0
train,4dkf_complex_lig_features.csv,ligand,146,18,128,12.32876712328767,0
train,4dkf_complex_rec_features.csv,receptor,421,16,405,3.800475059382423,0
train,4dn4_complex_lig_features.csv,ligand,61,14,47,22.950819672131146,0
train,4dn4_complex_rec_features.csv,receptor,432,18,414,4.166666666666666,0
train,4doh_complex_lig_features.csv,ligand,153,39,114,25.49019607843137,0
train,4doh_complex_rec_features.csv,receptor,397,45,352,11.335012594458437,0
train,4doq_complex_lig_features.csv,ligand,47,13,34,27.659574468085108,0
train,4doq_complex_rec_features.csv,receptor,223,27,196,12.10762331838565,0
train,4drx_complex_lig_features.csv,ligand,155,22,133,14.193548387096774,0
train,4drx_complex_rec_features.csv,receptor,431,21,410,4.872389791183294,0
train,4dt1_complex_lig_features.csv,ligand,232,36,196,15.517241379310345,0
train,4dt1_complex_rec_features.csv,receptor,213,33,180,15.492957746478872,0
train,4dtg_complex_lig_features.csv,ligand,60,20,40,33.33333333333333,0
train,4dtg_complex_rec_features.csv,receptor,440,25,415,5.681818181818182,0
train,4dvg_complex_lig_features.csv,ligand,294,31,263,10.54421768707483,0
train,4dvg_complex_rec_features.csv,receptor,164,22,142,13.414634146341465,0
train,4dx8_complex_lig_features.csv,ligand,120,28,92,23.333333333333332,0
train,4dx8_complex_rec_features.csv,receptor,139,35,104,25.179856115107913,0
train,4dxa_complex_lig_features.csv,ligand,311,24,287,7.717041800643088,0
train,4dxa_complex_rec_features.csv,receptor,168,23,145,13.690476190476192,0
train,4dzu_complex_lig_features.csv,ligand,38,21,17,55.26315789473685,0
train,4dzu_complex_rec_features.csv,receptor,198,34,164,17.17171717171717,0
train,4edw_complex_lig_features.csv,ligand,108,19,89,17.59259259259259,0
train,4edw_complex_rec_features.csv,receptor,435,20,415,4.597701149425287,0
train,4eee_complex_lig_features.csv,ligand,156,24,132,15.384615384615385,0
train,4eee_complex_rec_features.csv,receptor,115,26,89,22.608695652173914,0
train,4eef_complex_lig_features.csv,ligand,45,14,31,31.11111111111111,0
train,4eef_complex_rec_features.csv,receptor,498,26,472,5.220883534136546,0
train,4eig_complex_lig_features.csv,ligand,117,23,94,19.65811965811966,0
train,4eig_complex_rec_features.csv,receptor,159,23,136,14.465408805031446,0
train,4eiz_complex_lig_features.csv,ligand,127,16,111,12.598425196850393,0
train,4eiz_complex_rec_features.csv,receptor,159,18,141,11.320754716981133,0
train,4ekd_complex_lig_features.csv,ligand,132,26,106,19.696969696969695,0
train,4ekd_complex_rec_features.csv,receptor,318,25,293,7.861635220125786,0
train,4en3_complex_lig_features.csv,ligand,253,14,239,5.533596837944664,0
train,4en3_complex_rec_features.csv,receptor,425,19,406,4.470588235294118,0
train,4eqa_complex_lig_features.csv,ligand,150,30,120,20.0,0
train,4eqa_complex_rec_features.csv,receptor,146,27,119,18.493150684931507,0
train,4ers_complex_lig_features.csv,ligand,96,5,91,5.208333333333334,0
train,4ers_complex_rec_features.csv,receptor,445,8,437,1.7977528089887642,0
train,4etp_complex_lig_features.csv,ligand,307,30,277,9.77198697068404,0
train,4etp_complex_rec_features.csv,receptor,384,33,351,8.59375,0
train,4etq_complex_lig_features.csv,ligand,235,29,206,12.340425531914894,0
train,4etq_complex_rec_features.csv,receptor,432,27,405,6.25,0
train,4etw_complex_lig_features.csv,ligand,75,16,59,21.333333333333336,0
train,4etw_complex_rec_features.csv,receptor,255,11,244,4.313725490196078,0
train,4exp_complex_lig_features.csv,ligand,283,28,255,9.89399293286219,0
train,4exp_complex_rec_features.csv,receptor,171,31,140,18.128654970760234,0
train,4f37_complex_lig_features.csv,ligand,102,10,92,9.803921568627452,0
train,4f37_complex_rec_features.csv,receptor,443,23,420,5.191873589164786,0
train,4f38_complex_lig_features.csv,ligand,198,44,154,22.22222222222222,0
train,4f38_complex_rec_features.csv,receptor,190,33,157,17.36842105263158,0
train,4f3f_complex_lig_features.csv,ligand,59,18,41,30.508474576271187,0
train,4f3f_complex_rec_features.csv,receptor,430,27,403,6.279069767441861,0
train,4f48_complex_lig_features.csv,ligand,99,14,85,14.14141414141414,0
train,4f48_complex_rec_features.csv,receptor,241,14,227,5.809128630705394,0
train,4f6r_complex_lig_features.csv,ligand,79,56,23,70.88607594936708,0
train,4f6r_complex_rec_features.csv,receptor,868,70,798,8.064516129032258,0
train,4ffy_complex_lig_features.csv,ligand,97,31,66,31.958762886597935,0
train,4ffy_complex_rec_features.csv,receptor,231,26,205,11.255411255411255,0
train,4fqi_complex_lig_features.csv,ligand,500,24,476,4.8,0
train,4fqi_complex_rec_features.csv,receptor,432,15,417,3.4722222222222223,0
train,4fqj_complex_lig_features.csv,ligand,294,21,273,7.142857142857142,0
train,4fqj_complex_rec_features.csv,receptor,443,23,420,5.191873589164786,0
train,4g3y_complex_lig_features.csv,ligand,148,26,122,17.56756756756757,0
train,4g3y_complex_rec_features.csv,receptor,434,29,405,6.682027649769585,0
train,4g59_complex_lig_features.csv,ligand,264,37,227,14.015151515151514,0
train,4g59_complex_rec_features.csv,receptor,172,39,133,22.674418604651162,0
train,4g6j_complex_lig_features.csv,ligand,149,23,126,15.436241610738255,0
train,4g6j_complex_rec_features.csv,receptor,430,28,402,6.511627906976744,0
train,4g6m_complex_lig_features.csv,ligand,150,24,126,16.0,0
train,4g6m_complex_rec_features.csv,receptor,433,21,412,4.849884526558892,0
train,4g6u_complex_lig_features.csv,ligand,160,34,126,21.25,0
train,4g6u_complex_rec_features.csv,receptor,205,24,181,11.707317073170733,0
train,4g6v_complex_lig_features.csv,ligand,103,29,74,28.155339805825243,0
train,4g6v_complex_rec_features.csv,receptor,132,32,100,24.242424242424242,0
train,4gaf_complex_lig_features.csv,ligand,310,58,252,18.70967741935484,0
train,4gaf_complex_rec_features.csv,receptor,152,43,109,28.289473684210524,0
train,4geh_complex_lig_features.csv,ligand,69,37,32,53.62318840579711,0
train,4geh_complex_rec_features.csv,receptor,198,37,161,18.68686868686869,0
train,4gh7_complex_lig_features.csv,ligand,275,30,245,10.909090909090908,0
train,4gh7_complex_rec_features.csv,receptor,174,24,150,13.793103448275861,0
train,4gi3_complex_lig_features.csv,ligand,57,15,42,26.31578947368421,0
train,4gi3_complex_rec_features.csv,receptor,274,27,247,9.854014598540147,0
train,4gla_complex_lig_features.csv,ligand,89,18,71,20.224719101123593,0
train,4gla_complex_rec_features.csv,receptor,129,22,107,17.05426356589147,0
train,4glv_complex_lig_features.csv,ligand,106,19,87,17.92452830188679,0
train,4glv_complex_rec_features.csv,receptor,129,25,104,19.379844961240313,0
train,4gms_complex_lig_features.csv,ligand,316,24,292,7.59493670886076,0
train,4gms_complex_rec_features.csv,receptor,428,21,407,4.906542056074766,0
train,4gn3_complex_lig_features.csv,ligand,110,21,89,19.090909090909093,0
train,4gn3_complex_rec_features.csv,receptor,129,27,102,20.930232558139537,0
train,4gn4_complex_lig_features.csv,ligand,129,26,103,20.155038759689923,0
train,4gn4_complex_rec_features.csv,receptor,108,21,87,19.444444444444446,0
train,4gn5_complex_lig_features.csv,ligand,129,24,105,18.6046511627907,0
train,4gn5_complex_rec_features.csv,receptor,107,23,84,21.49532710280374,0
train,4grl_complex_lig_features.csv,ligand,371,47,324,12.668463611859837,0
train,4grl_complex_rec_features.csv,receptor,455,38,417,8.35164835164835,0
train,4h2s_complex_lig_features.csv,ligand,74,18,56,24.324324324324326,0
train,4h2s_complex_rec_features.csv,receptor,297,11,286,3.7037037037037033,0
train,4h2w_complex_lig_features.csv,ligand,75,17,58,22.666666666666664,0
train,4h2w_complex_rec_features.csv,receptor,295,14,281,4.745762711864407,0
train,4h6j_complex_lig_features.csv,ligand,111,24,87,21.62162162162162,0
train,4h6j_complex_rec_features.csv,receptor,106,24,82,22.641509433962266,0
train,4h88_complex_lig_features.csv,ligand,102,12,90,11.76470588235294,0
train,4h88_complex_rec_features.csv,receptor,431,17,414,3.944315545243619,0
train,4hcn_complex_lig_features.csv,ligand,77,32,45,41.55844155844156,0
train,4hcn_complex_rec_features.csv,receptor,250,42,208,16.8,0
train,4hcp_complex_lig_features.csv,ligand,75,25,50,33.33333333333333,0
train,4hcp_complex_rec_features.csv,receptor,250,41,209,16.400000000000002,0
train,4hdo_complex_lig_features.csv,ligand,167,23,144,13.77245508982036,0
train,4hdo_complex_rec_features.csv,receptor,314,22,292,7.006369426751593,0
train,4hem_complex_lig_features.csv,ligand,123,12,111,9.75609756097561,0
train,4hem_complex_rec_features.csv,receptor,130,18,112,13.846153846153847,0
train,4hep_complex_lig_features.csv,ligand,130,20,110,15.384615384615385,0
train,4hep_complex_rec_features.csv,receptor,162,20,142,12.345679012345679,0
train,4hff_complex_lig_features.csv,ligand,99,22,77,22.22222222222222,0
train,4hff_complex_rec_features.csv,receptor,157,20,137,12.738853503184714,0
train,4hfk_complex_lig_features.csv,ligand,98,18,80,18.367346938775512,0
train,4hfk_complex_rec_features.csv,receptor,160,20,140,12.5,0
train,4hgm_complex_lig_features.csv,ligand,489,20,469,4.08997955010225,0
train,4hgm_complex_rec_features.csv,receptor,103,17,86,16.50485436893204,0
train,4hh3_complex_lig_features.csv,ligand,217,31,186,14.285714285714285,0
train,4hh3_complex_rec_features.csv,receptor,251,25,226,9.9601593625498,0
train,4hj0_complex_lig_features.csv,ligand,92,22,70,23.91304347826087,0
train,4hj0_complex_rec_features.csv,receptor,428,29,399,6.775700934579438,0
train,4hjj_complex_lig_features.csv,ligand,157,25,132,15.92356687898089,0
train,4hjj_complex_rec_features.csv,receptor,675,29,646,4.296296296296296,0
train,4hkx_complex_lig_features.csv,ligand,212,27,185,12.735849056603774,0
train,4hkx_complex_rec_features.csv,receptor,437,18,419,4.118993135011442,0
train,4hlz_complex_lig_features.csv,ligand,172,17,155,9.883720930232558,0
train,4hlz_complex_rec_features.csv,receptor,433,14,419,3.233256351039261,0
train,4hrl_complex_lig_features.csv,ligand,162,19,143,11.728395061728394,0
train,4hrl_complex_rec_features.csv,receptor,169,22,147,13.017751479289942,0
train,4hx3_complex_lig_features.csv,ligand,114,21,93,18.421052631578945,0
train,4hx3_complex_rec_features.csv,receptor,133,28,105,21.052631578947366,0
train,4i0c_complex_lig_features.csv,ligand,127,18,109,14.173228346456693,0
train,4i0c_complex_rec_features.csv,receptor,130,21,109,16.153846153846153,0
train,4i2x_complex_lig_features.csv,ligand,316,30,286,9.49367088607595,0
train,4i2x_complex_rec_features.csv,receptor,443,28,415,6.320541760722348,0
train,4i3r_complex_lig_features.csv,ligand,190,29,161,15.263157894736842,0
train,4i3r_complex_rec_features.csv,receptor,436,28,408,6.422018348623854,0
train,4i6l_complex_lig_features.csv,ligand,75,21,54,28.000000000000004,0
train,4i6l_complex_rec_features.csv,receptor,229,31,198,13.537117903930133,0
train,4i77_complex_lig_features.csv,ligand,101,25,76,24.752475247524753,0
train,4i77_complex_rec_features.csv,receptor,437,23,414,5.263157894736842,0
train,4i9x_complex_lig_features.csv,ligand,103,37,66,35.92233009708738,0
train,4i9x_complex_rec_features.csv,receptor,205,45,160,21.951219512195124,0
train,4ic7_complex_lig_features.csv,ligand,123,41,82,33.33333333333333,0
train,4ic7_complex_rec_features.csv,receptor,355,51,304,14.366197183098592,0
train,4iiq_complex_lig_features.csv,ligand,359,25,334,6.963788300835655,0
train,4iiq_complex_rec_features.csv,receptor,442,28,414,6.334841628959276,0
train,4ij3_complex_lig_features.csv,ligand,237,24,213,10.126582278481013,0
train,4ij3_complex_rec_features.csv,receptor,434,26,408,5.990783410138248,0
train,4ilw_complex_lig_features.csv,ligand,159,30,129,18.867924528301888,0
train,4ilw_complex_rec_features.csv,receptor,182,34,148,18.681318681318682,0
train,4ios_complex_lig_features.csv,ligand,121,13,108,10.743801652892563,0
train,4ios_complex_rec_features.csv,receptor,99,19,80,19.19191919191919,0
train,4iu3_complex_lig_features.csv,ligand,236,27,209,11.440677966101696,0
train,4iu3_complex_rec_features.csv,receptor,207,33,174,15.942028985507244,0
train,4iyp_complex_lig_features.csv,ligand,146,27,119,18.493150684931507,0
train,4iyp_complex_rec_features.csv,receptor,202,21,181,10.396039603960396,0
train,4j2y_complex_lig_features.csv,ligand,223,38,185,17.040358744394617,0
train,4j2y_complex_rec_features.csv,receptor,174,24,150,13.793103448275861,0
train,4j32_complex_lig_features.csv,ligand,101,8,93,7.920792079207921,0
train,4j32_complex_rec_features.csv,receptor,160,11,149,6.875000000000001,0
train,4j4p_complex_lig_features.csv,ligand,317,19,298,5.993690851735016,0
train,4j4p_complex_rec_features.csv,receptor,443,29,414,6.5462753950338595,0
train,4jb8_complex_lig_features.csv,ligand,158,20,138,12.658227848101266,0
train,4jb8_complex_rec_features.csv,receptor,235,25,210,10.638297872340425,0
train,4je4_complex_lig_features.csv,ligand,93,24,69,25.806451612903224,0
train,4je4_complex_rec_features.csv,receptor,102,26,76,25.49019607843137,0
train,4jeg_complex_lig_features.csv,ligand,93,20,73,21.50537634408602,0
train,4jeg_complex_rec_features.csv,receptor,118,36,82,30.508474576271187,0
train,4jeh_complex_lig_features.csv,ligand,221,50,171,22.624434389140273,0
train,4jeh_complex_rec_features.csv,receptor,563,52,511,9.236234458259325,0
train,4jkp_complex_lig_features.csv,ligand,344,42,302,12.209302325581394,0
train,4jkp_complex_rec_features.csv,receptor,432,30,402,6.944444444444445,0
train,4jlr_complex_lig_features.csv,ligand,103,16,87,15.53398058252427,0
train,4jlr_complex_rec_features.csv,receptor,430,21,409,4.883720930232558,0
train,4jpk_complex_lig_features.csv,ligand,169,29,140,17.159763313609467,0
train,4jpk_complex_rec_features.csv,receptor,429,30,399,6.993006993006993,0
train,4jra_complex_lig_features.csv,ligand,93,14,79,15.053763440860216,0
train,4jra_complex_rec_features.csv,receptor,421,18,403,4.275534441805226,0
train,4jw2_complex_lig_features.csv,ligand,190,19,171,10.0,0
train,4jw2_complex_rec_features.csv,receptor,73,23,50,31.506849315068493,0
train,4jw3_complex_lig_features.csv,ligand,96,18,78,18.75,0
train,4jw3_complex_rec_features.csv,receptor,112,17,95,15.178571428571427,0
train,4jzj_complex_lig_features.csv,ligand,266,20,246,7.518796992481203,0
train,4jzj_complex_rec_features.csv,receptor,440,26,414,5.909090909090909,0
train,4k1r_complex_lig_features.csv,ligand,77,24,53,31.16883116883117,0
train,4k1r_complex_rec_features.csv,receptor,189,36,153,19.047619047619047,0
train,4k2u_complex_lig_features.csv,ligand,252,11,241,4.365079365079365,0
train,4k2u_complex_rec_features.csv,receptor,430,21,409,4.883720930232558,0
train,4k3j_complex_lig_features.csv,ligand,509,24,485,4.715127701375246,0
train,4k3j_complex_rec_features.csv,receptor,438,29,409,6.621004566210045,0
train,4k5a_complex_lig_features.csv,ligand,161,23,138,14.285714285714285,0
train,4k5a_complex_rec_features.csv,receptor,164,21,143,12.804878048780488,0
train,4k5b_complex_lig_features.csv,ligand,145,27,118,18.620689655172416,0
train,4k5b_complex_rec_features.csv,receptor,156,24,132,15.384615384615385,0
train,4k71_complex_lig_features.csv,ligand,583,48,535,8.233276157804461,0
train,4k71_complex_rec_features.csv,receptor,363,42,321,11.570247933884298,0
train,4k81_complex_lig_features.csv,ligand,171,12,159,7.017543859649122,0
train,4k81_complex_rec_features.csv,receptor,251,12,239,4.780876494023905,0
train,4k94_complex_lig_features.csv,ligand,199,29,170,14.572864321608039,0
train,4k94_complex_rec_features.csv,receptor,427,26,401,6.0889929742388755,0
train,4k9e_complex_lig_features.csv,ligand,199,31,168,15.577889447236181,0
train,4k9e_complex_rec_features.csv,receptor,446,27,419,6.053811659192825,0
train,4kdi_complex_lig_features.csv,ligand,75,15,60,20.0,0
train,4kdi_complex_rec_features.csv,receptor,166,17,149,10.240963855421686,0
train,4kfz_complex_lig_features.csv,ligand,127,30,97,23.62204724409449,0
train,4kfz_complex_rec_features.csv,receptor,148,35,113,23.64864864864865,0
train,4kgg_complex_lig_features.csv,ligand,149,17,132,11.409395973154362,0
train,4kgg_complex_rec_features.csv,receptor,163,22,141,13.496932515337424,0
train,4kht_complex_lig_features.csv,ligand,66,13,53,19.696969696969695,0
train,4kht_complex_rec_features.csv,receptor,428,26,402,6.074766355140187,0
train,4khx_complex_lig_features.csv,ligand,66,14,52,21.21212121212121,0
train,4khx_complex_rec_features.csv,receptor,424,26,398,6.132075471698113,0
train,4kjy_complex_lig_features.csv,ligand,116,25,91,21.551724137931032,0
train,4kjy_complex_rec_features.csv,receptor,113,23,90,20.353982300884958,0
train,4kr0_complex_lig_features.csv,ligand,208,26,182,12.5,0
train,4kr0_complex_rec_features.csv,receptor,728,29,699,3.983516483516483,0
train,4krl_complex_lig_features.csv,ligand,205,18,187,8.780487804878048,0
train,4krl_complex_rec_features.csv,receptor,122,21,101,17.21311475409836,0
train,4krp_complex_lig_features.csv,ligand,534,26,508,4.868913857677903,0
train,4krp_complex_rec_features.csv,receptor,429,24,405,5.594405594405594,0
train,4kt5_complex_lig_features.csv,ligand,88,16,72,18.181818181818183,0
train,4kt5_complex_rec_features.csv,receptor,112,22,90,19.642857142857142,0
train,4kv5_complex_lig_features.csv,ligand,229,22,207,9.606986899563319,0
train,4kv5_complex_rec_features.csv,receptor,112,14,98,12.5,0
train,4kvg_complex_lig_features.csv,ligand,260,15,245,5.769230769230769,0
train,4kvg_complex_rec_features.csv,receptor,168,12,156,7.142857142857142,0
train,4kxz_complex_lig_features.csv,ligand,112,14,98,12.5,0
train,4kxz_complex_rec_features.csv,receptor,436,21,415,4.81651376146789,0
train,4lad_complex_lig_features.csv,ligand,69,20,49,28.985507246376812,0
train,4lad_complex_rec_features.csv,receptor,163,39,124,23.92638036809816,0
train,4leo_complex_lig_features.csv,ligand,604,25,579,4.13907284768212,0
train,4leo_complex_rec_features.csv,receptor,439,25,414,5.694760820045558,0
train,4lgp_complex_lig_features.csv,ligand,115,20,95,17.391304347826086,0
train,4lgp_complex_rec_features.csv,receptor,261,23,238,8.812260536398467,0
train,4lgr_complex_lig_features.csv,ligand,122,21,101,17.21311475409836,0
train,4lgr_complex_rec_features.csv,receptor,255,21,234,8.235294117647058,0
train,4liq_complex_lig_features.csv,ligand,481,25,456,5.197505197505198,0
train,4liq_complex_rec_features.csv,receptor,430,27,403,6.279069767441861,0
train,4lmq_complex_lig_features.csv,ligand,58,16,42,27.586206896551722,0
train,4lmq_complex_rec_features.csv,receptor,434,22,412,5.0691244239631335,0
train,4ln0_complex_lig_features.csv,ligand,50,25,25,50.0,0
train,4ln0_complex_rec_features.csv,receptor,216,29,187,13.425925925925927,0
train,4lqf_complex_lig_features.csv,ligand,86,17,69,19.767441860465116,0
train,4lqf_complex_rec_features.csv,receptor,434,22,412,5.0691244239631335,0
train,4lqw_complex_lig_features.csv,ligand,145,13,132,8.96551724137931,0
train,4lqw_complex_rec_features.csv,receptor,169,18,151,10.650887573964498,0
train,4lrz_complex_lig_features.csv,ligand,294,26,268,8.843537414965986,0
train,4lrz_complex_rec_features.csv,receptor,211,26,185,12.322274881516588,0
train,4lu5_complex_lig_features.csv,ligand,88,20,68,22.727272727272727,0
train,4lu5_complex_rec_features.csv,receptor,432,29,403,6.712962962962964,0
train,4lyl_complex_lig_features.csv,ligand,82,27,55,32.926829268292686,0
train,4lyl_complex_rec_features.csv,receptor,223,27,196,12.10762331838565,0
train,4lzx_complex_lig_features.csv,ligand,37,26,11,70.27027027027027,0
train,4lzx_complex_rec_features.csv,receptor,145,39,106,26.89655172413793,0
train,4m0w_complex_lig_features.csv,ligand,76,22,54,28.947368421052634,0
train,4m0w_complex_rec_features.csv,receptor,317,33,284,10.410094637223976,0
train,4m1g_complex_lig_features.csv,ligand,173,31,142,17.91907514450867,0
train,4m1g_complex_rec_features.csv,receptor,434,35,399,8.064516129032258,0
train,4m5z_complex_lig_features.csv,ligand,215,23,192,10.69767441860465,0
train,4m5z_complex_rec_features.csv,receptor,438,24,414,5.47945205479452,0
train,4m62_complex_lig_features.csv,ligand,155,23,132,14.838709677419354,0
train,4m62_complex_rec_features.csv,receptor,240,31,209,12.916666666666668,0
train,4m6b_complex_lig_features.csv,ligand,31,22,9,70.96774193548387,0
train,4m6b_complex_rec_features.csv,receptor,187,29,158,15.508021390374333,0
train,4m8q_complex_lig_features.csv,ligand,148,21,127,14.18918918918919,0
train,4m8q_complex_rec_features.csv,receptor,232,30,202,12.931034482758621,0
train,4may_complex_lig_features.csv,ligand,370,47,323,12.702702702702704,0
train,4may_complex_rec_features.csv,receptor,453,33,420,7.28476821192053,0
train,4mit_complex_lig_features.csv,ligand,43,28,15,65.11627906976744,0
train,4mit_complex_rec_features.csv,receptor,181,30,151,16.574585635359114,0
train,4ml7_complex_lig_features.csv,ligand,98,32,66,32.6530612244898,0
train,4ml7_complex_rec_features.csv,receptor,129,32,97,24.8062015503876,0
train,4msm_complex_lig_features.csv,ligand,76,24,52,31.57894736842105,0
train,4msm_complex_rec_features.csv,receptor,186,35,151,18.817204301075268,0
train,4n7v_complex_lig_features.csv,ligand,33,25,8,75.75757575757575,0
train,4n7v_complex_rec_features.csv,receptor,222,31,191,13.963963963963963,0
train,4n9g_complex_lig_features.csv,ligand,36,15,21,41.66666666666667,0
train,4n9g_complex_rec_features.csv,receptor,436,24,412,5.5045871559633035,0
train,4noo_complex_lig_features.csv,ligand,92,34,58,36.95652173913043,0
train,4noo_complex_rec_features.csv,receptor,197,33,164,16.751269035532996,0
train,4np4_complex_lig_features.csv,ligand,271,21,250,7.7490774907749085,0
train,4np4_complex_rec_features.csv,receptor,434,23,411,5.299539170506913,0
train,4nqw_complex_lig_features.csv,ligand,73,43,30,58.9041095890411,0
train,4nqw_complex_rec_features.csv,receptor,149,50,99,33.557046979865774,0
train,4nso_complex_lig_features.csv,ligand,91,30,61,32.967032967032964,0
train,4nso_complex_rec_features.csv,receptor,194,31,163,15.979381443298967,0
train,4nst_complex_lig_features.csv,ligand,246,28,218,11.38211382113821,0
train,4nst_complex_rec_features.csv,receptor,330,32,298,9.696969696969697,0
train,4nzl_complex_lig_features.csv,ligand,98,16,82,16.3265306122449,0
train,4nzl_complex_rec_features.csv,receptor,218,31,187,14.220183486238533,0
train,4ojk_complex_lig_features.csv,ligand,37,16,21,43.24324324324324,0
train,4ojk_complex_rec_features.csv,receptor,174,19,155,10.919540229885058,0
train,4ol0_complex_lig_features.csv,ligand,920,61,859,6.630434782608696,0
train,4ol0_complex_rec_features.csv,receptor,172,48,124,27.906976744186046,0
train,4ons_complex_lig_features.csv,ligand,61,40,21,65.57377049180327,0
train,4ons_complex_rec_features.csv,receptor,243,68,175,27.983539094650205,0
train,4ov6_complex_lig_features.csv,ligand,99,19,80,19.19191919191919,0
train,4ov6_complex_rec_features.csv,receptor,386,30,356,7.772020725388601,0
train,4ovn_complex_lig_features.csv,ligand,136,28,108,20.588235294117645,0
train,4ovn_complex_rec_features.csv,receptor,135,36,99,26.666666666666668,0
train,4oyd_complex_lig_features.csv,ligand,117,26,91,22.22222222222222,0
train,4oyd_complex_rec_features.csv,receptor,156,32,124,20.51282051282051,0
train,4p1n_complex_lig_features.csv,ligand,53,40,13,75.47169811320755,0
train,4p1n_complex_rec_features.csv,receptor,213,67,146,31.455399061032864,0
train,4p23_complex_lig_features.csv,ligand,438,19,419,4.337899543378995,0
train,4p23_complex_rec_features.csv,receptor,380,19,361,5.0,0
train,4p2c_complex_lig_features.csv,ligand,280,12,268,4.285714285714286,0
train,4p2c_complex_rec_features.csv,receptor,188,16,172,8.51063829787234,0
train,4p3y_complex_lig_features.csv,ligand,181,24,157,13.259668508287293,0
train,4p3y_complex_rec_features.csv,receptor,386,17,369,4.404145077720207,0
train,4p46_complex_lig_features.csv,ligand,379,19,360,5.013192612137203,0
train,4p46_complex_rec_features.csv,receptor,437,19,418,4.3478260869565215,0
train,4p6i_complex_lig_features.csv,ligand,295,31,264,10.508474576271185,0
train,4p6i_complex_rec_features.csv,receptor,101,33,68,32.67326732673268,0
train,4p9h_complex_lig_features.csv,ligand,352,20,332,5.681818181818182,0
train,4p9h_complex_rec_features.csv,receptor,443,16,427,3.611738148984198,0
train,4pas_complex_lig_features.csv,ligand,39,21,18,53.84615384615385,0
train,4pas_complex_rec_features.csv,receptor,35,22,13,62.857142857142854,0
train,4pbv_complex_lig_features.csv,ligand,198,25,173,12.626262626262626,0
train,4pbv_complex_rec_features.csv,receptor,258,33,225,12.790697674418606,0
train,4peq_complex_lig_features.csv,ligand,456,40,416,8.771929824561402,0
train,4peq_complex_rec_features.csv,receptor,123,39,84,31.70731707317073,0
train,4pgj_complex_lig_features.csv,ligand,128,24,104,18.75,0
train,4pgj_complex_rec_features.csv,receptor,119,21,98,17.647058823529413,0
train,4pj7_complex_lig_features.csv,ligand,270,25,245,9.25925925925926,0
train,4pj7_complex_rec_features.csv,receptor,437,26,411,5.949656750572083,0
train,4pj9_complex_lig_features.csv,ligand,271,24,247,8.856088560885608,0
train,4pj9_complex_rec_features.csv,receptor,435,27,408,6.206896551724138,0
train,4pja_complex_lig_features.csv,ligand,270,27,243,10.0,0
train,4pja_complex_rec_features.csv,receptor,436,29,407,6.651376146788992,0
train,4pjb_complex_lig_features.csv,ligand,270,26,244,9.62962962962963,0
train,4pjb_complex_rec_features.csv,receptor,435,27,408,6.206896551724138,0
train,4pjc_complex_lig_features.csv,ligand,270,24,246,8.88888888888889,0
train,4pjc_complex_rec_features.csv,receptor,437,31,406,7.093821510297483,0
train,4pjd_complex_lig_features.csv,ligand,270,24,246,8.88888888888889,0
train,4pjd_complex_rec_features.csv,receptor,436,27,409,6.192660550458716,0
train,4pjf_complex_lig_features.csv,ligand,269,24,245,8.921933085501859,0
train,4pjf_complex_rec_features.csv,receptor,438,32,406,7.30593607305936,0
train,4pou_complex_lig_features.csv,ligand,122,20,102,16.39344262295082,0
train,4pou_complex_rec_features.csv,receptor,124,19,105,15.32258064516129,0
train,4pqt_complex_lig_features.csv,ligand,76,25,51,32.89473684210527,0
train,4pqt_complex_rec_features.csv,receptor,185,39,146,21.08108108108108,0
train,4ps4_complex_lig_features.csv,ligand,86,12,74,13.953488372093023,0
train,4ps4_complex_rec_features.csv,receptor,436,14,422,3.211009174311927,0
train,4pvz_complex_lig_features.csv,ligand,35,27,8,77.14285714285715,0
train,4pvz_complex_rec_features.csv,receptor,422,61,361,14.454976303317535,0
train,4py8_complex_lig_features.csv,ligand,501,28,473,5.588822355289421,0
train,4py8_complex_rec_features.csv,receptor,431,19,412,4.408352668213457,0
train,4q5e_complex_lig_features.csv,ligand,168,41,127,24.404761904761905,0
train,4q5e_complex_rec_features.csv,receptor,231,35,196,15.151515151515152,0
train,4qci_complex_lig_features.csv,ligand,96,18,78,18.75,0
train,4qci_complex_rec_features.csv,receptor,426,25,401,5.868544600938967,0
train,4qlb_complex_lig_features.csv,ligand,34,22,12,64.70588235294117,0
train,4qlb_complex_rec_features.csv,receptor,649,31,618,4.776579352850539,0
train,4qnp_complex_lig_features.csv,ligand,772,31,741,4.015544041450777,0
train,4qnp_complex_rec_features.csv,receptor,436,31,405,7.110091743119266,0
train,4qti_complex_lig_features.csv,ligand,277,17,260,6.137184115523466,0
train,4qti_complex_rec_features.csv,receptor,435,24,411,5.517241379310345,0
train,4qzv_complex_lig_features.csv,ligand,208,26,182,12.5,0
train,4qzv_complex_rec_features.csv,receptor,727,21,706,2.8885832187070153,0
train,4r8w_complex_lig_features.csv,ligand,485,23,462,4.742268041237113,0
train,4r8w_complex_rec_features.csv,receptor,237,22,215,9.282700421940929,0
train,4rdq_complex_lig_features.csv,ligand,366,11,355,3.0054644808743167,0
train,4rdq_complex_rec_features.csv,receptor,429,15,414,3.4965034965034967,0
train,4re1_complex_lig_features.csv,ligand,50,37,13,74.0,0
train,4re1_complex_rec_features.csv,receptor,218,46,172,21.100917431192663,0
train,4rgm_complex_lig_features.csv,ligand,236,27,209,11.440677966101696,0
train,4rgm_complex_rec_features.csv,receptor,434,25,409,5.76036866359447,0
train,4rgo_complex_lig_features.csv,ligand,237,25,212,10.548523206751055,0
train,4rgo_complex_rec_features.csv,receptor,432,27,405,6.25,0
train,4rs1_complex_lig_features.csv,ligand,112,32,80,28.57142857142857,0
train,4rs1_complex_rec_features.csv,receptor,281,27,254,9.608540925266903,0
train,4rt6_complex_lig_features.csv,ligand,185,35,150,18.91891891891892,0
train,4rt6_complex_rec_features.csv,receptor,813,49,764,6.027060270602706,0
train,4rwt_complex_lig_features.csv,ligand,280,49,231,17.5,0
train,4rwt_complex_rec_features.csv,receptor,369,58,311,15.718157181571815,0
train,4s0s_complex_lig_features.csv,ligand,94,16,78,17.02127659574468,0
train,4s0s_complex_rec_features.csv,receptor,287,18,269,6.2717770034843205,0
train,4s3o_complex_lig_features.csv,ligand,148,17,131,11.486486486486488,0
train,4s3o_complex_rec_features.csv,receptor,107,16,91,14.953271028037381,0
train,4tq0_complex_lig_features.csv,ligand,40,23,17,57.49999999999999,0
train,4tq0_complex_rec_features.csv,receptor,271,35,236,12.915129151291513,0
train,4tq1_complex_lig_features.csv,ligand,32,20,12,62.5,0
train,4tq1_complex_rec_features.csv,receptor,269,39,230,14.49814126394052,0
train,4u30_complex_lig_features.csv,ligand,54,12,42,22.22222222222222,0
train,4u30_complex_rec_features.csv,receptor,224,34,190,15.178571428571427,0
train,4u32_complex_lig_features.csv,ligand,224,33,191,14.732142857142858,0
train,4u32_complex_rec_features.csv,receptor,54,14,40,25.925925925925924,0
train,4u3j_complex_lig_features.csv,ligand,241,28,213,11.618257261410788,0
train,4u3j_complex_rec_features.csv,receptor,868,31,837,3.571428571428571,0
train,4u5w_complex_lig_features.csv,ligand,165,22,143,13.333333333333334,0
train,4u5w_complex_rec_features.csv,receptor,111,23,88,20.72072072072072,0
train,4u6v_complex_lig_features.csv,ligand,282,17,265,6.028368794326241,0
train,4u6v_complex_rec_features.csv,receptor,435,19,416,4.3678160919540225,0
train,4udm_complex_lig_features.csv,ligand,96,30,66,31.25,0
train,4udm_complex_rec_features.csv,receptor,84,32,52,38.095238095238095,0
train,4uem_complex_lig_features.csv,ligand,98,44,54,44.89795918367347,0
train,4uem_complex_rec_features.csv,receptor,309,38,271,12.297734627831716,0
train,4ui0_complex_lig_features.csv,ligand,69,18,51,26.08695652173913,0
train,4ui0_complex_rec_features.csv,receptor,104,18,86,17.307692307692307,0
train,4ui1_complex_lig_features.csv,ligand,72,16,56,22.22222222222222,0
train,4ui1_complex_rec_features.csv,receptor,104,11,93,10.576923076923077,0
train,4uu9_complex_lig_features.csv,ligand,65,22,43,33.84615384615385,0
train,4uu9_complex_rec_features.csv,receptor,232,21,211,9.051724137931034,0
train,4v3k_complex_lig_features.csv,ligand,70,18,52,25.71428571428571,0
train,4v3k_complex_rec_features.csv,receptor,223,23,200,10.31390134529148,0
train,4w4l_complex_lig_features.csv,ligand,297,50,247,16.835016835016837,0
train,4w4l_complex_rec_features.csv,receptor,258,35,223,13.565891472868216,0
train,4w4o_complex_lig_features.csv,ligand,262,16,246,6.106870229007633,0
train,4w4o_complex_rec_features.csv,receptor,215,15,200,6.976744186046512,0
train,4w6w_complex_lig_features.csv,ligand,124,20,104,16.129032258064516,0
train,4w6w_complex_rec_features.csv,receptor,142,18,124,12.676056338028168,0
train,4w6x_complex_lig_features.csv,ligand,125,17,108,13.600000000000001,0
train,4w6x_complex_rec_features.csv,receptor,142,23,119,16.19718309859155,0
train,4w6y_complex_lig_features.csv,ligand,128,16,112,12.5,0
train,4w6y_complex_rec_features.csv,receptor,146,19,127,13.013698630136986,0
train,4wem_complex_lig_features.csv,ligand,121,19,102,15.702479338842975,0
train,4wem_complex_rec_features.csv,receptor,258,24,234,9.30232558139535,0
train,4wen_complex_lig_features.csv,ligand,121,15,106,12.396694214876034,0
train,4wen_complex_rec_features.csv,receptor,262,20,242,7.633587786259542,0
train,4weu_complex_lig_features.csv,ligand,263,14,249,5.323193916349809,0
train,4weu_complex_rec_features.csv,receptor,121,14,107,11.570247933884298,0
train,4wo4_complex_lig_features.csv,ligand,273,25,248,9.157509157509157,0
train,4wo4_complex_rec_features.csv,receptor,442,25,417,5.656108597285068,0
train,4wv1_complex_lig_features.csv,ligand,98,27,71,27.55102040816326,0
train,4wv1_complex_rec_features.csv,receptor,444,23,421,5.18018018018018,0
train,4ww2_complex_lig_features.csv,ligand,371,17,354,4.5822102425876015,0
train,4ww2_complex_rec_features.csv,receptor,446,21,425,4.708520179372197,0
train,4wwi_complex_lig_features.csv,ligand,205,24,181,11.707317073170733,0
train,4wwi_complex_rec_features.csv,receptor,56,19,37,33.92857142857143,0
train,4x33_complex_lig_features.csv,ligand,331,25,306,7.552870090634441,0
train,4x33_complex_rec_features.csv,receptor,60,21,39,35.0,0
train,4x7d_complex_lig_features.csv,ligand,116,25,91,21.551724137931032,0
train,4x7d_complex_rec_features.csv,receptor,307,20,287,6.514657980456026,0
train,4x7e_complex_lig_features.csv,ligand,120,25,95,20.833333333333336,0
train,4x7e_complex_rec_features.csv,receptor,315,20,295,6.349206349206349,0
train,4x7f_complex_lig_features.csv,ligand,114,27,87,23.684210526315788,0
train,4x7f_complex_rec_features.csv,receptor,314,26,288,8.280254777070063,0
train,4x7s_complex_lig_features.csv,ligand,218,50,168,22.93577981651376,0
train,4x7s_complex_rec_features.csv,receptor,222,51,171,22.972972972972975,0
train,4xhu_complex_lig_features.csv,ligand,89,19,70,21.34831460674157,0
train,4xhu_complex_rec_features.csv,receptor,352,21,331,5.965909090909091,0
train,4xkh_complex_lig_features.csv,ligand,43,19,24,44.18604651162791,0
train,4xkh_complex_rec_features.csv,receptor,72,16,56,22.22222222222222,0
train,4xkl_complex_lig_features.csv,ligand,31,12,19,38.70967741935484,0
train,4xkl_complex_rec_features.csv,receptor,78,15,63,19.230769230769234,0
train,4xl1_complex_lig_features.csv,ligand,223,21,202,9.417040358744394,0
train,4xl1_complex_rec_features.csv,receptor,115,24,91,20.869565217391305,0
train,4xl5_complex_lig_features.csv,ligand,245,22,223,8.979591836734693,0
train,4xl5_complex_rec_features.csv,receptor,226,30,196,13.274336283185843,0
train,4xnm_complex_lig_features.csv,ligand,210,24,186,11.428571428571429,0
train,4xnm_complex_rec_features.csv,receptor,431,21,410,4.872389791183294,0
train,4xoi_complex_lig_features.csv,ligand,223,20,203,8.968609865470851,0
train,4xoi_complex_rec_features.csv,receptor,177,17,160,9.6045197740113,0
train,4xwj_complex_lig_features.csv,ligand,83,16,67,19.27710843373494,0
train,4xwj_complex_rec_features.csv,receptor,153,18,135,11.76470588235294,0
train,4xxw_complex_lig_features.csv,ligand,204,33,171,16.176470588235293,0
train,4xxw_complex_rec_features.csv,receptor,229,32,197,13.973799126637553,0
train,4y5o_complex_lig_features.csv,ligand,103,34,69,33.00970873786408,0
train,4y5o_complex_rec_features.csv,receptor,78,28,50,35.8974358974359,0
train,4yc7_complex_lig_features.csv,ligand,179,29,150,16.201117318435752,0
train,4yc7_complex_rec_features.csv,receptor,291,44,247,15.120274914089347,0
train,4yiq_complex_lig_features.csv,ligand,108,22,86,20.37037037037037,0
train,4yiq_complex_rec_features.csv,receptor,107,22,85,20.5607476635514,0
train,4yiz_complex_lig_features.csv,ligand,39,34,5,87.17948717948718,0
train,4yiz_complex_rec_features.csv,receptor,400,53,347,13.25,0
train,4yk4_complex_lig_features.csv,ligand,206,21,185,10.194174757281553,0
train,4yk4_complex_rec_features.csv,receptor,436,17,419,3.89908256880734,0
train,4yoc_complex_lig_features.csv,ligand,529,50,479,9.45179584120983,0
train,4yoc_complex_rec_features.csv,receptor,901,40,861,4.439511653718091,0
train,4ypg_complex_lig_features.csv,ligand,159,31,128,19.49685534591195,0
train,4ypg_complex_rec_features.csv,receptor,434,40,394,9.216589861751153,0
train,4yyp_complex_lig_features.csv,ligand,32,18,14,56.25,0
train,4yyp_complex_rec_features.csv,receptor,87,34,53,39.08045977011494,0
train,4z5r_complex_lig_features.csv,ligand,148,22,126,14.864864864864865,0
train,4z5r_complex_rec_features.csv,receptor,434,27,407,6.221198156682028,0
train,4z9k_complex_lig_features.csv,ligand,116,23,93,19.82758620689655,0
train,4z9k_complex_rec_features.csv,receptor,258,24,234,9.30232558139535,0
train,4zak_complex_lig_features.csv,ligand,273,19,254,6.95970695970696,0
train,4zak_complex_rec_features.csv,receptor,442,21,421,4.751131221719457,0
train,4zff_complex_lig_features.csv,ligand,99,12,87,12.121212121212121,0
train,4zff_complex_rec_features.csv,receptor,432,17,415,3.935185185185185,0
train,4zfg_complex_lig_features.csv,ligand,220,15,205,6.8181818181818175,0
train,4zfg_complex_rec_features.csv,receptor,432,20,412,4.62962962962963,0
train,4zfo_complex_lig_features.csv,ligand,36,14,22,38.88888888888889,0
train,4zfo_complex_rec_features.csv,receptor,433,22,411,5.080831408775981,0
train,4zgq_complex_lig_features.csv,ligand,102,20,82,19.607843137254903,0
train,4zgq_complex_rec_features.csv,receptor,275,21,254,7.636363636363637,0
train,4zi2_complex_lig_features.csv,ligand,125,29,96,23.200000000000003,0
train,4zi2_complex_rec_features.csv,receptor,175,24,151,13.714285714285715,0
train,4zi3_complex_lig_features.csv,ligand,128,27,101,21.09375,0
train,4zi3_complex_rec_features.csv,receptor,175,26,149,14.857142857142858,0
train,4zk9_complex_lig_features.csv,ligand,61,23,38,37.704918032786885,0
train,4zk9_complex_rec_features.csv,receptor,216,35,181,16.203703703703702,0
train,4zlt_complex_lig_features.csv,ligand,62,31,31,50.0,0
train,4zlt_complex_rec_features.csv,receptor,384,44,340,11.458333333333332,0
train,4zpt_complex_lig_features.csv,ligand,208,21,187,10.096153846153847,0
train,4zpt_complex_rec_features.csv,receptor,428,28,400,6.5420560747663545,0
train,4zqu_complex_lig_features.csv,ligand,174,38,136,21.839080459770116,0
train,4zqu_complex_rec_features.csv,receptor,124,28,96,22.58064516129032,0
train,4zs7_complex_lig_features.csv,ligand,162,24,138,14.814814814814813,0
train,4zs7_complex_rec_features.csv,receptor,432,29,403,6.712962962962964,0
train,5a3i_complex_lig_features.csv,ligand,323,23,300,7.120743034055728,0
train,5a3i_complex_rec_features.csv,receptor,444,23,421,5.18018018018018,0
train,5aam_complex_lig_features.csv,ligand,95,25,70,26.31578947368421,0
train,5aam_complex_rec_features.csv,receptor,242,30,212,12.396694214876034,0
train,5abv_complex_lig_features.csv,ligand,61,36,25,59.01639344262295,0
train,5abv_complex_rec_features.csv,receptor,182,39,143,21.428571428571427,0
train,5anm_complex_lig_features.csv,ligand,211,16,195,7.5829383886255926,0
train,5anm_complex_rec_features.csv,receptor,435,18,417,4.137931034482759,0
train,5aoq_complex_lig_features.csv,ligand,90,18,72,20.0,0
train,5aoq_complex_rec_features.csv,receptor,246,34,212,13.821138211382115,0
train,5ayr_complex_lig_features.csv,ligand,109,28,81,25.688073394495415,0
train,5ayr_complex_rec_features.csv,receptor,224,30,194,13.392857142857142,0
train,5ays_complex_lig_features.csv,ligand,109,23,86,21.100917431192663,0
train,5ays_complex_rec_features.csv,receptor,230,23,207,10.0,0
train,5b3h_complex_lig_features.csv,ligand,54,19,35,35.18518518518518,0
train,5b3h_complex_rec_features.csv,receptor,410,27,383,6.585365853658537,0
train,5b71_complex_lig_features.csv,ligand,102,17,85,16.666666666666664,0
train,5b71_complex_rec_features.csv,receptor,441,25,416,5.6689342403628125,0
train,5bk1_complex_lig_features.csv,ligand,366,30,336,8.19672131147541,0
train,5bk1_complex_rec_features.csv,receptor,436,25,411,5.73394495412844,0
train,5bo1_complex_lig_features.csv,ligand,150,23,127,15.333333333333332,0
train,5bo1_complex_rec_features.csv,receptor,433,30,403,6.928406466512701,0
train,5bqe_complex_lig_features.csv,ligand,97,49,48,50.51546391752577,0
train,5bqe_complex_rec_features.csv,receptor,101,48,53,47.524752475247524,0
train,5bvp_complex_lig_features.csv,ligand,151,25,126,16.55629139072848,0
train,5bvp_complex_rec_features.csv,receptor,432,27,405,6.25,0
train,5bw7_complex_lig_features.csv,ligand,165,14,151,8.484848484848486,0
train,5bw7_complex_rec_features.csv,receptor,212,17,195,8.018867924528301,0
train,5bw8_complex_lig_features.csv,ligand,283,16,267,5.6537102473498235,0
train,5bw8_complex_rec_features.csv,receptor,304,19,285,6.25,0
train,5c0n_complex_lig_features.csv,ligand,131,11,120,8.396946564885496,0
train,5c0n_complex_rec_features.csv,receptor,435,16,419,3.67816091954023,0
train,5c4v_complex_lig_features.csv,ligand,91,20,71,21.978021978021978,0
train,5c4v_complex_rec_features.csv,receptor,188,24,164,12.76595744680851,0
train,5c67_complex_lig_features.csv,ligand,54,13,41,24.074074074074073,0
train,5c67_complex_rec_features.csv,receptor,224,32,192,14.285714285714285,0
train,5c7x_complex_lig_features.csv,ligand,116,31,85,26.72413793103448,0
train,5c7x_complex_rec_features.csv,receptor,424,34,390,8.018867924528301,0
train,5cw7_complex_lig_features.csv,ligand,94,39,55,41.48936170212766,0
train,5cw7_complex_rec_features.csv,receptor,56,28,28,50.0,0
train,5cxb_complex_lig_features.csv,ligand,352,29,323,8.238636363636363,0
train,5cxb_complex_rec_features.csv,receptor,476,43,433,9.033613445378151,0
train,5cyk_complex_lig_features.csv,ligand,350,38,312,10.857142857142858,0
train,5cyk_complex_rec_features.csv,receptor,475,45,430,9.473684210526317,0
train,5czf_complex_lig_features.csv,ligand,92,40,52,43.47826086956522,0
train,5czf_complex_rec_features.csv,receptor,45,26,19,57.77777777777777,0
train,5czx_complex_lig_features.csv,ligand,230,18,212,7.82608695652174,0
train,5czx_complex_rec_features.csv,receptor,433,27,406,6.235565819861432,0
train,5d1k_complex_lig_features.csv,ligand,110,32,78,29.09090909090909,0
train,5d1k_complex_rec_features.csv,receptor,146,43,103,29.45205479452055,0
train,5d1l_complex_lig_features.csv,ligand,111,32,79,28.82882882882883,0
train,5d1l_complex_rec_features.csv,receptor,146,39,107,26.71232876712329,0
train,5d1m_complex_lig_features.csv,ligand,110,31,79,28.18181818181818,0
train,5d1m_complex_rec_features.csv,receptor,146,41,105,28.08219178082192,0
train,5d28_complex_lig_features.csv,ligand,120,21,99,17.5,0
train,5d28_complex_rec_features.csv,receptor,245,28,217,11.428571428571429,0
train,5d5m_complex_lig_features.csv,ligand,270,25,245,9.25925925925926,0
train,5d5m_complex_rec_features.csv,receptor,439,27,412,6.150341685649203,0
train,5d70_complex_lig_features.csv,ligand,115,24,91,20.869565217391305,0
train,5d70_complex_rec_features.csv,receptor,423,29,394,6.8557919621749415,0
train,5d71_complex_lig_features.csv,ligand,114,19,95,16.666666666666664,0
train,5d71_complex_rec_features.csv,receptor,422,26,396,6.161137440758294,0
train,5d72_complex_lig_features.csv,ligand,115,29,86,25.217391304347824,0
train,5d72_complex_rec_features.csv,receptor,424,34,390,8.018867924528301,0
train,5d7i_complex_lig_features.csv,ligand,269,25,244,9.293680297397769,0
train,5d7i_complex_rec_features.csv,receptor,439,30,409,6.83371298405467,0
train,5d7j_complex_lig_features.csv,ligand,269,25,244,9.293680297397769,0
train,5d7j_complex_rec_features.csv,receptor,440,29,411,6.59090909090909,0
train,5d8j_complex_lig_features.csv,ligand,133,19,114,14.285714285714285,0
train,5d8j_complex_rec_features.csv,receptor,434,21,413,4.838709677419355,0
train,5d93_complex_lig_features.csv,ligand,238,21,217,8.823529411764707,0
train,5d93_complex_rec_features.csv,receptor,428,20,408,4.672897196261682,0
train,5d96_complex_lig_features.csv,ligand,237,27,210,11.39240506329114,0
train,5d96_complex_rec_features.csv,receptor,434,25,409,5.76036866359447,0
train,5dc4_complex_lig_features.csv,ligand,92,25,67,27.173913043478258,0
train,5dc4_complex_rec_features.csv,receptor,100,24,76,24.0,0
train,5dcq_complex_lig_features.csv,ligand,206,17,189,8.25242718446602,0
train,5dcq_complex_rec_features.csv,receptor,159,19,140,11.949685534591195,0
train,5dfv_complex_lig_features.csv,ligand,84,17,67,20.238095238095237,0
train,5dfv_complex_rec_features.csv,receptor,429,23,406,5.361305361305361,0
train,5dfw_complex_lig_features.csv,ligand,222,22,200,9.90990990990991,0
train,5dfw_complex_rec_features.csv,receptor,90,18,72,20.0,0
train,5djt_complex_lig_features.csv,ligand,59,17,42,28.8135593220339,0
train,5djt_complex_rec_features.csv,receptor,144,28,116,19.444444444444446,0
train,5dju_complex_lig_features.csv,ligand,145,29,116,20.0,0
train,5dju_complex_rec_features.csv,receptor,55,21,34,38.18181818181819,0
train,5dmj_complex_lig_features.csv,ligand,117,20,97,17.094017094017094,0
train,5dmj_complex_rec_features.csv,receptor,165,24,141,14.545454545454545,0
train,5do2_complex_lig_features.csv,ligand,208,25,183,12.01923076923077,0
train,5do2_complex_rec_features.csv,receptor,433,30,403,6.928406466512701,0
train,5dob_complex_lig_features.csv,ligand,165,46,119,27.878787878787882,0
train,5dob_complex_rec_features.csv,receptor,237,41,196,17.29957805907173,0
train,5e3e_complex_lig_features.csv,ligand,112,25,87,22.321428571428573,0
train,5e3e_complex_rec_features.csv,receptor,92,26,66,28.26086956521739,0
train,5e4e_complex_lig_features.csv,ligand,113,38,75,33.6283185840708,0
train,5e4e_complex_rec_features.csv,receptor,505,47,458,9.306930693069306,0
train,5e6j_complex_lig_features.csv,ligand,74,17,57,22.972972972972975,0
train,5e6j_complex_rec_features.csv,receptor,317,28,289,8.832807570977918,0
train,5e7f_complex_lig_features.csv,ligand,128,13,115,10.15625,0
train,5e7f_complex_rec_features.csv,receptor,129,27,102,20.930232558139537,0
train,5e8d_complex_lig_features.csv,ligand,43,21,22,48.837209302325576,0
train,5e8d_complex_rec_features.csv,receptor,431,25,406,5.800464037122969,0
train,5e8e_complex_lig_features.csv,ligand,259,14,245,5.405405405405405,0
train,5e8e_complex_rec_features.csv,receptor,443,12,431,2.708803611738149,0
train,5e94_complex_lig_features.csv,ligand,100,15,85,15.0,0
train,5e94_complex_rec_features.csv,receptor,438,25,413,5.707762557077626,0
train,5e95_complex_lig_features.csv,ligand,168,20,148,11.904761904761903,0
train,5e95_complex_rec_features.csv,receptor,94,11,83,11.702127659574469,0
train,5eb1_complex_lig_features.csv,ligand,124,44,80,35.483870967741936,0
train,5eb1_complex_rec_features.csv,receptor,148,36,112,24.324324324324326,0
train,5ee4_complex_lig_features.csv,ligand,306,31,275,10.130718954248366,0
train,5ee4_complex_rec_features.csv,receptor,287,42,245,14.634146341463413,0
train,5eg3_complex_lig_features.csv,ligand,113,11,102,9.734513274336283,0
train,5eg3_complex_rec_features.csv,receptor,308,7,301,2.272727272727273,0
train,5elu_complex_lig_features.csv,ligand,75,17,58,22.666666666666664,0
train,5elu_complex_rec_features.csv,receptor,91,15,76,16.483516483516482,0
train,5eoa_complex_lig_features.csv,ligand,41,21,20,51.21951219512195,0
train,5eoa_complex_rec_features.csv,receptor,72,22,50,30.555555555555557,0
train,5eof_complex_lig_features.csv,ligand,41,19,22,46.34146341463415,0
train,5eof_complex_rec_features.csv,receptor,74,22,52,29.72972972972973,0
train,5ep6_complex_lig_features.csv,ligand,46,23,23,50.0,0
train,5ep6_complex_rec_features.csv,receptor,36,21,15,58.333333333333336,0
train,5eql_complex_lig_features.csv,ligand,76,14,62,18.421052631578945,0
train,5eql_complex_rec_features.csv,receptor,88,15,73,17.045454545454543,0
train,5eyp_complex_lig_features.csv,ligand,130,15,115,11.538461538461538,0
train,5eyp_complex_rec_features.csv,receptor,868,14,854,1.6129032258064515,0
train,5f3b_complex_lig_features.csv,ligand,109,16,93,14.678899082568808,0
train,5f3b_complex_rec_features.csv,receptor,431,31,400,7.192575406032482,0
train,5f3x_complex_lig_features.csv,ligand,75,25,50,33.33333333333333,0
train,5f3x_complex_rec_features.csv,receptor,190,39,151,20.526315789473685,0
train,5f4e_complex_lig_features.csv,ligand,214,21,193,9.813084112149532,0
train,5f4e_complex_rec_features.csv,receptor,233,25,208,10.72961373390558,0
train,5fcu_complex_lig_features.csv,ligand,131,25,106,19.083969465648856,0
train,5fcu_complex_rec_features.csv,receptor,435,31,404,7.126436781609195,0
train,5fhx_complex_lig_features.csv,ligand,124,13,111,10.483870967741936,0
train,5fhx_complex_rec_features.csv,receptor,679,20,659,2.945508100147275,0
train,5fo8_complex_lig_features.csv,ligand,129,28,101,21.705426356589147,0
train,5fo8_complex_rec_features.csv,receptor,1022,27,995,2.6418786692759295,0
train,5fob_complex_lig_features.csv,ligand,240,40,200,16.666666666666664,0
train,5fob_complex_rec_features.csv,receptor,1022,42,980,4.10958904109589,0
train,5fqd_complex_lig_features.csv,ligand,836,72,764,8.61244019138756,0
train,5fqd_complex_rec_features.csv,receptor,390,54,336,13.846153846153847,0
train,5fr1_complex_lig_features.csv,ligand,175,42,133,24.0,0
train,5fr1_complex_rec_features.csv,receptor,190,36,154,18.947368421052634,0
train,5ft8_complex_lig_features.csv,ligand,141,18,123,12.76595744680851,0
train,5ft8_complex_rec_features.csv,receptor,400,18,382,4.5,0
train,5fug_complex_lig_features.csv,ligand,57,38,19,66.66666666666666,0
train,5fug_complex_rec_features.csv,receptor,179,53,126,29.608938547486037,0
train,5g15_complex_lig_features.csv,ligand,88,16,72,18.181818181818183,0
train,5g15_complex_rec_features.csv,receptor,265,23,242,8.679245283018867,0
train,5gpg_complex_lig_features.csv,ligand,92,16,76,17.391304347826086,0
train,5gpg_complex_rec_features.csv,receptor,117,17,100,14.529914529914532,0
train,5gvi_complex_lig_features.csv,ligand,340,72,268,21.176470588235293,0
train,5gvi_complex_rec_features.csv,receptor,148,52,96,35.13513513513514,0
train,5gwo_complex_lig_features.csv,ligand,167,20,147,11.976047904191617,0
train,5gwo_complex_rec_features.csv,receptor,321,19,302,5.919003115264798,0
train,5gwp_complex_lig_features.csv,ligand,149,22,127,14.76510067114094,0
train,5gwp_complex_rec_features.csv,receptor,325,24,301,7.384615384615385,0
train,5gy2_complex_lig_features.csv,ligand,169,34,135,20.118343195266274,0
train,5gy2_complex_rec_features.csv,receptor,442,35,407,7.918552036199094,0
train,5gzn_complex_lig_features.csv,ligand,591,35,556,5.922165820642978,0
train,5gzn_complex_rec_features.csv,receptor,440,38,402,8.636363636363637,0
train,5gzo_complex_lig_features.csv,ligand,405,20,385,4.938271604938271,0
train,5gzo_complex_rec_features.csv,receptor,432,25,407,5.787037037037037,0
train,5h07_complex_lig_features.csv,ligand,78,15,63,19.230769230769234,0
train,5h07_complex_rec_features.csv,receptor,223,14,209,6.278026905829597,0
train,5hdq_complex_lig_features.csv,ligand,277,19,258,6.859205776173286,0
train,5hdq_complex_rec_features.csv,receptor,438,18,420,4.10958904109589,0
train,5hgg_complex_lig_features.csv,ligand,127,21,106,16.535433070866144,0
train,5hgg_complex_rec_features.csv,receptor,246,40,206,16.260162601626014,0
train,5hk5_complex_lig_features.csv,ligand,105,31,74,29.523809523809526,0
train,5hk5_complex_rec_features.csv,receptor,138,39,99,28.26086956521739,0
train,5hlz_complex_lig_features.csv,ligand,86,36,50,41.86046511627907,0
train,5hlz_complex_rec_features.csv,receptor,204,32,172,15.686274509803921,0
train,5hpk_complex_lig_features.csv,ligand,78,22,56,28.205128205128204,0
train,5hpk_complex_rec_features.csv,receptor,377,31,346,8.222811671087534,0
train,5hps_complex_lig_features.csv,ligand,73,18,55,24.65753424657534,0
train,5hps_complex_rec_features.csv,receptor,377,22,355,5.835543766578249,0
train,5hpy_complex_lig_features.csv,ligand,178,22,156,12.359550561797752,0
train,5hpy_complex_rec_features.csv,receptor,201,33,168,16.417910447761194,0
train,5hvf_complex_lig_features.csv,ligand,118,26,92,22.033898305084744,0
train,5hvf_complex_rec_features.csv,receptor,381,30,351,7.874015748031496,0
train,5hys_complex_lig_features.csv,ligand,213,2,211,0.9389671361502347,0
train,5hys_complex_rec_features.csv,receptor,439,5,434,1.1389521640091116,0
train,5ibk_complex_lig_features.csv,ligand,76,18,58,23.684210526315788,0
train,5ibk_complex_rec_features.csv,receptor,190,27,163,14.210526315789473,0
train,5ibw_complex_lig_features.csv,ligand,43,19,24,44.18604651162791,0
train,5ibw_complex_rec_features.csv,receptor,76,32,44,42.10526315789473,0
train,5ies_complex_lig_features.csv,ligand,169,27,142,15.976331360946746,0
train,5ies_complex_rec_features.csv,receptor,433,28,405,6.466512702078522,0
train,5iia_complex_lig_features.csv,ligand,108,28,80,25.925925925925924,0
train,5iia_complex_rec_features.csv,receptor,126,27,99,21.428571428571427,0
train,5ikc_complex_lig_features.csv,ligand,90,18,72,20.0,0
train,5ikc_complex_rec_features.csv,receptor,427,23,404,5.386416861826698,0
train,5imk_complex_lig_features.csv,ligand,118,21,97,17.796610169491526,0
train,5imk_complex_rec_features.csv,receptor,125,16,109,12.8,0
train,5imm_complex_lig_features.csv,ligand,120,21,99,17.5,0
train,5imm_complex_rec_features.csv,receptor,125,16,109,12.8,0
train,5inb_complex_lig_features.csv,ligand,33,30,3,90.9090909090909,0
train,5inb_complex_rec_features.csv,receptor,293,38,255,12.969283276450511,0
train,5ioh_complex_lig_features.csv,ligand,33,30,3,90.9090909090909,0
train,5ioh_complex_rec_features.csv,receptor,293,35,258,11.945392491467576,0
train,5ip4_complex_lig_features.csv,ligand,80,20,60,25.0,0
train,5ip4_complex_rec_features.csv,receptor,110,17,93,15.454545454545453,0
train,5ius_complex_lig_features.csv,ligand,214,19,195,8.878504672897195,0
train,5ius_complex_rec_features.csv,receptor,119,26,93,21.84873949579832,0
train,5j11_complex_lig_features.csv,ligand,196,23,173,11.73469387755102,0
train,5j11_complex_rec_features.csv,receptor,317,30,287,9.46372239747634,0
train,5j13_complex_lig_features.csv,ligand,124,17,107,13.709677419354838,0
train,5j13_complex_rec_features.csv,receptor,434,19,415,4.377880184331797,0
train,5j28_complex_lig_features.csv,ligand,33,30,3,90.9090909090909,0
train,5j28_complex_rec_features.csv,receptor,293,39,254,13.310580204778159,0
train,5j56_complex_lig_features.csv,ligand,129,18,111,13.953488372093023,0
train,5j56_complex_rec_features.csv,receptor,255,21,234,8.235294117647058,0
train,5j57_complex_lig_features.csv,ligand,127,15,112,11.811023622047244,0
train,5j57_complex_rec_features.csv,receptor,264,14,250,5.303030303030303,0
train,5j7c_complex_lig_features.csv,ligand,98,21,77,21.428571428571427,0
train,5j7c_complex_rec_features.csv,receptor,128,24,104,18.75,0
train,5jds_complex_lig_features.csv,ligand,115,19,96,16.52173913043478,0
train,5jds_complex_rec_features.csv,receptor,127,18,109,14.173228346456693,0
train,5jg6_complex_lig_features.csv,ligand,75,19,56,25.333333333333336,0
train,5jg6_complex_rec_features.csv,receptor,66,17,49,25.757575757575758,0
train,5jh5_complex_lig_features.csv,ligand,263,25,238,9.505703422053232,0
train,5jh5_complex_rec_features.csv,receptor,210,30,180,14.285714285714285,0
train,5jhl_complex_lig_features.csv,ligand,385,10,375,2.5974025974025974,0
train,5jhl_complex_rec_features.csv,receptor,427,23,404,5.386416861826698,0
train,5jhw_complex_lig_features.csv,ligand,288,46,242,15.972222222222221,0
train,5jhw_complex_rec_features.csv,receptor,109,37,72,33.94495412844037,0
train,5jke_complex_lig_features.csv,ligand,215,27,188,12.558139534883722,0
train,5jke_complex_rec_features.csv,receptor,237,30,207,12.658227848101266,0
train,5jlv_complex_lig_features.csv,ligand,97,18,79,18.556701030927837,0
train,5jlv_complex_rec_features.csv,receptor,427,17,410,3.9812646370023423,0
train,5jmc_complex_lig_features.csv,ligand,92,17,75,18.478260869565215,0
train,5jmc_complex_rec_features.csv,receptor,430,17,413,3.953488372093023,0
train,5jq6_complex_lig_features.csv,ligand,323,31,292,9.597523219814242,0
train,5jq6_complex_rec_features.csv,receptor,436,28,408,6.422018348623854,0
train,5jsb_complex_lig_features.csv,ligand,116,32,84,27.586206896551722,0
train,5jsb_complex_rec_features.csv,receptor,151,39,112,25.82781456953642,0
train,5jsn_complex_lig_features.csv,ligand,115,34,81,29.565217391304348,0
train,5jsn_complex_rec_features.csv,receptor,149,34,115,22.818791946308725,0
train,5jw7_complex_lig_features.csv,ligand,61,18,43,29.508196721311474,0
train,5jw7_complex_rec_features.csv,receptor,262,27,235,10.305343511450381,0
train,5jw9_complex_lig_features.csv,ligand,113,33,80,29.20353982300885,0
train,5jw9_complex_rec_features.csv,receptor,35,27,8,77.14285714285715,0
train,5jyl_complex_lig_features.csv,ligand,244,22,222,9.01639344262295,0
train,5jyl_complex_rec_features.csv,receptor,97,17,80,17.525773195876287,0
train,5jze_complex_lig_features.csv,ligand,158,32,126,20.253164556962027,0
train,5jze_complex_rec_features.csv,receptor,76,26,50,34.21052631578947,0
train,5k59_complex_lig_features.csv,ligand,295,14,281,4.745762711864407,0
train,5k59_complex_rec_features.csv,receptor,431,24,407,5.56844547563805,0
train,5kho_complex_lig_features.csv,ligand,167,17,150,10.179640718562874,0
train,5kho_complex_rec_features.csv,receptor,125,18,107,14.399999999999999,0
train,5kn5_complex_lig_features.csv,ligand,40,16,24,40.0,0
train,5kn5_complex_rec_features.csv,receptor,433,28,405,6.466512702078522,0
train,5kof_complex_lig_features.csv,ligand,75,17,58,22.666666666666664,0
train,5kof_complex_rec_features.csv,receptor,407,11,396,2.7027027027027026,0
train,5kvd_complex_lig_features.csv,ligand,108,26,82,24.074074074074073,0
train,5kvd_complex_rec_features.csv,receptor,441,26,415,5.895691609977324,0
train,5kve_complex_lig_features.csv,ligand,244,27,217,11.065573770491802,0
train,5kve_complex_rec_features.csv,receptor,101,19,82,18.81188118811881,0
train,5kvf_complex_lig_features.csv,ligand,105,20,85,19.047619047619047,0
train,5kvf_complex_rec_features.csv,receptor,440,24,416,5.454545454545454,0
train,5kvg_complex_lig_features.csv,ligand,107,24,83,22.429906542056074,0
train,5kvg_complex_rec_features.csv,receptor,432,28,404,6.481481481481481,0
train,5kw9_complex_lig_features.csv,ligand,290,23,267,7.931034482758621,0
train,5kw9_complex_rec_features.csv,receptor,441,19,422,4.308390022675737,0
train,5kxh_complex_lig_features.csv,ligand,38,22,16,57.89473684210527,0
train,5kxh_complex_rec_features.csv,receptor,353,29,324,8.21529745042493,0
train,5ky0_complex_lig_features.csv,ligand,38,20,18,52.63157894736842,0
train,5ky0_complex_rec_features.csv,receptor,354,30,324,8.47457627118644,0
train,5ky4_complex_lig_features.csv,ligand,36,19,17,52.77777777777778,0
train,5ky4_complex_rec_features.csv,receptor,354,27,327,7.627118644067797,0
train,5ky5_complex_lig_features.csv,ligand,40,20,20,50.0,0
train,5ky5_complex_rec_features.csv,receptor,352,29,323,8.238636363636363,0
train,5ky9_complex_lig_features.csv,ligand,37,23,14,62.16216216216216,0
train,5ky9_complex_rec_features.csv,receptor,353,30,323,8.498583569405099,0
train,5l21_complex_lig_features.csv,ligand,119,29,90,24.369747899159663,0
train,5l21_complex_rec_features.csv,receptor,428,30,398,7.009345794392523,0
train,5l6y_complex_lig_features.csv,ligand,109,17,92,15.59633027522936,0
train,5l6y_complex_rec_features.csv,receptor,449,20,429,4.4543429844097995,0
train,5l8j_complex_lig_features.csv,ligand,105,18,87,17.142857142857142,0
train,5l8j_complex_rec_features.csv,receptor,253,20,233,7.905138339920949,0
train,5lcv_complex_lig_features.csv,ligand,807,27,780,3.3457249070631967,0
train,5lcv_complex_rec_features.csv,receptor,436,18,418,4.128440366972478,0
train,5lhn_complex_lig_features.csv,ligand,135,22,113,16.296296296296298,0
train,5lhn_complex_rec_features.csv,receptor,247,27,220,10.931174089068826,0
train,5lpu_complex_lig_features.csv,ligand,95,28,67,29.47368421052631,0
train,5lpu_complex_rec_features.csv,receptor,338,24,314,7.100591715976331,0
train,5lqb_complex_lig_features.csv,ligand,128,18,110,14.0625,0
train,5lqb_complex_rec_features.csv,receptor,436,26,410,5.963302752293578,0
train,5lrw_complex_lig_features.csv,ligand,75,21,54,28.000000000000004,0
train,5lrw_complex_rec_features.csv,receptor,289,38,251,13.148788927335639,0
train,5lxm_complex_lig_features.csv,ligand,36,29,7,80.55555555555556,0
train,5lxm_complex_rec_features.csv,receptor,266,36,230,13.533834586466165,0
train,5m2i_complex_lig_features.csv,ligand,121,25,96,20.66115702479339,0
train,5m2i_complex_rec_features.csv,receptor,148,25,123,16.89189189189189,0
train,5m2j_complex_lig_features.csv,ligand,115,16,99,13.91304347826087,0
train,5m2j_complex_rec_features.csv,receptor,149,17,132,11.409395973154362,0
train,5m2m_complex_lig_features.csv,ligand,127,21,106,16.535433070866144,0
train,5m2m_complex_rec_features.csv,receptor,151,24,127,15.894039735099339,0
train,5m5e_complex_lig_features.csv,ligand,130,29,101,22.30769230769231,0
train,5m5e_complex_rec_features.csv,receptor,396,35,361,8.83838383838384,0
train,5ma3_complex_lig_features.csv,ligand,302,41,261,13.57615894039735,0
train,5ma3_complex_rec_features.csv,receptor,227,39,188,17.180616740088105,0
train,5ma4_complex_lig_features.csv,ligand,294,43,251,14.625850340136054,0
train,5ma4_complex_rec_features.csv,receptor,229,42,187,18.340611353711793,0
train,5ma5_complex_lig_features.csv,ligand,298,46,252,15.436241610738255,0
train,5ma5_complex_rec_features.csv,receptor,227,47,180,20.704845814977972,0
train,5ma6_complex_lig_features.csv,ligand,159,24,135,15.09433962264151,0
train,5ma6_complex_rec_features.csv,receptor,226,24,202,10.619469026548673,0
train,5mad_complex_lig_features.csv,ligand,228,17,211,7.456140350877193,0
train,5mad_complex_rec_features.csv,receptor,160,21,139,13.125,0
train,5mak_complex_lig_features.csv,ligand,293,47,246,16.040955631399317,0
train,5mak_complex_rec_features.csv,receptor,227,48,179,21.145374449339208,0
train,5mfc_complex_lig_features.csv,ligand,237,31,206,13.080168776371309,0
train,5mfc_complex_rec_features.csv,receptor,282,60,222,21.27659574468085,0
train,5mi0_complex_lig_features.csv,ligand,293,24,269,8.19112627986348,0
train,5mi0_complex_rec_features.csv,receptor,438,20,418,4.5662100456621,0
train,5mrv_complex_lig_features.csv,ligand,53,20,33,37.735849056603776,0
train,5mrv_complex_rec_features.csv,receptor,307,26,281,8.469055374592834,0
train,5mtj_complex_lig_features.csv,ligand,96,15,81,15.625,0
train,5mtj_complex_rec_features.csv,receptor,109,23,86,21.100917431192663,0
train,5mtm_complex_lig_features.csv,ligand,92,17,75,18.478260869565215,0
train,5mtm_complex_rec_features.csv,receptor,108,20,88,18.51851851851852,0
train,5mtn_complex_lig_features.csv,ligand,94,20,74,21.27659574468085,0
train,5mtn_complex_rec_features.csv,receptor,90,18,72,20.0,0
train,5my6_complex_lig_features.csv,ligand,115,22,93,19.130434782608695,0
train,5my6_complex_rec_features.csv,receptor,574,18,556,3.1358885017421603,0
train,5n47_complex_lig_features.csv,ligand,280,31,249,11.071428571428571,0
train,5n47_complex_rec_features.csv,receptor,176,37,139,21.022727272727273,0
train,5n48_complex_lig_features.csv,ligand,92,29,63,31.521739130434785,0
train,5n48_complex_rec_features.csv,receptor,175,28,147,16.0,0
train,5n7w_complex_lig_features.csv,ligand,117,26,91,22.22222222222222,0
train,5n7w_complex_rec_features.csv,receptor,430,21,409,4.883720930232558,0
train,5n88_complex_lig_features.csv,ligand,79,14,65,17.72151898734177,0
train,5n88_complex_rec_features.csv,receptor,126,17,109,13.492063492063492,0
train,5ngv_complex_lig_features.csv,ligand,93,25,68,26.881720430107524,0
train,5ngv_complex_rec_features.csv,receptor,224,31,193,13.839285714285715,0
train,5nh3_complex_lig_features.csv,ligand,94,20,74,21.27659574468085,0
train,5nh3_complex_rec_features.csv,receptor,224,23,201,10.267857142857142,0
train,5nmv_complex_lig_features.csv,ligand,63,28,35,44.44444444444444,0
train,5nmv_complex_rec_features.csv,receptor,433,37,396,8.545034642032332,0
train,5npo_complex_lig_features.csv,ligand,248,23,225,9.274193548387096,0
train,5npo_complex_rec_features.csv,receptor,263,25,238,9.505703422053232,0
train,5nqf_complex_lig_features.csv,ligand,35,31,4,88.57142857142857,0
train,5nqf_complex_rec_features.csv,receptor,305,52,253,17.04918032786885,0
train,5nqg_complex_lig_features.csv,ligand,33,27,6,81.81818181818183,0
train,5nqg_complex_rec_features.csv,receptor,394,47,347,11.928934010152284,0
train,5nt1_complex_lig_features.csv,ligand,119,20,99,16.80672268907563,0
train,5nt1_complex_rec_features.csv,receptor,173,13,160,7.514450867052023,0
train,5nvk_complex_lig_features.csv,ligand,66,49,17,74.24242424242425,0
train,5nvk_complex_rec_features.csv,receptor,183,53,130,28.96174863387978,0
train,5nvl_complex_lig_features.csv,ligand,69,52,17,75.36231884057972,0
train,5nvl_complex_rec_features.csv,receptor,172,54,118,31.3953488372093,0
train,5nvm_complex_lig_features.csv,ligand,37,28,9,75.67567567567568,0
train,5nvm_complex_rec_features.csv,receptor,169,33,136,19.526627218934912,0
train,5nvn_complex_lig_features.csv,ligand,35,27,8,77.14285714285715,0
train,5nvn_complex_rec_features.csv,receptor,179,34,145,18.994413407821227,0
train,5o03_complex_lig_features.csv,ligand,135,19,116,14.074074074074074,0
train,5o03_complex_rec_features.csv,receptor,315,22,293,6.984126984126984,0
train,5o05_complex_lig_features.csv,ligand,315,18,297,5.714285714285714,0
train,5o05_complex_rec_features.csv,receptor,118,21,97,17.796610169491526,0
train,5o0w_complex_lig_features.csv,ligand,137,19,118,13.86861313868613,0
train,5o0w_complex_rec_features.csv,receptor,360,20,340,5.555555555555555,0
train,5o2t_complex_lig_features.csv,ligand,142,21,121,14.788732394366196,0
train,5o2t_complex_rec_features.csv,receptor,164,22,142,13.414634146341465,0
train,5o2u_complex_lig_features.csv,ligand,116,17,99,14.655172413793101,0
train,5o2u_complex_rec_features.csv,receptor,73,18,55,24.65753424657534,0
train,5o4e_complex_lig_features.csv,ligand,95,11,84,11.578947368421053,0
train,5o4e_complex_rec_features.csv,receptor,214,12,202,5.607476635514018,0
train,5oaq_complex_lig_features.csv,ligand,40,24,16,60.0,0
train,5oaq_complex_rec_features.csv,receptor,218,32,186,14.678899082568808,0
train,5oc7_complex_lig_features.csv,ligand,92,12,80,13.043478260869565,0
train,5oc7_complex_rec_features.csv,receptor,120,16,104,13.333333333333334,0
train,5ohp_complex_lig_features.csv,ligand,76,39,37,51.31578947368421,0
train,5ohp_complex_rec_features.csv,receptor,334,58,276,17.365269461077844,0
train,5omb_complex_lig_features.csv,ligand,98,20,78,20.408163265306122,0
train,5omb_complex_rec_features.csv,receptor,125,24,101,19.2,0
train,5omm_complex_lig_features.csv,ligand,117,15,102,12.82051282051282,0
train,5omm_complex_rec_features.csv,receptor,314,23,291,7.32484076433121,0
train,5omn_complex_lig_features.csv,ligand,113,13,100,11.504424778761061,0
train,5omn_complex_rec_features.csv,receptor,315,18,297,5.714285714285714,0
train,5otj_complex_lig_features.csv,ligand,69,18,51,26.08695652173913,0
train,5otj_complex_rec_features.csv,receptor,435,25,410,5.747126436781609,0
train,5ovw_complex_lig_features.csv,ligand,126,32,94,25.396825396825395,0
train,5ovw_complex_rec_features.csv,receptor,245,32,213,13.061224489795919,0
train,5sv3_complex_lig_features.csv,ligand,167,20,147,11.976047904191617,0
train,5sv3_complex_rec_features.csv,receptor,125,16,109,12.8,0
train,5swk_complex_lig_features.csv,ligand,106,14,92,13.20754716981132,0
train,5swk_complex_rec_features.csv,receptor,84,18,66,21.428571428571427,0
train,5sx4_complex_lig_features.csv,ligand,191,24,167,12.56544502617801,0
train,5sx4_complex_rec_features.csv,receptor,431,21,410,4.872389791183294,0
train,5sx5_complex_lig_features.csv,ligand,192,25,167,13.020833333333334,0
train,5sx5_complex_rec_features.csv,receptor,430,24,406,5.5813953488372094,0
train,5sy8_complex_lig_features.csv,ligand,155,20,135,12.903225806451612,0
train,5sy8_complex_rec_features.csv,receptor,446,24,422,5.381165919282512,0
train,5szi_complex_lig_features.csv,ligand,149,19,130,12.751677852348994,0
train,5szi_complex_rec_features.csv,receptor,174,23,151,13.218390804597702,0
train,5szj_complex_lig_features.csv,ligand,153,26,127,16.99346405228758,0
train,5szj_complex_rec_features.csv,receptor,175,27,148,15.428571428571427,0
train,5t29_complex_lig_features.csv,ligand,149,17,132,11.409395973154362,0
train,5t29_complex_rec_features.csv,receptor,443,25,418,5.643340857787811,0
train,5t5b_complex_lig_features.csv,ligand,153,17,136,11.11111111111111,0
train,5t5b_complex_rec_features.csv,receptor,442,24,418,5.429864253393665,0
train,5t5f_complex_lig_features.csv,ligand,226,19,207,8.4070796460177,0
train,5t5f_complex_rec_features.csv,receptor,428,29,399,6.775700934579438,0
train,5t6l_complex_lig_features.csv,ligand,152,16,136,10.526315789473683,0
train,5t6l_complex_rec_features.csv,receptor,444,23,421,5.18018018018018,0
train,5tar_complex_lig_features.csv,ligand,148,14,134,9.45945945945946,0
train,5tar_complex_rec_features.csv,receptor,184,5,179,2.717391304347826,0
train,5tdy_complex_lig_features.csv,ligand,86,34,52,39.53488372093023,0
train,5tdy_complex_rec_features.csv,receptor,42,29,13,69.04761904761905,0
train,5te4_complex_lig_features.csv,ligand,358,36,322,10.05586592178771,0
train,5te4_complex_rec_features.csv,receptor,434,30,404,6.912442396313365,0
train,5te6_complex_lig_features.csv,ligand,353,33,320,9.34844192634561,0
train,5te6_complex_rec_features.csv,receptor,434,27,407,6.221198156682028,0
train,5te7_complex_lig_features.csv,ligand,348,29,319,8.333333333333332,0
train,5te7_complex_rec_features.csv,receptor,435,28,407,6.436781609195402,0
train,5tfw_complex_lig_features.csv,ligand,154,16,138,10.38961038961039,0
train,5tfw_complex_rec_features.csv,receptor,446,24,422,5.381165919282512,0
train,5th9_complex_lig_features.csv,ligand,229,26,203,11.353711790393014,0
train,5th9_complex_rec_features.csv,receptor,429,23,406,5.361305361305361,0
train,5tl6_complex_lig_features.csv,ligand,78,18,60,23.076923076923077,0
train,5tl6_complex_rec_features.csv,receptor,312,26,286,8.333333333333332,0
train,5tl7_complex_lig_features.csv,ligand,316,33,283,10.443037974683545,0
train,5tl7_complex_rec_features.csv,receptor,76,17,59,22.36842105263158,0
train,5tru_complex_lig_features.csv,ligand,117,25,92,21.367521367521366,0
train,5tru_complex_rec_features.csv,receptor,430,23,407,5.348837209302325,0
train,5tvq_complex_lig_features.csv,ligand,75,20,55,26.666666666666668,0
train,5tvq_complex_rec_features.csv,receptor,253,21,232,8.300395256916996,0
train,5tz2_complex_lig_features.csv,ligand,114,20,94,17.543859649122805,0
train,5tz2_complex_rec_features.csv,receptor,432,22,410,5.092592592592593,0
train,5tzt_complex_lig_features.csv,ligand,115,15,100,13.043478260869565,0
train,5tzt_complex_rec_features.csv,receptor,434,19,415,4.377880184331797,0
train,5u4m_complex_lig_features.csv,ligand,129,17,112,13.178294573643413,0
train,5u4m_complex_rec_features.csv,receptor,255,22,233,8.627450980392156,0
train,5u4y_complex_lig_features.csv,ligand,55,18,37,32.72727272727273,0
train,5u4y_complex_rec_features.csv,receptor,212,22,190,10.377358490566039,0
train,5u52_complex_lig_features.csv,ligand,34,16,18,47.05882352941176,0
train,5u52_complex_rec_features.csv,receptor,209,20,189,9.569377990430622,0
train,5ufe_complex_lig_features.csv,ligand,58,16,42,27.586206896551722,0
train,5ufe_complex_rec_features.csv,receptor,166,22,144,13.253012048192772,0
train,5ufq_complex_lig_features.csv,ligand,60,17,43,28.333333333333332,0
train,5ufq_complex_rec_features.csv,receptor,166,21,145,12.650602409638553,0
train,5uk5_complex_lig_features.csv,ligand,299,41,258,13.712374581939798,0
train,5uk5_complex_rec_features.csv,receptor,194,41,153,21.1340206185567,0
train,5un5_complex_lig_features.csv,ligand,105,25,80,23.809523809523807,0
train,5un5_complex_rec_features.csv,receptor,119,19,100,15.966386554621847,0
train,5upk_complex_lig_features.csv,ligand,178,10,168,5.617977528089887,0
train,5upk_complex_rec_features.csv,receptor,288,9,279,3.125,0
train,5ush_complex_lig_features.csv,ligand,234,30,204,12.82051282051282,0
train,5ush_complex_rec_features.csv,receptor,433,22,411,5.080831408775981,0
train,5usl_complex_lig_features.csv,ligand,232,24,208,10.344827586206897,0
train,5usl_complex_rec_features.csv,receptor,434,31,403,7.142857142857142,0
train,5utz_complex_lig_features.csv,ligand,130,20,110,15.384615384615385,0
train,5utz_complex_rec_features.csv,receptor,438,30,408,6.8493150684931505,0
train,5uv8_complex_lig_features.csv,ligand,108,29,79,26.851851851851855,0
train,5uv8_complex_rec_features.csv,receptor,265,30,235,11.320754716981133,0
train,5uwc_complex_lig_features.csv,ligand,112,31,81,27.67857142857143,0
train,5uwc_complex_rec_features.csv,receptor,267,28,239,10.486891385767791,0
train,5v5g_complex_lig_features.csv,ligand,80,24,56,30.0,0
train,5v5g_complex_rec_features.csv,receptor,164,29,135,17.682926829268293,0
train,5v5h_complex_lig_features.csv,ligand,79,23,56,29.11392405063291,0
train,5v5h_complex_rec_features.csv,receptor,162,35,127,21.604938271604937,0
train,5v5i_complex_lig_features.csv,ligand,75,23,52,30.666666666666664,0
train,5v5i_complex_rec_features.csv,receptor,161,30,131,18.633540372670808,0
train,5v69_complex_lig_features.csv,ligand,75,21,54,28.000000000000004,0
train,5v69_complex_rec_features.csv,receptor,322,33,289,10.248447204968944,0
train,5v6a_complex_lig_features.csv,ligand,75,20,55,26.666666666666668,0
train,5v6a_complex_rec_features.csv,receptor,320,34,286,10.625,0
train,5vag_complex_lig_features.csv,ligand,209,24,185,11.483253588516746,0
train,5vag_complex_rec_features.csv,receptor,435,27,408,6.206896551724138,0
train,5vpg_complex_lig_features.csv,ligand,222,19,203,8.558558558558559,0
train,5vpg_complex_rec_features.csv,receptor,433,17,416,3.9260969976905313,0
train,5vpl_complex_lig_features.csv,ligand,223,19,204,8.520179372197308,0
train,5vpl_complex_rec_features.csv,receptor,433,18,415,4.157043879907621,0
train,5vu0_complex_lig_features.csv,ligand,172,15,157,8.720930232558139,0
train,5vu0_complex_rec_features.csv,receptor,216,17,199,7.87037037037037,0
train,5vyf_complex_lig_features.csv,ligand,137,16,121,11.678832116788321,0
train,5vyf_complex_rec_features.csv,receptor,417,23,394,5.515587529976019,0
train,5vz4_complex_lig_features.csv,ligand,190,18,172,9.473684210526317,0
train,5vz4_complex_rec_features.csv,receptor,108,15,93,13.88888888888889,0
train,5w06_complex_lig_features.csv,ligand,208,30,178,14.423076923076922,0
train,5w06_complex_rec_features.csv,receptor,440,29,411,6.59090909090909,0
train,5w08_complex_lig_features.csv,ligand,273,28,245,10.256410256410255,0
train,5w08_complex_rec_features.csv,receptor,447,17,430,3.803131991051454,0
train,5w3x_complex_lig_features.csv,ligand,67,24,43,35.82089552238806,0
train,5w3x_complex_rec_features.csv,receptor,335,40,295,11.940298507462686,0
train,5w6g_complex_lig_features.csv,ligand,326,24,302,7.361963190184049,0
train,5w6g_complex_rec_features.csv,receptor,439,23,416,5.239179954441914,0
train,5w8t_complex_lig_features.csv,ligand,319,39,280,12.225705329153605,0
train,5w8t_complex_rec_features.csv,receptor,77,23,54,29.87012987012987,0
train,5w9a_complex_lig_features.csv,ligand,113,25,88,22.123893805309734,0
train,5w9a_complex_rec_features.csv,receptor,193,16,177,8.290155440414509,0
train,5wb7_complex_lig_features.csv,ligand,47,33,14,70.2127659574468,0
train,5wb7_complex_rec_features.csv,receptor,500,43,457,8.6,0
train,5wb8_complex_lig_features.csv,ligand,36,18,18,50.0,0
train,5wb8_complex_rec_features.csv,receptor,502,34,468,6.772908366533864,0
train,5whk_complex_lig_features.csv,ligand,366,23,343,6.284153005464481,0
train,5whk_complex_rec_features.csv,receptor,429,32,397,7.459207459207459,0
train,5wi9_complex_lig_features.csv,ligand,431,36,395,8.352668213457076,0
train,5wi9_complex_rec_features.csv,receptor,436,39,397,8.944954128440367,0
train,5wt9_complex_lig_features.csv,ligand,118,17,101,14.40677966101695,0
train,5wt9_complex_rec_features.csv,receptor,430,26,404,6.046511627906977,0
train,5wux_complex_lig_features.csv,ligand,149,24,125,16.10738255033557,0
train,5wux_complex_rec_features.csv,receptor,433,28,405,6.466512702078522,0
train,5x4l_complex_lig_features.csv,ligand,77,21,56,27.27272727272727,0
train,5x4l_complex_rec_features.csv,receptor,165,21,144,12.727272727272727,0
train,5xfs_complex_lig_features.csv,ligand,293,39,254,13.310580204778159,0
train,5xfs_complex_rec_features.csv,receptor,251,29,222,11.553784860557768,0
train,5xis_complex_lig_features.csv,ligand,148,36,112,24.324324324324326,0
train,5xis_complex_rec_features.csv,receptor,79,26,53,32.91139240506329,0
train,5xiu_complex_lig_features.csv,ligand,73,21,52,28.767123287671232,0
train,5xiu_complex_rec_features.csv,receptor,47,15,32,31.914893617021278,0
train,5xj4_complex_lig_features.csv,ligand,211,19,192,9.004739336492891,0
train,5xj4_complex_rec_features.csv,receptor,233,22,211,9.44206008583691,0
train,5xjg_complex_lig_features.csv,ligand,30,30,0,100.0,0
train,5xjg_complex_rec_features.csv,receptor,494,78,416,15.789473684210526,0
train,5xku_complex_lig_features.csv,ligand,208,27,181,12.980769230769232,0
train,5xku_complex_rec_features.csv,receptor,436,21,415,4.81651376146789,0
train,5xmh_complex_lig_features.csv,ligand,207,29,178,14.009661835748794,0
train,5xmh_complex_rec_features.csv,receptor,230,30,200,13.043478260869565,0
train,5xoc_complex_lig_features.csv,ligand,133,20,113,15.037593984962406,0
train,5xoc_complex_rec_features.csv,receptor,194,32,162,16.49484536082474,0
train,5xwd_complex_lig_features.csv,ligand,611,30,581,4.909983633387888,0
train,5xwd_complex_rec_features.csv,receptor,227,34,193,14.977973568281937,0
train,5xxy_complex_lig_features.csv,ligand,115,29,86,25.217391304347824,0
train,5xxy_complex_rec_features.csv,receptor,429,24,405,5.594405594405594,0
train,5y11_complex_lig_features.csv,ligand,319,19,300,5.956112852664576,0
train,5y11_complex_rec_features.csv,receptor,440,13,427,2.9545454545454546,0
train,5y9j_complex_lig_features.csv,ligand,144,24,120,16.666666666666664,0
train,5y9j_complex_rec_features.csv,receptor,433,24,409,5.542725173210162,0
train,5yc5_complex_lig_features.csv,ligand,171,14,157,8.187134502923977,0
train,5yc5_complex_rec_features.csv,receptor,211,16,195,7.5829383886255926,0
train,5ydr_complex_lig_features.csv,ligand,250,23,227,9.2,0
train,5ydr_complex_rec_features.csv,receptor,75,20,55,26.666666666666668,0
train,5yoy_complex_lig_features.csv,ligand,153,27,126,17.647058823529413,0
train,5yoy_complex_rec_features.csv,receptor,234,22,212,9.401709401709402,0
train,5yr0_complex_lig_features.csv,ligand,44,24,20,54.54545454545454,0
train,5yr0_complex_rec_features.csv,receptor,48,26,22,54.166666666666664,0
train,5ywr_complex_lig_features.csv,ligand,87,14,73,16.091954022988507,0
train,5ywr_complex_rec_features.csv,receptor,150,13,137,8.666666666666668,0
train,5z2w_complex_lig_features.csv,ligand,35,22,13,62.857142857142854,0
train,5z2w_complex_rec_features.csv,receptor,209,23,186,11.004784688995215,0
train,6a0z_complex_lig_features.csv,ligand,270,26,244,9.62962962962963,0
train,6a0z_complex_rec_features.csv,receptor,435,26,409,5.977011494252873,0
train,6a3w_complex_lig_features.csv,ligand,133,27,106,20.30075187969925,0
train,6a3w_complex_rec_features.csv,receptor,223,28,195,12.556053811659194,0
train,6a67_complex_lig_features.csv,ligand,210,22,188,10.476190476190476,0
train,6a67_complex_rec_features.csv,receptor,438,22,416,5.0228310502283104,0
train,6a6i_complex_lig_features.csv,ligand,74,15,59,20.27027027027027,0
train,6a6i_complex_rec_features.csv,receptor,94,18,76,19.148936170212767,0
train,6a78_complex_lig_features.csv,ligand,90,16,74,17.77777777777778,0
train,6a78_complex_rec_features.csv,receptor,229,20,209,8.73362445414847,0
train,6a79_complex_lig_features.csv,ligand,90,16,74,17.77777777777778,0
train,6a79_complex_rec_features.csv,receptor,231,20,211,8.658008658008658,0
train,6amb_complex_lig_features.csv,ligand,95,17,78,17.894736842105264,0
train,6amb_complex_rec_features.csv,receptor,170,16,154,9.411764705882353,0
train,6aod_complex_lig_features.csv,ligand,236,35,201,14.83050847457627,0
train,6aod_complex_rec_features.csv,receptor,425,32,393,7.529411764705881,0
train,6aqr_complex_lig_features.csv,ligand,76,38,38,50.0,0
train,6aqr_complex_rec_features.csv,receptor,470,57,413,12.127659574468085,0
train,6arq_complex_lig_features.csv,ligand,303,20,283,6.6006600660066,0
train,6arq_complex_rec_features.csv,receptor,111,18,93,16.216216216216218,0
train,6asr_complex_lig_features.csv,ligand,39,22,17,56.41025641025641,0
train,6asr_complex_rec_features.csv,receptor,76,18,58,23.684210526315788,0
train,6aw2_complex_lig_features.csv,ligand,368,30,338,8.152173913043478,0
train,6aw2_complex_rec_features.csv,receptor,107,28,79,26.168224299065418,0
train,6azz_complex_lig_features.csv,ligand,156,23,133,14.743589743589745,0
train,6azz_complex_rec_features.csv,receptor,434,35,399,8.064516129032258,0
train,6b08_complex_lig_features.csv,ligand,174,23,151,13.218390804597702,0
train,6b08_complex_rec_features.csv,receptor,431,33,398,7.65661252900232,0
train,6b0a_complex_lig_features.csv,ligand,171,27,144,15.789473684210526,0
train,6b0a_complex_rec_features.csv,receptor,438,28,410,6.392694063926941,0
train,6b0g_complex_lig_features.csv,ligand,157,27,130,17.197452229299362,0
train,6b0g_complex_rec_features.csv,receptor,444,20,424,4.504504504504505,0
train,6b0s_complex_lig_features.csv,ligand,65,17,48,26.153846153846157,0
train,6b0s_complex_rec_features.csv,receptor,434,23,411,5.299539170506913,0
train,6b12_complex_lig_features.csv,ligand,148,34,114,22.972972972972975,0
train,6b12_complex_rec_features.csv,receptor,117,35,82,29.914529914529915,0
train,6b3s_complex_lig_features.csv,ligand,194,24,170,12.371134020618557,0
train,6b3s_complex_rec_features.csv,receptor,433,24,409,5.542725173210162,0
train,6b9j_complex_lig_features.csv,ligand,226,27,199,11.946902654867257,0
train,6b9j_complex_rec_features.csv,receptor,431,25,406,5.800464037122969,0
train,6bck_complex_lig_features.csv,ligand,352,27,325,7.670454545454546,0
train,6bck_complex_rec_features.csv,receptor,419,28,391,6.682577565632458,0
train,6bf4_complex_lig_features.csv,ligand,335,8,327,2.3880597014925375,0
train,6bf4_complex_rec_features.csv,receptor,444,7,437,1.5765765765765765,0
train,6bit_complex_lig_features.csv,ligand,115,23,92,20.0,0
train,6bit_complex_rec_features.csv,receptor,424,26,398,6.132075471698113,0
train,6bkb_complex_lig_features.csv,ligand,164,18,146,10.975609756097562,0
train,6bkb_complex_rec_features.csv,receptor,438,26,412,5.93607305936073,0
train,6bkc_complex_lig_features.csv,ligand,152,21,131,13.815789473684212,0
train,6bkc_complex_rec_features.csv,receptor,439,20,419,4.555808656036446,0
train,6blh_complex_lig_features.csv,ligand,35,18,17,51.42857142857142,0
train,6blh_complex_rec_features.csv,receptor,434,34,400,7.834101382488479,0
train,6bva_complex_lig_features.csv,ligand,81,16,65,19.753086419753085,0
train,6bva_complex_rec_features.csv,receptor,202,30,172,14.85148514851485,0
train,6bx4_complex_lig_features.csv,ligand,96,14,82,14.583333333333334,0
train,6bx4_complex_rec_features.csv,receptor,123,17,106,13.821138211382115,0
train,6bx5_complex_lig_features.csv,ligand,95,14,81,14.736842105263156,0
train,6bx5_complex_rec_features.csv,receptor,125,16,109,12.8,0
train,6bx8_complex_lig_features.csv,ligand,55,16,39,29.09090909090909,0
train,6bx8_complex_rec_features.csv,receptor,224,33,191,14.732142857142858,0
train,6bxa_complex_lig_features.csv,ligand,192,28,164,14.583333333333334,0
train,6bxa_complex_rec_features.csv,receptor,441,22,419,4.988662131519274,0
train,6bxc_complex_lig_features.csv,ligand,165,32,133,19.393939393939394,0
train,6bxc_complex_rec_features.csv,receptor,441,27,414,6.122448979591836,0
train,6byh_complex_lig_features.csv,ligand,85,22,63,25.882352941176475,0
train,6byh_complex_rec_features.csv,receptor,202,30,172,14.85148514851485,0
train,6c83_complex_lig_features.csv,ligand,48,10,38,20.833333333333336,0
train,6c83_complex_rec_features.csv,receptor,263,15,248,5.7034220532319395,0
train,6cbp_complex_lig_features.csv,ligand,235,16,219,6.808510638297872,0
train,6cbp_complex_rec_features.csv,receptor,30,11,19,36.666666666666664,0
train,6ch2_complex_lig_features.csv,ligand,146,23,123,15.753424657534246,0
train,6ch2_complex_rec_features.csv,receptor,331,30,301,9.06344410876133,0
train,6ch3_complex_lig_features.csv,ligand,162,20,142,12.345679012345679,0
train,6ch3_complex_rec_features.csv,receptor,331,30,301,9.06344410876133,0
train,6cmg_complex_lig_features.csv,ligand,428,30,398,7.009345794392523,0
train,6cmg_complex_rec_features.csv,receptor,445,20,425,4.49438202247191,0
train,6cug_complex_lig_features.csv,ligand,276,15,261,5.434782608695652,0
train,6cug_complex_rec_features.csv,receptor,431,13,418,3.0162412993039442,0
train,6cwg_complex_lig_features.csv,ligand,127,18,109,14.173228346456693,0
train,6cwg_complex_rec_features.csv,receptor,260,17,243,6.538461538461539,0
train,6cxf_complex_lig_features.csv,ligand,273,15,258,5.4945054945054945,0
train,6cxf_complex_rec_features.csv,receptor,203,11,192,5.41871921182266,0
train,6d4p_complex_lig_features.csv,ligand,74,18,56,24.324324324324326,0
train,6d4p_complex_rec_features.csv,receptor,149,27,122,18.120805369127517,0
train,6d68_complex_lig_features.csv,ligand,75,20,55,26.666666666666668,0
train,6d68_complex_rec_features.csv,receptor,156,29,127,18.58974358974359,0
train,6d7g_complex_lig_features.csv,ligand,399,29,370,7.268170426065162,0
train,6d7g_complex_rec_features.csv,receptor,419,26,393,6.205250596658711,0
train,6ddm_complex_lig_features.csv,ligand,94,21,73,22.340425531914892,0
train,6ddm_complex_rec_features.csv,receptor,434,25,409,5.76036866359447,0
train,6ddr_complex_lig_features.csv,ligand,94,21,73,22.340425531914892,0
train,6ddr_complex_rec_features.csv,receptor,435,23,412,5.287356321839081,0
train,6ddv_complex_lig_features.csv,ligand,94,16,78,17.02127659574468,0
train,6ddv_complex_rec_features.csv,receptor,439,21,418,4.783599088838269,0
train,6dg5_complex_lig_features.csv,ligand,100,32,68,32.0,0
train,6dg5_complex_rec_features.csv,receptor,402,36,366,8.955223880597014,0
train,6dgf_complex_lig_features.csv,ligand,76,39,37,51.31578947368421,0
train,6dgf_complex_rec_features.csv,receptor,343,65,278,18.950437317784257,0
train,6dkj_complex_lig_features.csv,ligand,106,26,80,24.528301886792452,0
train,6dkj_complex_rec_features.csv,receptor,434,29,405,6.682027649769585,0
train,6dwf_complex_lig_features.csv,ligand,163,21,142,12.883435582822086,0
train,6dwf_complex_rec_features.csv,receptor,223,40,183,17.937219730941703,0
train,6dwh_complex_lig_features.csv,ligand,163,20,143,12.269938650306749,0
train,6dwh_complex_rec_features.csv,receptor,223,39,184,17.48878923766816,0
train,6e62_complex_lig_features.csv,ligand,137,25,112,18.248175182481752,0
train,6e62_complex_rec_features.csv,receptor,433,27,406,6.235565819861432,0
train,6e63_complex_lig_features.csv,ligand,134,22,112,16.417910447761194,0
train,6e63_complex_rec_features.csv,receptor,432,25,407,5.787037037037037,0
train,6ehg_complex_lig_features.csv,ligand,124,17,107,13.709677419354838,0
train,6ehg_complex_rec_features.csv,receptor,1022,16,1006,1.5655577299412915,0
train,6ejg_complex_lig_features.csv,ligand,231,24,207,10.38961038961039,0
train,6ejg_complex_rec_features.csv,receptor,89,22,67,24.719101123595504,0
train,6ejm_complex_lig_features.csv,ligand,229,31,198,13.537117903930133,0
train,6ejm_complex_rec_features.csv,receptor,91,21,70,23.076923076923077,0
train,6er6_complex_lig_features.csv,ligand,88,20,68,22.727272727272727,0
train,6er6_complex_rec_features.csv,receptor,127,17,110,13.385826771653544,0
train,6ere_complex_lig_features.csv,ligand,87,20,67,22.988505747126435,0
train,6ere_complex_rec_features.csv,receptor,126,18,108,14.285714285714285,0
train,6ewb_complex_lig_features.csv,ligand,306,20,286,6.535947712418301,0
train,6ewb_complex_rec_features.csv,receptor,426,26,400,6.103286384976526,0
train,6f2g_complex_lig_features.csv,ligand,131,31,100,23.66412213740458,0
train,6f2g_complex_rec_features.csv,receptor,430,32,398,7.441860465116279,0
train,6fc2_complex_lig_features.csv,ligand,60,43,17,71.66666666666667,0
train,6fc2_complex_rec_features.csv,receptor,183,56,127,30.601092896174865,0
train,6fc3_complex_lig_features.csv,ligand,48,30,18,62.5,0
train,6fc3_complex_rec_features.csv,receptor,179,37,142,20.670391061452513,0
train,6fe4_complex_lig_features.csv,ligand,117,15,102,12.82051282051282,0
train,6fe4_complex_rec_features.csv,receptor,72,19,53,26.38888888888889,0
train,6ff3_complex_lig_features.csv,ligand,40,21,19,52.5,0
train,6ff3_complex_rec_features.csv,receptor,210,24,186,11.428571428571429,0
train,6fg1_complex_lig_features.csv,ligand,433,25,408,5.773672055427252,0
train,6fg1_complex_rec_features.csv,receptor,449,25,424,5.56792873051225,0
train,6fg2_complex_lig_features.csv,ligand,433,23,410,5.311778290993072,0
train,6fg2_complex_rec_features.csv,receptor,436,17,419,3.89908256880734,0
train,6fgb_complex_lig_features.csv,ligand,265,22,243,8.30188679245283,0
train,6fgb_complex_rec_features.csv,receptor,436,24,412,5.5045871559633035,0
train,6fgo_complex_lig_features.csv,ligand,64,17,47,26.5625,0
train,6fgo_complex_rec_features.csv,receptor,209,22,187,10.526315789473683,0
train,6flb_complex_lig_features.csv,ligand,100,21,79,21.0,0
train,6flb_complex_rec_features.csv,receptor,434,25,409,5.76036866359447,0
train,6flc_complex_lig_features.csv,ligand,98,17,81,17.346938775510203,0
train,6flc_complex_rec_features.csv,receptor,433,20,413,4.618937644341801,0
train,6fp7_complex_lig_features.csv,ligand,163,19,144,11.65644171779141,0
train,6fp7_complex_rec_features.csv,receptor,225,24,201,10.666666666666668,0
train,6fto_complex_lig_features.csv,ligand,75,30,45,40.0,0
train,6fto_complex_rec_features.csv,receptor,66,30,36,45.45454545454545,0
train,6fub_complex_lig_features.csv,ligand,81,25,56,30.864197530864196,0
train,6fub_complex_rec_features.csv,receptor,93,30,63,32.25806451612903,0
train,6fuz_complex_lig_features.csv,ligand,112,20,92,17.857142857142858,0
train,6fuz_complex_rec_features.csv,receptor,267,21,246,7.865168539325842,0
train,6fv0_complex_lig_features.csv,ligand,114,20,94,17.543859649122805,0
train,6fv0_complex_rec_features.csv,receptor,270,23,247,8.518518518518519,0
train,6gbg_complex_lig_features.csv,ligand,367,31,336,8.446866485013624,0
train,6gbg_complex_rec_features.csv,receptor,110,29,81,26.36363636363636,0
train,6gbh_complex_lig_features.csv,ligand,355,29,326,8.169014084507042,0
train,6gbh_complex_rec_features.csv,receptor,108,32,76,29.629629629629626,0
train,6gfi_complex_lig_features.csv,ligand,56,12,44,21.428571428571427,0
train,6gfi_complex_rec_features.csv,receptor,224,29,195,12.946428571428573,0
train,6gjq_complex_lig_features.csv,ligand,121,23,98,19.00826446280992,0
train,6gjq_complex_rec_features.csv,receptor,195,25,170,12.82051282051282,0
train,6gku_complex_lig_features.csv,ligand,140,16,124,11.428571428571429,0
train,6gku_complex_rec_features.csv,receptor,436,21,415,4.81651376146789,0
train,6gum_complex_lig_features.csv,ligand,111,24,87,21.62162162162162,0
train,6gum_complex_rec_features.csv,receptor,155,18,137,11.612903225806452,0
train,6gwc_complex_lig_features.csv,ligand,217,33,184,15.207373271889402,0
train,6gwc_complex_rec_features.csv,receptor,437,36,401,8.237986270022883,0
train,6h15_complex_lig_features.csv,ligand,123,22,101,17.88617886178862,0
train,6h15_complex_rec_features.csv,receptor,616,20,596,3.2467532467532463,0
train,6h16_complex_lig_features.csv,ligand,119,20,99,16.80672268907563,0
train,6h16_complex_rec_features.csv,receptor,618,24,594,3.8834951456310676,0
train,6h2y_complex_lig_features.csv,ligand,223,29,194,13.004484304932735,0
train,6h2y_complex_rec_features.csv,receptor,434,25,409,5.76036866359447,0
train,6h3t_complex_lig_features.csv,ligand,230,22,208,9.565217391304348,0
train,6h3t_complex_rec_features.csv,receptor,231,25,206,10.822510822510822,0
train,6h46_complex_lig_features.csv,ligand,156,23,133,14.743589743589745,0
train,6h46_complex_rec_features.csv,receptor,168,24,144,14.285714285714285,0
train,6h47_complex_lig_features.csv,ligand,155,22,133,14.193548387096774,0
train,6h47_complex_rec_features.csv,receptor,166,23,143,13.855421686746988,0
train,6h6y_complex_lig_features.csv,ligand,118,21,97,17.796610169491526,0
train,6h6y_complex_rec_features.csv,receptor,288,27,261,9.375,0
train,6h6z_complex_lig_features.csv,ligand,126,16,110,12.698412698412698,0
train,6h6z_complex_rec_features.csv,receptor,291,19,272,6.529209621993128,0
train,6h71_complex_lig_features.csv,ligand,121,17,104,14.049586776859504,0
train,6h71_complex_rec_features.csv,receptor,288,31,257,10.76388888888889,0
train,6har_complex_lig_features.csv,ligand,54,14,40,25.925925925925924,0
train,6har_complex_rec_features.csv,receptor,224,30,194,13.392857142857142,0
train,6her_complex_lig_features.csv,ligand,124,15,109,12.096774193548388,0
train,6her_complex_rec_features.csv,receptor,110,18,92,16.363636363636363,0
train,6hhc_complex_lig_features.csv,ligand,236,20,216,8.47457627118644,0
train,6hhc_complex_rec_features.csv,receptor,434,26,408,5.990783410138248,0
train,6hpr_complex_lig_features.csv,ligand,224,25,199,11.160714285714286,0
train,6hpr_complex_rec_features.csv,receptor,63,17,46,26.984126984126984,0
train,6i07_complex_lig_features.csv,ligand,235,19,216,8.085106382978724,0
train,6i07_complex_rec_features.csv,receptor,228,25,203,10.964912280701753,0
train,6iea_complex_lig_features.csv,ligand,315,19,296,6.031746031746032,0
train,6iea_complex_rec_features.csv,receptor,443,20,423,4.514672686230249,0
train,6ieb_complex_lig_features.csv,ligand,299,18,281,6.0200668896321075,0
train,6ieb_complex_rec_features.csv,receptor,417,21,396,5.0359712230215825,0
train,6ihb_complex_lig_features.csv,ligand,517,16,501,3.0947775628626695,0
train,6ihb_complex_rec_features.csv,receptor,94,15,79,15.957446808510639,0
train,6imf_complex_lig_features.csv,ligand,89,29,60,32.58426966292135,0
train,6imf_complex_rec_features.csv,receptor,220,32,188,14.545454545454545,0
train,6ird_complex_lig_features.csv,ligand,190,40,150,21.052631578947366,0
train,6ird_complex_rec_features.csv,receptor,259,34,225,13.127413127413126,0
train,6isc_complex_lig_features.csv,ligand,118,23,95,19.491525423728813,0
train,6isc_complex_rec_features.csv,receptor,222,22,200,9.90990990990991,0
train,6isu_complex_lig_features.csv,ligand,76,15,61,19.736842105263158,0
train,6isu_complex_rec_features.csv,receptor,227,15,212,6.607929515418502,0
train,6ivz_complex_lig_features.csv,ligand,391,24,367,6.138107416879795,0
train,6ivz_complex_rec_features.csv,receptor,226,23,203,10.176991150442479,0
train,6iwd_complex_lig_features.csv,ligand,49,15,34,30.612244897959183,0
train,6iwd_complex_rec_features.csv,receptor,293,22,271,7.508532423208192,0
train,6j11_complex_lig_features.csv,ligand,336,21,315,6.25,0
train,6j11_complex_rec_features.csv,receptor,239,24,215,10.0418410041841,0
train,6j14_complex_lig_features.csv,ligand,106,13,93,12.264150943396226,0
train,6j14_complex_rec_features.csv,receptor,229,27,202,11.790393013100436,0
train,6j5d_complex_lig_features.csv,ligand,94,14,80,14.893617021276595,0
train,6j5d_complex_rec_features.csv,receptor,228,18,210,7.894736842105263,0
train,6j5f_complex_lig_features.csv,ligand,94,16,78,17.02127659574468,0
train,6j5f_complex_rec_features.csv,receptor,228,20,208,8.771929824561402,0
train,6j6y_complex_lig_features.csv,ligand,101,21,80,20.792079207920793,0
train,6j6y_complex_rec_features.csv,receptor,434,28,406,6.451612903225806,0
train,6j7w_complex_lig_features.csv,ligand,39,16,23,41.02564102564102,0
train,6j7w_complex_rec_features.csv,receptor,118,20,98,16.94915254237288,0
train,6jb2_complex_lig_features.csv,ligand,129,15,114,11.627906976744185,0
train,6jb2_complex_rec_features.csv,receptor,126,21,105,16.666666666666664,0
train,6jb8_complex_lig_features.csv,ligand,129,20,109,15.503875968992247,0
train,6jb8_complex_rec_features.csv,receptor,125,24,101,19.2,0
train,6jbt_complex_lig_features.csv,ligand,118,18,100,15.254237288135593,0
train,6jbt_complex_rec_features.csv,receptor,441,28,413,6.349206349206349,0
train,6jep_complex_lig_features.csv,ligand,101,16,85,15.841584158415841,0
train,6jep_complex_rec_features.csv,receptor,449,18,431,4.008908685968819,0
train,6jjp_complex_lig_features.csv,ligand,117,21,96,17.94871794871795,0
train,6jjp_complex_rec_features.csv,receptor,434,27,407,6.221198156682028,0
train,6k0y_complex_lig_features.csv,ligand,116,17,99,14.655172413793101,0
train,6k0y_complex_rec_features.csv,receptor,431,20,411,4.640371229698376,0
train,6k7o_complex_lig_features.csv,ligand,94,14,80,14.893617021276595,0
train,6k7o_complex_rec_features.csv,receptor,443,19,424,4.288939051918736,0
train,6m7l_complex_lig_features.csv,ligand,379,30,349,7.9155672823219,0
train,6m7l_complex_rec_features.csv,receptor,433,30,403,6.928406466512701,0
train,6mav_complex_lig_features.csv,ligand,179,26,153,14.52513966480447,0
train,6mav_complex_rec_features.csv,receptor,161,30,131,18.633540372670808,0
train,6mft_complex_lig_features.csv,ligand,342,27,315,7.894736842105263,0
train,6mft_complex_rec_features.csv,receptor,428,26,402,6.074766355140187,0
train,6mgp_complex_lig_features.csv,ligand,143,26,117,18.181818181818183,0
train,6mgp_complex_rec_features.csv,receptor,152,20,132,13.157894736842104,0
train,6mhr_complex_lig_features.csv,ligand,140,18,122,12.857142857142856,0
train,6mhr_complex_rec_features.csv,receptor,437,18,419,4.118993135011442,0
train,6mi2_complex_lig_features.csv,ligand,143,25,118,17.482517482517483,0
train,6mi2_complex_rec_features.csv,receptor,427,28,399,6.557377049180328,0
train,6mkz_complex_lig_features.csv,ligand,134,28,106,20.8955223880597,0
train,6mkz_complex_rec_features.csv,receptor,162,26,136,16.049382716049383,0
train,6mlk_complex_lig_features.csv,ligand,264,19,245,7.196969696969697,0
train,6mlk_complex_rec_features.csv,receptor,436,24,412,5.5045871559633035,0
train,6mm6_complex_lig_features.csv,ligand,204,31,173,15.196078431372548,0
train,6mm6_complex_rec_features.csv,receptor,331,41,290,12.386706948640484,0
train,6moe_complex_lig_features.csv,ligand,216,20,196,9.25925925925926,0
train,6moe_complex_rec_features.csv,receptor,161,23,138,14.285714285714285,0
train,6mss_complex_lig_features.csv,ligand,372,20,352,5.376344086021505,0
train,6mss_complex_rec_features.csv,receptor,426,20,406,4.694835680751173,0
train,6mud_complex_lig_features.csv,ligand,136,14,122,10.294117647058822,0
train,6mud_complex_rec_features.csv,receptor,147,20,127,13.60544217687075,0
train,6mvl_complex_lig_features.csv,ligand,147,21,126,14.285714285714285,0
train,6mvl_complex_rec_features.csv,receptor,438,23,415,5.251141552511415,0
train,6n6r_complex_lig_features.csv,ligand,67,18,49,26.865671641791046,0
train,6n6r_complex_rec_features.csv,receptor,148,16,132,10.81081081081081,0
train,6n85_complex_lig_features.csv,ligand,393,25,368,6.361323155216285,0
train,6n85_complex_rec_features.csv,receptor,426,43,383,10.093896713615024,0
train,6n9d_complex_lig_features.csv,ligand,179,29,150,16.201117318435752,0
train,6n9d_complex_rec_features.csv,receptor,161,30,131,18.633540372670808,0
train,6ndz_complex_lig_features.csv,ligand,190,37,153,19.473684210526315,0
train,6ndz_complex_rec_features.csv,receptor,122,26,96,21.311475409836063,0
train,6ne2_complex_lig_features.csv,ligand,119,22,97,18.487394957983195,0
train,6ne2_complex_rec_features.csv,receptor,193,32,161,16.580310880829018,0
train,6ne4_complex_lig_features.csv,ligand,119,20,99,16.80672268907563,0
train,6ne4_complex_rec_features.csv,receptor,194,33,161,17.010309278350515,0
train,6nha_complex_lig_features.csv,ligand,363,18,345,4.958677685950414,0
train,6nha_complex_rec_features.csv,receptor,429,20,409,4.662004662004662,0
train,6nmr_complex_lig_features.csv,ligand,113,29,84,25.663716814159294,0
train,6nmr_complex_rec_features.csv,receptor,435,36,399,8.275862068965518,0
train,6nms_complex_lig_features.csv,ligand,116,27,89,23.275862068965516,0
train,6nms_complex_rec_features.csv,receptor,434,18,416,4.147465437788019,0
train,6nmt_complex_lig_features.csv,ligand,115,18,97,15.65217391304348,0
train,6nmt_complex_rec_features.csv,receptor,428,20,408,4.672897196261682,0
train,6nmu_complex_lig_features.csv,ligand,114,23,91,20.175438596491226,0
train,6nmu_complex_rec_features.csv,receptor,434,21,413,4.838709677419355,0
train,6nmv_complex_lig_features.csv,ligand,116,17,99,14.655172413793101,0
train,6nmv_complex_rec_features.csv,receptor,421,25,396,5.938242280285035,0
train,6o1f_complex_lig_features.csv,ligand,420,23,397,5.476190476190476,0
train,6o1f_complex_rec_features.csv,receptor,435,26,409,5.977011494252873,0
train,6o39_complex_lig_features.csv,ligand,120,21,99,17.5,0
train,6o39_complex_rec_features.csv,receptor,433,22,411,5.080831408775981,0
train,6o3a_complex_lig_features.csv,ligand,118,18,100,15.254237288135593,0
train,6o3a_complex_rec_features.csv,receptor,430,22,408,5.116279069767442,0
train,6o3b_complex_lig_features.csv,ligand,126,24,102,19.047619047619047,0
train,6o3b_complex_rec_features.csv,receptor,434,25,409,5.76036866359447,0
train,6o3o_complex_lig_features.csv,ligand,301,25,276,8.305647840531561,0
train,6o3o_complex_rec_features.csv,receptor,223,25,198,11.210762331838566,0
train,6o60_complex_lig_features.csv,ligand,300,27,273,9.0,0
train,6o60_complex_rec_features.csv,receptor,551,41,510,7.441016333938294,0
train,6oan_complex_lig_features.csv,ligand,229,32,197,13.973799126637553,0
train,6oan_complex_rec_features.csv,receptor,268,21,247,7.835820895522389,0
train,6obn_complex_lig_features.csv,ligand,285,44,241,15.43859649122807,0
train,6obn_complex_rec_features.csv,receptor,298,37,261,12.416107382550337,0
train,6oc3_complex_lig_features.csv,ligand,212,18,194,8.49056603773585,0
train,6oc3_complex_rec_features.csv,receptor,440,24,416,5.454545454545454,0
train,6oor_complex_lig_features.csv,ligand,273,14,259,5.128205128205128,0
train,6oor_complex_rec_features.csv,receptor,440,14,426,3.1818181818181817,0
train,6otc_complex_lig_features.csv,ligand,122,6,116,4.918032786885246,0
train,6otc_complex_rec_features.csv,receptor,436,11,425,2.522935779816514,0
train,6oy4_complex_lig_features.csv,ligand,129,16,113,12.4031007751938,0
train,6oy4_complex_rec_features.csv,receptor,437,26,411,5.949656750572083,0
train,6p50_complex_lig_features.csv,ligand,93,19,74,20.43010752688172,0
train,6p50_complex_rec_features.csv,receptor,434,16,418,3.686635944700461,0
train,6p67_complex_lig_features.csv,ligand,195,22,173,11.282051282051283,0
train,6p67_complex_rec_features.csv,receptor,436,24,412,5.5045871559633035,0
train,6phb_complex_lig_features.csv,ligand,176,13,163,7.386363636363637,0
train,6phb_complex_rec_features.csv,receptor,435,23,412,5.287356321839081,0
train,6phc_complex_lig_features.csv,ligand,159,28,131,17.61006289308176,0
train,6phc_complex_rec_features.csv,receptor,445,28,417,6.292134831460674,0
train,6plk_complex_lig_features.csv,ligand,103,16,87,15.53398058252427,0
train,6plk_complex_rec_features.csv,receptor,439,22,417,5.0113895216400905,0
train,6ppg_complex_lig_features.csv,ligand,122,16,106,13.114754098360656,0
train,6ppg_complex_rec_features.csv,receptor,435,25,410,5.747126436781609,0
train,6pxh_complex_lig_features.csv,ligand,341,16,325,4.69208211143695,0
train,6pxh_complex_rec_features.csv,receptor,438,21,417,4.794520547945205,0
train,6q0h_complex_lig_features.csv,ligand,211,30,181,14.218009478672986,0
train,6q0h_complex_rec_features.csv,receptor,444,20,424,4.504504504504505,0
train,6q0o_complex_lig_features.csv,ligand,215,28,187,13.023255813953488,0
train,6q0o_complex_rec_features.csv,receptor,443,21,422,4.740406320541761,0
train,6q18_complex_lig_features.csv,ligand,212,28,184,13.20754716981132,0
train,6q18_complex_rec_features.csv,receptor,441,28,413,6.349206349206349,0
train,6qb3_complex_lig_features.csv,ligand,228,22,206,9.649122807017543,0
train,6qb3_complex_rec_features.csv,receptor,150,16,134,10.666666666666668,0
train,6qb6_complex_lig_features.csv,ligand,159,17,142,10.69182389937107,0
train,6qb6_complex_rec_features.csv,receptor,435,24,411,5.517241379310345,0
train,6r2g_complex_lig_features.csv,ligand,34,22,12,64.70588235294117,0
train,6r2g_complex_rec_features.csv,receptor,161,38,123,23.60248447204969,0
train,6r8x_complex_lig_features.csv,ligand,232,26,206,11.206896551724139,0
train,6r8x_complex_rec_features.csv,receptor,434,26,408,5.990783410138248,0
train,6rhv_complex_lig_features.csv,ligand,170,32,138,18.823529411764707,0
train,6rhv_complex_rec_features.csv,receptor,575,24,551,4.173913043478262,0
train,6rhw_complex_lig_features.csv,ligand,168,29,139,17.261904761904763,0
train,6rhw_complex_rec_features.csv,receptor,568,24,544,4.225352112676056,0
train,6s53_complex_lig_features.csv,ligand,79,18,61,22.78481012658228,0
train,6s53_complex_rec_features.csv,receptor,225,27,198,12.0,0
train,6s8s_complex_lig_features.csv,ligand,37,25,12,67.56756756756756,0
train,6s8s_complex_rec_features.csv,receptor,168,35,133,20.833333333333336,0
train,6sak_complex_lig_features.csv,ligand,95,33,62,34.73684210526316,0
train,6sak_complex_rec_features.csv,receptor,274,23,251,8.394160583941606,0
train,6u8c_complex_lig_features.csv,ligand,57,14,43,24.561403508771928,0
train,6u8c_complex_rec_features.csv,receptor,437,17,420,3.8901601830663615,0
train,6umt_complex_lig_features.csv,ligand,102,26,76,25.49019607843137,0
train,6umt_complex_rec_features.csv,receptor,117,31,86,26.495726495726498,0
train,6uvo_complex_lig_features.csv,ligand,30,21,9,70.0,0
train,6uvo_complex_rec_features.csv,receptor,441,23,418,5.215419501133787,0
val,1a4y_complex_lig_features.csv,ligand,123,38,85,30.89430894308943,0
val,1a4y_complex_rec_features.csv,receptor,460,40,420,8.695652173913043,0
val,1ay7_complex_lig_features.csv,ligand,89,17,72,19.101123595505616,0
val,1ay7_complex_rec_features.csv,receptor,96,16,80,16.666666666666664,0
val,1b27_complex_lig_features.csv,ligand,89,17,72,19.101123595505616,0
val,1b27_complex_rec_features.csv,receptor,108,22,86,20.37037037037037,0
val,1b2s_complex_lig_features.csv,ligand,90,19,71,21.11111111111111,0
val,1b2s_complex_rec_features.csv,receptor,110,23,87,20.909090909090907,0
val,1b2u_complex_lig_features.csv,ligand,90,19,71,21.11111111111111,0
val,1b2u_complex_rec_features.csv,receptor,110,20,90,18.181818181818183,0
val,1b3s_complex_lig_features.csv,ligand,89,17,72,19.101123595505616,0
val,1b3s_complex_rec_features.csv,receptor,108,21,87,19.444444444444446,0
val,1brs_complex_lig_features.csv,ligand,89,17,72,19.101123595505616,0
val,1brs_complex_rec_features.csv,receptor,108,22,86,20.37037037037037,0
val,1cn4_complex_lig_features.csv,ligand,161,20,141,12.422360248447205,0
val,1cn4_complex_rec_features.csv,receptor,218,22,196,10.091743119266056,0
val,1e6e_complex_lig_features.csv,ligand,113,29,84,25.663716814159294,0
val,1e6e_complex_rec_features.csv,receptor,457,29,428,6.3457330415754925,0
val,1emv_complex_lig_features.csv,ligand,131,21,110,16.030534351145036,0
val,1emv_complex_rec_features.csv,receptor,83,22,61,26.506024096385545,0
val,1gla_complex_lig_features.csv,ligand,496,17,479,3.4274193548387095,0
val,1gla_complex_rec_features.csv,receptor,168,22,146,13.095238095238097,0
val,1go4_complex_lig_features.csv,ligand,87,25,62,28.735632183908045,0
val,1go4_complex_rec_features.csv,receptor,195,48,147,24.615384615384617,0
val,1gpw_complex_lig_features.csv,ligand,201,22,179,10.945273631840797,0
val,1gpw_complex_rec_features.csv,receptor,253,31,222,12.25296442687747,0
val,1i4d_complex_lig_features.csv,ligand,177,17,160,9.6045197740113,0
val,1i4d_complex_rec_features.csv,receptor,200,20,180,10.0,0
val,1i4e_complex_lig_features.csv,ligand,241,27,214,11.20331950207469,0
val,1i4e_complex_rec_features.csv,receptor,291,16,275,5.498281786941581,0
val,1ib1_complex_lig_features.csv,ligand,178,32,146,17.97752808988764,0
val,1ib1_complex_rec_features.csv,receptor,227,37,190,16.299559471365637,0
val,1jiw_complex_lig_features.csv,ligand,105,24,81,22.857142857142858,0
val,1jiw_complex_rec_features.csv,receptor,470,36,434,7.659574468085106,0
val,1kac_complex_lig_features.csv,ligand,124,22,102,17.741935483870968,0
val,1kac_complex_rec_features.csv,receptor,185,19,166,10.27027027027027,0
val,1kgy_complex_lig_features.csv,ligand,138,25,113,18.115942028985508,0
val,1kgy_complex_rec_features.csv,receptor,181,39,142,21.54696132596685,0
val,1m1e_complex_lig_features.csv,ligand,70,36,34,51.42857142857142,0
val,1m1e_complex_rec_features.csv,receptor,521,53,468,10.17274472168906,0
val,1oyh_complex_lig_features.csv,ligand,426,27,399,6.338028169014084,0
val,1oyh_complex_rec_features.csv,receptor,427,19,408,4.449648711943794,0
val,1p27_complex_lig_features.csv,ligand,92,29,63,31.521739130434785,0
val,1p27_complex_rec_features.csv,receptor,144,21,123,14.583333333333334,0
val,1p6a_complex_lig_features.csv,ligand,124,23,101,18.548387096774192,0
val,1p6a_complex_rec_features.csv,receptor,185,19,166,10.27027027027027,0
val,1pk1_complex_lig_features.csv,ligand,67,12,55,17.91044776119403,0
val,1pk1_complex_rec_features.csv,receptor,64,12,52,18.75,0
val,1rvj_complex_lig_features.csv,ligand,582,97,485,16.666666666666664,0
val,1rvj_complex_rec_features.csv,receptor,238,109,129,45.79831932773109,0
val,1sv0_complex_lig_features.csv,ligand,81,16,65,19.753086419753085,0
val,1sv0_complex_rec_features.csv,receptor,79,13,66,16.455696202531644,0
val,1th1_complex_lig_features.csv,ligand,49,39,10,79.59183673469387,0
val,1th1_complex_rec_features.csv,receptor,519,80,439,15.414258188824661,0
val,1u0s_complex_lig_features.csv,ligand,86,18,68,20.930232558139537,0
val,1u0s_complex_rec_features.csv,receptor,118,20,98,16.94915254237288,0
val,1v18_complex_lig_features.csv,ligand,36,29,7,80.55555555555556,0
val,1v18_complex_rec_features.csv,receptor,516,66,450,12.790697674418606,0
val,1w1w_complex_lig_features.csv,ligand,79,30,49,37.9746835443038,0
val,1w1w_complex_rec_features.csv,receptor,345,28,317,8.115942028985506,0
val,1wve_complex_lig_features.csv,ligand,75,22,53,29.333333333333332,0
val,1wve_complex_rec_features.csv,receptor,515,29,486,5.631067961165048,0
val,1x1u_complex_lig_features.csv,ligand,89,19,70,21.34831460674157,0
val,1x1u_complex_rec_features.csv,receptor,110,22,88,20.0,0
val,1x1w_complex_lig_features.csv,ligand,90,19,71,21.11111111111111,0
val,1x1w_complex_rec_features.csv,receptor,108,22,86,20.37037037037037,0
val,1x1x_complex_lig_features.csv,ligand,89,21,68,23.595505617977526,0
val,1x1x_complex_rec_features.csv,receptor,110,22,88,20.0,0
val,1x1y_complex_lig_features.csv,ligand,90,18,72,20.0,0
val,1x1y_complex_rec_features.csv,receptor,108,20,88,18.51851851851852,0
val,1ycs_complex_lig_features.csv,ligand,193,21,172,10.880829015544041,0
val,1ycs_complex_rec_features.csv,receptor,191,17,174,8.900523560209423,0
val,2aze_complex_lig_features.csv,ligand,101,65,36,64.35643564356435,0
val,2aze_complex_rec_features.csv,receptor,149,67,82,44.966442953020135,0
val,2byk_complex_lig_features.csv,ligand,92,45,47,48.91304347826087,0
val,2byk_complex_rec_features.csv,receptor,66,42,24,63.63636363636363,0
val,2bym_complex_lig_features.csv,ligand,86,44,42,51.162790697674424,0
val,2bym_complex_rec_features.csv,receptor,64,39,25,60.9375,0
val,2f9z_complex_lig_features.csv,ligand,159,25,134,15.723270440251572,0
val,2f9z_complex_rec_features.csv,receptor,201,21,180,10.44776119402985,0
val,2hle_complex_lig_features.csv,ligand,138,23,115,16.666666666666664,0
val,2hle_complex_rec_features.csv,receptor,188,37,151,19.680851063829788,0
val,2j12_complex_lig_features.csv,ligand,120,27,93,22.5,0
val,2j12_complex_rec_features.csv,receptor,182,23,159,12.637362637362637,0
val,2o98_complex_lig_features.csv,ligand,50,22,28,44.0,0
val,2o98_complex_rec_features.csv,receptor,237,29,208,12.236286919831224,0
val,2ot3_complex_lig_features.csv,ligand,166,31,135,18.67469879518072,0
val,2ot3_complex_rec_features.csv,receptor,253,33,220,13.043478260869565,0
val,2oza_complex_lig_features.csv,ligand,348,83,265,23.850574712643677,0
val,2oza_complex_rec_features.csv,receptor,340,70,270,20.588235294117645,0
val,2p8q_complex_lig_features.csv,ligand,39,30,9,76.92307692307693,0
val,2p8q_complex_rec_features.csv,receptor,873,63,810,7.216494845360824,0
val,2pms_complex_lig_features.csv,ligand,125,9,116,7.199999999999999,0
val,2pms_complex_rec_features.csv,receptor,331,21,310,6.3444108761329305,0
val,2q0o_complex_lig_features.csv,ligand,86,38,48,44.18604651162791,0
val,2q0o_complex_rec_features.csv,receptor,235,43,192,18.29787234042553,0
val,2qna_complex_lig_features.csv,ligand,30,21,9,70.0,0
val,2qna_complex_rec_features.csv,receptor,756,42,714,5.555555555555555,0
val,2vln_complex_lig_features.csv,ligand,134,20,114,14.925373134328357,0
val,2vln_complex_rec_features.csv,receptor,80,23,57,28.749999999999996,0
val,2vlo_complex_lig_features.csv,ligand,132,20,112,15.151515151515152,0
val,2vlo_complex_rec_features.csv,receptor,90,24,66,26.666666666666668,0
val,2vlp_complex_lig_features.csv,ligand,134,20,114,14.925373134328357,0
val,2vlp_complex_rec_features.csv,receptor,82,24,58,29.268292682926827,0
val,2vlq_complex_lig_features.csv,ligand,134,21,113,15.671641791044777,0
val,2vlq_complex_rec_features.csv,receptor,84,24,60,28.57142857142857,0
val,2vsm_complex_lig_features.csv,ligand,140,33,107,23.57142857142857,0
val,2vsm_complex_rec_features.csv,receptor,416,35,381,8.413461538461538,0
val,2w19_complex_lig_features.csv,ligand,72,21,51,29.166666666666668,0
val,2w19_complex_rec_features.csv,receptor,431,26,405,6.0324825986078885,0
val,2wo2_complex_lig_features.csv,ligand,140,25,115,17.857142857142858,0
val,2wo2_complex_rec_features.csv,receptor,178,40,138,22.47191011235955,0
val,2wo3_complex_lig_features.csv,ligand,142,20,122,14.084507042253522,0
val,2wo3_complex_rec_features.csv,receptor,176,29,147,16.477272727272727,0
val,2wpt_complex_lig_features.csv,ligand,118,21,97,17.796610169491526,0
val,2wpt_complex_rec_features.csv,receptor,82,25,57,30.48780487804878,0
val,2x1w_complex_lig_features.csv,ligand,184,21,163,11.41304347826087,0
val,2x1w_complex_rec_features.csv,receptor,98,14,84,14.285714285714285,0
val,2x9a_complex_lig_features.csv,ligand,90,22,68,24.444444444444443,0
val,2x9a_complex_rec_features.csv,receptor,61,21,40,34.42622950819672,0
val,2z58_complex_lig_features.csv,ligand,66,22,44,33.33333333333333,0
val,2z58_complex_rec_features.csv,receptor,318,49,269,15.40880503144654,0
val,2za4_complex_lig_features.csv,ligand,90,17,73,18.88888888888889,0
val,2za4_complex_rec_features.csv,receptor,109,20,89,18.34862385321101,0
val,3aaa_complex_lig_features.csv,ligand,250,85,165,34.0,0
val,3aaa_complex_rec_features.csv,receptor,267,81,186,30.337078651685395,0
val,3aon_complex_lig_features.csv,ligand,99,46,53,46.464646464646464,0
val,3aon_complex_rec_features.csv,receptor,180,57,123,31.666666666666664,0
val,3au4_complex_lig_features.csv,ligand,32,16,16,50.0,0
val,3au4_complex_rec_features.csv,receptor,526,23,503,4.3726235741444865,0
val,3beg_complex_lig_features.csv,ligand,90,17,73,18.88888888888889,0
val,3beg_complex_rec_features.csv,receptor,348,35,313,10.057471264367816,0
val,3da7_complex_lig_features.csv,ligand,90,17,73,18.88888888888889,0
val,3da7_complex_rec_features.csv,receptor,108,22,86,20.37037037037037,0
val,3f5c_complex_lig_features.csv,ligand,183,15,168,8.19672131147541,0
val,3f5c_complex_rec_features.csv,receptor,243,18,225,7.4074074074074066,0
val,3fhc_complex_lig_features.csv,ligand,224,30,194,13.392857142857142,0
val,3fhc_complex_rec_features.csv,receptor,397,32,365,8.060453400503778,0
val,3fxd_complex_lig_features.csv,ligand,58,30,28,51.724137931034484,0
val,3fxd_complex_rec_features.csv,receptor,49,30,19,61.224489795918366,0
val,3gb8_complex_lig_features.csv,ligand,268,44,224,16.417910447761194,0
val,3gb8_complex_rec_features.csv,receptor,993,50,943,5.0352467270896275,0
val,3gjn_complex_lig_features.csv,ligand,118,17,101,14.40677966101695,0
val,3gjn_complex_rec_features.csv,receptor,82,21,61,25.609756097560975,0
val,3gxu_complex_lig_features.csv,ligand,143,25,118,17.482517482517483,0
val,3gxu_complex_rec_features.csv,receptor,175,36,139,20.57142857142857,0
val,3h2u_complex_lig_features.csv,ligand,279,14,265,5.017921146953405,0
val,3h2u_complex_rec_features.csv,receptor,182,20,162,10.989010989010989,0
val,3h2v_complex_lig_features.csv,ligand,73,13,60,17.80821917808219,0
val,3h2v_complex_rec_features.csv,receptor,180,20,160,11.11111111111111,0
val,3ifq_complex_lig_features.csv,ligand,95,67,28,70.52631578947368,0
val,3ifq_complex_rec_features.csv,receptor,548,104,444,18.97810218978102,0
val,3ixs_complex_lig_features.csv,ligand,34,23,11,67.64705882352942,0
val,3ixs_complex_rec_features.csv,receptor,111,26,85,23.423423423423422,0
val,3k9m_complex_lig_features.csv,ligand,98,31,67,31.63265306122449,0
val,3k9m_complex_rec_features.csv,receptor,254,39,215,15.354330708661418,0
val,3lb8_complex_lig_features.csv,ligand,103,19,84,18.446601941747574,0
val,3lb8_complex_rec_features.csv,receptor,417,23,394,5.515587529976019,0
val,3lk2_complex_lig_features.csv,ligand,33,31,2,93.93939393939394,0
val,3lk2_complex_rec_features.csv,receptor,512,60,452,11.71875,0
val,3lk3_complex_lig_features.csv,ligand,49,49,0,100.0,0
val,3lk3_complex_rec_features.csv,receptor,519,89,430,17.148362235067438,0
val,3me2_complex_lig_features.csv,ligand,166,13,153,7.83132530120482,0
val,3me2_complex_rec_features.csv,receptor,156,17,139,10.897435897435898,0
val,3mj7_complex_lig_features.csv,ligand,200,28,172,14.000000000000002,0
val,3mj7_complex_rec_features.csv,receptor,229,19,210,8.296943231441048,0
val,3mjh_complex_lig_features.csv,ligand,33,15,18,45.45454545454545,0
val,3mjh_complex_rec_features.csv,receptor,167,17,150,10.179640718562874,0
val,3nvn_complex_lig_features.csv,ligand,474,24,450,5.063291139240507,0
val,3nvn_complex_rec_features.csv,receptor,383,28,355,7.310704960835509,0
val,3nvq_complex_lig_features.csv,ligand,474,31,443,6.5400843881856545,0
val,3nvq_complex_rec_features.csv,receptor,588,30,558,5.1020408163265305,0
val,3oux_complex_lig_features.csv,ligand,50,40,10,80.0,0
val,3oux_complex_rec_features.csv,receptor,515,63,452,12.233009708737864,0
val,3p8m_complex_lig_features.csv,ligand,43,11,32,25.581395348837212,0
val,3p8m_complex_rec_features.csv,receptor,87,21,66,24.137931034482758,0
val,3qbq_complex_lig_features.csv,ligand,164,19,145,11.585365853658537,0
val,3qbq_complex_rec_features.csv,receptor,155,23,132,14.838709677419354,0
val,3t0y_complex_lig_features.csv,ligand,31,17,14,54.83870967741935,0
val,3t0y_complex_rec_features.csv,receptor,126,19,107,15.079365079365079,0
val,3u43_complex_lig_features.csv,ligand,132,22,110,16.666666666666664,0
val,3u43_complex_rec_features.csv,receptor,92,23,69,25.0,0
val,3ujg_complex_lig_features.csv,ligand,327,27,300,8.256880733944955,0
val,3ujg_complex_rec_features.csv,receptor,299,33,266,11.036789297658862,0
val,3vv2_complex_lig_features.csv,ligand,65,22,43,33.84615384615385,0
val,3vv2_complex_rec_features.csv,receptor,320,46,274,14.374999999999998,0
val,4ap2_complex_lig_features.csv,ligand,365,33,332,9.04109589041096,0
val,4ap2_complex_rec_features.csv,receptor,270,43,227,15.925925925925927,0
val,4awx_complex_lig_features.csv,ligand,63,19,44,30.158730158730158,0
val,4awx_complex_rec_features.csv,receptor,259,23,236,8.880308880308881,0
val,4c1n_complex_lig_features.csv,ligand,509,44,465,8.644400785854616,0
val,4c1n_complex_rec_features.csv,receptor,751,40,711,5.326231691078561,0
val,4cc4_complex_lig_features.csv,ligand,64,16,48,25.0,0
val,4cc4_complex_rec_features.csv,receptor,263,29,234,11.02661596958175,0
val,4dpg_complex_lig_features.csv,ligand,31,23,8,74.19354838709677,0
val,4dpg_complex_rec_features.csv,receptor,504,40,464,7.936507936507936,0
val,4ds8_complex_lig_features.csv,ligand,322,24,298,7.453416149068323,0
val,4ds8_complex_rec_features.csv,receptor,185,27,158,14.594594594594595,0
val,4eo5_complex_lig_features.csv,ligand,164,41,123,25.0,0
val,4eo5_complex_rec_features.csv,receptor,159,32,127,20.125786163522015,0
val,4eoz_complex_lig_features.csv,ligand,283,19,264,6.713780918727916,0
val,4eoz_complex_rec_features.csv,receptor,116,20,96,17.24137931034483,0
val,4euk_complex_lig_features.csv,ligand,152,22,130,14.473684210526317,0
val,4euk_complex_rec_features.csv,receptor,147,21,126,14.285714285714285,0
val,4fq0_complex_lig_features.csv,ligand,80,22,58,27.500000000000004,0
val,4fq0_complex_rec_features.csv,receptor,180,21,159,11.666666666666666,0
val,4g8a_complex_lig_features.csv,ligand,140,23,117,16.428571428571427,0
val,4g8a_complex_rec_features.csv,receptor,605,38,567,6.2809917355371905,0
val,4giq_complex_lig_features.csv,ligand,164,19,145,11.585365853658537,0
val,4giq_complex_rec_features.csv,receptor,155,21,134,13.548387096774196,0
val,4j6g_complex_lig_features.csv,ligand,162,11,151,6.790123456790123,0
val,4j6g_complex_rec_features.csv,receptor,149,19,130,12.751677852348994,0
val,4jgh_complex_lig_features.csv,ligand,378,24,354,6.349206349206349,0
val,4jgh_complex_rec_features.csv,receptor,269,26,243,9.66542750929368,0
val,4kgq_complex_lig_features.csv,ligand,167,23,144,13.77245508982036,0
val,4kgq_complex_rec_features.csv,receptor,149,18,131,12.080536912751679,0
val,4kt3_complex_lig_features.csv,ligand,127,37,90,29.133858267716533,0
val,4kt3_complex_rec_features.csv,receptor,146,42,104,28.767123287671232,0
val,4l0p_complex_lig_features.csv,ligand,139,30,109,21.58273381294964,0
val,4l0p_complex_rec_features.csv,receptor,175,37,138,21.142857142857142,0
val,4lxr_complex_lig_features.csv,ligand,66,23,43,34.84848484848485,0
val,4lxr_complex_rec_features.csv,receptor,767,34,733,4.432855280312908,0
val,4mjs_complex_lig_features.csv,ligand,88,16,72,18.181818181818183,0
val,4mjs_complex_rec_features.csv,receptor,88,16,72,18.181818181818183,0
val,4mne_complex_lig_features.csv,ligand,272,38,234,13.970588235294118,0
val,4mne_complex_rec_features.csv,receptor,285,43,242,15.087719298245613,0
val,4nl9_complex_lig_features.csv,ligand,60,11,49,18.333333333333332,0
val,4nl9_complex_rec_features.csv,receptor,63,13,50,20.634920634920633,0
val,4per_complex_lig_features.csv,ligand,113,36,77,31.858407079646017,0
val,4per_complex_rec_features.csv,receptor,460,37,423,8.043478260869565,0
val,4pj2_complex_lig_features.csv,ligand,122,26,96,21.311475409836063,0
val,4pj2_complex_rec_features.csv,receptor,125,17,108,13.600000000000001,0
val,4plo_complex_lig_features.csv,ligand,417,22,395,5.275779376498801,0
val,4plo_complex_rec_features.csv,receptor,204,21,183,10.294117647058822,0
val,4pp8_complex_lig_features.csv,ligand,168,9,159,5.357142857142857,0
val,4pp8_complex_rec_features.csv,receptor,125,11,114,8.799999999999999,0
val,4pw9_complex_lig_features.csv,ligand,83,21,62,25.301204819277107,0
val,4pw9_complex_rec_features.csv,receptor,363,22,341,6.0606060606060606,0
val,4u97_complex_lig_features.csv,ligand,293,31,262,10.580204778156997,0
val,4u97_complex_rec_features.csv,receptor,293,32,261,10.921501706484642,0
val,4uuz_complex_lig_features.csv,ligand,54,37,17,68.51851851851852,0
val,4uuz_complex_rec_features.csv,receptor,158,45,113,28.48101265822785,0
val,4xxb_complex_lig_features.csv,ligand,42,25,17,59.523809523809526,0
val,4xxb_complex_rec_features.csv,receptor,166,32,134,19.27710843373494,0
val,4yn0_complex_lig_features.csv,ligand,202,17,185,8.415841584158416,0
val,4yn0_complex_rec_features.csv,receptor,168,25,143,14.880952380952381,0
val,4yvq_complex_lig_features.csv,ligand,119,22,97,18.487394957983195,0
val,4yvq_complex_rec_features.csv,receptor,89,19,70,21.34831460674157,0
val,4z2m_complex_lig_features.csv,ligand,281,37,244,13.167259786476867,0
val,4z2m_complex_rec_features.csv,receptor,294,37,257,12.585034013605442,0
val,4zgy_complex_lig_features.csv,ligand,125,42,83,33.6,0
val,4zgy_complex_rec_features.csv,receptor,403,45,358,11.166253101736972,0
val,4zrp_complex_lig_features.csv,ligand,79,25,54,31.645569620253166,0
val,4zrp_complex_rec_features.csv,receptor,409,28,381,6.845965770171149,0
val,5bn5_complex_lig_features.csv,ligand,410,77,333,18.78048780487805,0
val,5bn5_complex_rec_features.csv,receptor,566,75,491,13.250883392226148,0
val,5bnq_complex_lig_features.csv,ligand,166,12,154,7.228915662650602,0
val,5bnq_complex_rec_features.csv,receptor,156,11,145,7.051282051282051,0
val,5f5s_complex_lig_features.csv,ligand,53,14,39,26.41509433962264,0
val,5f5s_complex_rec_features.csv,receptor,177,15,162,8.47457627118644,0
val,5imt_complex_lig_features.csv,ligand,77,15,62,19.480519480519483,0
val,5imt_complex_rec_features.csv,receptor,472,14,458,2.9661016949152543,0
val,5imy_complex_lig_features.csv,ligand,78,18,60,23.076923076923077,0
val,5imy_complex_rec_features.csv,receptor,474,14,460,2.9535864978902953,0
val,5j4a_complex_lig_features.csv,ligand,104,26,78,25.0,0
val,5j4a_complex_rec_features.csv,receptor,116,26,90,22.413793103448278,0
val,5jem_complex_lig_features.csv,ligand,42,21,21,50.0,0
val,5jem_complex_rec_features.csv,receptor,203,24,179,11.822660098522167,0
val,5jjd_complex_lig_features.csv,ligand,235,14,221,5.957446808510639,0
val,5jjd_complex_rec_features.csv,receptor,97,16,81,16.49484536082474,0
val,5k22_complex_lig_features.csv,ligand,149,16,133,10.738255033557047,0
val,5k22_complex_rec_features.csv,receptor,156,20,136,12.82051282051282,0
val,5kwy_complex_lig_features.csv,ligand,132,16,116,12.121212121212121,0
val,5kwy_complex_rec_features.csv,receptor,208,9,199,4.326923076923077,0
val,5lz3_complex_lig_features.csv,ligand,34,26,8,76.47058823529412,0
val,5lz3_complex_rec_features.csv,receptor,124,41,83,33.064516129032256,0
val,5lz6_complex_lig_features.csv,ligand,31,26,5,83.87096774193549,0
val,5lz6_complex_rec_features.csv,receptor,126,40,86,31.746031746031743,0
val,5me5_complex_lig_features.csv,ligand,37,29,8,78.37837837837837,0
val,5me5_complex_rec_features.csv,receptor,162,32,130,19.753086419753085,0
val,5mv8_complex_lig_features.csv,ligand,120,28,92,23.333333333333332,0
val,5mv8_complex_rec_features.csv,receptor,506,47,459,9.288537549407115,0
val,5mv9_complex_lig_features.csv,ligand,120,26,94,21.666666666666668,0
val,5mv9_complex_rec_features.csv,receptor,500,38,462,7.6,0
val,5nus_complex_lig_features.csv,ligand,74,29,45,39.189189189189186,0
val,5nus_complex_rec_features.csv,receptor,226,37,189,16.371681415929203,0
val,5nzz_complex_lig_features.csv,ligand,335,35,300,10.44776119402985,0
val,5nzz_complex_rec_features.csv,receptor,367,17,350,4.632152588555858,0
val,5oen_complex_lig_features.csv,ligand,175,27,148,15.428571428571427,0
val,5oen_complex_rec_features.csv,receptor,171,31,140,18.128654970760234,0
val,5oyl_complex_lig_features.csv,ligand,46,18,28,39.130434782608695,0
val,5oyl_complex_rec_features.csv,receptor,409,19,390,4.645476772616137,0
val,5t0f_complex_lig_features.csv,ligand,32,22,10,68.75,0
val,5t0f_complex_rec_features.csv,receptor,186,33,153,17.741935483870968,0
val,5wpa_complex_lig_features.csv,ligand,255,100,155,39.21568627450981,0
val,5wpa_complex_rec_features.csv,receptor,237,101,136,42.616033755274266,0
val,5x0w_complex_lig_features.csv,ligand,84,28,56,33.33333333333333,0
val,5x0w_complex_rec_features.csv,receptor,138,18,120,13.043478260869565,0
val,5xbf_complex_lig_features.csv,ligand,121,29,92,23.96694214876033,0
val,5xbf_complex_rec_features.csv,receptor,477,45,432,9.433962264150944,0
val,5z7g_complex_lig_features.csv,ligand,43,12,31,27.906976744186046,0
val,5z7g_complex_rec_features.csv,receptor,110,18,92,16.363636363636363,0
val,5z7l_complex_lig_features.csv,ligand,43,13,30,30.23255813953488,0
val,5z7l_complex_rec_features.csv,receptor,109,20,89,18.34862385321101,0
val,6a6x_complex_lig_features.csv,ligand,75,21,54,28.000000000000004,0
val,6a6x_complex_rec_features.csv,receptor,115,31,84,26.956521739130434,0
val,6a7v_complex_lig_features.csv,ligand,62,26,36,41.935483870967744,0
val,6a7v_complex_rec_features.csv,receptor,138,41,97,29.71014492753623,0
val,6akm_complex_lig_features.csv,ligand,46,23,23,50.0,0
val,6akm_complex_rec_features.csv,receptor,47,23,24,48.93617021276596,0
val,6azp_complex_lig_features.csv,ligand,57,16,41,28.07017543859649,0
val,6azp_complex_rec_features.csv,receptor,576,20,556,3.4722222222222223,0
val,6b6u_complex_lig_features.csv,ligand,519,73,446,14.065510597302506,0
val,6b6u_complex_rec_features.csv,receptor,525,73,452,13.904761904761905,0
val,6bmt_complex_lig_features.csv,ligand,70,27,43,38.57142857142858,0
val,6bmt_complex_rec_features.csv,receptor,579,41,538,7.081174438687392,0
val,6fg8_complex_lig_features.csv,ligand,189,16,173,8.465608465608465,0
val,6fg8_complex_rec_features.csv,receptor,188,23,165,12.23404255319149,0
val,6fq0_complex_lig_features.csv,ligand,144,52,92,36.11111111111111,0
val,6fq0_complex_rec_features.csv,receptor,239,46,193,19.246861924686193,0
val,6i2m_complex_lig_features.csv,ligand,358,22,336,6.145251396648044,0
val,6i2m_complex_rec_features.csv,receptor,196,25,171,12.755102040816327,0
val,6i3f_complex_lig_features.csv,ligand,338,55,283,16.272189349112427,0
val,6i3f_complex_rec_features.csv,receptor,457,50,407,10.940919037199125,0
val,6in9_complex_lig_features.csv,ligand,45,36,9,80.0,0
val,6in9_complex_rec_features.csv,receptor,291,71,220,24.398625429553263,0
val,6j4o_complex_lig_features.csv,ligand,35,20,15,57.14285714285714,0
val,6j4o_complex_rec_features.csv,receptor,233,38,195,16.30901287553648,0
val,6j4s_complex_lig_features.csv,ligand,32,20,12,62.5,0
val,6j4s_complex_rec_features.csv,receptor,250,39,211,15.6,0
val,6jdj_complex_lig_features.csv,ligand,62,40,22,64.51612903225806,0
val,6jdj_complex_rec_features.csv,receptor,113,42,71,37.16814159292036,0
val,6o07_complex_lig_features.csv,ligand,774,108,666,13.953488372093023,0
val,6o07_complex_rec_features.csv,receptor,341,96,245,28.152492668621704,0
val,6p7y_complex_lig_features.csv,ligand,141,35,106,24.822695035460992,0
val,6p7y_complex_rec_features.csv,receptor,430,41,389,9.534883720930234,0
val,6pnp_complex_lig_features.csv,ligand,146,32,114,21.91780821917808,0
val,6pnp_complex_rec_features.csv,receptor,193,32,161,16.580310880829018,0
val,6pnq_complex_lig_features.csv,ligand,143,32,111,22.377622377622377,0
val,6pnq_complex_rec_features.csv,receptor,198,31,167,15.656565656565657,0
val,6q69_complex_lig_features.csv,ligand,43,27,16,62.7906976744186,0
val,6q69_complex_rec_features.csv,receptor,128,36,92,28.125,0
val,6u2h_complex_lig_features.csv,ligand,285,11,274,3.8596491228070176,0
val,6u2h_complex_rec_features.csv,receptor,230,22,208,9.565217391304348,0
test,1a22_complex_lig_features.csv,ligand,205,33,172,16.097560975609756,0
test,1a22_complex_rec_features.csv,receptor,191,33,158,17.277486910994764,0
test,1axi_complex_lig_features.csv,ligand,205,34,171,16.585365853658537,0
test,1axi_complex_rec_features.csv,receptor,189,31,158,16.402116402116402,0
test,1buh_complex_lig_features.csv,ligand,70,18,52,25.71428571428571,0
test,1buh_complex_rec_features.csv,receptor,294,16,278,5.442176870748299,0
test,1djs_complex_lig_features.csv,ligand,134,40,94,29.850746268656714,0
test,1djs_complex_rec_features.csv,receptor,212,36,176,16.9811320754717,0
test,1efn_complex_lig_features.csv,ligand,104,16,88,15.384615384615385,0
test,1efn_complex_rec_features.csv,receptor,57,16,41,28.07017543859649,0
test,1f3v_complex_lig_features.csv,ligand,164,23,141,14.02439024390244,0
test,1f3v_complex_rec_features.csv,receptor,158,19,139,12.025316455696203,0
test,1gcq_complex_lig_features.csv,ligand,69,20,49,28.985507246376812,0
test,1gcq_complex_rec_features.csv,receptor,57,14,43,24.561403508771928,0
test,1h59_complex_lig_features.csv,ligand,45,14,31,31.11111111111111,0
test,1h59_complex_rec_features.csv,receptor,63,13,50,20.634920634920633,0
test,1hcf_complex_lig_features.csv,ligand,101,25,76,24.752475247524753,0
test,1hcf_complex_rec_features.csv,receptor,127,21,106,16.535433070866144,0
test,1k93_complex_lig_features.csv,ligand,143,63,80,44.05594405594406,0
test,1k93_complex_rec_features.csv,receptor,489,70,419,14.314928425357873,0
test,1l2w_complex_lig_features.csv,ligand,57,24,33,42.10526315789473,0
test,1l2w_complex_rec_features.csv,receptor,122,36,86,29.508196721311474,0
test,1nw9_complex_lig_features.csv,ligand,250,32,218,12.8,0
test,1nw9_complex_rec_features.csv,receptor,91,30,61,32.967032967032964,0
test,1r6q_complex_lig_features.csv,ligand,91,26,65,28.57142857142857,0
test,1r6q_complex_rec_features.csv,receptor,142,35,107,24.647887323943664,0
test,1sg1_complex_lig_features.csv,ligand,160,16,144,10.0,0
test,1sg1_complex_rec_features.csv,receptor,108,14,94,12.962962962962962,0
test,1t0p_complex_lig_features.csv,ligand,86,16,70,18.6046511627907,0
test,1t0p_complex_rec_features.csv,receptor,174,19,155,10.919540229885058,0
test,1xwd_complex_lig_features.csv,ligand,242,41,201,16.94214876033058,0
test,1xwd_complex_rec_features.csv,receptor,195,32,163,16.41025641025641,0
test,1y8n_complex_lig_features.csv,ligand,102,12,90,11.76470588235294,0
test,1y8n_complex_rec_features.csv,receptor,389,15,374,3.8560411311053984,0
test,1yrt_complex_lig_features.csv,ligand,69,38,31,55.072463768115945,0
test,1yrt_complex_rec_features.csv,receptor,358,47,311,13.128491620111731,0
test,1yru_complex_lig_features.csv,ligand,69,38,31,55.072463768115945,0
test,1yru_complex_rec_features.csv,receptor,358,46,312,12.849162011173185,0
test,1yvb_complex_lig_features.csv,ligand,111,19,92,17.117117117117118,0
test,1yvb_complex_rec_features.csv,receptor,241,31,210,12.863070539419086,0
test,1ze3_complex_lig_features.csv,ligand,125,27,98,21.6,0
test,1ze3_complex_rec_features.csv,receptor,327,36,291,11.009174311926607,0
test,2ass_complex_lig_features.csv,ligand,69,18,51,26.08695652173913,0
test,2ass_complex_rec_features.csv,receptor,325,25,300,7.6923076923076925,0
test,2aw2_complex_lig_features.csv,ligand,102,24,78,23.52941176470588,0
test,2aw2_complex_rec_features.csv,receptor,107,21,86,19.626168224299064,0
test,2bp7_complex_lig_features.csv,ligand,338,46,292,13.609467455621301,0
test,2bp7_complex_rec_features.csv,receptor,407,48,359,11.793611793611793,0
test,2dsq_complex_lig_features.csv,ligand,87,23,64,26.436781609195403,0
test,2dsq_complex_rec_features.csv,receptor,146,28,118,19.17808219178082,0
test,2dsr_complex_lig_features.csv,ligand,79,25,54,31.645569620253166,0
test,2dsr_complex_rec_features.csv,receptor,138,29,109,21.014492753623188,0
test,2efd_complex_lig_features.csv,ligand,165,25,140,15.151515151515152,0
test,2efd_complex_rec_features.csv,receptor,246,31,215,12.601626016260163,0
test,2efh_complex_lig_features.csv,ligand,165,25,140,15.151515151515152,0
test,2efh_complex_rec_features.csv,receptor,246,31,215,12.601626016260163,0
test,2fu5_complex_lig_features.csv,ligand,176,27,149,15.340909090909092,0
test,2fu5_complex_rec_features.csv,receptor,117,39,78,33.33333333333333,0
test,2gh0_complex_lig_features.csv,ligand,200,24,176,12.0,0
test,2gh0_complex_rec_features.csv,receptor,100,18,82,18.0,0
test,2hqs_complex_lig_features.csv,ligand,107,25,82,23.364485981308412,0
test,2hqs_complex_rec_features.csv,receptor,414,40,374,9.66183574879227,0
test,2ij0_complex_lig_features.csv,ligand,118,21,97,17.796610169491526,0
test,2ij0_complex_rec_features.csv,receptor,191,23,168,12.041884816753926,0
test,2j7p_complex_lig_features.csv,ligand,265,36,229,13.584905660377359,0
test,2j7p_complex_rec_features.csv,receptor,292,37,255,12.67123287671233,0
test,2o3b_complex_lig_features.csv,ligand,135,18,117,13.333333333333334,0
test,2o3b_complex_rec_features.csv,receptor,241,25,216,10.37344398340249,0
test,2omt_complex_lig_features.csv,ligand,105,30,75,28.57142857142857,0
test,2omt_complex_rec_features.csv,receptor,462,46,416,9.956709956709958,0
test,2omu_complex_lig_features.csv,ligand,105,34,71,32.38095238095238,0
test,2omu_complex_rec_features.csv,receptor,462,48,414,10.38961038961039,0
test,2omv_complex_lig_features.csv,ligand,103,29,74,28.155339805825243,0
test,2omv_complex_rec_features.csv,receptor,461,45,416,9.761388286334057,0
test,2omw_complex_lig_features.csv,ligand,105,28,77,26.666666666666668,0
test,2omw_complex_rec_features.csv,receptor,461,42,419,9.11062906724512,0
test,2omx_complex_lig_features.csv,ligand,107,36,71,33.64485981308411,0
test,2omx_complex_rec_features.csv,receptor,462,46,416,9.956709956709958,0
test,2omy_complex_lig_features.csv,ligand,105,29,76,27.61904761904762,0
test,2omy_complex_rec_features.csv,receptor,461,46,415,9.97830802603037,0
test,2omz_complex_lig_features.csv,ligand,105,31,74,29.523809523809526,0
test,2omz_complex_rec_features.csv,receptor,466,46,420,9.871244635193133,0
test,2oul_complex_lig_features.csv,ligand,107,22,85,20.5607476635514,0
test,2oul_complex_rec_features.csv,receptor,241,31,210,12.863070539419086,0
test,2v3b_complex_lig_features.csv,ligand,53,14,39,26.41509433962264,0
test,2v3b_complex_rec_features.csv,receptor,381,18,363,4.724409448818897,0
test,2v6x_complex_lig_features.csv,ligand,37,24,13,64.86486486486487,0
test,2v6x_complex_rec_features.csv,receptor,80,34,46,42.5,0
test,2v9t_complex_lig_features.csv,ligand,210,23,187,10.952380952380953,0
test,2v9t_complex_rec_features.csv,receptor,107,20,87,18.69158878504673,0
test,2vdb_complex_lig_features.csv,ligand,55,20,35,36.36363636363637,0
test,2vdb_complex_rec_features.csv,receptor,579,25,554,4.317789291882556,0
test,2ve7_complex_lig_features.csv,ligand,242,104,138,42.97520661157025,0
test,2ve7_complex_rec_features.csv,receptor,313,114,199,36.42172523961661,0
test,2w8b_complex_lig_features.csv,ligand,108,25,83,23.14814814814815,0
test,2w8b_complex_rec_features.csv,receptor,409,39,370,9.535452322738386,0
test,2wel_complex_lig_features.csv,ligand,145,42,103,28.965517241379313,0
test,2wel_complex_rec_features.csv,receptor,308,22,286,7.142857142857142,0
test,2wp3_complex_lig_features.csv,ligand,99,21,78,21.21212121212121,0
test,2wp3_complex_rec_features.csv,receptor,97,20,77,20.618556701030926,0
test,2wus_complex_lig_features.csv,ligand,82,13,69,15.853658536585366,0
test,2wus_complex_rec_features.csv,receptor,333,16,317,4.804804804804805,0
test,2wwk_complex_lig_features.csv,ligand,99,17,82,17.17171717171717,0
test,2wwk_complex_rec_features.csv,receptor,99,18,81,18.181818181818183,0
test,2xgy_complex_lig_features.csv,ligand,165,21,144,12.727272727272727,0
test,2xgy_complex_rec_features.csv,receptor,137,21,116,15.328467153284672,0
test,2ygg_complex_lig_features.csv,ligand,146,32,114,21.91780821917808,0
test,2ygg_complex_rec_features.csv,receptor,66,25,41,37.878787878787875,0
test,2yvj_complex_lig_features.csv,ligand,106,17,89,16.037735849056602,0
test,2yvj_complex_rec_features.csv,receptor,402,28,374,6.965174129353234,0
test,3bn3_complex_lig_features.csv,ligand,196,18,178,9.183673469387756,0
test,3bn3_complex_rec_features.csv,receptor,180,23,157,12.777777777777777,0
test,3brt_complex_lig_features.csv,ligand,62,20,42,32.25806451612903,0
test,3brt_complex_rec_features.csv,receptor,39,24,15,61.53846153846154,0
test,3brv_complex_lig_features.csv,ligand,62,21,41,33.87096774193548,0
test,3brv_complex_rec_features.csv,receptor,39,22,17,56.41025641025641,0
test,3cqc_complex_lig_features.csv,ligand,225,28,197,12.444444444444445,0
test,3cqc_complex_rec_features.csv,receptor,258,30,228,11.627906976744185,0
test,3cqg_complex_lig_features.csv,ligand,222,28,194,12.612612612612612,0
test,3cqg_complex_rec_features.csv,receptor,235,26,209,11.063829787234042,0
test,3crk_complex_lig_features.csv,ligand,86,13,73,15.11627906976744,0
test,3crk_complex_rec_features.csv,receptor,370,13,357,3.5135135135135136,0
test,3g9w_complex_lig_features.csv,ligand,40,24,16,60.0,0
test,3g9w_complex_rec_features.csv,receptor,217,33,184,15.207373271889402,0
test,3htu_complex_lig_features.csv,ligand,35,17,18,48.57142857142857,0
test,3htu_complex_rec_features.csv,receptor,75,20,55,26.666666666666668,0
test,3k8p_complex_lig_features.csv,ligand,602,24,578,3.9867109634551494,0
test,3k8p_complex_rec_features.csv,receptor,289,26,263,8.996539792387544,0
test,3kbt_complex_lig_features.csv,ligand,159,20,139,12.578616352201259,0
test,3kbt_complex_rec_features.csv,receptor,284,21,263,7.394366197183098,0
test,3kyi_complex_lig_features.csv,ligand,134,21,113,15.671641791044777,0
test,3kyi_complex_rec_features.csv,receptor,127,24,103,18.89763779527559,0
test,3o5t_complex_lig_features.csv,ligand,112,17,95,15.178571428571427,0
test,3o5t_complex_rec_features.csv,receptor,295,15,280,5.084745762711865,0
test,3oky_complex_lig_features.csv,ligand,542,26,516,4.797047970479705,0
test,3oky_complex_rec_features.csv,receptor,621,29,592,4.669887278582931,0
test,3ol2_complex_lig_features.csv,ligand,511,39,472,7.632093933463796,0
test,3ol2_complex_rec_features.csv,receptor,625,34,591,5.4399999999999995,0
test,3pnr_complex_lig_features.csv,ligand,129,29,100,22.48062015503876,0
test,3pnr_complex_rec_features.csv,receptor,240,42,198,17.5,0
test,3t6g_complex_lig_features.csv,ligand,134,34,100,25.37313432835821,0
test,3t6g_complex_rec_features.csv,receptor,313,37,276,11.821086261980831,0
test,3tac_complex_lig_features.csv,ligand,292,38,254,13.013698630136986,0
test,3tac_complex_rec_features.csv,receptor,326,38,288,11.65644171779141,0
test,3tq7_complex_lig_features.csv,ligand,71,23,48,32.3943661971831,0
test,3tq7_complex_rec_features.csv,receptor,60,16,44,26.666666666666668,0
test,3uz0_complex_lig_features.csv,ligand,140,17,123,12.142857142857142,0
test,3uz0_complex_rec_features.csv,receptor,112,18,94,16.071428571428573,0
test,3wa5_complex_lig_features.csv,ligand,124,21,103,16.93548387096774,0
test,3wa5_complex_rec_features.csv,receptor,403,33,370,8.188585607940446,0
test,3wrx_complex_lig_features.csv,ligand,437,26,411,5.949656750572083,0
test,3wrx_complex_rec_features.csv,receptor,424,26,398,6.132075471698113,0
test,3wry_complex_lig_features.csv,ligand,438,24,414,5.47945205479452,0
test,3wry_complex_rec_features.csv,receptor,424,25,399,5.89622641509434,0
test,4b0m_complex_lig_features.csv,ligand,135,25,110,18.51851851851852,0
test,4b0m_complex_rec_features.csv,receptor,351,32,319,9.116809116809117,0
test,4bkx_complex_lig_features.csv,ligand,369,68,301,18.428184281842817,0
test,4bkx_complex_rec_features.csv,receptor,169,56,113,33.13609467455622,0
test,4byf_complex_lig_features.csv,ligand,148,47,101,31.756756756756754,0
test,4byf_complex_rec_features.csv,receptor,711,36,675,5.063291139240507,0
test,4c4k_complex_lig_features.csv,ligand,97,23,74,23.711340206185564,0
test,4c4k_complex_rec_features.csv,receptor,94,23,71,24.46808510638298,0
test,4c5g_complex_lig_features.csv,ligand,30,18,12,60.0,0
test,4c5g_complex_rec_features.csv,receptor,445,30,415,6.741573033707865,0
test,4c7n_complex_lig_features.csv,ligand,51,25,26,49.01960784313725,0
test,4c7n_complex_rec_features.csv,receptor,47,27,20,57.446808510638306,0
test,4c99_complex_lig_features.csv,ligand,103,30,73,29.126213592233007,0
test,4c99_complex_rec_features.csv,receptor,153,33,120,21.568627450980394,0
test,4c9b_complex_lig_features.csv,ligand,284,39,245,13.732394366197184,0
test,4c9b_complex_rec_features.csv,receptor,391,48,343,12.27621483375959,0
test,4cdk_complex_lig_features.csv,ligand,107,27,80,25.233644859813083,0
test,4cdk_complex_rec_features.csv,receptor,155,30,125,19.35483870967742,0
test,4dra_complex_lig_features.csv,ligand,74,49,25,66.21621621621621,0
test,4dra_complex_rec_features.csv,receptor,98,50,48,51.02040816326531,0
test,4f0z_complex_lig_features.csv,ligand,30,28,2,93.33333333333333,0
test,4f0z_complex_rec_features.csv,receptor,512,48,464,9.375,0
test,4fzv_complex_lig_features.csv,ligand,207,15,192,7.246376811594203,0
test,4fzv_complex_rec_features.csv,receptor,340,15,325,4.411764705882353,0
test,4g01_complex_lig_features.csv,ligand,165,23,142,13.939393939393941,0
test,4g01_complex_rec_features.csv,receptor,237,31,206,13.080168776371309,0
test,4h5s_complex_lig_features.csv,ligand,100,20,80,20.0,0
test,4h5s_complex_rec_features.csv,receptor,96,23,73,23.958333333333336,0
test,4ilg_complex_lig_features.csv,ligand,321,26,295,8.09968847352025,0
test,4ilg_complex_rec_features.csv,receptor,497,42,455,8.450704225352112,0
test,4imy_complex_lig_features.csv,ligand,33,26,7,78.78787878787878,0
test,4imy_complex_rec_features.csv,receptor,250,40,210,16.0,0
test,4jmf_complex_lig_features.csv,ligand,116,42,74,36.206896551724135,0
test,4jmf_complex_rec_features.csv,receptor,50,26,24,52.0,0
test,4kt1_complex_lig_features.csv,ligand,90,16,74,17.77777777777778,0
test,4kt1_complex_rec_features.csv,receptor,461,27,434,5.856832971800434,0
test,4llo_complex_lig_features.csv,ligand,121,20,101,16.528925619834713,0
test,4llo_complex_rec_features.csv,receptor,171,25,146,14.619883040935672,0
test,4m5f_complex_lig_features.csv,ligand,124,23,101,18.548387096774192,0
test,4m5f_complex_rec_features.csv,receptor,399,33,366,8.270676691729323,0
test,4mqw_complex_lig_features.csv,ligand,299,49,250,16.387959866220736,0
test,4mqw_complex_rec_features.csv,receptor,197,37,160,18.781725888324875,0
test,4mrt_complex_lig_features.csv,ligand,225,19,206,8.444444444444445,0
test,4mrt_complex_rec_features.csv,receptor,77,18,59,23.376623376623375,0
test,4nee_complex_lig_features.csv,ligand,132,28,104,21.21212121212121,0
test,4nee_complex_rec_features.csv,receptor,530,34,496,6.415094339622642,0
test,4ng2_complex_lig_features.csv,ligand,94,19,75,20.212765957446805,0
test,4ng2_complex_rec_features.csv,receptor,166,22,144,13.253012048192772,0
test,4nn6_complex_lig_features.csv,ligand,196,30,166,15.306122448979592,0
test,4nn6_complex_rec_features.csv,receptor,283,30,253,10.60070671378092,0
test,4o1q_complex_lig_features.csv,ligand,354,33,321,9.322033898305085,0
test,4o1q_complex_rec_features.csv,receptor,500,35,465,7.000000000000001,0
test,4qd2_complex_lig_features.csv,ligand,212,33,179,15.566037735849056,0
test,4qd2_complex_rec_features.csv,receptor,658,39,619,5.927051671732523,0
test,4qlp_complex_lig_features.csv,ligand,199,42,157,21.105527638190953,0
test,4qlp_complex_rec_features.csv,receptor,175,52,123,29.714285714285715,0
test,4qt8_complex_lig_features.csv,ligand,243,24,219,9.876543209876543,0
test,4qt8_complex_rec_features.csv,receptor,651,28,623,4.301075268817205,0
test,4qxa_complex_lig_features.csv,ligand,147,13,134,8.843537414965986,0
test,4qxa_complex_rec_features.csv,receptor,172,13,159,7.55813953488372,0
test,4u4c_complex_lig_features.csv,ligand,56,31,25,55.35714285714286,0
test,4u4c_complex_rec_features.csv,receptor,930,57,873,6.129032258064516,0
test,4uyp_complex_lig_features.csv,ligand,73,19,54,26.027397260273972,0
test,4uyp_complex_rec_features.csv,receptor,144,24,120,16.666666666666664,0
test,4uyq_complex_lig_features.csv,ligand,73,21,52,28.767123287671232,0
test,4uyq_complex_rec_features.csv,receptor,144,26,118,18.055555555555554,0
test,4xr8_complex_lig_features.csv,ligand,199,34,165,17.08542713567839,0
test,4xr8_complex_rec_features.csv,receptor,532,34,498,6.390977443609022,0
test,4yl8_complex_lig_features.csv,ligand,39,28,11,71.7948717948718,0
test,4yl8_complex_rec_features.csv,receptor,296,38,258,12.837837837837837,0
test,4z80_complex_lig_features.csv,ligand,31,26,5,83.87096774193549,0
test,4z80_complex_rec_features.csv,receptor,466,35,431,7.510729613733906,0
test,4z8l_complex_lig_features.csv,ligand,106,32,74,30.18867924528302,0
test,4z8l_complex_rec_features.csv,receptor,397,48,349,12.090680100755668,0
test,4zrj_complex_lig_features.csv,ligand,84,38,46,45.23809523809524,0
test,4zrj_complex_rec_features.csv,receptor,302,60,242,19.867549668874172,0
test,5a6w_complex_lig_features.csv,ligand,83,25,58,30.120481927710845,0
test,5a6w_complex_rec_features.csv,receptor,75,24,51,32.0,0
test,5b64_complex_lig_features.csv,ligand,116,24,92,20.689655172413794,0
test,5b64_complex_rec_features.csv,receptor,180,26,154,14.444444444444443,0
test,5bt1_complex_lig_features.csv,ligand,90,17,73,18.88888888888889,0
test,5bt1_complex_rec_features.csv,receptor,244,19,225,7.786885245901639,0
test,5cff_complex_lig_features.csv,ligand,69,21,48,30.434782608695656,0
test,5cff_complex_rec_features.csv,receptor,87,16,71,18.39080459770115,0
test,5d50_complex_lig_features.csv,ligand,67,14,53,20.8955223880597,0
test,5d50_complex_rec_features.csv,receptor,130,13,117,10.0,0
test,5ee5_complex_lig_features.csv,ligand,164,21,143,12.804878048780488,0
test,5ee5_complex_rec_features.csv,receptor,204,27,177,13.23529411764706,0
test,5eo9_complex_lig_features.csv,ligand,205,23,182,11.219512195121952,0
test,5eo9_complex_rec_features.csv,receptor,107,24,83,22.429906542056074,0
test,5f1b_complex_lig_features.csv,ligand,215,15,200,6.976744186046512,0
test,5f1b_complex_rec_features.csv,receptor,248,24,224,9.67741935483871,0
test,5gjk_complex_lig_features.csv,ligand,68,20,48,29.411764705882355,0
test,5gjk_complex_rec_features.csv,receptor,94,16,78,17.02127659574468,0
test,5ifs_complex_lig_features.csv,ligand,460,54,406,11.73913043478261,0
test,5ifs_complex_rec_features.csv,receptor,181,55,126,30.386740331491712,0
test,5lp5_complex_lig_features.csv,ligand,156,27,129,17.307692307692307,0
test,5lp5_complex_rec_features.csv,receptor,530,23,507,4.339622641509433,0
test,5mj3_complex_lig_features.csv,ligand,99,20,79,20.2020202020202,0
test,5mj3_complex_rec_features.csv,receptor,469,26,443,5.543710021321962,0
test,5ml9_complex_lig_features.csv,ligand,103,23,80,22.330097087378643,0
test,5ml9_complex_rec_features.csv,receptor,172,24,148,13.953488372093023,0
test,5mn2_complex_lig_features.csv,ligand,88,13,75,14.772727272727273,0
test,5mn2_complex_rec_features.csv,receptor,171,22,149,12.865497076023392,0
test,5mr4_complex_lig_features.csv,ligand,297,20,277,6.7340067340067336,0
test,5mr4_complex_rec_features.csv,receptor,98,19,79,19.387755102040817,0
test,5mr5_complex_lig_features.csv,ligand,198,20,178,10.1010101010101,0
test,5mr5_complex_rec_features.csv,receptor,98,21,77,21.428571428571427,0
test,5mzv_complex_lig_features.csv,ligand,293,27,266,9.215017064846416,0
test,5mzv_complex_rec_features.csv,receptor,466,32,434,6.866952789699571,0
test,5nt7_complex_lig_features.csv,ligand,92,26,66,28.26086956521739,0
test,5nt7_complex_rec_features.csv,receptor,159,26,133,16.352201257861633,0
test,5o74_complex_lig_features.csv,ligand,169,39,130,23.076923076923077,0
test,5o74_complex_rec_features.csv,receptor,193,43,150,22.279792746113987,0
test,5odw_complex_lig_features.csv,ligand,198,37,161,18.68686868686869,0
test,5odw_complex_rec_features.csv,receptor,762,40,722,5.2493438320209975,0
test,5szh_complex_lig_features.csv,ligand,175,29,146,16.57142857142857,0
test,5szh_complex_rec_features.csv,receptor,148,30,118,20.27027027027027,0
test,5szk_complex_lig_features.csv,ligand,173,24,149,13.872832369942195,0
test,5szk_complex_rec_features.csv,receptor,148,21,127,14.18918918918919,0
test,5t5w_complex_lig_features.csv,ligand,196,37,159,18.877551020408163,0
test,5t5w_complex_rec_features.csv,receptor,358,35,323,9.776536312849162,0
test,5tzn_complex_lig_features.csv,ligand,144,28,116,19.444444444444446,0
test,5tzn_complex_rec_features.csv,receptor,122,34,88,27.86885245901639,0
test,5ua4_complex_lig_features.csv,ligand,32,15,17,46.875,0
test,5ua4_complex_rec_features.csv,receptor,135,23,112,17.037037037037038,0
test,5un7_complex_lig_features.csv,ligand,61,46,15,75.40983606557377,0
test,5un7_complex_rec_features.csv,receptor,302,75,227,24.834437086092713,0
test,5uzu_complex_lig_features.csv,ligand,577,48,529,8.31889081455806,0
test,5uzu_complex_rec_features.csv,receptor,68,29,39,42.64705882352941,0
test,5vxz_complex_lig_features.csv,ligand,102,25,77,24.509803921568626,0
test,5vxz_complex_rec_features.csv,receptor,395,26,369,6.582278481012659,0
test,5wuj_complex_lig_features.csv,ligand,105,36,69,34.285714285714285,0
test,5wuj_complex_rec_features.csv,receptor,37,28,9,75.67567567567568,0
test,5xjo_complex_lig_features.csv,ligand,52,24,28,46.15384615384615,0
test,5xjo_complex_rec_features.csv,receptor,890,39,851,4.382022471910112,0
test,5xqz_complex_lig_features.csv,ligand,68,27,41,39.705882352941174,0
test,5xqz_complex_rec_features.csv,receptor,193,40,153,20.72538860103627,0
test,5y1z_complex_lig_features.csv,ligand,307,33,274,10.749185667752444,0
test,5y1z_complex_rec_features.csv,receptor,135,25,110,18.51851851851852,0
test,5y4r_complex_lig_features.csv,ligand,118,35,83,29.66101694915254,0
test,5y4r_complex_rec_features.csv,receptor,272,43,229,15.808823529411764,0
test,5z78_complex_lig_features.csv,ligand,122,19,103,15.573770491803279,0
test,5z78_complex_rec_features.csv,receptor,200,16,184,8.0,0
test,6ath_complex_lig_features.csv,ligand,55,38,17,69.0909090909091,0
test,6ath_complex_rec_features.csv,receptor,541,52,489,9.611829944547134,0
test,6b8n_complex_lig_features.csv,ligand,145,52,93,35.86206896551724,0
test,6b8n_complex_rec_features.csv,receptor,76,43,33,56.57894736842105,0
test,6co2_complex_lig_features.csv,ligand,118,23,95,19.491525423728813,0
test,6co2_complex_rec_features.csv,receptor,180,18,162,10.0,0
test,6eg0_complex_lig_features.csv,ligand,309,23,286,7.443365695792881,0
test,6eg0_complex_rec_features.csv,receptor,201,22,179,10.945273631840797,0
test,6eg1_complex_lig_features.csv,ligand,295,24,271,8.135593220338983,0
test,6eg1_complex_rec_features.csv,receptor,219,24,195,10.95890410958904,0
test,6f3z_complex_lig_features.csv,ligand,188,31,157,16.48936170212766,0
test,6f3z_complex_rec_features.csv,receptor,225,23,202,10.222222222222223,0
test,6fhp_complex_lig_features.csv,ligand,62,17,45,27.419354838709676,0
test,6fhp_complex_rec_features.csv,receptor,342,20,322,5.847953216374268,0
test,6fpg_complex_lig_features.csv,ligand,159,39,120,24.528301886792452,0
test,6fpg_complex_rec_features.csv,receptor,265,27,238,10.18867924528302,0
test,6fu9_complex_lig_features.csv,ligand,84,31,53,36.904761904761905,0
test,6fu9_complex_rec_features.csv,receptor,79,28,51,35.44303797468354,0
test,6fud_complex_lig_features.csv,ligand,81,30,51,37.03703703703704,0
test,6fud_complex_rec_features.csv,receptor,77,24,53,31.16883116883117,0
test,6g10_complex_lig_features.csv,ligand,83,29,54,34.93975903614458,0
test,6g10_complex_rec_features.csv,receptor,76,26,50,34.21052631578947,0
test,6gho_complex_lig_features.csv,ligand,274,41,233,14.963503649635038,0
test,6gho_complex_rec_features.csv,receptor,126,32,94,25.396825396825395,0
test,6gtq_complex_lig_features.csv,ligand,38,28,10,73.68421052631578,0
test,6gtq_complex_rec_features.csv,receptor,172,54,118,31.3953488372093,0
test,6hul_complex_lig_features.csv,ligand,416,31,385,7.451923076923077,0
test,6hul_complex_rec_features.csv,receptor,241,32,209,13.278008298755188,0
test,6ib8_complex_lig_features.csv,ligand,65,16,49,24.615384615384617,0
test,6ib8_complex_rec_features.csv,receptor,265,16,249,6.037735849056604,0
test,6jhw_complex_lig_features.csv,ligand,138,23,115,16.666666666666664,0
test,6jhw_complex_rec_features.csv,receptor,116,24,92,20.689655172413794,0
test,6k4k_complex_lig_features.csv,ligand,122,47,75,38.52459016393443,0
test,6k4k_complex_rec_features.csv,receptor,750,45,705,6.0,0
test,6kbr_complex_lig_features.csv,ligand,55,15,40,27.27272727272727,0
test,6kbr_complex_rec_features.csv,receptor,223,36,187,16.143497757847534,0
test,6km7_complex_lig_features.csv,ligand,34,27,7,79.41176470588235,0
test,6km7_complex_rec_features.csv,receptor,312,47,265,15.064102564102564,0
test,6m9k_complex_lig_features.csv,ligand,63,13,50,20.634920634920633,0
test,6m9k_complex_rec_features.csv,receptor,226,21,205,9.29203539823009,0
test,6mba_complex_lig_features.csv,ligand,145,39,106,26.89655172413793,0
test,6mba_complex_rec_features.csv,receptor,137,30,107,21.897810218978105,0
test,6nrw_complex_lig_features.csv,ligand,105,25,80,23.809523809523807,0
test,6nrw_complex_rec_features.csv,receptor,108,22,86,20.37037037037037,0
test,6og4_complex_lig_features.csv,ligand,34,12,22,35.294117647058826,0
test,6og4_complex_rec_features.csv,receptor,83,15,68,18.072289156626507,0
test,6on9_complex_lig_features.csv,ligand,110,22,88,20.0,0
test,6on9_complex_rec_features.csv,receptor,116,25,91,21.551724137931032,0
test,6oqq_complex_lig_features.csv,ligand,143,51,92,35.66433566433567,0
test,6oqq_complex_rec_features.csv,receptor,748,44,704,5.88235294117647,0
test,6plm_complex_lig_features.csv,ligand,147,56,91,38.095238095238095,0
test,6plm_complex_rec_features.csv,receptor,757,49,708,6.472919418758257,0
test,6s29_complex_lig_features.csv,ligand,57,25,32,43.859649122807014,0
test,6s29_complex_rec_features.csv,receptor,404,62,342,15.346534653465346,0
test,6saz_complex_lig_features.csv,ligand,244,33,211,13.524590163934427,0
test,6saz_complex_rec_features.csv,receptor,200,43,157,21.5,0
