split,pdb_id,pdb_file,receptor_chain_metadata,ligand_chain_metadata,receptor_chains,ligand_chains,expected_chains,n_receptor_chains,n_ligand_chains,n_expected_chains,actual_chains,n_actual_chains,missing_receptor_chains,missing_ligand_chains,missing_expected_chains,unexpected_extra_chains,receptor_ligand_overlap,receptor_residue_count,ligand_residue_count,total_standard_residue_count,nonstandard_or_hetero_residue_count,nonstandard_examples,complex_type,exact_chain_match,status,failure_reason
train,6ihb_complex,6ihb_complex.pdb,R,A,R,A,"A,R",1,1,2,"A,R",2,,,,,,94,517,611,0,,single_receptor_single_ligand,True,PASS,
train,3zwl_complex,3zwl_complex.pdb,D,F,D,F,"D,F",1,1,2,"D,F",2,,,,,,352,39,391,0,,single_receptor_single_ligand,True,PASS,
train,4kt5_complex,4kt5_complex.pdb,A,C,A,C,"A,C",1,1,2,"A,C",2,,,,,,112,88,200,0,,single_receptor_single_ligand,True,PASS,
train,2c0l_complex,2c0l_complex.pdb,A,B,A,B,"A,B",1,1,2,"A,B",2,,,,,,305,122,427,0,,single_receptor_single_ligand,True,PASS,
train,2xqr_complex,2xqr_complex.pdb,E,F,E,F,"E,F",1,1,2,"E,F",2,,,,,,537,146,683,0,,single_receptor_single_ligand,True,PASS,
train,6iwd_complex,6iwd_complex.pdb,A,B,A,B,"A,B",1,1,2,"A,B",2,,,,,,293,49,342,0,,single_receptor_single_ligand,True,PASS,
train,1e96_complex,1e96_complex.pdb,A,B,A,B,"A,B",1,1,2,"A,B",2,,,,,,178,185,363,0,,single_receptor_single_ligand,True,PASS,
train,1grn_complex,1grn_complex.pdb,A,B,A,B,"A,B",1,1,2,"A,B",2,,,,,,191,197,388,0,,single_receptor_single_ligand,True,PASS,
train,1nf3_complex,1nf3_complex.pdb,B,D,B,D,"B,D",1,1,2,"B,D",2,,,,,,194,123,317,0,,single_receptor_single_ligand,True,PASS,
train,2fju_complex,2fju_complex.pdb,A,B,A,B,"A,B",1,1,2,"A,B",2,,,,,,177,700,877,0,,single_receptor_single_ligand,True,PASS,
train,2w2x_complex,2w2x_complex.pdb,A,D,A,D,"A,D",1,1,2,"A,D",2,,,,,,177,107,284,0,,single_receptor_single_ligand,True,PASS,
train,3eg5_complex,3eg5_complex.pdb,C,D,C,D,"C,D",1,1,2,"C,D",2,,,,,,178,353,531,0,,single_receptor_single_ligand,True,PASS,
train,3qbv_complex,3qbv_complex.pdb,C,D,C,D,"C,D",1,1,2,"C,D",2,,,,,,177,289,466,0,,single_receptor_single_ligand,True,PASS,
train,3sja_complex,3sja_complex.pdb,B,D,B,D,"B,D",1,1,2,"B,D",2,,,,,,351,61,412,0,,single_receptor_single_ligand,True,PASS,
train,3zs8_complex,3zs8_complex.pdb,B,D,B,D,"B,D",1,1,2,"B,D",2,,,,,,300,62,362,0,,single_receptor_single_ligand,True,PASS,
train,3zs9_complex,3zs9_complex.pdb,B,C,B,C,"B,C",1,1,2,"B,C",2,,,,,,323,31,354,0,,single_receptor_single_ligand,True,PASS,
train,4d0n_complex,4d0n_complex.pdb,A,B,A,B,"A,B",1,1,2,"A,B",2,,,,,,179,371,550,0,,single_receptor_single_ligand,True,PASS,
train,4did_complex,4did_complex.pdb,A,B,A,B,"A,B",1,1,2,"A,B",2,,,,,,179,127,306,0,,single_receptor_single_ligand,True,PASS,
train,4dvg_complex,4dvg_complex.pdb,A,B,A,B,"A,B",1,1,2,"A,B",2,,,,,,164,294,458,0,,single_receptor_single_ligand,True,PASS,
train,4f38_complex,4f38_complex.pdb,A,B,A,B,"A,B",1,1,2,"A,B",2,,,,,,190,198,388,0,,single_receptor_single_ligand,True,PASS,
train,4mit_complex,4mit_complex.pdb,C,G,C,G,"C,G",1,1,2,"C,G",2,,,,,,181,43,224,0,,single_receptor_single_ligand,True,PASS,
train,4xoi_complex,4xoi_complex.pdb,C,D,C,D,"C,D",1,1,2,"C,D",2,,,,,,177,223,400,0,,single_receptor_single_ligand,True,PASS,
train,5bw8_complex,5bw8_complex.pdb,B,C,B,C,"B,C",1,1,2,"B,C",2,,,,,,304,283,587,0,,single_receptor_single_ligand,True,PASS,
train,5fr1_complex,5fr1_complex.pdb,A,B,A,B,"A,B",1,1,2,"A,B",2,,,,,,190,175,365,0,,single_receptor_single_ligand,True,PASS,
train,5yr0_complex,5yr0_complex.pdb,A,B,A,B,"A,B",1,1,2,"A,B",2,,,,,,48,44,92,0,,single_receptor_single_ligand,True,PASS,
train,5jze_complex,5jze_complex.pdb,D,C,D,C,"C,D",1,1,2,"C,D",2,,,,,,76,158,234,0,,single_receptor_single_ligand,True,PASS,
train,5tl7_complex,5tl7_complex.pdb,A,B,A,B,"A,B",1,1,2,"A,B",2,,,,,,76,316,392,0,,single_receptor_single_ligand,True,PASS,
train,5w8t_complex,5w8t_complex.pdb,B,A,B,A,"A,B",1,1,2,"A,B",2,,,,,,77,319,396,0,,single_receptor_single_ligand,True,PASS,
train,2c1m_complex,2c1m_complex.pdb,A,B,A,B,"A,B",1,1,2,"A,B",2,,,,,,424,46,470,0,,single_receptor_single_ligand,True,PASS,
train,2c1t_complex,2c1t_complex.pdb,B,D,B,D,"B,D",1,1,2,"B,D",2,,,,,,423,45,468,0,,single_receptor_single_ligand,True,PASS,
train,4pvz_complex,4pvz_complex.pdb,A,C,A,C,"A,C",1,1,2,"A,C",2,,,,,,422,35,457,0,,single_receptor_single_ligand,True,PASS,
train,3bs5_complex,3bs5_complex.pdb,A,B,A,B,"A,B",1,1,2,"A,B",2,,,,,,83,74,157,0,,single_receptor_single_ligand,True,PASS,
train,4hff_complex,4hff_complex.pdb,A,B,A,B,"A,B",1,1,2,"A,B",2,,,,,,157,99,256,0,,single_receptor_single_ligand,True,PASS,
train,4hfk_complex,4hfk_complex.pdb,A,B,A,B,"A,B",1,1,2,"A,B",2,,,,,,160,98,258,0,,single_receptor_single_ligand,True,PASS,
train,4j32_complex,4j32_complex.pdb,A,B,A,B,"A,B",1,1,2,"A,B",2,,,,,,160,101,261,0,,single_receptor_single_ligand,True,PASS,
train,1du3_complex,1du3_complex.pdb,C,F,C,F,"C,F",1,1,2,"C,F",2,,,,,,103,150,253,0,,single_receptor_single_ligand,True,PASS,
train,5tdy_complex,5tdy_complex.pdb,C,D,C,D,"C,D",1,1,2,"C,D",2,,,,,,42,86,128,0,,single_receptor_single_ligand,True,PASS,
train,3bow_complex,3bow_complex.pdb,AB,C,"A,B",C,"A,B,C",2,1,3,"A,B,C",3,,,,,,856,71,927,0,,multichain_receptor_single_ligand,True,PASS,
train,4gh7_complex,4gh7_complex.pdb,A,B,A,B,"A,B",1,1,2,"A,B",2,,,,,,174,275,449,0,,single_receptor_single_ligand,True,PASS,
train,5n47_complex,5n47_complex.pdb,C,D,C,D,"C,D",1,1,2,"C,D",2,,,,,,176,280,456,0,,single_receptor_single_ligand,True,PASS,
train,5n48_complex,5n48_complex.pdb,A,B,A,B,"A,B",1,1,2,"A,B",2,,,,,,175,92,267,0,,single_receptor_single_ligand,True,PASS,
train,4uem_complex,4uem_complex.pdb,A,B,A,B,"A,B",1,1,2,"A,B",2,,,,,,309,98,407,0,,single_receptor_single_ligand,True,PASS,
train,2zxx_complex,2zxx_complex.pdb,E,F,E,F,"E,F",1,1,2,"E,F",2,,,,,,77,181,258,0,,single_receptor_single_ligand,True,PASS,
train,5vz4_complex,5vz4_complex.pdb,A,B,A,B,"A,B",1,1,2,"A,B",2,,,,,,108,190,298,0,,single_receptor_single_ligand,True,PASS,
train,4b93_complex,4b93_complex.pdb,A,B,A,B,"A,B",1,1,2,"A,B",2,,,,,,164,191,355,0,,single_receptor_single_ligand,True,PASS,
train,4xl1_complex,4xl1_complex.pdb,A,B,A,B,"A,B",1,1,2,"A,B",2,,,,,,115,223,338,0,,single_receptor_single_ligand,True,PASS,
train,5abv_complex,5abv_complex.pdb,C,D,C,D,"C,D",1,1,2,"C,D",2,,,,,,182,61,243,0,,single_receptor_single_ligand,True,PASS,
train,6fc2_complex,6fc2_complex.pdb,A,B,A,B,"A,B",1,1,2,"A,B",2,,,,,,183,60,243,0,,single_receptor_single_ligand,True,PASS,
train,6fc3_complex,6fc3_complex.pdb,A,B,A,B,"A,B",1,1,2,"A,B",2,,,,,,179,48,227,0,,single_receptor_single_ligand,True,PASS,
train,4n7v_complex,4n7v_complex.pdb,A,C,A,C,"A,C",1,1,2,"A,C",2,,,,,,222,33,255,0,,single_receptor_single_ligand,True,PASS,
train,1acb_complex,1acb_complex.pdb,E,I,E,I,"E,I",1,1,2,"E,I",2,,,,,,241,63,304,0,,single_receptor_single_ligand,True,PASS,
train,1ahw_complex,1ahw_complex.pdb,BA,C,"B,A",C,"A,B,C",2,1,3,"A,B,C",3,,,,,,428,208,636,0,,multichain_receptor_single_ligand,True,PASS,
train,1ak4_complex,1ak4_complex.pdb,A,D,A,D,"A,D",1,1,2,"A,D",2,,,,,,165,145,310,0,,single_receptor_single_ligand,True,PASS,
train,1an1_complex,1an1_complex.pdb,E,I,E,I,"E,I",1,1,2,"E,I",2,,,,,,222,40,262,0,,single_receptor_single_ligand,True,PASS,
train,1atn_complex,1atn_complex.pdb,A,D,A,D,"A,D",1,1,2,"A,D",2,,,,,,371,260,631,0,,single_receptor_single_ligand,True,PASS,
train,1avg_complex,1avg_complex.pdb,H,I,H,I,"H,I",1,1,2,"H,I",2,,,,,,259,142,401,0,,single_receptor_single_ligand,True,PASS,
train,1avx_complex,1avx_complex.pdb,A,B,A,B,"A,B",1,1,2,"A,B",2,,,,,,223,177,400,0,,single_receptor_single_ligand,True,PASS,
train,1azz_complex,1azz_complex.pdb,B,D,B,D,"B,D",1,1,2,"B,D",2,,,,,,226,138,364,0,,single_receptor_single_ligand,True,PASS,
train,1bj1_complex,1bj1_complex.pdb,KJ,V,"K,J",V,"J,K,V",2,1,3,"J,K,V",3,,,,,,437,94,531,0,,multichain_receptor_single_ligand,True,PASS,
train,1bql_complex,1bql_complex.pdb,HL,Y,"H,L",Y,"H,L,Y",2,1,3,"H,L,Y",3,,,,,,426,129,555,0,,multichain_receptor_single_ligand,True,PASS,
train,1bth_complex,1bth_complex.pdb,H,P,H,P,"H,P",1,1,2,"H,P",2,,,,,,254,58,312,0,,single_receptor_single_ligand,True,PASS,
train,1bvk_complex,1bvk_complex.pdb,ED,F,"E,D",F,"D,E,F",2,1,3,"D,E,F",3,,,,,,224,129,353,0,,multichain_receptor_single_ligand,True,PASS,
train,1bvn_complex,1bvn_complex.pdb,P,T,P,T,"P,T",1,1,2,"P,T",2,,,,,,496,71,567,0,,single_receptor_single_ligand,True,PASS,
train,1c9p_complex,1c9p_complex.pdb,A,B,A,B,"A,B",1,1,2,"A,B",2,,,,,,222,50,272,0,,single_receptor_single_ligand,True,PASS,
train,1clv_complex,1clv_complex.pdb,A,I,A,I,"A,I",1,1,2,"A,I",2,,,,,,470,32,502,0,,single_receptor_single_ligand,True,PASS,
train,1cz8_complex,1cz8_complex.pdb,HL,W,"H,L",W,"H,L,W",2,1,3,"H,L,W",3,,,,,,437,94,531,0,,multichain_receptor_single_ligand,True,PASS,
train,1d6r_complex,1d6r_complex.pdb,A,I,A,I,"A,I",1,1,2,"A,I",2,,,,,,223,58,281,0,,single_receptor_single_ligand,True,PASS,
train,1de4_complex,1de4_complex.pdb,AB,C,"A,B",C,"A,B,C",2,1,3,"A,B,C",3,,,,,,371,635,1006,0,,multichain_receptor_single_ligand,True,PASS,
train,1dee_complex,1dee_complex.pdb,DC,G,"D,C",G,"C,D,G",2,1,3,"C,D,G",3,,,,,,437,51,488,0,,multichain_receptor_single_ligand,True,PASS,
train,1dfj_complex,1dfj_complex.pdb,E,I,E,I,"E,I",1,1,2,"E,I",2,,,,,,124,456,580,0,,single_receptor_single_ligand,True,PASS,
train,1dhk_complex,1dhk_complex.pdb,A,B,A,B,"A,B",1,1,2,"A,B",2,,,,,,495,199,694,0,,single_receptor_single_ligand,True,PASS,
train,1dqj_complex,1dqj_complex.pdb,BA,C,"B,A",C,"A,B,C",2,1,3,"A,B,C",3,,,,,,424,129,553,0,,multichain_receptor_single_ligand,True,PASS,
train,1dzb_complex,1dzb_complex.pdb,A,X,A,X,"A,X",1,1,2,"A,X",2,,,,,,238,129,367,0,,single_receptor_single_ligand,True,PASS,
train,1e6j_complex,1e6j_complex.pdb,HL,P,"H,L",P,"H,L,P",2,1,3,"H,L,P",3,,,,,,429,210,639,0,,multichain_receptor_single_ligand,True,PASS,
train,1eaw_complex,1eaw_complex.pdb,C,D,C,D,"C,D",1,1,2,"C,D",2,,,,,,241,56,297,0,,single_receptor_single_ligand,True,PASS,
train,1eer_complex,1eer_complex.pdb,A,B,A,B,"A,B",1,1,2,"A,B",2,,,,,,166,213,379,0,,single_receptor_single_ligand,True,PASS,
train,1eja_complex,1eja_complex.pdb,A,B,A,B,"A,B",1,1,2,"A,B",2,,,,,,223,53,276,0,,single_receptor_single_ligand,True,PASS,
train,1eo8_complex,1eo8_complex.pdb,HL,A,"H,L",A,"A,H,L",2,1,3,"A,H,L",3,,,,,,427,319,746,0,,multichain_receptor_single_ligand,True,PASS,
train,1es0_complex,1es0_complex.pdb,A,B,A,B,"A,B",1,1,2,"A,B",2,,,,,,182,208,390,0,,single_receptor_single_ligand,True,PASS,
train,1ezs_complex,1ezs_complex.pdb,B,C,B,C,"B,C",1,1,2,"B,C",2,,,,,,131,223,354,0,,single_receptor_single_ligand,True,PASS,
train,1ezu_complex,1ezu_complex.pdb,B,C,B,C,"B,C",1,1,2,"B,C",2,,,,,,140,223,363,0,,single_receptor_single_ligand,True,PASS,
train,1f5r_complex,1f5r_complex.pdb,A,I,A,I,"A,I",1,1,2,"A,I",2,,,,,,223,57,280,0,,single_receptor_single_ligand,True,PASS,
train,1f7z_complex,1f7z_complex.pdb,A,I,A,I,"A,I",1,1,2,"A,I",2,,,,,,223,56,279,0,,single_receptor_single_ligand,True,PASS,
train,1fak_complex,1fak_complex.pdb,H,I,H,I,"H,I",1,1,2,"H,I",2,,,,,,254,55,309,0,,single_receptor_single_ligand,True,PASS,
train,1fc2_complex,1fc2_complex.pdb,C,D,C,D,"C,D",1,1,2,"C,D",2,,,,,,44,207,251,0,,single_receptor_single_ligand,True,PASS,
train,1fe8_complex,1fe8_complex.pdb,IM,B,"I,M",B,"B,I,M",2,1,3,"B,I,M",3,,,,,,421,186,607,0,,multichain_receptor_single_ligand,True,PASS,
train,1fg9_complex,1fg9_complex.pdb,A,C,A,C,"A,C",1,1,2,"A,C",2,,,,,,127,212,339,0,,single_receptor_single_ligand,True,PASS,
train,1fle_complex,1fle_complex.pdb,E,I,E,I,"E,I",1,1,2,"E,I",2,,,,,,240,47,287,0,,single_receptor_single_ligand,True,PASS,
train,1flt_complex,1flt_complex.pdb,W,X,W,X,"W,X",1,1,2,"W,X",2,,,,,,98,95,193,0,,single_receptor_single_ligand,True,PASS,
train,1fqj_complex,1fqj_complex.pdb,BC,A,"B,C",A,"A,B,C",2,1,3,"A,B,C",3,,,,,,171,317,488,0,,multichain_receptor_single_ligand,True,PASS,
train,1fsk_complex,1fsk_complex.pdb,FE,D,"F,E",D,"D,E,F",2,1,3,"D,E,F",3,,,,,,434,159,593,0,,multichain_receptor_single_ligand,True,PASS,
train,1fy8_complex,1fy8_complex.pdb,E,I,E,I,"E,I",1,1,2,"E,I",2,,,,,,223,56,279,0,,single_receptor_single_ligand,True,PASS,
train,1gl0_complex,1gl0_complex.pdb,E,I,E,I,"E,I",1,1,2,"E,I",2,,,,,,245,32,277,0,,single_receptor_single_ligand,True,PASS,
train,1gl1_complex,1gl1_complex.pdb,C,K,C,K,"C,K",1,1,2,"C,K",2,,,,,,245,33,278,0,,single_receptor_single_ligand,True,PASS,
train,1gua_complex,1gua_complex.pdb,A,B,A,B,"A,B",1,1,2,"A,B",2,,,,,,167,76,243,0,,single_receptor_single_ligand,True,PASS,
train,1h1v_complex,1h1v_complex.pdb,A,G,A,G,"A,G",1,1,2,"A,G",2,,,,,,371,331,702,0,,single_receptor_single_ligand,True,PASS,
train,1he8_complex,1he8_complex.pdb,A,B,A,B,"A,B",1,1,2,"A,B",2,,,,,,797,166,963,0,,single_receptor_single_ligand,True,PASS,
train,1hez_complex,1hez_complex.pdb,BA,E,"B,A",E,"A,B,E",2,1,3,"A,B,E",3,,,,,,437,61,498,0,,multichain_receptor_single_ligand,True,PASS,
train,1hia_complex,1hia_complex.pdb,AB,I,"A,B",I,"A,B,I",2,1,3,"A,B,I",3,,,,,,230,48,278,0,,multichain_receptor_single_ligand,True,PASS,
train,1hrt_complex,1hrt_complex.pdb,H,I,H,I,"H,I",1,1,2,"H,I",2,,,,,,259,65,324,0,,single_receptor_single_ligand,True,PASS,
train,1i3o_complex,1i3o_complex.pdb,CD,F,"C,D",F,"C,D,F",2,1,3,"C,D,F",3,,,,,,245,101,346,0,,multichain_receptor_single_ligand,True,PASS,
train,1i8l_complex,1i8l_complex.pdb,A,C,A,C,"A,C",1,1,2,"A,C",2,,,,,,199,118,317,0,,single_receptor_single_ligand,True,PASS,
train,1id5_complex,1id5_complex.pdb,H,I,H,I,"H,I",1,1,2,"H,I",2,,,,,,256,138,394,0,,single_receptor_single_ligand,True,PASS,
train,1ijk_complex,1ijk_complex.pdb,BC,A,"B,C",A,"A,B,C",2,1,3,"A,B,C",3,,,,,,250,199,449,0,,multichain_receptor_single_ligand,True,PASS,
train,1iqd_complex,1iqd_complex.pdb,BA,C,"B,A",C,"A,B,C",2,1,3,"A,B,C",3,,,,,,426,156,582,0,,multichain_receptor_single_ligand,True,PASS,
train,1j7d_complex,1j7d_complex.pdb,A,B,A,B,"A,B",1,1,2,"A,B",2,,,,,,140,149,289,0,,single_receptor_single_ligand,True,PASS,
train,1jmo_complex,1jmo_complex.pdb,H,A,H,A,"A,H",1,1,2,"A,H",2,,,,,,259,425,684,0,,single_receptor_single_ligand,True,PASS,
train,1jps_complex,1jps_complex.pdb,HL,T,"H,L",T,"H,L,T",2,1,3,"H,L,T",3,,,,,,430,207,637,0,,multichain_receptor_single_ligand,True,PASS,
train,1jrh_complex,1jrh_complex.pdb,HL,I,"H,L",I,"H,I,L",2,1,3,"H,I,L",3,,,,,,402,95,497,0,,multichain_receptor_single_ligand,True,PASS,
train,1kig_complex,1kig_complex.pdb,H,I,H,I,"H,I",1,1,2,"H,I",2,,,,,,241,60,301,0,,single_receptor_single_ligand,True,PASS,
train,1ktk_complex,1ktk_complex.pdb,A,E,A,E,"A,E",1,1,2,"A,E",2,,,,,,206,247,453,0,,single_receptor_single_ligand,True,PASS,
train,1ktz_complex,1ktz_complex.pdb,A,B,A,B,"A,B",1,1,2,"A,B",2,,,,,,82,106,188,0,,single_receptor_single_ligand,True,PASS,
train,1kxp_complex,1kxp_complex.pdb,A,D,A,D,"A,D",1,1,2,"A,D",2,,,,,,361,438,799,0,,single_receptor_single_ligand,True,PASS,
train,1kxq_complex,1kxq_complex.pdb,D,E,D,E,"D,E",1,1,2,"D,E",2,,,,,,496,120,616,0,,single_receptor_single_ligand,True,PASS,
train,1kxt_complex,1kxt_complex.pdb,A,B,A,B,"A,B",1,1,2,"A,B",2,,,,,,496,125,621,0,,single_receptor_single_ligand,True,PASS,
train,1kxv_complex,1kxv_complex.pdb,B,D,B,D,"B,D",1,1,2,"B,D",2,,,,,,496,121,617,0,,single_receptor_single_ligand,True,PASS,
train,1l0x_complex,1l0x_complex.pdb,C,D,C,D,"C,D",1,1,2,"C,D",2,,,,,,236,221,457,0,,single_receptor_single_ligand,True,PASS,
train,1l0y_complex,1l0y_complex.pdb,C,D,C,D,"C,D",1,1,2,"C,D",2,,,,,,236,221,457,0,,single_receptor_single_ligand,True,PASS,
train,1l4d_complex,1l4d_complex.pdb,A,B,A,B,"A,B",1,1,2,"A,B",2,,,,,,249,122,371,0,,single_receptor_single_ligand,True,PASS,
train,1l4z_complex,1l4z_complex.pdb,A,B,A,B,"A,B",1,1,2,"A,B",2,,,,,,248,136,384,0,,single_receptor_single_ligand,True,PASS,
train,1ldt_complex,1ldt_complex.pdb,T,L,T,L,"L,T",1,1,2,"L,T",2,,,,,,223,46,269,0,,single_receptor_single_ligand,True,PASS,
train,1lfd_complex,1lfd_complex.pdb,C,D,C,D,"C,D",1,1,2,"C,D",2,,,,,,87,167,254,0,,single_receptor_single_ligand,True,PASS,
train,1lp1_complex,1lp1_complex.pdb,A,B,A,B,"A,B",1,1,2,"A,B",2,,,,,,55,54,109,0,,single_receptor_single_ligand,True,PASS,
train,1mhh_complex,1mhh_complex.pdb,BA,E,"B,A",E,"A,B,E",2,1,3,"A,B,E",3,,,,,,436,63,499,0,,multichain_receptor_single_ligand,True,PASS,
train,1mlc_complex,1mlc_complex.pdb,DC,F,"D,C",F,"C,D,F",2,1,3,"C,D,F",3,,,,,,432,129,561,0,,multichain_receptor_single_ligand,True,PASS,
train,1mzw_complex,1mzw_complex.pdb,A,B,A,B,"A,B",1,1,2,"A,B",2,,,,,,173,31,204,0,,single_receptor_single_ligand,True,PASS,
train,1nca_complex,1nca_complex.pdb,HL,N,"H,L",N,"H,L,N",2,1,3,"H,L,N",3,,,,,,435,389,824,0,,multichain_receptor_single_ligand,True,PASS,
train,1nez_complex,1nez_complex.pdb,HG,A,"H,G",A,"A,G,H",2,1,3,"A,G,H",3,,,,,,242,274,516,0,,multichain_receptor_single_ligand,True,PASS,
train,1nl0_complex,1nl0_complex.pdb,HL,G,"H,L",G,"G,H,L",2,1,3,"G,H,L",3,,,,,,437,33,470,0,,multichain_receptor_single_ligand,True,PASS,
train,1nma_complex,1nma_complex.pdb,HL,N,"H,L",N,"H,L,N",2,1,3,"H,L,N",3,,,,,,231,378,609,0,,multichain_receptor_single_ligand,True,PASS,
train,1nsn_complex,1nsn_complex.pdb,HL,S,"H,L",S,"H,L,S",2,1,3,"H,L,S",3,,,,,,427,138,565,0,,multichain_receptor_single_ligand,True,PASS,
train,1nvu_complex,1nvu_complex.pdb,Q,S,Q,S,"Q,S",1,1,2,"Q,S",2,,,,,,166,481,647,0,,single_receptor_single_ligand,True,PASS,
train,1ob1_complex,1ob1_complex.pdb,ED,F,"E,D",F,"D,E,F",2,1,3,"D,E,F",3,,,,,,434,97,531,0,,multichain_receptor_single_ligand,True,PASS,
train,1oc0_complex,1oc0_complex.pdb,A,B,A,B,"A,B",1,1,2,"A,B",2,,,,,,374,37,411,0,,single_receptor_single_ligand,True,PASS,
train,1op9_complex,1op9_complex.pdb,A,B,A,B,"A,B",1,1,2,"A,B",2,,,,,,121,130,251,0,,single_receptor_single_ligand,True,PASS,
train,1oph_complex,1oph_complex.pdb,A,B,A,B,"A,B",1,1,2,"A,B",2,,,,,,375,223,598,0,,single_receptor_single_ligand,True,PASS,
train,1p0s_complex,1p0s_complex.pdb,H,E,H,E,"E,H",1,1,2,"E,H",2,,,,,,235,139,374,0,,single_receptor_single_ligand,True,PASS,
train,1p2c_complex,1p2c_complex.pdb,ED,F,"E,D",F,"D,E,F",2,1,3,"D,E,F",3,,,,,,428,129,557,0,,multichain_receptor_single_ligand,True,PASS,
train,1p3q_complex,1p3q_complex.pdb,R,V,R,V,"R,V",1,1,2,"R,V",2,,,,,,34,73,107,0,,single_receptor_single_ligand,True,PASS,
train,1qfu_complex,1qfu_complex.pdb,HL,A,"H,L",A,"A,H,L",2,1,3,"A,H,L",3,,,,,,440,318,758,0,,multichain_receptor_single_ligand,True,PASS,
train,1qty_complex,1qty_complex.pdb,S,T,S,T,"S,T",1,1,2,"S,T",2,,,,,,96,94,190,0,,single_receptor_single_ligand,True,PASS,
train,1ri8_complex,1ri8_complex.pdb,A,B,A,B,"A,B",1,1,2,"A,B",2,,,,,,124,129,253,0,,single_receptor_single_ligand,True,PASS,
train,1rjc_complex,1rjc_complex.pdb,A,B,A,B,"A,B",1,1,2,"A,B",2,,,,,,126,129,255,0,,single_receptor_single_ligand,True,PASS,
train,1rv6_complex,1rv6_complex.pdb,W,X,W,X,"W,X",1,1,2,"W,X",2,,,,,,95,92,187,0,,single_receptor_single_ligand,True,PASS,
train,1s1q_complex,1s1q_complex.pdb,A,B,A,B,"A,B",1,1,2,"A,B",2,,,,,,137,71,208,0,,single_receptor_single_ligand,True,PASS,
train,1sbb_complex,1sbb_complex.pdb,C,D,C,D,"C,D",1,1,2,"C,D",2,,,,,,238,233,471,0,,single_receptor_single_ligand,True,PASS,
train,1shz_complex,1shz_complex.pdb,D,F,D,F,"D,F",1,1,2,"D,F",2,,,,,,327,217,544,0,,single_receptor_single_ligand,True,PASS,
train,1sy6_complex,1sy6_complex.pdb,HL,A,"H,L",A,"A,H,L",2,1,3,"A,H,L",3,,,,,,432,168,600,0,,multichain_receptor_single_ligand,True,PASS,
train,1t44_complex,1t44_complex.pdb,G,A,G,A,"A,G",1,1,2,"A,G",2,,,,,,144,370,514,0,,single_receptor_single_ligand,True,PASS,
train,1taw_complex,1taw_complex.pdb,A,B,A,B,"A,B",1,1,2,"A,B",2,,,,,,223,54,277,0,,single_receptor_single_ligand,True,PASS,
train,1tbr_complex,1tbr_complex.pdb,K,S,K,S,"K,S",1,1,2,"K,S",2,,,,,,259,103,362,0,,single_receptor_single_ligand,True,PASS,
train,1tzh_complex,1tzh_complex.pdb,HL,V,"H,L",V,"H,L,V",2,1,3,"H,L,V",3,,,,,,432,94,526,0,,multichain_receptor_single_ligand,True,PASS,
train,1tzi_complex,1tzi_complex.pdb,BA,V,"B,A",V,"A,B,V",2,1,3,"A,B,V",3,,,,,,436,97,533,0,,multichain_receptor_single_ligand,True,PASS,
train,1uad_complex,1uad_complex.pdb,B,D,B,D,"B,D",1,1,2,"B,D",2,,,,,,173,92,265,0,,single_receptor_single_ligand,True,PASS,
train,1uex_complex,1uex_complex.pdb,B,C,B,C,"B,C",1,1,2,"B,C",2,,,,,,123,202,325,0,,single_receptor_single_ligand,True,PASS,
train,1uuz_complex,1uuz_complex.pdb,A,D,A,D,"A,D",1,1,2,"A,D",2,,,,,,130,129,259,0,,single_receptor_single_ligand,True,PASS,
train,1v7p_complex,1v7p_complex.pdb,AB,C,"A,B",C,"A,B,C",2,1,3,"A,B,C",3,,,,,,261,193,454,0,,multichain_receptor_single_ligand,True,PASS,
train,1vfb_complex,1vfb_complex.pdb,BA,C,"B,A",C,"A,B,C",2,1,3,"A,B,C",3,,,,,,223,129,352,0,,multichain_receptor_single_ligand,True,PASS,
train,1wej_complex,1wej_complex.pdb,HL,F,"H,L",F,"F,H,L",2,1,3,"F,H,L",3,,,,,,437,104,541,0,,multichain_receptor_single_ligand,True,PASS,
train,1wq1_complex,1wq1_complex.pdb,R,G,R,G,"G,R",1,1,2,"G,R",2,,,,,,166,320,486,0,,single_receptor_single_ligand,True,PASS,
train,1wqj_complex,1wqj_complex.pdb,B,I,B,I,"B,I",1,1,2,"B,I",2,,,,,,80,62,142,0,,single_receptor_single_ligand,True,PASS,
train,1wr6_complex,1wr6_complex.pdb,C,G,C,G,"C,G",1,1,2,"C,G",2,,,,,,88,72,160,0,,single_receptor_single_ligand,True,PASS,
train,1wrd_complex,1wrd_complex.pdb,A,B,A,B,"A,B",1,1,2,"A,B",2,,,,,,98,76,174,0,,single_receptor_single_ligand,True,PASS,
train,1xd3_complex,1xd3_complex.pdb,A,B,A,B,"A,B",1,1,2,"A,B",2,,,,,,229,75,304,0,,single_receptor_single_ligand,True,PASS,
train,1xdt_complex,1xdt_complex.pdb,T,R,T,R,"R,T",1,1,2,"R,T",2,,,,,,535,41,576,0,,single_receptor_single_ligand,True,PASS,
train,1xt9_complex,1xt9_complex.pdb,A,B,A,B,"A,B",1,1,2,"A,B",2,,,,,,210,76,286,0,,single_receptor_single_ligand,True,PASS,
train,1xx9_complex,1xx9_complex.pdb,B,D,B,D,"B,D",1,1,2,"B,D",2,,,,,,238,139,377,0,,single_receptor_single_ligand,True,PASS,
train,1xxd_complex,1xxd_complex.pdb,A,C,A,C,"A,C",1,1,2,"A,C",2,,,,,,238,137,375,0,,single_receptor_single_ligand,True,PASS,
train,1yc0_complex,1yc0_complex.pdb,A,I,A,I,"A,I",1,1,2,"A,I",2,,,,,,245,66,311,0,,single_receptor_single_ligand,True,PASS,
train,1yd8_complex,1yd8_complex.pdb,U,H,U,H,"H,U",1,1,2,"H,U",2,,,,,,73,93,166,0,,single_receptor_single_ligand,True,PASS,
train,1yy9_complex,1yy9_complex.pdb,DC,A,"D,C",A,"A,C,D",2,1,3,"A,C,D",3,,,,,,431,613,1044,0,,multichain_receptor_single_ligand,True,PASS,
train,1z7x_complex,1z7x_complex.pdb,Z,Y,Z,Y,"Y,Z",1,1,2,"Y,Z",2,,,,,,126,460,586,0,,single_receptor_single_ligand,True,PASS,
train,1z92_complex,1z92_complex.pdb,A,B,A,B,"A,B",1,1,2,"A,B",2,,,,,,128,128,256,0,,single_receptor_single_ligand,True,PASS,
train,1zc3_complex,1zc3_complex.pdb,C,B,C,B,"B,C",1,1,2,"B,C",2,,,,,,173,109,282,0,,single_receptor_single_ligand,True,PASS,
train,1zc4_complex,1zc4_complex.pdb,C,B,C,B,"B,C",1,1,2,"B,C",2,,,,,,173,113,286,0,,single_receptor_single_ligand,True,PASS,
train,1zjd_complex,1zjd_complex.pdb,A,B,A,B,"A,B",1,1,2,"A,B",2,,,,,,237,57,294,0,,single_receptor_single_ligand,True,PASS,
train,1zli_complex,1zli_complex.pdb,A,B,A,B,"A,B",1,1,2,"A,B",2,,,,,,306,74,380,0,,single_receptor_single_ligand,True,PASS,
train,1zmy_complex,1zmy_complex.pdb,A,L,A,L,"A,L",1,1,2,"A,L",2,,,,,,133,129,262,0,,single_receptor_single_ligand,True,PASS,
train,1zr0_complex,1zr0_complex.pdb,C,D,C,D,"C,D",1,1,2,"C,D",2,,,,,,223,63,286,0,,single_receptor_single_ligand,True,PASS,
train,1zv5_complex,1zv5_complex.pdb,L,A,L,A,"A,L",1,1,2,"A,L",2,,,,,,129,119,248,0,,single_receptor_single_ligand,True,PASS,
train,1zvh_complex,1zvh_complex.pdb,L,A,L,A,"A,L",1,1,2,"A,L",2,,,,,,129,124,253,0,,single_receptor_single_ligand,True,PASS,
train,2a78_complex,2a78_complex.pdb,A,B,A,B,"A,B",1,1,2,"A,B",2,,,,,,170,207,377,0,,single_receptor_single_ligand,True,PASS,
train,2a9k_complex,2a9k_complex.pdb,A,B,A,B,"A,B",1,1,2,"A,B",2,,,,,,170,207,377,0,,single_receptor_single_ligand,True,PASS,
train,2abz_complex,2abz_complex.pdb,B,E,B,E,"B,E",1,1,2,"B,E",2,,,,,,303,61,364,0,,single_receptor_single_ligand,True,PASS,
train,2aep_complex,2aep_complex.pdb,HL,A,"H,L",A,"A,H,L",2,1,3,"A,H,L",3,,,,,,287,388,675,0,,multichain_receptor_single_ligand,True,PASS,
train,2aeq_complex,2aeq_complex.pdb,HL,A,"H,L",A,"A,H,L",2,1,3,"A,H,L",3,,,,,,223,388,611,0,,multichain_receptor_single_ligand,True,PASS,
train,2ajf_complex,2ajf_complex.pdb,A,E,A,E,"A,E",1,1,2,"A,E",2,,,,,,597,180,777,0,,single_receptor_single_ligand,True,PASS,
train,2aq1_complex,2aq1_complex.pdb,C,D,C,D,"C,D",1,1,2,"C,D",2,,,,,,109,236,345,0,,single_receptor_single_ligand,True,PASS,
train,2aq2_complex,2aq2_complex.pdb,A,B,A,B,"A,B",1,1,2,"A,B",2,,,,,,110,234,344,0,,single_receptor_single_ligand,True,PASS,
train,2aq3_complex,2aq3_complex.pdb,G,H,G,H,"G,H",1,1,2,"G,H",2,,,,,,109,237,346,0,,single_receptor_single_ligand,True,PASS,
train,2arp_complex,2arp_complex.pdb,A,F,A,F,"A,F",1,1,2,"A,F",2,,,,,,116,148,264,0,,single_receptor_single_ligand,True,PASS,
train,2b0z_complex,2b0z_complex.pdb,A,B,A,B,"A,B",1,1,2,"A,B",2,,,,,,294,108,402,0,,single_receptor_single_ligand,True,PASS,
train,2b10_complex,2b10_complex.pdb,A,B,A,B,"A,B",1,1,2,"A,B",2,,,,,,294,108,402,0,,single_receptor_single_ligand,True,PASS,
train,2b11_complex,2b11_complex.pdb,C,D,C,D,"C,D",1,1,2,"C,D",2,,,,,,294,108,402,0,,single_receptor_single_ligand,True,PASS,
train,2b2x_complex,2b2x_complex.pdb,IM,B,"I,M",B,"B,I,M",2,1,3,"B,I,M",3,,,,,,427,190,617,0,,multichain_receptor_single_ligand,True,PASS,
train,2b4j_complex,2b4j_complex.pdb,A,D,A,D,"A,D",1,1,2,"A,D",2,,,,,,153,82,235,0,,single_receptor_single_ligand,True,PASS,
train,2b5i_complex,2b5i_complex.pdb,BCD,A,"B,C,D",A,"A,B,C,D",3,1,4,"A,B,C,D",4,,,,,,520,128,648,0,,multichain_receptor_single_ligand,True,PASS,
train,2bdn_complex,2bdn_complex.pdb,HL,A,"H,L",A,"A,H,L",2,1,3,"A,H,L",3,,,,,,431,68,499,0,,multichain_receptor_single_ligand,True,PASS,
train,2bo9_complex,2bo9_complex.pdb,A,B,A,B,"A,B",1,1,2,"A,B",2,,,,,,307,217,524,0,,single_receptor_single_ligand,True,PASS,
train,2btf_complex,2btf_complex.pdb,A,P,A,P,"A,P",1,1,2,"A,P",2,,,,,,373,139,512,0,,single_receptor_single_ligand,True,PASS,
train,2c7m_complex,2c7m_complex.pdb,A,B,A,B,"A,B",1,1,2,"A,B",2,,,,,,58,74,132,0,,single_receptor_single_ligand,True,PASS,
train,2c7n_complex,2c7n_complex.pdb,C,D,C,D,"C,D",1,1,2,"C,D",2,,,,,,57,74,131,0,,single_receptor_single_ligand,True,PASS,
train,2cmr_complex,2cmr_complex.pdb,HL,A,"H,L",A,"A,H,L",2,1,3,"A,H,L",3,,,,,,423,216,639,0,,multichain_receptor_single_ligand,True,PASS,
train,2dd8_complex,2dd8_complex.pdb,HL,S,"H,L",S,"H,L,S",2,1,3,"H,L,S",3,,,,,,432,192,624,0,,multichain_receptor_single_ligand,True,PASS,
train,2dsp_complex,2dsp_complex.pdb,B,I,B,I,"B,I",1,1,2,"B,I",2,,,,,,92,67,159,0,,single_receptor_single_ligand,True,PASS,
train,2erj_complex,2erj_complex.pdb,BC,D,"B,C",D,"B,C,D",2,1,3,"B,C,D",3,,,,,,399,131,530,0,,multichain_receptor_single_ligand,True,PASS,
train,2fdb_complex,2fdb_complex.pdb,M,P,M,P,"M,P",1,1,2,"M,P",2,,,,,,149,210,359,0,,single_receptor_single_ligand,True,PASS,
train,2fjg_complex,2fjg_complex.pdb,BA,V,"B,A",V,"A,B,V",2,1,3,"A,B,V",3,,,,,,434,95,529,0,,multichain_receptor_single_ligand,True,PASS,
train,2ftl_complex,2ftl_complex.pdb,E,I,E,I,"E,I",1,1,2,"E,I",2,,,,,,222,58,280,0,,single_receptor_single_ligand,True,PASS,
train,2ftm_complex,2ftm_complex.pdb,A,B,A,B,"A,B",1,1,2,"A,B",2,,,,,,223,58,281,0,,single_receptor_single_ligand,True,PASS,
train,2g45_complex,2g45_complex.pdb,A,B,A,B,"A,B",1,1,2,"A,B",2,,,,,,117,76,193,0,,single_receptor_single_ligand,True,PASS,
train,2g81_complex,2g81_complex.pdb,E,I,E,I,"E,I",1,1,2,"E,I",2,,,,,,223,56,279,0,,single_receptor_single_ligand,True,PASS,
train,2gox_complex,2gox_complex.pdb,C,D,C,D,"C,D",1,1,2,"C,D",2,,,,,,297,65,362,0,,single_receptor_single_ligand,True,PASS,
train,2h62_complex,2h62_complex.pdb,AB,C,"A,B",C,"A,B,C",2,1,3,"A,B,C",3,,,,,,207,84,291,0,,multichain_receptor_single_ligand,True,PASS,
train,2h64_complex,2h64_complex.pdb,A,B,A,B,"A,B",1,1,2,"A,B",2,,,,,,105,92,197,0,,single_receptor_single_ligand,True,PASS,
train,2h9g_complex,2h9g_complex.pdb,BA,R,"B,A",R,"A,B,R",2,1,3,"A,B,R",3,,,,,,431,108,539,0,,multichain_receptor_single_ligand,True,PASS,
train,2hd5_complex,2hd5_complex.pdb,A,B,A,B,"A,B",1,1,2,"A,B",2,,,,,,336,76,412,0,,single_receptor_single_ligand,True,PASS,
train,2hth_complex,2hth_complex.pdb,A,B,A,B,"A,B",1,1,2,"A,B",2,,,,,,73,129,202,0,,single_receptor_single_ligand,True,PASS,
train,2i25_complex,2i25_complex.pdb,N,L,N,L,"L,N",1,1,2,"L,N",2,,,,,,114,129,243,0,,single_receptor_single_ligand,True,PASS,
train,2i26_complex,2i26_complex.pdb,N,L,N,L,"L,N",1,1,2,"L,N",2,,,,,,118,129,247,0,,single_receptor_single_ligand,True,PASS,
train,2i9b_complex,2i9b_complex.pdb,B,F,B,F,"B,F",1,1,2,"B,F",2,,,,,,122,278,400,0,,single_receptor_single_ligand,True,PASS,
train,2iff_complex,2iff_complex.pdb,HL,Y,"H,L",Y,"H,L,Y",2,1,3,"H,L,Y",3,,,,,,426,129,555,0,,multichain_receptor_single_ligand,True,PASS,
train,2ijo_complex,2ijo_complex.pdb,BI,A,"B,I",A,"A,B,I",2,1,3,"A,B,I",3,,,,,,232,41,273,0,,multichain_receptor_single_ligand,True,PASS,
train,2iwg_complex,2iwg_complex.pdb,D,E,D,E,"D,E",1,1,2,"D,E",2,,,,,,207,181,388,0,,single_receptor_single_ligand,True,PASS,
train,2iy0_complex,2iy0_complex.pdb,AB,C,"A,B",C,"A,B,C",2,1,3,"A,B,C",3,,,,,,302,156,458,0,,multichain_receptor_single_ligand,True,PASS,
train,2iy1_complex,2iy1_complex.pdb,A,B,A,B,"A,B",1,1,2,"A,B",2,,,,,,226,83,309,0,,single_receptor_single_ligand,True,PASS,
train,2j4w_complex,2j4w_complex.pdb,HL,D,"H,L",D,"D,H,L",2,1,3,"D,H,L",3,,,,,,437,34,471,0,,multichain_receptor_single_ligand,True,PASS,
train,2j5l_complex,2j5l_complex.pdb,CB,A,"C,B",A,"A,B,C",2,1,3,"A,B,C",3,,,,,,437,34,471,0,,multichain_receptor_single_ligand,True,PASS,
train,2j6e_complex,2j6e_complex.pdb,HL,A,"H,L",A,"A,H,L",2,1,3,"A,H,L",3,,,,,,434,210,644,0,,multichain_receptor_single_ligand,True,PASS,
train,2j8s_complex,2j8s_complex.pdb,B,D,B,D,"B,D",1,1,2,"B,D",2,,,,,,1033,156,1189,0,,single_receptor_single_ligand,True,PASS,
train,2jel_complex,2jel_complex.pdb,HL,P,"H,L",P,"H,L,P",2,1,3,"H,L,P",3,,,,,,435,85,520,0,,multichain_receptor_single_ligand,True,PASS,
train,2jjs_complex,2jjs_complex.pdb,B,D,B,D,"B,D",1,1,2,"B,D",2,,,,,,119,115,234,0,,single_receptor_single_ligand,True,PASS,
train,2jjt_complex,2jjt_complex.pdb,A,C,A,C,"A,C",1,1,2,"A,C",2,,,,,,113,114,227,0,,single_receptor_single_ligand,True,PASS,
train,2noj_complex,2noj_complex.pdb,C,D,C,D,"C,D",1,1,2,"C,D",2,,,,,,287,58,345,0,,single_receptor_single_ligand,True,PASS,
train,2nup_complex,2nup_complex.pdb,AB,C,"A,B",C,"A,B,C",2,1,3,"A,B,C",3,,,,,,1471,157,1628,0,,multichain_receptor_single_ligand,True,PASS,
train,2nut_complex,2nut_complex.pdb,AB,C,"A,B",C,"A,B,C",2,1,3,"A,B,C",3,,,,,,1457,140,1597,0,,multichain_receptor_single_ligand,True,PASS,
train,2nyy_complex,2nyy_complex.pdb,DC,A,"D,C",A,"A,C,D",2,1,3,"A,C,D",3,,,,,,433,1274,1707,0,,multichain_receptor_single_ligand,True,PASS,
train,2nyz_complex,2nyz_complex.pdb,B,E,B,E,"B,E",1,1,2,"B,E",2,,,,,,371,66,437,0,,single_receptor_single_ligand,True,PASS,
train,2nz1_complex,2nz1_complex.pdb,B,E,B,E,"B,E",1,1,2,"B,E",2,,,,,,371,64,435,0,,single_receptor_single_ligand,True,PASS,
train,2ody_complex,2ody_complex.pdb,B,E,B,E,"B,E",1,1,2,"B,E",2,,,,,,255,127,382,0,,single_receptor_single_ligand,True,PASS,
train,2oob_complex,2oob_complex.pdb,A,B,A,B,"A,B",1,1,2,"A,B",2,,,,,,44,72,116,0,,single_receptor_single_ligand,True,PASS,
train,2p42_complex,2p42_complex.pdb,C,D,C,D,"C,D",1,1,2,"C,D",2,,,,,,124,118,242,0,,single_receptor_single_ligand,True,PASS,
train,2p43_complex,2p43_complex.pdb,A,B,A,B,"A,B",1,1,2,"A,B",2,,,,,,124,120,244,0,,single_receptor_single_ligand,True,PASS,
train,2p44_complex,2p44_complex.pdb,A,B,A,B,"A,B",1,1,2,"A,B",2,,,,,,124,118,242,0,,single_receptor_single_ligand,True,PASS,
train,2p45_complex,2p45_complex.pdb,A,B,A,B,"A,B",1,1,2,"A,B",2,,,,,,124,116,240,0,,single_receptor_single_ligand,True,PASS,
train,2p46_complex,2p46_complex.pdb,A,B,A,B,"A,B",1,1,2,"A,B",2,,,,,,123,116,239,0,,single_receptor_single_ligand,True,PASS,
train,2p47_complex,2p47_complex.pdb,A,B,A,B,"A,B",1,1,2,"A,B",2,,,,,,123,116,239,0,,single_receptor_single_ligand,True,PASS,
train,2p48_complex,2p48_complex.pdb,A,B,A,B,"A,B",1,1,2,"A,B",2,,,,,,124,116,240,0,,single_receptor_single_ligand,True,PASS,
train,2p49_complex,2p49_complex.pdb,A,B,A,B,"A,B",1,1,2,"A,B",2,,,,,,123,123,246,0,,single_receptor_single_ligand,True,PASS,
train,2p4a_complex,2p4a_complex.pdb,A,B,A,B,"A,B",1,1,2,"A,B",2,,,,,,124,121,245,0,,single_receptor_single_ligand,True,PASS,
train,2pcb_complex,2pcb_complex.pdb,A,B,A,B,"A,B",1,1,2,"A,B",2,,,,,,294,104,398,0,,single_receptor_single_ligand,True,PASS,
train,2pcc_complex,2pcc_complex.pdb,C,D,C,D,"C,D",1,1,2,"C,D",2,,,,,,294,108,402,0,,single_receptor_single_ligand,True,PASS,
train,2pjy_complex,2pjy_complex.pdb,AC,B,"A,C",B,"A,B,C",2,1,3,"A,B,C",3,,,,,,191,108,299,0,,multichain_receptor_single_ligand,True,PASS,
train,2ptc_complex,2ptc_complex.pdb,E,I,E,I,"E,I",1,1,2,"E,I",2,,,,,,223,58,281,0,,single_receptor_single_ligand,True,PASS,
train,2qho_complex,2qho_complex.pdb,E,F,E,F,"E,F",1,1,2,"E,F",2,,,,,,75,49,124,0,,single_receptor_single_ligand,True,PASS,
train,2qj9_complex,2qj9_complex.pdb,B,D,B,D,"B,D",1,1,2,"B,D",2,,,,,,103,93,196,0,,single_receptor_single_ligand,True,PASS,
train,2qja_complex,2qja_complex.pdb,B,D,B,D,"B,D",1,1,2,"B,D",2,,,,,,104,93,197,0,,single_receptor_single_ligand,True,PASS,
train,2qjb_complex,2qjb_complex.pdb,B,D,B,D,"B,D",1,1,2,"B,D",2,,,,,,104,90,194,0,,single_receptor_single_ligand,True,PASS,
train,2r56_complex,2r56_complex.pdb,HL,A,"H,L",A,"A,H,L",2,1,3,"A,H,L",3,,,,,,432,159,591,0,,multichain_receptor_single_ligand,True,PASS,
train,2r9p_complex,2r9p_complex.pdb,B,F,B,F,"B,F",1,1,2,"B,F",2,,,,,,224,58,282,0,,single_receptor_single_ligand,True,PASS,
train,2ra3_complex,2ra3_complex.pdb,B,I,B,I,"B,I",1,1,2,"B,I",2,,,,,,224,58,282,0,,single_receptor_single_ligand,True,PASS,
train,2tgp_complex,2tgp_complex.pdb,Z,I,Z,I,"I,Z",1,1,2,"I,Z",2,,,,,,223,58,281,0,,single_receptor_single_ligand,True,PASS,
train,2uuy_complex,2uuy_complex.pdb,A,B,A,B,"A,B",1,1,2,"A,B",2,,,,,,223,52,275,0,,single_receptor_single_ligand,True,PASS,
train,2uyz_complex,2uyz_complex.pdb,A,B,A,B,"A,B",1,1,2,"A,B",2,,,,,,156,78,234,0,,single_receptor_single_ligand,True,PASS,
train,2uzi_complex,2uzi_complex.pdb,HL,R,"H,L",R,"H,L,R",2,1,3,"H,L,R",3,,,,,,218,166,384,0,,multichain_receptor_single_ligand,True,PASS,
train,2v4z_complex,2v4z_complex.pdb,A,B,A,B,"A,B",1,1,2,"A,B",2,,,,,,316,128,444,0,,single_receptor_single_ligand,True,PASS,
train,2v52_complex,2v52_complex.pdb,B,M,B,M,"B,M",1,1,2,"B,M",2,,,,,,373,30,403,0,,single_receptor_single_ligand,True,PASS,
train,2v5q_complex,2v5q_complex.pdb,A,D,A,D,"A,D",1,1,2,"A,D",2,,,,,,285,129,414,0,,single_receptor_single_ligand,True,PASS,
train,2vxq_complex,2vxq_complex.pdb,HL,A,"H,L",A,"A,H,L",2,1,3,"A,H,L",3,,,,,,429,92,521,0,,multichain_receptor_single_ligand,True,PASS,
train,2vxs_complex,2vxs_complex.pdb,IM,A,"I,M",A,"A,I,M",2,1,3,"A,I,M",3,,,,,,436,95,531,0,,multichain_receptor_single_ligand,True,PASS,
train,2vxt_complex,2vxt_complex.pdb,HL,I,"H,L",I,"H,I,L",2,1,3,"H,I,L",3,,,,,,426,156,582,0,,multichain_receptor_single_ligand,True,PASS,
train,2vyr_complex,2vyr_complex.pdb,C,G,C,G,"C,G",1,1,2,"C,G",2,,,,,,86,123,209,0,,single_receptor_single_ligand,True,PASS,
train,2w2m_complex,2w2m_complex.pdb,A,E,A,E,"A,E",1,1,2,"A,E",2,,,,,,295,49,344,0,,single_receptor_single_ligand,True,PASS,
train,2w2n_complex,2w2n_complex.pdb,A,E,A,E,"A,E",1,1,2,"A,E",2,,,,,,294,49,343,0,,single_receptor_single_ligand,True,PASS,
train,2w80_complex,2w80_complex.pdb,E,F,E,F,"E,F",1,1,2,"E,F",2,,,,,,123,244,367,0,,single_receptor_single_ligand,True,PASS,
train,2w81_complex,2w81_complex.pdb,E,F,E,F,"E,F",1,1,2,"E,F",2,,,,,,122,241,363,0,,single_receptor_single_ligand,True,PASS,
train,2w9e_complex,2w9e_complex.pdb,HL,A,"H,L",A,"A,H,L",2,1,3,"A,H,L",3,,,,,,427,99,526,0,,multichain_receptor_single_ligand,True,PASS,
train,2wbj_complex,2wbj_complex.pdb,CD,AB,"C,D","A,B","A,B,C,D",2,2,4,"A,B,C,D",4,,,,,,463,364,827,0,,multichain_receptor_multichain_ligand,True,PASS,
train,2wii_complex,2wii_complex.pdb,AB,C,"A,B",C,"A,B,C",2,1,3,"A,B,C",3,,,,,,1554,245,1799,0,,multichain_receptor_single_ligand,True,PASS,
train,2wx0_complex,2wx0_complex.pdb,A,C,A,C,"A,C",1,1,2,"A,C",2,,,,,,72,31,103,0,,single_receptor_single_ligand,True,PASS,
train,2wy8_complex,2wy8_complex.pdb,A,Q,A,Q,"A,Q",1,1,2,"A,Q",2,,,,,,292,66,358,0,,single_receptor_single_ligand,True,PASS,
train,2x2d_complex,2x2d_complex.pdb,C,D,C,D,"C,D",1,1,2,"C,D",2,,,,,,163,146,309,0,,single_receptor_single_ligand,True,PASS,
train,2x89_complex,2x89_complex.pdb,A,D,A,D,"A,D",1,1,2,"A,D",2,,,,,,128,92,220,0,,single_receptor_single_ligand,True,PASS,
train,2xbb_complex,2xbb_complex.pdb,B,D,B,D,"B,D",1,1,2,"B,D",2,,,,,,376,76,452,0,,single_receptor_single_ligand,True,PASS,
train,2xqb_complex,2xqb_complex.pdb,HL,A,"H,L",A,"A,H,L",2,1,3,"A,H,L",3,,,,,,435,113,548,0,,multichain_receptor_single_ligand,True,PASS,
train,2xqw_complex,2xqw_complex.pdb,A,C,A,C,"A,C",1,1,2,"A,C",2,,,,,,294,123,417,0,,single_receptor_single_ligand,True,PASS,
train,2xra_complex,2xra_complex.pdb,HL,A,"H,L",A,"A,H,L",2,1,3,"A,H,L",3,,,,,,438,216,654,0,,multichain_receptor_single_ligand,True,PASS,
train,2xtj_complex,2xtj_complex.pdb,DB,A,"D,B",A,"A,B,D",2,1,3,"A,B,D",3,,,,,,238,248,486,0,,multichain_receptor_single_ligand,True,PASS,
train,2xtt_complex,2xtt_complex.pdb,A,B,A,B,"A,B",1,1,2,"A,B",2,,,,,,35,223,258,0,,single_receptor_single_ligand,True,PASS,
train,2xzd_complex,2xzd_complex.pdb,AB,G,"A,B",G,"A,B,G",2,1,3,"A,B,G",3,,,,,,234,119,353,0,,multichain_receptor_single_ligand,True,PASS,
train,2y0b_complex,2y0b_complex.pdb,AB,G,"A,B",G,"A,B,G",2,1,3,"A,B,G",3,,,,,,234,119,353,0,,multichain_receptor_single_ligand,True,PASS,
train,2y5b_complex,2y5b_complex.pdb,E,F,E,F,"E,F",1,1,2,"E,F",2,,,,,,335,151,486,0,,single_receptor_single_ligand,True,PASS,
train,2y6t_complex,2y6t_complex.pdb,C,G,C,G,"C,G",1,1,2,"C,G",2,,,,,,245,140,385,0,,single_receptor_single_ligand,True,PASS,
train,2y8s_complex,2y8s_complex.pdb,A,B,A,B,"A,B",1,1,2,"A,B",2,,,,,,391,36,427,0,,single_receptor_single_ligand,True,PASS,
train,2y8t_complex,2y8t_complex.pdb,D,E,D,E,"D,E",1,1,2,"D,E",2,,,,,,405,36,441,0,,single_receptor_single_ligand,True,PASS,
train,2ybr_complex,2ybr_complex.pdb,GH,I,"G,H",I,"G,H,I",2,1,3,"G,H,I",3,,,,,,229,66,295,0,,multichain_receptor_single_ligand,True,PASS,
train,2ypv_complex,2ypv_complex.pdb,HL,A,"H,L",A,"A,H,L",2,1,3,"A,H,L",3,,,,,,430,242,672,0,,multichain_receptor_single_ligand,True,PASS,
train,2z7f_complex,2z7f_complex.pdb,E,I,E,I,"E,I",1,1,2,"E,I",2,,,,,,218,50,268,0,,single_receptor_single_ligand,True,PASS,
train,2z8v_complex,2z8v_complex.pdb,B,C,B,C,"B,C",1,1,2,"B,C",2,,,,,,335,116,451,0,,single_receptor_single_ligand,True,PASS,
train,2z8w_complex,2z8w_complex.pdb,A,D,A,D,"A,D",1,1,2,"A,D",2,,,,,,335,116,451,0,,single_receptor_single_ligand,True,PASS,
train,3a4s_complex,3a4s_complex.pdb,B,C,B,C,"B,C",1,1,2,"B,C",2,,,,,,159,74,233,0,,single_receptor_single_ligand,True,PASS,
train,3a67_complex,3a67_complex.pdb,HL,Y,"H,L",Y,"H,L,Y",2,1,3,"H,L,Y",3,,,,,,221,129,350,0,,multichain_receptor_single_ligand,True,PASS,
train,3a6b_complex,3a6b_complex.pdb,HL,Y,"H,L",Y,"H,L,Y",2,1,3,"H,L,Y",3,,,,,,221,129,350,0,,multichain_receptor_single_ligand,True,PASS,
train,3a6c_complex,3a6c_complex.pdb,HL,Y,"H,L",Y,"H,L,Y",2,1,3,"H,L,Y",3,,,,,,221,129,350,0,,multichain_receptor_single_ligand,True,PASS,
train,3ay4_complex,3ay4_complex.pdb,A,C,A,C,"A,C",1,1,2,"A,C",2,,,,,,215,170,385,0,,single_receptor_single_ligand,True,PASS,
train,3b08_complex,3b08_complex.pdb,G,H,G,H,"G,H",1,1,2,"G,H",2,,,,,,150,59,209,0,,single_receptor_single_ligand,True,PASS,
train,3b2u_complex,3b2u_complex.pdb,WX,V,"W,X",V,"V,W,X",2,1,3,"V,W,X",3,,,,,,435,193,628,0,,multichain_receptor_single_ligand,True,PASS,
train,3b4v_complex,3b4v_complex.pdb,F,G,F,G,"F,G",1,1,2,"F,G",2,,,,,,114,206,320,0,,single_receptor_single_ligand,True,PASS,
train,3b9f_complex,3b9f_complex.pdb,I,H,I,H,"H,I",1,1,2,"H,I",2,,,,,,360,259,619,0,,single_receptor_single_ligand,True,PASS,
train,3bdy_complex,3bdy_complex.pdb,HL,V,"H,L",V,"H,L,V",2,1,3,"H,L,V",3,,,,,,438,95,533,0,,multichain_receptor_single_ligand,True,PASS,
train,3be1_complex,3be1_complex.pdb,HL,A,"H,L",A,"A,H,L",2,1,3,"A,H,L",3,,,,,,436,595,1031,0,,multichain_receptor_single_ligand,True,PASS,
train,3bgf_complex,3bgf_complex.pdb,BC,A,"B,C",A,"A,B,C",2,1,3,"A,B,C",3,,,,,,431,180,611,0,,multichain_receptor_single_ligand,True,PASS,
train,3bik_complex,3bik_complex.pdb,A,B,A,B,"A,B",1,1,2,"A,B",2,,,,,,212,116,328,0,,single_receptor_single_ligand,True,PASS,
train,3bk3_complex,3bk3_complex.pdb,B,D,B,D,"B,D",1,1,2,"B,D",2,,,,,,104,67,171,0,,single_receptor_single_ligand,True,PASS,
train,3bpo_complex,3bpo_complex.pdb,AC,B,"A,C",B,"A,B,C",2,1,3,"A,B,C",3,,,,,,422,198,620,0,,multichain_receptor_single_ligand,True,PASS,
train,3bzd_complex,3bzd_complex.pdb,A,B,A,B,"A,B",1,1,2,"A,B",2,,,,,,109,234,343,0,,single_receptor_single_ligand,True,PASS,
train,3cx6_complex,3cx6_complex.pdb,A,B,A,B,"A,B",1,1,2,"A,B",2,,,,,,323,196,519,0,,single_receptor_single_ligand,True,PASS,
train,3cx7_complex,3cx7_complex.pdb,A,B,A,B,"A,B",1,1,2,"A,B",2,,,,,,323,196,519,0,,single_receptor_single_ligand,True,PASS,
train,3cx8_complex,3cx8_complex.pdb,A,B,A,B,"A,B",1,1,2,"A,B",2,,,,,,323,196,519,0,,single_receptor_single_ligand,True,PASS,
train,3d5r_complex,3d5r_complex.pdb,B,D,B,D,"B,D",1,1,2,"B,D",2,,,,,,297,65,362,0,,single_receptor_single_ligand,True,PASS,
train,3d5s_complex,3d5s_complex.pdb,A,C,A,C,"A,C",1,1,2,"A,C",2,,,,,,297,65,362,0,,single_receptor_single_ligand,True,PASS,
train,3dbh_complex,3dbh_complex.pdb,CD,J,"C,D",J,"C,D,J",2,1,3,"C,D,J",3,,,,,,947,76,1023,0,,multichain_receptor_single_ligand,True,PASS,
train,3dbl_complex,3dbl_complex.pdb,HG,L,"H,G",L,"G,H,L",2,1,3,"G,H,L",3,,,,,,955,76,1031,0,,multichain_receptor_single_ligand,True,PASS,
train,3ddc_complex,3ddc_complex.pdb,A,B,A,B,"A,B",1,1,2,"A,B",2,,,,,,166,133,299,0,,single_receptor_single_ligand,True,PASS,
train,3di2_complex,3di2_complex.pdb,A,B,A,B,"A,B",1,1,2,"A,B",2,,,,,,115,195,310,0,,single_receptor_single_ligand,True,PASS,
train,3di3_complex,3di3_complex.pdb,A,B,A,B,"A,B",1,1,2,"A,B",2,,,,,,118,193,311,0,,single_receptor_single_ligand,True,PASS,
train,3dvg_complex,3dvg_complex.pdb,BA,YX,"B,A","Y,X","A,B,X,Y",2,2,4,"A,B,X,Y",4,,,,,,431,151,582,0,,multichain_receptor_multichain_ligand,True,PASS,
train,3dvn_complex,3dvn_complex.pdb,HL,VU,"H,L","V,U","H,L,U,V",2,2,4,"H,L,U,V",4,,,,,,433,151,584,0,,multichain_receptor_multichain_ligand,True,PASS,
train,3eba_complex,3eba_complex.pdb,A,B,A,B,"A,B",1,1,2,"A,B",2,,,,,,122,130,252,0,,single_receptor_single_ligand,True,PASS,
train,3egg_complex,3egg_complex.pdb,B,D,B,D,"B,D",1,1,2,"B,D",2,,,,,,294,66,360,0,,single_receptor_single_ligand,True,PASS,
train,3ejj_complex,3ejj_complex.pdb,A,X,A,X,"A,X",1,1,2,"A,X",2,,,,,,148,277,425,0,,single_receptor_single_ligand,True,PASS,
train,3eoa_complex,3eoa_complex.pdb,BA,J,"B,A",J,"A,B,J",2,1,3,"A,B,J",3,,,,,,434,179,613,0,,multichain_receptor_single_ligand,True,PASS,
train,3f4y_complex,3f4y_complex.pdb,C,F,C,F,"C,F",1,1,2,"C,F",2,,,,,,36,38,74,0,,single_receptor_single_ligand,True,PASS,
train,3ff7_complex,3ff7_complex.pdb,B,D,B,D,"B,D",1,1,2,"B,D",2,,,,,,100,112,212,0,,single_receptor_single_ligand,True,PASS,
train,3ff8_complex,3ff8_complex.pdb,B,D,B,D,"B,D",1,1,2,"B,D",2,,,,,,100,113,213,0,,single_receptor_single_ligand,True,PASS,
train,3fju_complex,3fju_complex.pdb,A,B,A,B,"A,B",1,1,2,"A,B",2,,,,,,307,65,372,0,,single_receptor_single_ligand,True,PASS,
train,3fp6_complex,3fp6_complex.pdb,E,I,E,I,"E,I",1,1,2,"E,I",2,,,,,,223,58,281,0,,single_receptor_single_ligand,True,PASS,
train,3fpu_complex,3fpu_complex.pdb,A,B,A,B,"A,B",1,1,2,"A,B",2,,,,,,100,66,166,0,,single_receptor_single_ligand,True,PASS,
train,3g3a_complex,3g3a_complex.pdb,C,D,C,D,"C,D",1,1,2,"C,D",2,,,,,,167,127,294,0,,single_receptor_single_ligand,True,PASS,
train,3g3b_complex,3g3b_complex.pdb,A,B,A,B,"A,B",1,1,2,"A,B",2,,,,,,169,127,296,0,,single_receptor_single_ligand,True,PASS,
train,3g7a_complex,3g7a_complex.pdb,A,B,A,B,"A,B",1,1,2,"A,B",2,,,,,,36,30,66,0,,single_receptor_single_ligand,True,PASS,
train,3g7z_complex,3g7z_complex.pdb,B,D,B,D,"B,D",1,1,2,"B,D",2,,,,,,101,33,134,0,,single_receptor_single_ligand,True,PASS,
train,3g9v_complex,3g9v_complex.pdb,C,D,C,D,"C,D",1,1,2,"C,D",2,,,,,,198,139,337,0,,single_receptor_single_ligand,True,PASS,
train,3h42_complex,3h42_complex.pdb,HL,BA,"H,L","B,A","A,B,H,L",2,2,4,"A,B,H,L",4,,,,,,435,584,1019,0,,multichain_receptor_multichain_ligand,True,PASS,
train,3hct_complex,3hct_complex.pdb,A,B,A,B,"A,B",1,1,2,"A,B",2,,,,,,104,148,252,0,,single_receptor_single_ligand,True,PASS,
train,3hcu_complex,3hcu_complex.pdb,C,D,C,D,"C,D",1,1,2,"C,D",2,,,,,,104,149,253,0,,single_receptor_single_ligand,True,PASS,
train,3he6_complex,3he6_complex.pdb,AB,CD,"A,B","C,D","A,B,C,D",2,2,4,"A,B,C,D",4,,,,,,391,447,838,0,,multichain_receptor_multichain_ligand,True,PASS,
train,3hg0_complex,3hg0_complex.pdb,A,D,A,D,"A,D",1,1,2,"A,D",2,,,,,,137,124,261,0,,single_receptor_single_ligand,True,PASS,
train,3hh2_complex,3hh2_complex.pdb,B,C,B,C,"B,C",1,1,2,"B,C",2,,,,,,109,288,397,0,,single_receptor_single_ligand,True,PASS,
train,3hi1_complex,3hi1_complex.pdb,BA,J,"B,A",J,"A,B,J",2,1,3,"A,B,J",3,,,,,,440,297,737,0,,multichain_receptor_single_ligand,True,PASS,
train,3hi6_complex,3hi6_complex.pdb,XY,B,"X,Y",B,"B,X,Y",2,1,3,"B,X,Y",3,,,,,,429,180,609,0,,multichain_receptor_single_ligand,True,PASS,
train,3hpw_complex,3hpw_complex.pdb,B,C,B,C,"B,C",1,1,2,"B,C",2,,,,,,101,33,134,0,,single_receptor_single_ligand,True,PASS,
train,3huj_complex,3huj_complex.pdb,AB,GH,"A,B","G,H","A,B,G,H",2,2,4,"A,B,G,H",4,,,,,,372,448,820,0,,multichain_receptor_multichain_ligand,True,PASS,
train,3idx_complex,3idx_complex.pdb,HL,G,"H,L",G,"G,H,L",2,1,3,"G,H,L",3,,,,,,445,316,761,0,,multichain_receptor_single_ligand,True,PASS,
train,3it8_complex,3it8_complex.pdb,G,J,G,J,"G,J",1,1,2,"G,J",2,,,,,,152,299,451,0,,single_receptor_single_ligand,True,PASS,
train,3iu3_complex,3iu3_complex.pdb,CD,J,"C,D",J,"C,D,J",2,1,3,"C,D,J",3,,,,,,424,119,543,0,,multichain_receptor_single_ligand,True,PASS,
train,3jsv_complex,3jsv_complex.pdb,CD,A,"C,D",A,"A,C,D",2,1,3,"A,C,D",3,,,,,,169,76,245,0,,multichain_receptor_single_ligand,True,PASS,
train,3k2m_complex,3k2m_complex.pdb,A,D,A,D,"A,D",1,1,2,"A,D",2,,,,,,100,101,201,0,,single_receptor_single_ligand,True,PASS,
train,3k3q_complex,3k3q_complex.pdb,BC,A,"B,C",A,"A,B,C",2,1,3,"A,B,C",3,,,,,,414,137,551,0,,multichain_receptor_single_ligand,True,PASS,
train,3kr3_complex,3kr3_complex.pdb,HL,D,"H,L",D,"D,H,L",2,1,3,"D,H,L",3,,,,,,437,60,497,0,,multichain_receptor_single_ligand,True,PASS,
train,3kuc_complex,3kuc_complex.pdb,A,B,A,B,"A,B",1,1,2,"A,B",2,,,,,,167,76,243,0,,single_receptor_single_ligand,True,PASS,
train,3kud_complex,3kud_complex.pdb,A,B,A,B,"A,B",1,1,2,"A,B",2,,,,,,165,76,241,0,,single_receptor_single_ligand,True,PASS,
train,3kw5_complex,3kw5_complex.pdb,A,B,A,B,"A,B",1,1,2,"A,B",2,,,,,,223,75,298,0,,single_receptor_single_ligand,True,PASS,
train,3l33_complex,3l33_complex.pdb,C,G,C,G,"C,G",1,1,2,"C,G",2,,,,,,224,52,276,0,,single_receptor_single_ligand,True,PASS,
train,3l5w_complex,3l5w_complex.pdb,HL,I,"H,L",I,"H,I,L",2,1,3,"H,I,L",3,,,,,,436,104,540,0,,multichain_receptor_single_ligand,True,PASS,
train,3l5x_complex,3l5x_complex.pdb,HL,A,"H,L",A,"A,H,L",2,1,3,"A,H,L",3,,,,,,437,105,542,0,,multichain_receptor_single_ligand,True,PASS,
train,3l95_complex,3l95_complex.pdb,HL,Y,"H,L",Y,"H,L,Y",2,1,3,"H,L,Y",3,,,,,,431,218,649,0,,multichain_receptor_single_ligand,True,PASS,
train,3l9j_complex,3l9j_complex.pdb,C,T,C,T,"C,T",1,1,2,"C,T",2,,,,,,134,149,283,0,,single_receptor_single_ligand,True,PASS,
train,3lev_complex,3lev_complex.pdb,HL,A,"H,L",A,"A,H,L",2,1,3,"A,H,L",3,,,,,,451,177,628,0,,multichain_receptor_single_ligand,True,PASS,
train,3lh2_complex,3lh2_complex.pdb,HL,S,"H,L",S,"H,L,S",2,1,3,"H,L,S",3,,,,,,241,66,307,0,,multichain_receptor_single_ligand,True,PASS,
train,3lhp_complex,3lhp_complex.pdb,IM,T,"I,M",T,"I,M,T",2,1,3,"I,M,T",3,,,,,,235,112,347,0,,multichain_receptor_single_ligand,True,PASS,
train,3lms_complex,3lms_complex.pdb,A,B,A,B,"A,B",1,1,2,"A,B",2,,,,,,309,74,383,0,,single_receptor_single_ligand,True,PASS,
train,3m18_complex,3m18_complex.pdb,A,B,A,B,"A,B",1,1,2,"A,B",2,,,,,,245,127,372,0,,single_receptor_single_ligand,True,PASS,
train,3ma9_complex,3ma9_complex.pdb,HL,A,"H,L",A,"A,H,L",2,1,3,"A,H,L",3,,,,,,421,216,637,0,,multichain_receptor_single_ligand,True,PASS,
train,3mac_complex,3mac_complex.pdb,HL,A,"H,L",A,"A,H,L",2,1,3,"A,H,L",3,,,,,,433,216,649,0,,multichain_receptor_single_ligand,True,PASS,
train,3mc0_complex,3mc0_complex.pdb,C,D,C,D,"C,D",1,1,2,"C,D",2,,,,,,109,232,341,0,,single_receptor_single_ligand,True,PASS,
train,3mj9_complex,3mj9_complex.pdb,HL,A,"H,L",A,"A,H,L",2,1,3,"A,H,L",3,,,,,,427,229,656,0,,multichain_receptor_single_ligand,True,PASS,
train,3mxw_complex,3mxw_complex.pdb,HL,A,"H,L",A,"A,H,L",2,1,3,"A,H,L",3,,,,,,432,153,585,0,,multichain_receptor_single_ligand,True,PASS,
train,3mzw_complex,3mzw_complex.pdb,A,B,A,B,"A,B",1,1,2,"A,B",2,,,,,,578,53,631,0,,single_receptor_single_ligand,True,PASS,
train,3nfp_complex,3nfp_complex.pdb,AB,K,"A,B",K,"A,B,K",2,1,3,"A,B,K",3,,,,,,428,124,552,0,,multichain_receptor_single_ligand,True,PASS,
train,3ngb_complex,3ngb_complex.pdb,HL,G,"H,L",G,"G,H,L",2,1,3,"G,H,L",3,,,,,,432,353,785,0,,multichain_receptor_single_ligand,True,PASS,
train,3nh7_complex,3nh7_complex.pdb,IM,B,"I,M",B,"B,I,M",2,1,3,"B,I,M",3,,,,,,430,85,515,0,,multichain_receptor_single_ligand,True,PASS,
train,3noc_complex,3noc_complex.pdb,B,D,B,D,"B,D",1,1,2,"B,D",2,,,,,,1032,154,1186,0,,single_receptor_single_ligand,True,PASS,
train,3nps_complex,3nps_complex.pdb,BC,A,"B,C",A,"A,B,C",2,1,3,"A,B,C",3,,,,,,437,241,678,0,,multichain_receptor_single_ligand,True,PASS,
train,3o6f_complex,3o6f_complex.pdb,CD,AB,"C,D","A,B","A,B,C,D",2,2,4,"A,B,C,D",4,,,,,,440,396,836,0,,multichain_receptor_multichain_ligand,True,PASS,
train,3o8x_complex,3o8x_complex.pdb,CD,A,"C,D",A,"A,C,D",2,1,3,"A,C,D",3,,,,,,442,273,715,0,,multichain_receptor_single_ligand,True,PASS,
train,3o9w_complex,3o9w_complex.pdb,CD,A,"C,D",A,"A,C,D",2,1,3,"A,C,D",3,,,,,,442,274,716,0,,multichain_receptor_single_ligand,True,PASS,
train,3ogo_complex,3ogo_complex.pdb,B,G,B,G,"B,G",1,1,2,"B,G",2,,,,,,224,116,340,0,,single_receptor_single_ligand,True,PASS,
train,3oj2_complex,3oj2_complex.pdb,B,D,B,D,"B,D",1,1,2,"B,D",2,,,,,,135,209,344,0,,single_receptor_single_ligand,True,PASS,
train,3ojm_complex,3ojm_complex.pdb,A,B,A,B,"A,B",1,1,2,"A,B",2,,,,,,145,211,356,0,,single_receptor_single_ligand,True,PASS,
train,3olm_complex,3olm_complex.pdb,A,D,A,D,"A,D",1,1,2,"A,D",2,,,,,,420,74,494,0,,single_receptor_single_ligand,True,PASS,
train,3ona_complex,3ona_complex.pdb,A,B,A,B,"A,B",1,1,2,"A,B",2,,,,,,158,66,224,0,,single_receptor_single_ligand,True,PASS,
train,3onw_complex,3onw_complex.pdb,A,C,A,C,"A,C",1,1,2,"A,C",2,,,,,,316,35,351,0,,single_receptor_single_ligand,True,PASS,
train,3oxu_complex,3oxu_complex.pdb,A,D,A,D,"A,D",1,1,2,"A,D",2,,,,,,295,125,420,0,,single_receptor_single_ligand,True,PASS,
train,3p0y_complex,3p0y_complex.pdb,HL,A,"H,L",A,"A,H,L",2,1,3,"A,H,L",3,,,,,,436,194,630,0,,multichain_receptor_single_ligand,True,PASS,
train,3p92_complex,3p92_complex.pdb,A,E,A,E,"A,E",1,1,2,"A,E",2,,,,,,224,58,282,0,,single_receptor_single_ligand,True,PASS,
train,3p95_complex,3p95_complex.pdb,A,E,A,E,"A,E",1,1,2,"A,E",2,,,,,,224,58,282,0,,single_receptor_single_ligand,True,PASS,
train,3p9w_complex,3p9w_complex.pdb,E,F,E,F,"E,F",1,1,2,"E,F",2,,,,,,97,122,219,0,,single_receptor_single_ligand,True,PASS,
train,3pl6_complex,3pl6_complex.pdb,CD,AB,"C,D","A,B","A,B,C,D",2,2,4,"A,B,C,D",4,,,,,,455,371,826,0,,multichain_receptor_multichain_ligand,True,PASS,
train,3q1s_complex,3q1s_complex.pdb,HL,I,"H,L",I,"H,I,L",2,1,3,"H,I,L",3,,,,,,434,124,558,0,,multichain_receptor_single_ligand,True,PASS,
train,3q3g_complex,3q3g_complex.pdb,BA,E,"B,A",E,"A,B,E",2,1,3,"A,B,E",3,,,,,,444,189,633,0,,multichain_receptor_single_ligand,True,PASS,
train,3q9n_complex,3q9n_complex.pdb,A,C,A,C,"A,C",1,1,2,"A,C",2,,,,,,141,157,298,0,,single_receptor_single_ligand,True,PASS,
train,3q9u_complex,3q9u_complex.pdb,A,C,A,C,"A,C",1,1,2,"A,C",2,,,,,,141,157,298,0,,single_receptor_single_ligand,True,PASS,
train,3qht_complex,3qht_complex.pdb,A,C,A,C,"A,C",1,1,2,"A,C",2,,,,,,79,93,172,0,,single_receptor_single_ligand,True,PASS,
train,3qi2_complex,3qi2_complex.pdb,A,C,A,C,"A,C",1,1,2,"A,C",2,,,,,,318,35,353,0,,single_receptor_single_ligand,True,PASS,
train,3qsk_complex,3qsk_complex.pdb,A,B,A,B,"A,B",1,1,2,"A,B",2,,,,,,124,123,247,0,,single_receptor_single_ligand,True,PASS,
train,3qux_complex,3qux_complex.pdb,CD,A,"C,D",A,"A,C,D",2,1,3,"A,C,D",3,,,,,,442,273,715,0,,multichain_receptor_single_ligand,True,PASS,
train,3quy_complex,3quy_complex.pdb,CD,A,"C,D",A,"A,C,D",2,1,3,"A,C,D",3,,,,,,442,274,716,0,,multichain_receptor_single_ligand,True,PASS,
train,3quz_complex,3quz_complex.pdb,CD,A,"C,D",A,"A,C,D",2,1,3,"A,C,D",3,,,,,,442,273,715,0,,multichain_receptor_single_ligand,True,PASS,
train,3qwo_complex,3qwo_complex.pdb,AB,C,"A,B",C,"A,B,C",2,1,3,"A,B,C",3,,,,,,430,53,483,0,,multichain_receptor_single_ligand,True,PASS,
train,3qwq_complex,3qwq_complex.pdb,A,B,A,B,"A,B",1,1,2,"A,B",2,,,,,,613,100,713,0,,single_receptor_single_ligand,True,PASS,
train,3r1g_complex,3r1g_complex.pdb,HL,B,"H,L",B,"B,H,L",2,1,3,"B,H,L",3,,,,,,436,381,817,0,,multichain_receptor_single_ligand,True,PASS,
train,3rdt_complex,3rdt_complex.pdb,AB,CD,"A,B","C,D","A,B,C,D",2,2,4,"A,B,C,D",4,,,,,,437,378,815,0,,multichain_receptor_multichain_ligand,True,PASS,
train,3rdz_complex,3rdz_complex.pdb,A,C,A,C,"A,C",1,1,2,"A,C",2,,,,,,223,67,290,0,,single_receptor_single_ligand,True,PASS,
train,3rkd_complex,3rkd_complex.pdb,HL,A,"H,L",A,"A,H,L",2,1,3,"A,H,L",3,,,,,,437,146,583,0,,multichain_receptor_single_ligand,True,PASS,
train,3rpg_complex,3rpg_complex.pdb,BC,A,"B,C",A,"A,B,C",2,1,3,"A,B,C",3,,,,,,200,149,349,0,,multichain_receptor_single_ligand,True,PASS,
train,3rtq_complex,3rtq_complex.pdb,CD,A,"C,D",A,"A,C,D",2,1,3,"A,C,D",3,,,,,,442,273,715,0,,multichain_receptor_single_ligand,True,PASS,
train,3ru8_complex,3ru8_complex.pdb,HL,X,"H,L",X,"H,L,X",2,1,3,"H,L,X",3,,,,,,440,277,717,0,,multichain_receptor_single_ligand,True,PASS,
train,3rug_complex,3rug_complex.pdb,GH,C,"G,H",C,"C,G,H",2,1,3,"C,G,H",3,,,,,,436,288,724,0,,multichain_receptor_single_ligand,True,PASS,
train,3rzc_complex,3rzc_complex.pdb,CD,A,"C,D",A,"A,C,D",2,1,3,"A,C,D",3,,,,,,442,274,716,0,,multichain_receptor_single_ligand,True,PASS,
train,3rzw_complex,3rzw_complex.pdb,B,C,B,C,"B,C",1,1,2,"B,C",2,,,,,,89,75,164,0,,single_receptor_single_ligand,True,PASS,
train,3s2k_complex,3s2k_complex.pdb,B,C,B,C,"B,C",1,1,2,"B,C",2,,,,,,619,85,704,0,,single_receptor_single_ligand,True,PASS,
train,3scm_complex,3scm_complex.pdb,CD,A,"C,D",A,"A,C,D",2,1,3,"A,C,D",3,,,,,,439,289,728,0,,multichain_receptor_single_ligand,True,PASS,
train,3sda_complex,3sda_complex.pdb,CD,A,"C,D",A,"A,C,D",2,1,3,"A,C,D",3,,,,,,440,290,730,0,,multichain_receptor_single_ligand,True,PASS,
train,3sdd_complex,3sdd_complex.pdb,CD,A,"C,D",A,"A,C,D",2,1,3,"A,C,D",3,,,,,,438,290,728,0,,multichain_receptor_single_ligand,True,PASS,
train,3sdy_complex,3sdy_complex.pdb,HL,AB,"H,L","A,B","A,B,H,L",2,2,4,"A,B,H,L",4,,,,,,438,491,929,0,,multichain_receptor_multichain_ligand,True,PASS,
train,3sgk_complex,3sgk_complex.pdb,A,C,A,C,"A,C",1,1,2,"A,C",2,,,,,,209,170,379,0,,single_receptor_single_ligand,True,PASS,
train,3skj_complex,3skj_complex.pdb,IM,F,"I,M",F,"F,I,M",2,1,3,"F,I,M",3,,,,,,445,99,544,0,,multichain_receptor_single_ligand,True,PASS,
train,3so3_complex,3so3_complex.pdb,CB,A,"C,B",A,"A,B,C",2,1,3,"A,B,C",3,,,,,,441,241,682,0,,multichain_receptor_single_ligand,True,PASS,
train,3sqo_complex,3sqo_complex.pdb,HL,A,"H,L",A,"A,H,L",2,1,3,"A,H,L",3,,,,,,431,529,960,0,,multichain_receptor_single_ligand,True,PASS,
train,3t04_complex,3t04_complex.pdb,A,D,A,D,"A,D",1,1,2,"A,D",2,,,,,,98,103,201,0,,single_receptor_single_ligand,True,PASS,
train,3t2n_complex,3t2n_complex.pdb,IM,B,"I,M",B,"B,I,M",2,1,3,"B,I,M",3,,,,,,425,361,786,0,,multichain_receptor_single_ligand,True,PASS,
train,3tg1_complex,3tg1_complex.pdb,A,B,A,B,"A,B",1,1,2,"A,B",2,,,,,,348,140,488,0,,single_receptor_single_ligand,True,PASS,
train,3tgk_complex,3tgk_complex.pdb,E,I,E,I,"E,I",1,1,2,"E,I",2,,,,,,222,56,278,0,,single_receptor_single_ligand,True,PASS,
train,3thm_complex,3thm_complex.pdb,HL,F,"H,L",F,"F,H,L",2,1,3,"F,H,L",3,,,,,,447,79,526,0,,multichain_receptor_single_ligand,True,PASS,
train,3tje_complex,3tje_complex.pdb,HL,F,"H,L",F,"F,H,L",2,1,3,"F,H,L",3,,,,,,448,109,557,0,,multichain_receptor_single_ligand,True,PASS,
train,3tsr_complex,3tsr_complex.pdb,D,H,D,H,"D,H",1,1,2,"D,H",2,,,,,,122,457,579,0,,single_receptor_single_ligand,True,PASS,
train,3tvj_complex,3tvj_complex.pdb,AB,I,"A,B",I,"A,B,I",2,1,3,"A,B,I",3,,,,,,325,35,360,0,,multichain_receptor_single_ligand,True,PASS,
train,3tvm_complex,3tvm_complex.pdb,GH,E,"G,H",E,"E,G,H",2,1,3,"E,G,H",3,,,,,,443,225,668,0,,multichain_receptor_single_ligand,True,PASS,
train,3uc0_complex,3uc0_complex.pdb,HL,A,"H,L",A,"A,H,L",2,1,3,"A,H,L",3,,,,,,432,125,557,0,,multichain_receptor_single_ligand,True,PASS,
train,3uir_complex,3uir_complex.pdb,B,D,B,D,"B,D",1,1,2,"B,D",2,,,,,,247,57,304,0,,single_receptor_single_ligand,True,PASS,
train,3ux9_complex,3ux9_complex.pdb,C,D,C,D,"C,D",1,1,2,"C,D",2,,,,,,148,230,378,0,,single_receptor_single_ligand,True,PASS,
train,3uyo_complex,3uyo_complex.pdb,A,D,A,D,"A,D",1,1,2,"A,D",2,,,,,,114,94,208,0,,single_receptor_single_ligand,True,PASS,
train,3uyp_complex,3uyp_complex.pdb,A,B,A,B,"A,B",1,1,2,"A,B",2,,,,,,226,96,322,0,,single_receptor_single_ligand,True,PASS,
train,3uze_complex,3uze_complex.pdb,A,C,A,C,"A,C",1,1,2,"A,C",2,,,,,,244,99,343,0,,single_receptor_single_ligand,True,PASS,
train,3uzq_complex,3uzq_complex.pdb,A,B,A,B,"A,B",1,1,2,"A,B",2,,,,,,243,95,338,0,,single_receptor_single_ligand,True,PASS,
train,3uzv_complex,3uzv_complex.pdb,A,B,A,B,"A,B",1,1,2,"A,B",2,,,,,,100,243,343,0,,single_receptor_single_ligand,True,PASS,
train,3v4y_complex,3v4y_complex.pdb,A,B,A,B,"A,B",1,1,2,"A,B",2,,,,,,293,55,348,0,,single_receptor_single_ligand,True,PASS,
train,3v6o_complex,3v6o_complex.pdb,DF,B,"D,F",B,"B,D,F",2,1,3,"B,D,F",3,,,,,,432,202,634,0,,multichain_receptor_single_ligand,True,PASS,
train,3v96_complex,3v96_complex.pdb,A,B,A,B,"A,B",1,1,2,"A,B",2,,,,,,178,159,337,0,,single_receptor_single_ligand,True,PASS,
train,3vg9_complex,3vg9_complex.pdb,CB,A,"C,B",A,"A,B,C",2,1,3,"A,B,C",3,,,,,,438,304,742,0,,multichain_receptor_single_ligand,True,PASS,
train,3vux_complex,3vux_complex.pdb,A,G,A,G,"A,G",1,1,2,"A,G",2,,,,,,76,34,110,0,,single_receptor_single_ligand,True,PASS,
train,3vwk_complex,3vwk_complex.pdb,CD,A,"C,D",A,"A,C,D",2,1,3,"A,C,D",3,,,,,,442,271,713,0,,multichain_receptor_single_ligand,True,PASS,
train,3w9e_complex,3w9e_complex.pdb,AB,C,"A,B",C,"A,B,C",2,1,3,"A,B,C",3,,,,,,433,229,662,0,,multichain_receptor_single_ligand,True,PASS,
train,3wih_complex,3wih_complex.pdb,IM,B,"I,M",B,"B,I,M",2,1,3,"B,I,M",3,,,,,,432,96,528,0,,multichain_receptor_single_ligand,True,PASS,
train,3wn5_complex,3wn5_complex.pdb,AB,C,"A,B",C,"A,B,C",2,1,3,"A,B,C",3,,,,,,422,171,593,0,,multichain_receptor_single_ligand,True,PASS,
train,3wwk_complex,3wwk_complex.pdb,A,C,A,C,"A,C",1,1,2,"A,C",2,,,,,,135,122,257,0,,single_receptor_single_ligand,True,PASS,
train,3wwq_complex,3wwq_complex.pdb,AH,C,"A,H",C,"A,C,H",2,1,3,"A,C,H",3,,,,,,151,38,189,0,,multichain_receptor_single_ligand,True,PASS,
train,3zkq_complex,3zkq_complex.pdb,A,D,A,D,"A,D",1,1,2,"A,D",2,,,,,,386,113,499,0,,single_receptor_single_ligand,True,PASS,
train,3znz_complex,3znz_complex.pdb,A,B,A,B,"A,B",1,1,2,"A,B",2,,,,,,274,146,420,0,,single_receptor_single_ligand,True,PASS,
train,3zo0_complex,3zo0_complex.pdb,A,B,A,B,"A,B",1,1,2,"A,B",2,,,,,,208,180,388,0,,single_receptor_single_ligand,True,PASS,
train,3zu7_complex,3zu7_complex.pdb,A,B,A,B,"A,B",1,1,2,"A,B",2,,,,,,344,154,498,0,,single_receptor_single_ligand,True,PASS,
train,3zuv_complex,3zuv_complex.pdb,C,D,C,D,"C,D",1,1,2,"C,D",2,,,,,,357,122,479,0,,single_receptor_single_ligand,True,PASS,
train,3zwz_complex,3zwz_complex.pdb,A,B,A,B,"A,B",1,1,2,"A,B",2,,,,,,297,36,333,0,,single_receptor_single_ligand,True,PASS,
train,3zyi_complex,3zyi_complex.pdb,A,B,A,B,"A,B",1,1,2,"A,B",2,,,,,,398,330,728,0,,single_receptor_single_ligand,True,PASS,
train,4a49_complex,4a49_complex.pdb,A,B,A,B,"A,B",1,1,2,"A,B",2,,,,,,76,146,222,0,,single_receptor_single_ligand,True,PASS,
train,4a94_complex,4a94_complex.pdb,B,C,B,C,"B,C",1,1,2,"B,C",2,,,,,,302,51,353,0,,single_receptor_single_ligand,True,PASS,
train,4aei_complex,4aei_complex.pdb,JN,C,"J,N",C,"C,J,N",2,1,3,"C,J,N",3,,,,,,435,64,499,0,,multichain_receptor_single_ligand,True,PASS,
train,4al8_complex,4al8_complex.pdb,HL,C,"H,L",C,"C,H,L",2,1,3,"C,H,L",3,,,,,,429,98,527,0,,multichain_receptor_single_ligand,True,PASS,
train,4ala_complex,4ala_complex.pdb,HL,C,"H,L",C,"C,H,L",2,1,3,"C,H,L",3,,,,,,429,92,521,0,,multichain_receptor_single_ligand,True,PASS,
train,4an7_complex,4an7_complex.pdb,A,B,A,B,"A,B",1,1,2,"A,B",2,,,,,,223,174,397,0,,single_receptor_single_ligand,True,PASS,
train,4aoq_complex,4aoq_complex.pdb,C,F,C,F,"C,F",1,1,2,"C,F",2,,,,,,223,35,258,0,,single_receptor_single_ligand,True,PASS,
train,4aor_complex,4aor_complex.pdb,A,D,A,D,"A,D",1,1,2,"A,D",2,,,,,,223,34,257,0,,single_receptor_single_ligand,True,PASS,
train,4auq_complex,4auq_complex.pdb,AB,C,"A,B",C,"A,B,C",2,1,3,"A,B,C",3,,,,,,203,77,280,0,,multichain_receptor_single_ligand,True,PASS,
train,4ayd_complex,4ayd_complex.pdb,A,D,A,D,"A,D",1,1,2,"A,D",2,,,,,,123,243,366,0,,single_receptor_single_ligand,True,PASS,
train,4aye_complex,4aye_complex.pdb,A,D,A,D,"A,D",1,1,2,"A,D",2,,,,,,123,243,366,0,,single_receptor_single_ligand,True,PASS,
train,4ayi_complex,4ayi_complex.pdb,A,D,A,D,"A,D",1,1,2,"A,D",2,,,,,,120,243,363,0,,single_receptor_single_ligand,True,PASS,
train,4b1y_complex,4b1y_complex.pdb,B,M,B,M,"B,M",1,1,2,"B,M",2,,,,,,375,30,405,0,,single_receptor_single_ligand,True,PASS,
train,4bd9_complex,4bd9_complex.pdb,A,B,A,B,"A,B",1,1,2,"A,B",2,,,,,,304,165,469,0,,single_receptor_single_ligand,True,PASS,
train,4brw_complex,4brw_complex.pdb,A,B,A,B,"A,B",1,1,2,"A,B",2,,,,,,376,30,406,0,,single_receptor_single_ligand,True,PASS,
train,4cj0_complex,4cj0_complex.pdb,A,B,A,B,"A,B",1,1,2,"A,B",2,,,,,,534,65,599,0,,single_receptor_single_ligand,True,PASS,
train,4cj1_complex,4cj1_complex.pdb,A,B,A,B,"A,B",1,1,2,"A,B",2,,,,,,544,67,611,0,,single_receptor_single_ligand,True,PASS,
train,4cj2_complex,4cj2_complex.pdb,A,D,A,D,"A,D",1,1,2,"A,D",2,,,,,,129,62,191,0,,single_receptor_single_ligand,True,PASS,
train,4cmh_complex,4cmh_complex.pdb,BC,A,"B,C",A,"A,B,C",2,1,3,"A,B,C",3,,,,,,435,240,675,0,,multichain_receptor_single_ligand,True,PASS,
train,4cmm_complex,4cmm_complex.pdb,A,B,A,B,"A,B",1,1,2,"A,B",2,,,,,,117,119,236,0,,single_receptor_single_ligand,True,PASS,
train,4cni_complex,4cni_complex.pdb,AB,D,"A,B",D,"A,B,D",2,1,3,"A,B,D",3,,,,,,434,171,605,0,,multichain_receptor_single_ligand,True,PASS,
train,4d9q_complex,4d9q_complex.pdb,HL,A,"H,L",A,"A,H,L",2,1,3,"A,H,L",3,,,,,,429,228,657,0,,multichain_receptor_single_ligand,True,PASS,
train,4d9r_complex,4d9r_complex.pdb,ED,B,"E,D",B,"B,D,E",2,1,3,"B,D,E",3,,,,,,429,228,657,0,,multichain_receptor_single_ligand,True,PASS,
train,4dg4_complex,4dg4_complex.pdb,B,C,B,C,"B,C",1,1,2,"B,C",2,,,,,,224,58,282,0,,single_receptor_single_ligand,True,PASS,
train,4dge_complex,4dge_complex.pdb,B,D,B,D,"B,D",1,1,2,"B,D",2,,,,,,164,145,309,0,,single_receptor_single_ligand,True,PASS,
train,4dgi_complex,4dgi_complex.pdb,HL,A,"H,L",A,"A,H,L",2,1,3,"A,H,L",3,,,,,,431,97,528,0,,multichain_receptor_single_ligand,True,PASS,
train,4dkd_complex,4dkd_complex.pdb,A,C,A,C,"A,C",1,1,2,"A,C",2,,,,,,161,276,437,0,,single_receptor_single_ligand,True,PASS,
train,4dke_complex,4dke_complex.pdb,HL,A,"H,L",A,"A,H,L",2,1,3,"A,H,L",3,,,,,,439,159,598,0,,multichain_receptor_single_ligand,True,PASS,
train,4dkf_complex,4dkf_complex.pdb,IM,B,"I,M",B,"B,I,M",2,1,3,"B,I,M",3,,,,,,421,146,567,0,,multichain_receptor_single_ligand,True,PASS,
train,4dn4_complex,4dn4_complex.pdb,HL,M,"H,L",M,"H,L,M",2,1,3,"H,L,M",3,,,,,,432,61,493,0,,multichain_receptor_single_ligand,True,PASS,
train,4doq_complex,4doq_complex.pdb,C,D,C,D,"C,D",1,1,2,"C,D",2,,,,,,223,47,270,0,,single_receptor_single_ligand,True,PASS,
train,4drx_complex,4drx_complex.pdb,B,F,B,F,"B,F",1,1,2,"B,F",2,,,,,,431,155,586,0,,single_receptor_single_ligand,True,PASS,
train,4dtg_complex,4dtg_complex.pdb,HL,K,"H,L",K,"H,K,L",2,1,3,"H,K,L",3,,,,,,440,60,500,0,,multichain_receptor_single_ligand,True,PASS,
train,4dxa_complex,4dxa_complex.pdb,A,B,A,B,"A,B",1,1,2,"A,B",2,,,,,,168,311,479,0,,single_receptor_single_ligand,True,PASS,
train,4dzu_complex,4dzu_complex.pdb,A,B,A,B,"A,B",1,1,2,"A,B",2,,,,,,198,38,236,0,,single_receptor_single_ligand,True,PASS,
train,4edw_complex,4edw_complex.pdb,HL,V,"H,L",V,"H,L,V",2,1,3,"H,L,V",3,,,,,,435,108,543,0,,multichain_receptor_single_ligand,True,PASS,
train,4eee_complex,4eee_complex.pdb,C,D,C,D,"C,D",1,1,2,"C,D",2,,,,,,115,156,271,0,,single_receptor_single_ligand,True,PASS,
train,4eig_complex,4eig_complex.pdb,A,B,A,B,"A,B",1,1,2,"A,B",2,,,,,,159,117,276,0,,single_receptor_single_ligand,True,PASS,
train,4eiz_complex,4eiz_complex.pdb,A,D,A,D,"A,D",1,1,2,"A,D",2,,,,,,159,127,286,0,,single_receptor_single_ligand,True,PASS,
train,4ekd_complex,4ekd_complex.pdb,A,B,A,B,"A,B",1,1,2,"A,B",2,,,,,,318,132,450,0,,single_receptor_single_ligand,True,PASS,
train,4en3_complex,4en3_complex.pdb,AB,C,"A,B",C,"A,B,C",2,1,3,"A,B,C",3,,,,,,425,253,678,0,,multichain_receptor_single_ligand,True,PASS,
train,4ers_complex,4ers_complex.pdb,HL,A,"H,L",A,"A,H,L",2,1,3,"A,H,L",3,,,,,,445,96,541,0,,multichain_receptor_single_ligand,True,PASS,
train,4etq_complex,4etq_complex.pdb,AB,X,"A,B",X,"A,B,X",2,1,3,"A,B,X",3,,,,,,432,235,667,0,,multichain_receptor_single_ligand,True,PASS,
train,4exp_complex,4exp_complex.pdb,A,X,A,X,"A,X",1,1,2,"A,X",2,,,,,,171,283,454,0,,single_receptor_single_ligand,True,PASS,
train,4f37_complex,4f37_complex.pdb,FK,B,"F,K",B,"B,F,K",2,1,3,"B,F,K",3,,,,,,443,102,545,0,,multichain_receptor_single_ligand,True,PASS,
train,4f3f_complex,4f3f_complex.pdb,BA,C,"B,A",C,"A,B,C",2,1,3,"A,B,C",3,,,,,,430,59,489,0,,multichain_receptor_single_ligand,True,PASS,
train,4f6r_complex,4f6r_complex.pdb,AB,C,"A,B",C,"A,B,C",2,1,3,"A,B,C",3,,,,,,868,79,947,0,,multichain_receptor_single_ligand,True,PASS,
train,4ffy_complex,4ffy_complex.pdb,HL,A,"H,L",A,"A,H,L",2,1,3,"A,H,L",3,,,,,,231,97,328,0,,multichain_receptor_single_ligand,True,PASS,
train,4fqi_complex,4fqi_complex.pdb,HL,AB,"H,L","A,B","A,B,H,L",2,2,4,"A,B,H,L",4,,,,,,432,500,932,0,,multichain_receptor_multichain_ligand,True,PASS,
train,4fqj_complex,4fqj_complex.pdb,HL,A,"H,L",A,"A,H,L",2,1,3,"A,H,L",3,,,,,,443,294,737,0,,multichain_receptor_single_ligand,True,PASS,
train,4g3y_complex,4g3y_complex.pdb,HL,C,"H,L",C,"C,H,L",2,1,3,"C,H,L",3,,,,,,434,148,582,0,,multichain_receptor_single_ligand,True,PASS,
train,4g6j_complex,4g6j_complex.pdb,HL,A,"H,L",A,"A,H,L",2,1,3,"A,H,L",3,,,,,,430,149,579,0,,multichain_receptor_single_ligand,True,PASS,
train,4g6m_complex,4g6m_complex.pdb,HL,A,"H,L",A,"A,H,L",2,1,3,"A,H,L",3,,,,,,433,150,583,0,,multichain_receptor_single_ligand,True,PASS,
train,4gla_complex,4gla_complex.pdb,A,D,A,D,"A,D",1,1,2,"A,D",2,,,,,,129,89,218,0,,single_receptor_single_ligand,True,PASS,
train,4glv_complex,4glv_complex.pdb,A,B,A,B,"A,B",1,1,2,"A,B",2,,,,,,129,106,235,0,,single_receptor_single_ligand,True,PASS,
train,4gms_complex,4gms_complex.pdb,HL,A,"H,L",A,"A,H,L",2,1,3,"A,H,L",3,,,,,,428,316,744,0,,multichain_receptor_single_ligand,True,PASS,
train,4gn3_complex,4gn3_complex.pdb,A,B,A,B,"A,B",1,1,2,"A,B",2,,,,,,129,110,239,0,,single_receptor_single_ligand,True,PASS,
train,4gn4_complex,4gn4_complex.pdb,B,A,B,A,"A,B",1,1,2,"A,B",2,,,,,,108,129,237,0,,single_receptor_single_ligand,True,PASS,
train,4gn5_complex,4gn5_complex.pdb,B,C,B,C,"B,C",1,1,2,"B,C",2,,,,,,107,129,236,0,,single_receptor_single_ligand,True,PASS,
train,4grl_complex,4grl_complex.pdb,CD,AB,"C,D","A,B","A,B,C,D",2,2,4,"A,B,C,D",4,,,,,,455,371,826,0,,multichain_receptor_multichain_ligand,True,PASS,
train,4h2s_complex,4h2s_complex.pdb,B,D,B,D,"B,D",1,1,2,"B,D",2,,,,,,297,74,371,0,,single_receptor_single_ligand,True,PASS,
train,4h2w_complex,4h2w_complex.pdb,A,D,A,D,"A,D",1,1,2,"A,D",2,,,,,,295,75,370,0,,single_receptor_single_ligand,True,PASS,
train,4h88_complex,4h88_complex.pdb,HL,A,"H,L",A,"A,H,L",2,1,3,"A,H,L",3,,,,,,431,102,533,0,,multichain_receptor_single_ligand,True,PASS,
train,4hcn_complex,4hcn_complex.pdb,A,B,A,B,"A,B",1,1,2,"A,B",2,,,,,,250,77,327,0,,single_receptor_single_ligand,True,PASS,
train,4hcp_complex,4hcp_complex.pdb,A,B,A,B,"A,B",1,1,2,"A,B",2,,,,,,250,75,325,0,,single_receptor_single_ligand,True,PASS,
train,4hdo_complex,4hdo_complex.pdb,A,B,A,B,"A,B",1,1,2,"A,B",2,,,,,,314,167,481,0,,single_receptor_single_ligand,True,PASS,
train,4hem_complex,4hem_complex.pdb,B,E,B,E,"B,E",1,1,2,"B,E",2,,,,,,130,123,253,0,,single_receptor_single_ligand,True,PASS,
train,4hep_complex,4hep_complex.pdb,A,G,A,G,"A,G",1,1,2,"A,G",2,,,,,,162,130,292,0,,single_receptor_single_ligand,True,PASS,
train,4hgm_complex,4hgm_complex.pdb,A,B,A,B,"A,B",1,1,2,"A,B",2,,,,,,103,489,592,0,,single_receptor_single_ligand,True,PASS,
train,4hj0_complex,4hj0_complex.pdb,PQ,A,"P,Q",A,"A,P,Q",2,1,3,"A,P,Q",3,,,,,,428,92,520,0,,multichain_receptor_single_ligand,True,PASS,
train,4hjj_complex,4hjj_complex.pdb,HL,A,"H,L",A,"A,H,L",2,1,3,"A,H,L",3,,,,,,675,157,832,0,,multichain_receptor_single_ligand,True,PASS,
train,4hkx_complex,4hkx_complex.pdb,AB,E,"A,B",E,"A,B,E",2,1,3,"A,B,E",3,,,,,,437,212,649,0,,multichain_receptor_single_ligand,True,PASS,
train,4hlz_complex,4hlz_complex.pdb,IJ,D,"I,J",D,"D,I,J",2,1,3,"D,I,J",3,,,,,,433,172,605,0,,multichain_receptor_single_ligand,True,PASS,
train,4hrl_complex,4hrl_complex.pdb,C,A,C,A,"A,C",1,1,2,"A,C",2,,,,,,169,162,331,0,,single_receptor_single_ligand,True,PASS,
train,4i0c_complex,4i0c_complex.pdb,A,D,A,D,"A,D",1,1,2,"A,D",2,,,,,,130,127,257,0,,single_receptor_single_ligand,True,PASS,
train,4i2x_complex,4i2x_complex.pdb,BA,E,"B,A",E,"A,B,E",2,1,3,"A,B,E",3,,,,,,443,316,759,0,,multichain_receptor_single_ligand,True,PASS,
train,4i3r_complex,4i3r_complex.pdb,HL,G,"H,L",G,"G,H,L",2,1,3,"G,H,L",3,,,,,,436,190,626,0,,multichain_receptor_single_ligand,True,PASS,
train,4i6l_complex,4i6l_complex.pdb,A,B,A,B,"A,B",1,1,2,"A,B",2,,,,,,229,75,304,0,,single_receptor_single_ligand,True,PASS,
train,4i77_complex,4i77_complex.pdb,HL,Z,"H,L",Z,"H,L,Z",2,1,3,"H,L,Z",3,,,,,,437,101,538,0,,multichain_receptor_single_ligand,True,PASS,
train,4i9x_complex,4i9x_complex.pdb,B,C,B,C,"B,C",1,1,2,"B,C",2,,,,,,205,103,308,0,,single_receptor_single_ligand,True,PASS,
train,4ic7_complex,4ic7_complex.pdb,A,B,A,B,"A,B",1,1,2,"A,B",2,,,,,,355,123,478,0,,single_receptor_single_ligand,True,PASS,
train,4iiq_complex,4iiq_complex.pdb,AB,C,"A,B",C,"A,B,C",2,1,3,"A,B,C",3,,,,,,442,359,801,0,,multichain_receptor_single_ligand,True,PASS,
train,4ij3_complex,4ij3_complex.pdb,CB,A,"C,B",A,"A,B,C",2,1,3,"A,B,C",3,,,,,,434,237,671,0,,multichain_receptor_single_ligand,True,PASS,
train,4ilw_complex,4ilw_complex.pdb,A,D,A,D,"A,D",1,1,2,"A,D",2,,,,,,182,159,341,0,,single_receptor_single_ligand,True,PASS,
train,4ios_complex,4ios_complex.pdb,C,F,C,F,"C,F",1,1,2,"C,F",2,,,,,,99,121,220,0,,single_receptor_single_ligand,True,PASS,
train,4j2y_complex,4j2y_complex.pdb,A,B,A,B,"A,B",1,1,2,"A,B",2,,,,,,174,223,397,0,,single_receptor_single_ligand,True,PASS,
train,4j4p_complex,4j4p_complex.pdb,CD,B,"C,D",B,"B,C,D",2,1,3,"B,C,D",3,,,,,,443,317,760,0,,multichain_receptor_single_ligand,True,PASS,
train,4jb8_complex,4jb8_complex.pdb,AB,P,"A,B",P,"A,B,P",2,1,3,"A,B,P",3,,,,,,235,158,393,0,,multichain_receptor_single_ligand,True,PASS,
train,4je4_complex,4je4_complex.pdb,A,B,A,B,"A,B",1,1,2,"A,B",2,,,,,,102,93,195,0,,single_receptor_single_ligand,True,PASS,
train,4jeg_complex,4jeg_complex.pdb,A,B,A,B,"A,B",1,1,2,"A,B",2,,,,,,118,93,211,0,,single_receptor_single_ligand,True,PASS,
train,4jkp_complex,4jkp_complex.pdb,HL,G,"H,L",G,"G,H,L",2,1,3,"G,H,L",3,,,,,,432,344,776,0,,multichain_receptor_single_ligand,True,PASS,
train,4jlr_complex,4jlr_complex.pdb,AB,C,"A,B",C,"A,B,C",2,1,3,"A,B,C",3,,,,,,430,103,533,0,,multichain_receptor_single_ligand,True,PASS,
train,4jpk_complex,4jpk_complex.pdb,HL,A,"H,L",A,"A,H,L",2,1,3,"A,H,L",3,,,,,,429,169,598,0,,multichain_receptor_single_ligand,True,PASS,
train,4jra_complex,4jra_complex.pdb,A,D,A,D,"A,D",1,1,2,"A,D",2,,,,,,421,93,514,0,,single_receptor_single_ligand,True,PASS,
train,4jw2_complex,4jw2_complex.pdb,A,B,A,B,"A,B",1,1,2,"A,B",2,,,,,,73,190,263,0,,single_receptor_single_ligand,True,PASS,
train,4jw3_complex,4jw3_complex.pdb,B,D,B,D,"B,D",1,1,2,"B,D",2,,,,,,112,96,208,0,,single_receptor_single_ligand,True,PASS,
train,4jzj_complex,4jzj_complex.pdb,AB,D,"A,B",D,"A,B,D",2,1,3,"A,B,D",3,,,,,,440,266,706,0,,multichain_receptor_single_ligand,True,PASS,
train,4k1r_complex,4k1r_complex.pdb,A,B,A,B,"A,B",1,1,2,"A,B",2,,,,,,189,77,266,0,,single_receptor_single_ligand,True,PASS,
train,4k2u_complex,4k2u_complex.pdb,HL,A,"H,L",A,"A,H,L",2,1,3,"A,H,L",3,,,,,,430,252,682,0,,multichain_receptor_single_ligand,True,PASS,
train,4k3j_complex,4k3j_complex.pdb,HL,B,"H,L",B,"B,H,L",2,1,3,"B,H,L",3,,,,,,438,509,947,0,,multichain_receptor_single_ligand,True,PASS,
train,4k5a_complex,4k5a_complex.pdb,A,B,A,B,"A,B",1,1,2,"A,B",2,,,,,,164,161,325,0,,single_receptor_single_ligand,True,PASS,
train,4k5b_complex,4k5b_complex.pdb,B,C,B,C,"B,C",1,1,2,"B,C",2,,,,,,156,145,301,0,,single_receptor_single_ligand,True,PASS,
train,4k71_complex,4k71_complex.pdb,BC,A,"B,C",A,"A,B,C",2,1,3,"A,B,C",3,,,,,,363,583,946,0,,multichain_receptor_single_ligand,True,PASS,
train,4k81_complex,4k81_complex.pdb,C,D,C,D,"C,D",1,1,2,"C,D",2,,,,,,251,171,422,0,,single_receptor_single_ligand,True,PASS,
train,4k94_complex,4k94_complex.pdb,HL,C,"H,L",C,"C,H,L",2,1,3,"C,H,L",3,,,,,,427,199,626,0,,multichain_receptor_single_ligand,True,PASS,
train,4k9e_complex,4k9e_complex.pdb,HL,C,"H,L",C,"C,H,L",2,1,3,"C,H,L",3,,,,,,446,199,645,0,,multichain_receptor_single_ligand,True,PASS,
train,4kfz_complex,4kfz_complex.pdb,B,D,B,D,"B,D",1,1,2,"B,D",2,,,,,,148,127,275,0,,single_receptor_single_ligand,True,PASS,
train,4kht_complex,4kht_complex.pdb,HL,A,"H,L",A,"A,H,L",2,1,3,"A,H,L",3,,,,,,428,66,494,0,,multichain_receptor_single_ligand,True,PASS,
train,4khx_complex,4khx_complex.pdb,HL,A,"H,L",A,"A,H,L",2,1,3,"A,H,L",3,,,,,,424,66,490,0,,multichain_receptor_single_ligand,True,PASS,
train,4kjy_complex,4kjy_complex.pdb,C,D,C,D,"C,D",1,1,2,"C,D",2,,,,,,113,116,229,0,,single_receptor_single_ligand,True,PASS,
train,4kr0_complex,4kr0_complex.pdb,A,B,A,B,"A,B",1,1,2,"A,B",2,,,,,,728,208,936,0,,single_receptor_single_ligand,True,PASS,
train,4krl_complex,4krl_complex.pdb,B,A,B,A,"A,B",1,1,2,"A,B",2,,,,,,122,205,327,0,,single_receptor_single_ligand,True,PASS,
train,4krp_complex,4krp_complex.pdb,DC,A,"D,C",A,"A,C,D",2,1,3,"A,C,D",3,,,,,,429,534,963,0,,multichain_receptor_single_ligand,True,PASS,
train,4kv5_complex,4kv5_complex.pdb,A,H,A,H,"A,H",1,1,2,"A,H",2,,,,,,112,229,341,0,,single_receptor_single_ligand,True,PASS,
train,4kvg_complex,4kvg_complex.pdb,A,B,A,B,"A,B",1,1,2,"A,B",2,,,,,,168,260,428,0,,single_receptor_single_ligand,True,PASS,
train,4kxz_complex,4kxz_complex.pdb,HL,A,"H,L",A,"A,H,L",2,1,3,"A,H,L",3,,,,,,436,112,548,0,,multichain_receptor_single_ligand,True,PASS,
train,4lad_complex,4lad_complex.pdb,A,B,A,B,"A,B",1,1,2,"A,B",2,,,,,,163,69,232,0,,single_receptor_single_ligand,True,PASS,
train,4leo_complex,4leo_complex.pdb,AB,C,"A,B",C,"A,B,C",2,1,3,"A,B,C",3,,,,,,439,604,1043,0,,multichain_receptor_single_ligand,True,PASS,
train,4lgp_complex,4lgp_complex.pdb,C,D,C,D,"C,D",1,1,2,"C,D",2,,,,,,261,115,376,0,,single_receptor_single_ligand,True,PASS,
train,4lgr_complex,4lgr_complex.pdb,A,B,A,B,"A,B",1,1,2,"A,B",2,,,,,,255,122,377,0,,single_receptor_single_ligand,True,PASS,
train,4liq_complex,4liq_complex.pdb,HL,E,"H,L",E,"E,H,L",2,1,3,"E,H,L",3,,,,,,430,481,911,0,,multichain_receptor_single_ligand,True,PASS,
train,4lmq_complex,4lmq_complex.pdb,HL,D,"H,L",D,"D,H,L",2,1,3,"D,H,L",3,,,,,,434,58,492,0,,multichain_receptor_single_ligand,True,PASS,
train,4ln0_complex,4ln0_complex.pdb,B,C,B,C,"B,C",1,1,2,"B,C",2,,,,,,216,50,266,0,,single_receptor_single_ligand,True,PASS,
train,4lqf_complex,4lqf_complex.pdb,HL,A,"H,L",A,"A,H,L",2,1,3,"A,H,L",3,,,,,,434,86,520,0,,multichain_receptor_single_ligand,True,PASS,
train,4lqw_complex,4lqw_complex.pdb,A,D,A,D,"A,D",1,1,2,"A,D",2,,,,,,169,145,314,0,,single_receptor_single_ligand,True,PASS,
train,4lu5_complex,4lu5_complex.pdb,HL,B,"H,L",B,"B,H,L",2,1,3,"B,H,L",3,,,,,,432,88,520,0,,multichain_receptor_single_ligand,True,PASS,
train,4m0w_complex,4m0w_complex.pdb,A,B,A,B,"A,B",1,1,2,"A,B",2,,,,,,317,76,393,0,,single_receptor_single_ligand,True,PASS,
train,4m1g_complex,4m1g_complex.pdb,HL,AB,"H,L","A,B","A,B,H,L",2,2,4,"A,B,H,L",4,,,,,,434,173,607,0,,multichain_receptor_multichain_ligand,True,PASS,
train,4m5z_complex,4m5z_complex.pdb,HL,A,"H,L",A,"A,H,L",2,1,3,"A,H,L",3,,,,,,438,215,653,0,,multichain_receptor_single_ligand,True,PASS,
train,4m62_complex,4m62_complex.pdb,HL,S,"H,L",S,"H,L,S",2,1,3,"H,L,S",3,,,,,,240,155,395,0,,multichain_receptor_single_ligand,True,PASS,
train,4m6b_complex,4m6b_complex.pdb,D,F,D,F,"D,F",1,1,2,"D,F",2,,,,,,187,31,218,0,,single_receptor_single_ligand,True,PASS,
train,4m8q_complex,4m8q_complex.pdb,HL,C,"H,L",C,"C,H,L",2,1,3,"C,H,L",3,,,,,,232,148,380,0,,multichain_receptor_single_ligand,True,PASS,
train,4may_complex,4may_complex.pdb,CD,AB,"C,D","A,B","A,B,C,D",2,2,4,"A,B,C,D",4,,,,,,453,370,823,0,,multichain_receptor_multichain_ligand,True,PASS,
train,4ml7_complex,4ml7_complex.pdb,A,B,A,B,"A,B",1,1,2,"A,B",2,,,,,,129,98,227,0,,single_receptor_single_ligand,True,PASS,
train,4msm_complex,4msm_complex.pdb,C,D,C,D,"C,D",1,1,2,"C,D",2,,,,,,186,76,262,0,,single_receptor_single_ligand,True,PASS,
train,4n9g_complex,4n9g_complex.pdb,HL,Y,"H,L",Y,"H,L,Y",2,1,3,"H,L,Y",3,,,,,,436,36,472,0,,multichain_receptor_single_ligand,True,PASS,
train,4np4_complex,4np4_complex.pdb,IM,A,"I,M",A,"A,I,M",2,1,3,"A,I,M",3,,,,,,434,271,705,0,,multichain_receptor_single_ligand,True,PASS,
train,4nzl_complex,4nzl_complex.pdb,A,B,A,B,"A,B",1,1,2,"A,B",2,,,,,,218,98,316,0,,single_receptor_single_ligand,True,PASS,
train,4ov6_complex,4ov6_complex.pdb,AB,F,"A,B",F,"A,B,F",2,1,3,"A,B,F",3,,,,,,386,99,485,0,,multichain_receptor_single_ligand,True,PASS,
train,4oyd_complex,4oyd_complex.pdb,A,B,A,B,"A,B",1,1,2,"A,B",2,,,,,,156,117,273,0,,single_receptor_single_ligand,True,PASS,
train,4p23_complex,4p23_complex.pdb,CD,AB,"C,D","A,B","A,B,C,D",2,2,4,"A,B,C,D",4,,,,,,380,438,818,0,,multichain_receptor_multichain_ligand,True,PASS,
train,4p2c_complex,4p2c_complex.pdb,HC,A,"H,C",A,"A,C,H",2,1,3,"A,C,H",3,,,,,,188,280,468,0,,multichain_receptor_single_ligand,True,PASS,
train,4p46_complex,4p46_complex.pdb,AB,CD,"A,B","C,D","A,B,C,D",2,2,4,"A,B,C,D",4,,,,,,437,379,816,0,,multichain_receptor_multichain_ligand,True,PASS,
train,4p9h_complex,4p9h_complex.pdb,HL,G,"H,L",G,"G,H,L",2,1,3,"G,H,L",3,,,,,,443,352,795,0,,multichain_receptor_single_ligand,True,PASS,
train,4peq_complex,4peq_complex.pdb,C,D,C,D,"C,D",1,1,2,"C,D",2,,,,,,123,456,579,0,,single_receptor_single_ligand,True,PASS,
train,4pgj_complex,4pgj_complex.pdb,A,B,A,B,"A,B",1,1,2,"A,B",2,,,,,,119,128,247,0,,single_receptor_single_ligand,True,PASS,
train,4pj7_complex,4pj7_complex.pdb,HG,A,"H,G",A,"A,G,H",2,1,3,"A,G,H",3,,,,,,437,270,707,0,,multichain_receptor_single_ligand,True,PASS,
train,4pj9_complex,4pj9_complex.pdb,CD,A,"C,D",A,"A,C,D",2,1,3,"A,C,D",3,,,,,,435,271,706,0,,multichain_receptor_single_ligand,True,PASS,
train,4pja_complex,4pja_complex.pdb,GH,C,"G,H",C,"C,G,H",2,1,3,"C,G,H",3,,,,,,436,270,706,0,,multichain_receptor_single_ligand,True,PASS,
train,4pjb_complex,4pjb_complex.pdb,GH,C,"G,H",C,"C,G,H",2,1,3,"C,G,H",3,,,,,,435,270,705,0,,multichain_receptor_single_ligand,True,PASS,
train,4pjc_complex,4pjc_complex.pdb,GH,C,"G,H",C,"C,G,H",2,1,3,"C,G,H",3,,,,,,437,270,707,0,,multichain_receptor_single_ligand,True,PASS,
train,4pjd_complex,4pjd_complex.pdb,GH,C,"G,H",C,"C,G,H",2,1,3,"C,G,H",3,,,,,,436,270,706,0,,multichain_receptor_single_ligand,True,PASS,
train,4pjf_complex,4pjf_complex.pdb,GH,A,"G,H",A,"A,G,H",2,1,3,"A,G,H",3,,,,,,438,269,707,0,,multichain_receptor_single_ligand,True,PASS,
train,4pou_complex,4pou_complex.pdb,A,B,A,B,"A,B",1,1,2,"A,B",2,,,,,,124,122,246,0,,single_receptor_single_ligand,True,PASS,
train,4pqt_complex,4pqt_complex.pdb,A,B,A,B,"A,B",1,1,2,"A,B",2,,,,,,185,76,261,0,,single_receptor_single_ligand,True,PASS,
train,4ps4_complex,4ps4_complex.pdb,HL,A,"H,L",A,"A,H,L",2,1,3,"A,H,L",3,,,,,,436,86,522,0,,multichain_receptor_single_ligand,True,PASS,
train,4py8_complex,4py8_complex.pdb,JI,AB,"J,I","A,B","A,B,I,J",2,2,4,"A,B,I,J",4,,,,,,431,501,932,0,,multichain_receptor_multichain_ligand,True,PASS,
train,4qci_complex,4qci_complex.pdb,BA,D,"B,A",D,"A,B,D",2,1,3,"A,B,D",3,,,,,,426,96,522,0,,multichain_receptor_single_ligand,True,PASS,
train,4qlb_complex,4qlb_complex.pdb,C,G,C,G,"C,G",1,1,2,"C,G",2,,,,,,649,34,683,0,,single_receptor_single_ligand,True,PASS,
train,4qnp_complex,4qnp_complex.pdb,EF,AB,"E,F","A,B","A,B,E,F",2,2,4,"A,B,E,F",4,,,,,,436,772,1208,0,,multichain_receptor_multichain_ligand,True,PASS,
train,4qti_complex,4qti_complex.pdb,HL,U,"H,L",U,"H,L,U",2,1,3,"H,L,U",3,,,,,,435,277,712,0,,multichain_receptor_single_ligand,True,PASS,
train,4qzv_complex,4qzv_complex.pdb,C,D,C,D,"C,D",1,1,2,"C,D",2,,,,,,727,208,935,0,,single_receptor_single_ligand,True,PASS,
train,4r8w_complex,4r8w_complex.pdb,HL,AB,"H,L","A,B","A,B,H,L",2,2,4,"A,B,H,L",4,,,,,,237,485,722,0,,multichain_receptor_multichain_ligand,True,PASS,
train,4rdq_complex,4rdq_complex.pdb,IH,A,"I,H",A,"A,H,I",2,1,3,"A,H,I",3,,,,,,429,366,795,0,,multichain_receptor_single_ligand,True,PASS,
train,4re1_complex,4re1_complex.pdb,B,C,B,C,"B,C",1,1,2,"B,C",2,,,,,,218,50,268,0,,single_receptor_single_ligand,True,PASS,
train,4rgm_complex,4rgm_complex.pdb,CB,A,"C,B",A,"A,B,C",2,1,3,"A,B,C",3,,,,,,434,236,670,0,,multichain_receptor_single_ligand,True,PASS,
train,4rgo_complex,4rgo_complex.pdb,HL,S,"H,L",S,"H,L,S",2,1,3,"H,L,S",3,,,,,,432,237,669,0,,multichain_receptor_single_ligand,True,PASS,
train,4rs1_complex,4rs1_complex.pdb,B,A,B,A,"A,B",1,1,2,"A,B",2,,,,,,281,112,393,0,,single_receptor_single_ligand,True,PASS,
train,4rwt_complex,4rwt_complex.pdb,B,D,B,D,"B,D",1,1,2,"B,D",2,,,,,,369,280,649,0,,single_receptor_single_ligand,True,PASS,
train,4s0s_complex,4s0s_complex.pdb,B,E,B,E,"B,E",1,1,2,"B,E",2,,,,,,287,94,381,0,,single_receptor_single_ligand,True,PASS,
train,4s3o_complex,4s3o_complex.pdb,E,D,E,D,"D,E",1,1,2,"D,E",2,,,,,,107,148,255,0,,single_receptor_single_ligand,True,PASS,
train,4u30_complex,4u30_complex.pdb,D,Y,D,Y,"D,Y",1,1,2,"D,Y",2,,,,,,224,54,278,0,,single_receptor_single_ligand,True,PASS,
train,4u32_complex,4u32_complex.pdb,X,A,X,A,"A,X",1,1,2,"A,X",2,,,,,,54,224,278,0,,single_receptor_single_ligand,True,PASS,
train,4u3j_complex,4u3j_complex.pdb,AB,C,"A,B",C,"A,B,C",2,1,3,"A,B,C",3,,,,,,868,241,1109,0,,multichain_receptor_single_ligand,True,PASS,
train,4u6v_complex,4u6v_complex.pdb,KM,B,"K,M",B,"B,K,M",2,1,3,"B,K,M",3,,,,,,435,282,717,0,,multichain_receptor_single_ligand,True,PASS,
train,4ui0_complex,4ui0_complex.pdb,B,C,B,C,"B,C",1,1,2,"B,C",2,,,,,,104,69,173,0,,single_receptor_single_ligand,True,PASS,
train,4ui1_complex,4ui1_complex.pdb,A,D,A,D,"A,D",1,1,2,"A,D",2,,,,,,104,72,176,0,,single_receptor_single_ligand,True,PASS,
train,4uu9_complex,4uu9_complex.pdb,AB,C,"A,B",C,"A,B,C",2,1,3,"A,B,C",3,,,,,,232,65,297,0,,multichain_receptor_single_ligand,True,PASS,
train,4v3k_complex,4v3k_complex.pdb,DE,F,"D,E",F,"D,E,F",2,1,3,"D,E,F",3,,,,,,223,70,293,0,,multichain_receptor_single_ligand,True,PASS,
train,4w4o_complex,4w4o_complex.pdb,A,C,A,C,"A,C",1,1,2,"A,C",2,,,,,,215,262,477,0,,single_receptor_single_ligand,True,PASS,
train,4w6w_complex,4w6w_complex.pdb,A,B,A,B,"A,B",1,1,2,"A,B",2,,,,,,142,124,266,0,,single_receptor_single_ligand,True,PASS,
train,4w6x_complex,4w6x_complex.pdb,A,B,A,B,"A,B",1,1,2,"A,B",2,,,,,,142,125,267,0,,single_receptor_single_ligand,True,PASS,
train,4w6y_complex,4w6y_complex.pdb,A,B,A,B,"A,B",1,1,2,"A,B",2,,,,,,146,128,274,0,,single_receptor_single_ligand,True,PASS,
train,4wem_complex,4wem_complex.pdb,A,B,A,B,"A,B",1,1,2,"A,B",2,,,,,,258,121,379,0,,single_receptor_single_ligand,True,PASS,
train,4wen_complex,4wen_complex.pdb,A,B,A,B,"A,B",1,1,2,"A,B",2,,,,,,262,121,383,0,,single_receptor_single_ligand,True,PASS,
train,4weu_complex,4weu_complex.pdb,D,B,D,B,"B,D",1,1,2,"B,D",2,,,,,,121,263,384,0,,single_receptor_single_ligand,True,PASS,
train,4wo4_complex,4wo4_complex.pdb,CD,A,"C,D",A,"A,C,D",2,1,3,"A,C,D",3,,,,,,442,273,715,0,,multichain_receptor_single_ligand,True,PASS,
train,4wv1_complex,4wv1_complex.pdb,ED,F,"E,D",F,"D,E,F",2,1,3,"D,E,F",3,,,,,,444,98,542,0,,multichain_receptor_single_ligand,True,PASS,
train,4ww2_complex,4ww2_complex.pdb,AB,CF,"A,B","C,F","A,B,C,F",2,2,4,"A,B,C,F",4,,,,,,446,371,817,0,,multichain_receptor_multichain_ligand,True,PASS,
train,4wwi_complex,4wwi_complex.pdb,B,E,B,E,"B,E",1,1,2,"B,E",2,,,,,,56,205,261,0,,single_receptor_single_ligand,True,PASS,
train,4x7d_complex,4x7d_complex.pdb,B,C,B,C,"B,C",1,1,2,"B,C",2,,,,,,307,116,423,0,,single_receptor_single_ligand,True,PASS,
train,4x7e_complex,4x7e_complex.pdb,B,D,B,D,"B,D",1,1,2,"B,D",2,,,,,,315,120,435,0,,single_receptor_single_ligand,True,PASS,
train,4x7f_complex,4x7f_complex.pdb,A,C,A,C,"A,C",1,1,2,"A,C",2,,,,,,314,114,428,0,,single_receptor_single_ligand,True,PASS,
train,4x7s_complex,4x7s_complex.pdb,H,L,H,L,"H,L",1,1,2,"H,L",2,,,,,,222,218,440,0,,single_receptor_single_ligand,True,PASS,
train,4xkh_complex,4xkh_complex.pdb,A,E,A,E,"A,E",1,1,2,"A,E",2,,,,,,72,43,115,0,,single_receptor_single_ligand,True,PASS,
train,4xkl_complex,4xkl_complex.pdb,C,D,C,D,"C,D",1,1,2,"C,D",2,,,,,,78,31,109,0,,single_receptor_single_ligand,True,PASS,
train,4xl5_complex,4xl5_complex.pdb,A,C,A,C,"A,C",1,1,2,"A,C",2,,,,,,226,245,471,0,,single_receptor_single_ligand,True,PASS,
train,4xnm_complex,4xnm_complex.pdb,HL,C,"H,L",C,"C,H,L",2,1,3,"C,H,L",3,,,,,,431,210,641,0,,multichain_receptor_single_ligand,True,PASS,
train,4xwj_complex,4xwj_complex.pdb,A,B,A,B,"A,B",1,1,2,"A,B",2,,,,,,153,83,236,0,,single_receptor_single_ligand,True,PASS,
train,4yiz_complex,4yiz_complex.pdb,E,F,E,F,"E,F",1,1,2,"E,F",2,,,,,,400,39,439,0,,single_receptor_single_ligand,True,PASS,
train,4yk4_complex,4yk4_complex.pdb,ZY,E,"Z,Y",E,"E,Y,Z",2,1,3,"E,Y,Z",3,,,,,,436,206,642,0,,multichain_receptor_single_ligand,True,PASS,
train,4ypg_complex,4ypg_complex.pdb,BA,C,"B,A",C,"A,B,C",2,1,3,"A,B,C",3,,,,,,434,159,593,0,,multichain_receptor_single_ligand,True,PASS,
train,4yyp_complex,4yyp_complex.pdb,A,B,A,B,"A,B",1,1,2,"A,B",2,,,,,,87,32,119,0,,single_receptor_single_ligand,True,PASS,
train,4z5r_complex,4z5r_complex.pdb,SR,H,"S,R",H,"H,R,S",2,1,3,"H,R,S",3,,,,,,434,148,582,0,,multichain_receptor_single_ligand,True,PASS,
train,4z9k_complex,4z9k_complex.pdb,A,B,A,B,"A,B",1,1,2,"A,B",2,,,,,,258,116,374,0,,single_receptor_single_ligand,True,PASS,
train,4zak_complex,4zak_complex.pdb,CD,A,"C,D",A,"A,C,D",2,1,3,"A,C,D",3,,,,,,442,273,715,0,,multichain_receptor_single_ligand,True,PASS,
train,4zff_complex,4zff_complex.pdb,HL,D,"H,L",D,"D,H,L",2,1,3,"D,H,L",3,,,,,,432,99,531,0,,multichain_receptor_single_ligand,True,PASS,
train,4zfg_complex,4zfg_complex.pdb,HL,A,"H,L",A,"A,H,L",2,1,3,"A,H,L",3,,,,,,432,220,652,0,,multichain_receptor_single_ligand,True,PASS,
train,4zfo_complex,4zfo_complex.pdb,AB,F,"A,B",F,"A,B,F",2,1,3,"A,B,F",3,,,,,,433,36,469,0,,multichain_receptor_single_ligand,True,PASS,
train,4zk9_complex,4zk9_complex.pdb,A,B,A,B,"A,B",1,1,2,"A,B",2,,,,,,216,61,277,0,,single_receptor_single_ligand,True,PASS,
train,4zlt_complex,4zlt_complex.pdb,A,L,A,L,"A,L",1,1,2,"A,L",2,,,,,,384,62,446,0,,single_receptor_single_ligand,True,PASS,
train,4zpt_complex,4zpt_complex.pdb,AB,R,"A,B",R,"A,B,R",2,1,3,"A,B,R",3,,,,,,428,208,636,0,,multichain_receptor_single_ligand,True,PASS,
train,4zs7_complex,4zs7_complex.pdb,HL,A,"H,L",A,"A,H,L",2,1,3,"A,H,L",3,,,,,,432,162,594,0,,multichain_receptor_single_ligand,True,PASS,
train,5a3i_complex,5a3i_complex.pdb,CD,A,"C,D",A,"A,C,D",2,1,3,"A,C,D",3,,,,,,444,323,767,0,,multichain_receptor_single_ligand,True,PASS,
train,5aam_complex,5aam_complex.pdb,A,C,A,C,"A,C",1,1,2,"A,C",2,,,,,,242,95,337,0,,single_receptor_single_ligand,True,PASS,
train,5anm_complex,5anm_complex.pdb,BA,G,"B,A",G,"A,B,G",2,1,3,"A,B,G",3,,,,,,435,211,646,0,,multichain_receptor_single_ligand,True,PASS,
train,5b71_complex,5b71_complex.pdb,BA,E,"B,A",E,"A,B,E",2,1,3,"A,B,E",3,,,,,,441,102,543,0,,multichain_receptor_single_ligand,True,PASS,
train,5bk1_complex,5bk1_complex.pdb,CD,B,"C,D",B,"B,C,D",2,1,3,"B,C,D",3,,,,,,436,366,802,0,,multichain_receptor_single_ligand,True,PASS,
train,5bo1_complex,5bo1_complex.pdb,HL,B,"H,L",B,"B,H,L",2,1,3,"B,H,L",3,,,,,,433,150,583,0,,multichain_receptor_single_ligand,True,PASS,
train,5bvp_complex,5bvp_complex.pdb,HL,I,"H,L",I,"H,I,L",2,1,3,"H,I,L",3,,,,,,432,151,583,0,,multichain_receptor_single_ligand,True,PASS,
train,5bw7_complex,5bw7_complex.pdb,A,C,A,C,"A,C",1,1,2,"A,C",2,,,,,,212,165,377,0,,single_receptor_single_ligand,True,PASS,
train,5c0n_complex,5c0n_complex.pdb,HL,A,"H,L",A,"A,H,L",2,1,3,"A,H,L",3,,,,,,435,131,566,0,,multichain_receptor_single_ligand,True,PASS,
train,5c67_complex,5c67_complex.pdb,A,E,A,E,"A,E",1,1,2,"A,E",2,,,,,,224,54,278,0,,single_receptor_single_ligand,True,PASS,
train,5c7x_complex,5c7x_complex.pdb,HL,A,"H,L",A,"A,H,L",2,1,3,"A,H,L",3,,,,,,424,116,540,0,,multichain_receptor_single_ligand,True,PASS,
train,5czx_complex,5czx_complex.pdb,CD,B,"C,D",B,"B,C,D",2,1,3,"B,C,D",3,,,,,,433,230,663,0,,multichain_receptor_single_ligand,True,PASS,
train,5d1k_complex,5d1k_complex.pdb,A,B,A,B,"A,B",1,1,2,"A,B",2,,,,,,146,110,256,0,,single_receptor_single_ligand,True,PASS,
train,5d1l_complex,5d1l_complex.pdb,A,B,A,B,"A,B",1,1,2,"A,B",2,,,,,,146,111,257,0,,single_receptor_single_ligand,True,PASS,
train,5d1m_complex,5d1m_complex.pdb,A,B,A,B,"A,B",1,1,2,"A,B",2,,,,,,146,110,256,0,,single_receptor_single_ligand,True,PASS,
train,5d28_complex,5d28_complex.pdb,D,C,D,C,"C,D",1,1,2,"C,D",2,,,,,,245,120,365,0,,single_receptor_single_ligand,True,PASS,
train,5d5m_complex,5d5m_complex.pdb,GH,A,"G,H",A,"A,G,H",2,1,3,"A,G,H",3,,,,,,439,270,709,0,,multichain_receptor_single_ligand,True,PASS,
train,5d70_complex,5d70_complex.pdb,HL,A,"H,L",A,"A,H,L",2,1,3,"A,H,L",3,,,,,,423,115,538,0,,multichain_receptor_single_ligand,True,PASS,
train,5d71_complex,5d71_complex.pdb,HL,A,"H,L",A,"A,H,L",2,1,3,"A,H,L",3,,,,,,422,114,536,0,,multichain_receptor_single_ligand,True,PASS,
train,5d72_complex,5d72_complex.pdb,HL,A,"H,L",A,"A,H,L",2,1,3,"A,H,L",3,,,,,,424,115,539,0,,multichain_receptor_single_ligand,True,PASS,
train,5d7i_complex,5d7i_complex.pdb,GH,A,"G,H",A,"A,G,H",2,1,3,"A,G,H",3,,,,,,439,269,708,0,,multichain_receptor_single_ligand,True,PASS,
train,5d7j_complex,5d7j_complex.pdb,GH,C,"G,H",C,"C,G,H",2,1,3,"C,G,H",3,,,,,,440,269,709,0,,multichain_receptor_single_ligand,True,PASS,
train,5d8j_complex,5d8j_complex.pdb,HL,A,"H,L",A,"A,H,L",2,1,3,"A,H,L",3,,,,,,434,133,567,0,,multichain_receptor_single_ligand,True,PASS,
train,5d93_complex,5d93_complex.pdb,FE,D,"F,E",D,"D,E,F",2,1,3,"D,E,F",3,,,,,,428,238,666,0,,multichain_receptor_single_ligand,True,PASS,
train,5d96_complex,5d96_complex.pdb,CB,A,"C,B",A,"A,B,C",2,1,3,"A,B,C",3,,,,,,434,237,671,0,,multichain_receptor_single_ligand,True,PASS,
train,5dc4_complex,5dc4_complex.pdb,A,B,A,B,"A,B",1,1,2,"A,B",2,,,,,,100,92,192,0,,single_receptor_single_ligand,True,PASS,
train,5dcq_complex,5dcq_complex.pdb,C,F,C,F,"C,F",1,1,2,"C,F",2,,,,,,159,206,365,0,,single_receptor_single_ligand,True,PASS,
train,5dfv_complex,5dfv_complex.pdb,EF,B,"E,F",B,"B,E,F",2,1,3,"B,E,F",3,,,,,,429,84,513,0,,multichain_receptor_single_ligand,True,PASS,
train,5dfw_complex,5dfw_complex.pdb,A,H,A,H,"A,H",1,1,2,"A,H",2,,,,,,90,222,312,0,,single_receptor_single_ligand,True,PASS,
train,5djt_complex,5djt_complex.pdb,A,B,A,B,"A,B",1,1,2,"A,B",2,,,,,,144,59,203,0,,single_receptor_single_ligand,True,PASS,
train,5dju_complex,5dju_complex.pdb,D,C,D,C,"C,D",1,1,2,"C,D",2,,,,,,55,145,200,0,,single_receptor_single_ligand,True,PASS,
train,5dmj_complex,5dmj_complex.pdb,A,B,A,B,"A,B",1,1,2,"A,B",2,,,,,,165,117,282,0,,single_receptor_single_ligand,True,PASS,
train,5do2_complex,5do2_complex.pdb,CD,B,"C,D",B,"B,C,D",2,1,3,"B,C,D",3,,,,,,433,208,641,0,,multichain_receptor_single_ligand,True,PASS,
train,5e4e_complex,5e4e_complex.pdb,BC,A,"B,C",A,"A,B,C",2,1,3,"A,B,C",3,,,,,,505,113,618,0,,multichain_receptor_single_ligand,True,PASS,
train,5e6j_complex,5e6j_complex.pdb,A,B,A,B,"A,B",1,1,2,"A,B",2,,,,,,317,74,391,0,,single_receptor_single_ligand,True,PASS,
train,5e7f_complex,5e7f_complex.pdb,C,I,C,I,"C,I",1,1,2,"C,I",2,,,,,,129,128,257,0,,single_receptor_single_ligand,True,PASS,
train,5e8d_complex,5e8d_complex.pdb,HL,A,"H,L",A,"A,H,L",2,1,3,"A,H,L",3,,,,,,431,43,474,0,,multichain_receptor_single_ligand,True,PASS,
train,5e8e_complex,5e8e_complex.pdb,BA,H,"B,A",H,"A,B,H",2,1,3,"A,B,H",3,,,,,,443,259,702,0,,multichain_receptor_single_ligand,True,PASS,
train,5e94_complex,5e94_complex.pdb,DC,H,"D,C",H,"C,D,H",2,1,3,"C,D,H",3,,,,,,438,100,538,0,,multichain_receptor_single_ligand,True,PASS,
train,5e95_complex,5e95_complex.pdb,B,A,B,A,"A,B",1,1,2,"A,B",2,,,,,,94,168,262,0,,single_receptor_single_ligand,True,PASS,
train,5elu_complex,5elu_complex.pdb,A,B,A,B,"A,B",1,1,2,"A,B",2,,,,,,91,75,166,0,,single_receptor_single_ligand,True,PASS,
train,5eql_complex,5eql_complex.pdb,A,B,A,B,"A,B",1,1,2,"A,B",2,,,,,,88,76,164,0,,single_receptor_single_ligand,True,PASS,
train,5eyp_complex,5eyp_complex.pdb,AB,F,"A,B",F,"A,B,F",2,1,3,"A,B,F",3,,,,,,868,130,998,0,,multichain_receptor_single_ligand,True,PASS,
train,5f3b_complex,5f3b_complex.pdb,AB,C,"A,B",C,"A,B,C",2,1,3,"A,B,C",3,,,,,,431,109,540,0,,multichain_receptor_single_ligand,True,PASS,
train,5fcu_complex,5fcu_complex.pdb,HL,G,"H,L",G,"G,H,L",2,1,3,"G,H,L",3,,,,,,435,131,566,0,,multichain_receptor_single_ligand,True,PASS,
train,5fhx_complex,5fhx_complex.pdb,HL,A,"H,L",A,"A,H,L",2,1,3,"A,H,L",3,,,,,,679,124,803,0,,multichain_receptor_single_ligand,True,PASS,
train,5fo8_complex,5fo8_complex.pdb,AB,C,"A,B",C,"A,B,C",2,1,3,"A,B,C",3,,,,,,1553,129,1682,0,,multichain_receptor_single_ligand,True,PASS,
train,5fob_complex,5fob_complex.pdb,AB,C,"A,B",C,"A,B,C",2,1,3,"A,B,C",3,,,,,,1553,240,1793,0,,multichain_receptor_single_ligand,True,PASS,
train,5g15_complex,5g15_complex.pdb,A,B,A,B,"A,B",1,1,2,"A,B",2,,,,,,265,88,353,0,,single_receptor_single_ligand,True,PASS,
train,5gvi_complex,5gvi_complex.pdb,BC,A,"B,C",A,"A,B,C",2,1,3,"A,B,C",3,,,,,,148,340,488,0,,multichain_receptor_single_ligand,True,PASS,
train,5gzn_complex,5gzn_complex.pdb,HL,AE,"H,L","A,E","A,E,H,L",2,2,4,"A,E,H,L",4,,,,,,440,591,1031,0,,multichain_receptor_multichain_ligand,True,PASS,
train,5gzo_complex,5gzo_complex.pdb,HL,A,"H,L",A,"A,H,L",2,1,3,"A,H,L",3,,,,,,432,405,837,0,,multichain_receptor_single_ligand,True,PASS,
train,5hdq_complex,5hdq_complex.pdb,HL,A,"H,L",A,"A,H,L",2,1,3,"A,H,L",3,,,,,,438,277,715,0,,multichain_receptor_single_ligand,True,PASS,
train,5hgg_complex,5hgg_complex.pdb,A,T,A,T,"A,T",1,1,2,"A,T",2,,,,,,246,127,373,0,,single_receptor_single_ligand,True,PASS,
train,5hpk_complex,5hpk_complex.pdb,A,B,A,B,"A,B",1,1,2,"A,B",2,,,,,,377,78,455,0,,single_receptor_single_ligand,True,PASS,
train,5hps_complex,5hps_complex.pdb,A,B,A,B,"A,B",1,1,2,"A,B",2,,,,,,377,73,450,0,,single_receptor_single_ligand,True,PASS,
train,5hvf_complex,5hvf_complex.pdb,A,B,A,B,"A,B",1,1,2,"A,B",2,,,,,,381,118,499,0,,single_receptor_single_ligand,True,PASS,
train,5hys_complex,5hys_complex.pdb,HL,I,"H,L",I,"H,I,L",2,1,3,"H,I,L",3,,,,,,439,213,652,0,,multichain_receptor_single_ligand,True,PASS,
train,5ibk_complex,5ibk_complex.pdb,AB,C,"A,B",C,"A,B,C",2,1,3,"A,B,C",3,,,,,,190,76,266,0,,multichain_receptor_single_ligand,True,PASS,
train,5ies_complex,5ies_complex.pdb,HL,C,"H,L",C,"C,H,L",2,1,3,"C,H,L",3,,,,,,433,169,602,0,,multichain_receptor_single_ligand,True,PASS,
train,5ikc_complex,5ikc_complex.pdb,HL,N,"H,L",N,"H,L,N",2,1,3,"H,L,N",3,,,,,,427,90,517,0,,multichain_receptor_single_ligand,True,PASS,
train,5imk_complex,5imk_complex.pdb,B,A,B,A,"A,B",1,1,2,"A,B",2,,,,,,125,118,243,0,,single_receptor_single_ligand,True,PASS,
train,5imm_complex,5imm_complex.pdb,B,A,B,A,"A,B",1,1,2,"A,B",2,,,,,,125,120,245,0,,single_receptor_single_ligand,True,PASS,
train,5inb_complex,5inb_complex.pdb,A,B,A,B,"A,B",1,1,2,"A,B",2,,,,,,293,33,326,0,,single_receptor_single_ligand,True,PASS,
train,5ioh_complex,5ioh_complex.pdb,A,B,A,B,"A,B",1,1,2,"A,B",2,,,,,,293,33,326,0,,single_receptor_single_ligand,True,PASS,
train,5ip4_complex,5ip4_complex.pdb,B,D,B,D,"B,D",1,1,2,"B,D",2,,,,,,110,80,190,0,,single_receptor_single_ligand,True,PASS,
train,5ius_complex,5ius_complex.pdb,A,C,A,C,"A,C",1,1,2,"A,C",2,,,,,,119,214,333,0,,single_receptor_single_ligand,True,PASS,
train,5j11_complex,5j11_complex.pdb,AC,B,"A,C",B,"A,B,C",2,1,3,"A,B,C",3,,,,,,317,196,513,0,,multichain_receptor_single_ligand,True,PASS,
train,5j13_complex,5j13_complex.pdb,CB,A,"C,B",A,"A,B,C",2,1,3,"A,B,C",3,,,,,,434,124,558,0,,multichain_receptor_single_ligand,True,PASS,
train,5j28_complex,5j28_complex.pdb,B,D,B,D,"B,D",1,1,2,"B,D",2,,,,,,293,33,326,0,,single_receptor_single_ligand,True,PASS,
train,5j56_complex,5j56_complex.pdb,A,B,A,B,"A,B",1,1,2,"A,B",2,,,,,,255,129,384,0,,single_receptor_single_ligand,True,PASS,
train,5j57_complex,5j57_complex.pdb,A,B,A,B,"A,B",1,1,2,"A,B",2,,,,,,264,127,391,0,,single_receptor_single_ligand,True,PASS,
train,5j7c_complex,5j7c_complex.pdb,B,D,B,D,"B,D",1,1,2,"B,D",2,,,,,,128,98,226,0,,single_receptor_single_ligand,True,PASS,
train,5jds_complex,5jds_complex.pdb,B,A,B,A,"A,B",1,1,2,"A,B",2,,,,,,127,115,242,0,,single_receptor_single_ligand,True,PASS,
train,5jg6_complex,5jg6_complex.pdb,D,C,D,C,"C,D",1,1,2,"C,D",2,,,,,,66,75,141,0,,single_receptor_single_ligand,True,PASS,
train,5jhl_complex,5jhl_complex.pdb,HL,A,"H,L",A,"A,H,L",2,1,3,"A,H,L",3,,,,,,427,385,812,0,,multichain_receptor_single_ligand,True,PASS,
train,5jhw_complex,5jhw_complex.pdb,B,C,B,C,"B,C",1,1,2,"B,C",2,,,,,,109,288,397,0,,single_receptor_single_ligand,True,PASS,
train,5jlv_complex,5jlv_complex.pdb,A,C,A,C,"A,C",1,1,2,"A,C",2,,,,,,427,97,524,0,,single_receptor_single_ligand,True,PASS,
train,5jmc_complex,5jmc_complex.pdb,E,F,E,F,"E,F",1,1,2,"E,F",2,,,,,,430,92,522,0,,single_receptor_single_ligand,True,PASS,
train,5jq6_complex,5jq6_complex.pdb,HL,A,"H,L",A,"A,H,L",2,1,3,"A,H,L",3,,,,,,436,323,759,0,,multichain_receptor_single_ligand,True,PASS,
train,5jsb_complex,5jsb_complex.pdb,G,H,G,H,"G,H",1,1,2,"G,H",2,,,,,,151,116,267,0,,single_receptor_single_ligand,True,PASS,
train,5jsn_complex,5jsn_complex.pdb,A,B,A,B,"A,B",1,1,2,"A,B",2,,,,,,149,115,264,0,,single_receptor_single_ligand,True,PASS,
train,5jyl_complex,5jyl_complex.pdb,A,B,A,B,"A,B",1,1,2,"A,B",2,,,,,,97,244,341,0,,single_receptor_single_ligand,True,PASS,
train,5k59_complex,5k59_complex.pdb,HL,A,"H,L",A,"A,H,L",2,1,3,"A,H,L",3,,,,,,431,295,726,0,,multichain_receptor_single_ligand,True,PASS,
train,5kho_complex,5kho_complex.pdb,B,D,B,D,"B,D",1,1,2,"B,D",2,,,,,,125,167,292,0,,single_receptor_single_ligand,True,PASS,
train,5kn5_complex,5kn5_complex.pdb,AB,C,"A,B",C,"A,B,C",2,1,3,"A,B,C",3,,,,,,433,40,473,0,,multichain_receptor_single_ligand,True,PASS,
train,5kvd_complex,5kvd_complex.pdb,HL,E,"H,L",E,"E,H,L",2,1,3,"E,H,L",3,,,,,,441,108,549,0,,multichain_receptor_single_ligand,True,PASS,
train,5kve_complex,5kve_complex.pdb,E,L,E,L,"E,L",1,1,2,"E,L",2,,,,,,101,244,345,0,,single_receptor_single_ligand,True,PASS,
train,5kvf_complex,5kvf_complex.pdb,HL,E,"H,L",E,"E,H,L",2,1,3,"E,H,L",3,,,,,,440,105,545,0,,multichain_receptor_single_ligand,True,PASS,
train,5kvg_complex,5kvg_complex.pdb,HL,E,"H,L",E,"E,H,L",2,1,3,"E,H,L",3,,,,,,432,107,539,0,,multichain_receptor_single_ligand,True,PASS,
train,5kw9_complex,5kw9_complex.pdb,HL,A,"H,L",A,"A,H,L",2,1,3,"A,H,L",3,,,,,,441,290,731,0,,multichain_receptor_single_ligand,True,PASS,
train,5kxh_complex,5kxh_complex.pdb,A,B,A,B,"A,B",1,1,2,"A,B",2,,,,,,353,38,391,0,,single_receptor_single_ligand,True,PASS,
train,5ky0_complex,5ky0_complex.pdb,A,B,A,B,"A,B",1,1,2,"A,B",2,,,,,,354,38,392,0,,single_receptor_single_ligand,True,PASS,
train,5ky4_complex,5ky4_complex.pdb,A,B,A,B,"A,B",1,1,2,"A,B",2,,,,,,354,36,390,0,,single_receptor_single_ligand,True,PASS,
train,5ky5_complex,5ky5_complex.pdb,A,B,A,B,"A,B",1,1,2,"A,B",2,,,,,,352,40,392,0,,single_receptor_single_ligand,True,PASS,
train,5ky9_complex,5ky9_complex.pdb,A,B,A,B,"A,B",1,1,2,"A,B",2,,,,,,353,37,390,0,,single_receptor_single_ligand,True,PASS,
train,5l21_complex,5l21_complex.pdb,A,B,A,B,"A,B",1,1,2,"A,B",2,,,,,,428,119,547,0,,single_receptor_single_ligand,True,PASS,
train,5l6y_complex,5l6y_complex.pdb,HL,C,"H,L",C,"C,H,L",2,1,3,"C,H,L",3,,,,,,449,109,558,0,,multichain_receptor_single_ligand,True,PASS,
train,5l8j_complex,5l8j_complex.pdb,A,B,A,B,"A,B",1,1,2,"A,B",2,,,,,,253,105,358,0,,single_receptor_single_ligand,True,PASS,
train,5lcv_complex,5lcv_complex.pdb,HL,AB,"H,L","A,B","A,B,H,L",2,2,4,"A,B,H,L",4,,,,,,436,807,1243,0,,multichain_receptor_multichain_ligand,True,PASS,
train,5lhn_complex,5lhn_complex.pdb,A,B,A,B,"A,B",1,1,2,"A,B",2,,,,,,247,135,382,0,,single_receptor_single_ligand,True,PASS,
train,5lqb_complex,5lqb_complex.pdb,HL,A,"H,L",A,"A,H,L",2,1,3,"A,H,L",3,,,,,,436,128,564,0,,multichain_receptor_single_ligand,True,PASS,
train,5lrw_complex,5lrw_complex.pdb,C,D,C,D,"C,D",1,1,2,"C,D",2,,,,,,289,75,364,0,,single_receptor_single_ligand,True,PASS,
train,5lxm_complex,5lxm_complex.pdb,A,D,A,D,"A,D",1,1,2,"A,D",2,,,,,,266,36,302,0,,single_receptor_single_ligand,True,PASS,
train,5m2i_complex,5m2i_complex.pdb,A,H,A,H,"A,H",1,1,2,"A,H",2,,,,,,148,121,269,0,,single_receptor_single_ligand,True,PASS,
train,5m2j_complex,5m2j_complex.pdb,A,D,A,D,"A,D",1,1,2,"A,D",2,,,,,,149,115,264,0,,single_receptor_single_ligand,True,PASS,
train,5m2m_complex,5m2m_complex.pdb,G,H,G,H,"G,H",1,1,2,"G,H",2,,,,,,151,127,278,0,,single_receptor_single_ligand,True,PASS,
train,5m5e_complex,5m5e_complex.pdb,BC,D,"B,C",D,"B,C,D",2,1,3,"B,C,D",3,,,,,,396,130,526,0,,multichain_receptor_single_ligand,True,PASS,
train,5ma3_complex,5ma3_complex.pdb,B,A,B,A,"A,B",1,1,2,"A,B",2,,,,,,227,302,529,0,,single_receptor_single_ligand,True,PASS,
train,5ma4_complex,5ma4_complex.pdb,B,A,B,A,"A,B",1,1,2,"A,B",2,,,,,,229,294,523,0,,single_receptor_single_ligand,True,PASS,
train,5ma5_complex,5ma5_complex.pdb,B,A,B,A,"A,B",1,1,2,"A,B",2,,,,,,227,298,525,0,,single_receptor_single_ligand,True,PASS,
train,5ma6_complex,5ma6_complex.pdb,A,B,A,B,"A,B",1,1,2,"A,B",2,,,,,,226,159,385,0,,single_receptor_single_ligand,True,PASS,
train,5mad_complex,5mad_complex.pdb,G,H,G,H,"G,H",1,1,2,"G,H",2,,,,,,160,228,388,0,,single_receptor_single_ligand,True,PASS,
train,5mak_complex,5mak_complex.pdb,B,A,B,A,"A,B",1,1,2,"A,B",2,,,,,,227,293,520,0,,single_receptor_single_ligand,True,PASS,
train,5mfc_complex,5mfc_complex.pdb,C,D,C,D,"C,D",1,1,2,"C,D",2,,,,,,282,237,519,0,,single_receptor_single_ligand,True,PASS,
train,5mi0_complex,5mi0_complex.pdb,BC,A,"B,C",A,"A,B,C",2,1,3,"A,B,C",3,,,,,,438,293,731,0,,multichain_receptor_single_ligand,True,PASS,
train,5mrv_complex,5mrv_complex.pdb,A,C,A,C,"A,C",1,1,2,"A,C",2,,,,,,307,53,360,0,,single_receptor_single_ligand,True,PASS,
train,5mtj_complex,5mtj_complex.pdb,A,B,A,B,"A,B",1,1,2,"A,B",2,,,,,,109,96,205,0,,single_receptor_single_ligand,True,PASS,
train,5mtm_complex,5mtm_complex.pdb,A,B,A,B,"A,B",1,1,2,"A,B",2,,,,,,108,92,200,0,,single_receptor_single_ligand,True,PASS,
train,5mtn_complex,5mtn_complex.pdb,A,B,A,B,"A,B",1,1,2,"A,B",2,,,,,,90,94,184,0,,single_receptor_single_ligand,True,PASS,
train,5my6_complex,5my6_complex.pdb,A,B,A,B,"A,B",1,1,2,"A,B",2,,,,,,574,115,689,0,,single_receptor_single_ligand,True,PASS,
train,5n7w_complex,5n7w_complex.pdb,AB,Y,"A,B",Y,"A,B,Y",2,1,3,"A,B,Y",3,,,,,,430,117,547,0,,multichain_receptor_single_ligand,True,PASS,
train,5n88_complex,5n88_complex.pdb,A,D,A,D,"A,D",1,1,2,"A,D",2,,,,,,126,79,205,0,,single_receptor_single_ligand,True,PASS,
train,5ngv_complex,5ngv_complex.pdb,HL,A,"H,L",A,"A,H,L",2,1,3,"A,H,L",3,,,,,,224,93,317,0,,multichain_receptor_single_ligand,True,PASS,
train,5nh3_complex,5nh3_complex.pdb,HL,A,"H,L",A,"A,H,L",2,1,3,"A,H,L",3,,,,,,224,94,318,0,,multichain_receptor_single_ligand,True,PASS,
train,5nmv_complex,5nmv_complex.pdb,HL,K,"H,L",K,"H,K,L",2,1,3,"H,K,L",3,,,,,,433,63,496,0,,multichain_receptor_single_ligand,True,PASS,
train,5nqf_complex,5nqf_complex.pdb,A,B,A,B,"A,B",1,1,2,"A,B",2,,,,,,305,35,340,0,,single_receptor_single_ligand,True,PASS,
train,5nqg_complex,5nqg_complex.pdb,A,B,A,B,"A,B",1,1,2,"A,B",2,,,,,,394,33,427,0,,single_receptor_single_ligand,True,PASS,
train,5o03_complex,5o03_complex.pdb,A,D,A,D,"A,D",1,1,2,"A,D",2,,,,,,315,135,450,0,,single_receptor_single_ligand,True,PASS,
train,5o05_complex,5o05_complex.pdb,D,A,D,A,"A,D",1,1,2,"A,D",2,,,,,,118,315,433,0,,single_receptor_single_ligand,True,PASS,
train,5o0w_complex,5o0w_complex.pdb,A,E,A,E,"A,E",1,1,2,"A,E",2,,,,,,360,137,497,0,,single_receptor_single_ligand,True,PASS,
train,5o2t_complex,5o2t_complex.pdb,A,B,A,B,"A,B",1,1,2,"A,B",2,,,,,,164,142,306,0,,single_receptor_single_ligand,True,PASS,
train,5o2u_complex,5o2u_complex.pdb,C,D,C,D,"C,D",1,1,2,"C,D",2,,,,,,73,116,189,0,,single_receptor_single_ligand,True,PASS,
train,5o4e_complex,5o4e_complex.pdb,D,E,D,E,"D,E",1,1,2,"D,E",2,,,,,,214,95,309,0,,single_receptor_single_ligand,True,PASS,
train,5oaq_complex,5oaq_complex.pdb,A,L,A,L,"A,L",1,1,2,"A,L",2,,,,,,218,40,258,0,,single_receptor_single_ligand,True,PASS,
train,5oc7_complex,5oc7_complex.pdb,A,C,A,C,"A,C",1,1,2,"A,C",2,,,,,,120,92,212,0,,single_receptor_single_ligand,True,PASS,
train,5ohp_complex,5ohp_complex.pdb,A,B,A,B,"A,B",1,1,2,"A,B",2,,,,,,334,76,410,0,,single_receptor_single_ligand,True,PASS,
train,5omm_complex,5omm_complex.pdb,A,C,A,C,"A,C",1,1,2,"A,C",2,,,,,,314,117,431,0,,single_receptor_single_ligand,True,PASS,
train,5omn_complex,5omn_complex.pdb,B,C,B,C,"B,C",1,1,2,"B,C",2,,,,,,315,113,428,0,,single_receptor_single_ligand,True,PASS,
train,5otj_complex,5otj_complex.pdb,BA,D,"B,A",D,"A,B,D",2,1,3,"A,B,D",3,,,,,,435,69,504,0,,multichain_receptor_single_ligand,True,PASS,
train,5ovw_complex,5ovw_complex.pdb,F,L,F,L,"F,L",1,1,2,"F,L",2,,,,,,245,126,371,0,,single_receptor_single_ligand,True,PASS,
train,5sv3_complex,5sv3_complex.pdb,C,D,C,D,"C,D",1,1,2,"C,D",2,,,,,,125,167,292,0,,single_receptor_single_ligand,True,PASS,
train,5swk_complex,5swk_complex.pdb,A,C,A,C,"A,C",1,1,2,"A,C",2,,,,,,84,106,190,0,,single_receptor_single_ligand,True,PASS,
train,5sx4_complex,5sx4_complex.pdb,JI,M,"J,I",M,"I,J,M",2,1,3,"I,J,M",3,,,,,,431,191,622,0,,multichain_receptor_single_ligand,True,PASS,
train,5sx5_complex,5sx5_complex.pdb,HL,N,"H,L",N,"H,L,N",2,1,3,"H,L,N",3,,,,,,430,192,622,0,,multichain_receptor_single_ligand,True,PASS,
train,5sy8_complex,5sy8_complex.pdb,HL,O,"H,L",O,"H,L,O",2,1,3,"H,L,O",3,,,,,,446,155,601,0,,multichain_receptor_single_ligand,True,PASS,
train,5t29_complex,5t29_complex.pdb,HL,O,"H,L",O,"H,L,O",2,1,3,"H,L,O",3,,,,,,443,149,592,0,,multichain_receptor_single_ligand,True,PASS,
train,5t5b_complex,5t5b_complex.pdb,HL,E,"H,L",E,"E,H,L",2,1,3,"E,H,L",3,,,,,,442,153,595,0,,multichain_receptor_single_ligand,True,PASS,
train,5t5f_complex,5t5f_complex.pdb,HL,A,"H,L",A,"A,H,L",2,1,3,"A,H,L",3,,,,,,428,226,654,0,,multichain_receptor_single_ligand,True,PASS,
train,5t6l_complex,5t6l_complex.pdb,HL,I,"H,L",I,"H,I,L",2,1,3,"H,I,L",3,,,,,,444,152,596,0,,multichain_receptor_single_ligand,True,PASS,
train,5tar_complex,5tar_complex.pdb,A,B,A,B,"A,B",1,1,2,"A,B",2,,,,,,184,148,332,0,,single_receptor_single_ligand,True,PASS,
train,5te4_complex,5te4_complex.pdb,HL,G,"H,L",G,"G,H,L",2,1,3,"G,H,L",3,,,,,,434,358,792,0,,multichain_receptor_single_ligand,True,PASS,
train,5te6_complex,5te6_complex.pdb,HL,G,"H,L",G,"G,H,L",2,1,3,"G,H,L",3,,,,,,434,353,787,0,,multichain_receptor_single_ligand,True,PASS,
train,5te7_complex,5te7_complex.pdb,HL,G,"H,L",G,"G,H,L",2,1,3,"G,H,L",3,,,,,,435,348,783,0,,multichain_receptor_single_ligand,True,PASS,
train,5tfw_complex,5tfw_complex.pdb,HL,O,"H,L",O,"H,L,O",2,1,3,"H,L,O",3,,,,,,446,154,600,0,,multichain_receptor_single_ligand,True,PASS,
train,5th9_complex,5th9_complex.pdb,IM,B,"I,M",B,"B,I,M",2,1,3,"B,I,M",3,,,,,,429,229,658,0,,multichain_receptor_single_ligand,True,PASS,
train,5tl6_complex,5tl6_complex.pdb,D,C,D,C,"C,D",1,1,2,"C,D",2,,,,,,312,78,390,0,,single_receptor_single_ligand,True,PASS,
train,5tru_complex,5tru_complex.pdb,hl,c,"h,l",c,"c,h,l",2,1,3,"c,h,l",3,,,,,,430,117,547,0,,multichain_receptor_single_ligand,True,PASS,
train,5tvq_complex,5tvq_complex.pdb,A,B,A,B,"A,B",1,1,2,"A,B",2,,,,,,253,75,328,0,,single_receptor_single_ligand,True,PASS,
train,5tz2_complex,5tz2_complex.pdb,HL,C,"H,L",C,"C,H,L",2,1,3,"C,H,L",3,,,,,,432,114,546,0,,multichain_receptor_single_ligand,True,PASS,
train,5tzt_complex,5tzt_complex.pdb,AB,D,"A,B",D,"A,B,D",2,1,3,"A,B,D",3,,,,,,434,115,549,0,,multichain_receptor_single_ligand,True,PASS,
train,5u4m_complex,5u4m_complex.pdb,A,B,A,B,"A,B",1,1,2,"A,B",2,,,,,,255,129,384,0,,single_receptor_single_ligand,True,PASS,
train,5u4y_complex,5u4y_complex.pdb,B,D,B,D,"B,D",1,1,2,"B,D",2,,,,,,212,55,267,0,,single_receptor_single_ligand,True,PASS,
train,5u52_complex,5u52_complex.pdb,B,Z,B,Z,"B,Z",1,1,2,"B,Z",2,,,,,,209,34,243,0,,single_receptor_single_ligand,True,PASS,
train,5ufe_complex,5ufe_complex.pdb,A,B,A,B,"A,B",1,1,2,"A,B",2,,,,,,166,58,224,0,,single_receptor_single_ligand,True,PASS,
train,5ufq_complex,5ufq_complex.pdb,A,C,A,C,"A,C",1,1,2,"A,C",2,,,,,,166,60,226,0,,single_receptor_single_ligand,True,PASS,
train,5uk5_complex,5uk5_complex.pdb,A,B,A,B,"A,B",1,1,2,"A,B",2,,,,,,194,299,493,0,,single_receptor_single_ligand,True,PASS,
train,5un5_complex,5un5_complex.pdb,B,C,B,C,"B,C",1,1,2,"B,C",2,,,,,,119,105,224,0,,single_receptor_single_ligand,True,PASS,
train,5ush_complex,5ush_complex.pdb,HL,X,"H,L",X,"H,L,X",2,1,3,"H,L,X",3,,,,,,433,234,667,0,,multichain_receptor_single_ligand,True,PASS,
train,5usl_complex,5usl_complex.pdb,BC,A,"B,C",A,"A,B,C",2,1,3,"A,B,C",3,,,,,,434,232,666,0,,multichain_receptor_single_ligand,True,PASS,
train,5utz_complex,5utz_complex.pdb,JK,I,"J,K",I,"I,J,K",2,1,3,"I,J,K",3,,,,,,438,130,568,0,,multichain_receptor_single_ligand,True,PASS,
train,5v5g_complex,5v5g_complex.pdb,C,D,C,D,"C,D",1,1,2,"C,D",2,,,,,,164,80,244,0,,single_receptor_single_ligand,True,PASS,
train,5v5h_complex,5v5h_complex.pdb,A,B,A,B,"A,B",1,1,2,"A,B",2,,,,,,162,79,241,0,,single_receptor_single_ligand,True,PASS,
train,5v5i_complex,5v5i_complex.pdb,A,B,A,B,"A,B",1,1,2,"A,B",2,,,,,,161,75,236,0,,single_receptor_single_ligand,True,PASS,
train,5v69_complex,5v69_complex.pdb,A,B,A,B,"A,B",1,1,2,"A,B",2,,,,,,322,75,397,0,,single_receptor_single_ligand,True,PASS,
train,5v6a_complex,5v6a_complex.pdb,A,B,A,B,"A,B",1,1,2,"A,B",2,,,,,,320,75,395,0,,single_receptor_single_ligand,True,PASS,
train,5vag_complex,5vag_complex.pdb,CB,A,"C,B",A,"A,B,C",2,1,3,"A,B,C",3,,,,,,435,209,644,0,,multichain_receptor_single_ligand,True,PASS,
train,5vpg_complex,5vpg_complex.pdb,DC,A,"D,C",A,"A,C,D",2,1,3,"A,C,D",3,,,,,,433,222,655,0,,multichain_receptor_single_ligand,True,PASS,
train,5vpl_complex,5vpl_complex.pdb,DC,A,"D,C",A,"A,C,D",2,1,3,"A,C,D",3,,,,,,433,223,656,0,,multichain_receptor_single_ligand,True,PASS,
train,5vu0_complex,5vu0_complex.pdb,A,C,A,C,"A,C",1,1,2,"A,C",2,,,,,,216,172,388,0,,single_receptor_single_ligand,True,PASS,
train,5vyf_complex,5vyf_complex.pdb,HL,F,"H,L",F,"F,H,L",2,1,3,"F,H,L",3,,,,,,417,137,554,0,,multichain_receptor_single_ligand,True,PASS,
train,5w06_complex,5w06_complex.pdb,HL,T,"H,L",T,"H,L,T",2,1,3,"H,L,T",3,,,,,,440,208,648,0,,multichain_receptor_single_ligand,True,PASS,
train,5w08_complex,5w08_complex.pdb,QR,D,"Q,R",D,"D,Q,R",2,1,3,"D,Q,R",3,,,,,,447,273,720,0,,multichain_receptor_single_ligand,True,PASS,
train,5w6g_complex,5w6g_complex.pdb,HL,A,"H,L",A,"A,H,L",2,1,3,"A,H,L",3,,,,,,439,326,765,0,,multichain_receptor_single_ligand,True,PASS,
train,5wb7_complex,5wb7_complex.pdb,A,E,A,E,"A,E",1,1,2,"A,E",2,,,,,,500,47,547,0,,single_receptor_single_ligand,True,PASS,
train,5wb8_complex,5wb8_complex.pdb,A,C,A,C,"A,C",1,1,2,"A,C",2,,,,,,502,36,538,0,,single_receptor_single_ligand,True,PASS,
train,5whk_complex,5whk_complex.pdb,HL,AB,"H,L","A,B","A,B,H,L",2,2,4,"A,B,H,L",4,,,,,,429,366,795,0,,multichain_receptor_multichain_ligand,True,PASS,
train,5wi9_complex,5wi9_complex.pdb,FE,B,"F,E",B,"B,E,F",2,1,3,"B,E,F",3,,,,,,436,431,867,0,,multichain_receptor_single_ligand,True,PASS,
train,5wt9_complex,5wt9_complex.pdb,HL,G,"H,L",G,"G,H,L",2,1,3,"G,H,L",3,,,,,,430,118,548,0,,multichain_receptor_single_ligand,True,PASS,
train,5wux_complex,5wux_complex.pdb,HL,E,"H,L",E,"E,H,L",2,1,3,"E,H,L",3,,,,,,433,149,582,0,,multichain_receptor_single_ligand,True,PASS,
train,5xis_complex,5xis_complex.pdb,A,BC,A,"B,C","A,B,C",1,2,3,"A,B,C",3,,,,,,79,148,227,0,,single_receptor_multichain_ligand,True,PASS,
train,5xiu_complex,5xiu_complex.pdb,A,B,A,B,"A,B",1,1,2,"A,B",2,,,,,,47,73,120,0,,single_receptor_single_ligand,True,PASS,
train,5xj4_complex,5xj4_complex.pdb,HL,A,"H,L",A,"A,H,L",2,1,3,"A,H,L",3,,,,,,233,211,444,0,,multichain_receptor_single_ligand,True,PASS,
train,5xku_complex,5xku_complex.pdb,CB,A,"C,B",A,"A,B,C",2,1,3,"A,B,C",3,,,,,,436,208,644,0,,multichain_receptor_single_ligand,True,PASS,
train,5xmh_complex,5xmh_complex.pdb,DC,B,"D,C",B,"B,C,D",2,1,3,"B,C,D",3,,,,,,230,207,437,0,,multichain_receptor_single_ligand,True,PASS,
train,5xwd_complex,5xwd_complex.pdb,HD,A,"H,D",A,"A,D,H",2,1,3,"A,D,H",3,,,,,,227,611,838,0,,multichain_receptor_single_ligand,True,PASS,
train,5xxy_complex,5xxy_complex.pdb,HL,A,"H,L",A,"A,H,L",2,1,3,"A,H,L",3,,,,,,429,115,544,0,,multichain_receptor_single_ligand,True,PASS,
train,5y11_complex,5y11_complex.pdb,AB,C,"A,B",C,"A,B,C",2,1,3,"A,B,C",3,,,,,,440,319,759,0,,multichain_receptor_single_ligand,True,PASS,
train,5y9j_complex,5y9j_complex.pdb,HL,A,"H,L",A,"A,H,L",2,1,3,"A,H,L",3,,,,,,433,144,577,0,,multichain_receptor_single_ligand,True,PASS,
train,5yc5_complex,5yc5_complex.pdb,A,C,A,C,"A,C",1,1,2,"A,C",2,,,,,,211,171,382,0,,single_receptor_single_ligand,True,PASS,
train,5ydr_complex,5ydr_complex.pdb,A,B,A,B,"A,B",1,1,2,"A,B",2,,,,,,75,250,325,0,,single_receptor_single_ligand,True,PASS,
train,5yoy_complex,5yoy_complex.pdb,RO,J,"R,O",J,"J,O,R",2,1,3,"J,O,R",3,,,,,,234,153,387,0,,multichain_receptor_single_ligand,True,PASS,
train,5ywr_complex,5ywr_complex.pdb,A,B,A,B,"A,B",1,1,2,"A,B",2,,,,,,150,87,237,0,,single_receptor_single_ligand,True,PASS,
train,6a0z_complex,6a0z_complex.pdb,HL,A,"H,L",A,"A,H,L",2,1,3,"A,H,L",3,,,,,,435,270,705,0,,multichain_receptor_single_ligand,True,PASS,
train,6a3w_complex,6a3w_complex.pdb,GH,I,"G,H",I,"G,H,I",2,1,3,"G,H,I",3,,,,,,223,133,356,0,,multichain_receptor_single_ligand,True,PASS,
train,6a67_complex,6a67_complex.pdb,HL,A,"H,L",A,"A,H,L",2,1,3,"A,H,L",3,,,,,,438,210,648,0,,multichain_receptor_single_ligand,True,PASS,
train,6a6i_complex,6a6i_complex.pdb,A,B,A,B,"A,B",1,1,2,"A,B",2,,,,,,94,74,168,0,,single_receptor_single_ligand,True,PASS,
train,6a78_complex,6a78_complex.pdb,HL,A,"H,L",A,"A,H,L",2,1,3,"A,H,L",3,,,,,,229,90,319,0,,multichain_receptor_single_ligand,True,PASS,
train,6a79_complex,6a79_complex.pdb,IM,B,"I,M",B,"B,I,M",2,1,3,"B,I,M",3,,,,,,231,90,321,0,,multichain_receptor_single_ligand,True,PASS,
train,6amb_complex,6amb_complex.pdb,A,B,A,B,"A,B",1,1,2,"A,B",2,,,,,,170,95,265,0,,single_receptor_single_ligand,True,PASS,
train,6aod_complex,6aod_complex.pdb,BA,C,"B,A",C,"A,B,C",2,1,3,"A,B,C",3,,,,,,425,236,661,0,,multichain_receptor_single_ligand,True,PASS,
train,6aqr_complex,6aqr_complex.pdb,A,D,A,D,"A,D",1,1,2,"A,D",2,,,,,,470,76,546,0,,single_receptor_single_ligand,True,PASS,
train,6asr_complex,6asr_complex.pdb,A,B,A,B,"A,B",1,1,2,"A,B",2,,,,,,76,39,115,0,,single_receptor_single_ligand,True,PASS,
train,6azz_complex,6azz_complex.pdb,CB,A,"C,B",A,"A,B,C",2,1,3,"A,B,C",3,,,,,,434,156,590,0,,multichain_receptor_single_ligand,True,PASS,
train,6b08_complex,6b08_complex.pdb,CB,A,"C,B",A,"A,B,C",2,1,3,"A,B,C",3,,,,,,431,174,605,0,,multichain_receptor_single_ligand,True,PASS,
train,6b0a_complex,6b0a_complex.pdb,HL,A,"H,L",A,"A,H,L",2,1,3,"A,H,L",3,,,,,,438,171,609,0,,multichain_receptor_single_ligand,True,PASS,
train,6b0g_complex,6b0g_complex.pdb,DC,E,"D,C",E,"C,D,E",2,1,3,"C,D,E",3,,,,,,444,157,601,0,,multichain_receptor_single_ligand,True,PASS,
train,6b0s_complex,6b0s_complex.pdb,HL,C,"H,L",C,"C,H,L",2,1,3,"C,H,L",3,,,,,,434,65,499,0,,multichain_receptor_single_ligand,True,PASS,
train,6b3s_complex,6b3s_complex.pdb,JK,I,"J,K",I,"I,J,K",2,1,3,"I,J,K",3,,,,,,433,194,627,0,,multichain_receptor_single_ligand,True,PASS,
train,6b9j_complex,6b9j_complex.pdb,HL,X,"H,L",X,"H,L,X",2,1,3,"H,L,X",3,,,,,,431,226,657,0,,multichain_receptor_single_ligand,True,PASS,
train,6bck_complex,6bck_complex.pdb,HL,G,"H,L",G,"G,H,L",2,1,3,"G,H,L",3,,,,,,419,352,771,0,,multichain_receptor_single_ligand,True,PASS,
train,6bf4_complex,6bf4_complex.pdb,HL,G,"H,L",G,"G,H,L",2,1,3,"G,H,L",3,,,,,,444,335,779,0,,multichain_receptor_single_ligand,True,PASS,
train,6bit_complex,6bit_complex.pdb,IK,H,"I,K",H,"H,I,K",2,1,3,"H,I,K",3,,,,,,424,115,539,0,,multichain_receptor_single_ligand,True,PASS,
train,6bkb_complex,6bkb_complex.pdb,HL,E,"H,L",E,"E,H,L",2,1,3,"E,H,L",3,,,,,,438,164,602,0,,multichain_receptor_single_ligand,True,PASS,
train,6bkc_complex,6bkc_complex.pdb,HL,E,"H,L",E,"E,H,L",2,1,3,"E,H,L",3,,,,,,439,152,591,0,,multichain_receptor_single_ligand,True,PASS,
train,6blh_complex,6blh_complex.pdb,HL,G,"H,L",G,"G,H,L",2,1,3,"G,H,L",3,,,,,,434,35,469,0,,multichain_receptor_single_ligand,True,PASS,
train,6bva_complex,6bva_complex.pdb,DE,B,"D,E",B,"B,D,E",2,1,3,"B,D,E",3,,,,,,202,81,283,0,,multichain_receptor_single_ligand,True,PASS,
train,6bx4_complex,6bx4_complex.pdb,B,D,B,D,"B,D",1,1,2,"B,D",2,,,,,,123,96,219,0,,single_receptor_single_ligand,True,PASS,
train,6bx5_complex,6bx5_complex.pdb,B,D,B,D,"B,D",1,1,2,"B,D",2,,,,,,125,95,220,0,,single_receptor_single_ligand,True,PASS,
train,6bx8_complex,6bx8_complex.pdb,A,B,A,B,"A,B",1,1,2,"A,B",2,,,,,,224,55,279,0,,single_receptor_single_ligand,True,PASS,
train,6byh_complex,6byh_complex.pdb,AE,D,"A,E",D,"A,D,E",2,1,3,"A,D,E",3,,,,,,202,85,287,0,,multichain_receptor_single_ligand,True,PASS,
train,6c83_complex,6c83_complex.pdb,A,D,A,D,"A,D",1,1,2,"A,D",2,,,,,,263,48,311,0,,single_receptor_single_ligand,True,PASS,
train,6cbp_complex,6cbp_complex.pdb,P,A,P,A,"A,P",1,1,2,"A,P",2,,,,,,30,235,265,0,,single_receptor_single_ligand,True,PASS,
train,6cmg_complex,6cmg_complex.pdb,CB,A,"C,B",A,"A,B,C",2,1,3,"A,B,C",3,,,,,,445,428,873,0,,multichain_receptor_single_ligand,True,PASS,
train,6cug_complex,6cug_complex.pdb,DE,A,"D,E",A,"A,D,E",2,1,3,"A,D,E",3,,,,,,431,276,707,0,,multichain_receptor_single_ligand,True,PASS,
train,6cwg_complex,6cwg_complex.pdb,C,D,C,D,"C,D",1,1,2,"C,D",2,,,,,,260,127,387,0,,single_receptor_single_ligand,True,PASS,
train,6cxf_complex,6cxf_complex.pdb,C,A,C,A,"A,C",1,1,2,"A,C",2,,,,,,203,273,476,0,,single_receptor_single_ligand,True,PASS,
train,6d4p_complex,6d4p_complex.pdb,A,C,A,C,"A,C",1,1,2,"A,C",2,,,,,,149,74,223,0,,single_receptor_single_ligand,True,PASS,
train,6d68_complex,6d68_complex.pdb,A,C,A,C,"A,C",1,1,2,"A,C",2,,,,,,156,75,231,0,,single_receptor_single_ligand,True,PASS,
train,6d7g_complex,6d7g_complex.pdb,DE,A,"D,E",A,"A,D,E",2,1,3,"A,D,E",3,,,,,,419,399,818,0,,multichain_receptor_single_ligand,True,PASS,
train,6ddm_complex,6ddm_complex.pdb,BA,C,"B,A",C,"A,B,C",2,1,3,"A,B,C",3,,,,,,434,94,528,0,,multichain_receptor_single_ligand,True,PASS,
train,6ddr_complex,6ddr_complex.pdb,BA,C,"B,A",C,"A,B,C",2,1,3,"A,B,C",3,,,,,,435,94,529,0,,multichain_receptor_single_ligand,True,PASS,
train,6ddv_complex,6ddv_complex.pdb,BA,C,"B,A",C,"A,B,C",2,1,3,"A,B,C",3,,,,,,439,94,533,0,,multichain_receptor_single_ligand,True,PASS,
train,6dg5_complex,6dg5_complex.pdb,BC,A,"B,C",A,"A,B,C",2,1,3,"A,B,C",3,,,,,,402,100,502,0,,multichain_receptor_single_ligand,True,PASS,
train,6dgf_complex,6dgf_complex.pdb,A,B,A,B,"A,B",1,1,2,"A,B",2,,,,,,343,76,419,0,,single_receptor_single_ligand,True,PASS,
train,6dkj_complex,6dkj_complex.pdb,AB,D,"A,B",D,"A,B,D",2,1,3,"A,B,D",3,,,,,,434,106,540,0,,multichain_receptor_single_ligand,True,PASS,
train,6dwf_complex,6dwf_complex.pdb,B,H,B,H,"B,H",1,1,2,"B,H",2,,,,,,223,163,386,0,,single_receptor_single_ligand,True,PASS,
train,6dwh_complex,6dwh_complex.pdb,D,J,D,J,"D,J",1,1,2,"D,J",2,,,,,,223,163,386,0,,single_receptor_single_ligand,True,PASS,
train,6e62_complex,6e62_complex.pdb,BC,A,"B,C",A,"A,B,C",2,1,3,"A,B,C",3,,,,,,433,137,570,0,,multichain_receptor_single_ligand,True,PASS,
train,6e63_complex,6e63_complex.pdb,BC,A,"B,C",A,"A,B,C",2,1,3,"A,B,C",3,,,,,,432,134,566,0,,multichain_receptor_single_ligand,True,PASS,
train,6ehg_complex,6ehg_complex.pdb,AB,C,"A,B",C,"A,B,C",2,1,3,"A,B,C",3,,,,,,1554,124,1678,0,,multichain_receptor_single_ligand,True,PASS,
train,6ejg_complex,6ejg_complex.pdb,A,C,A,C,"A,C",1,1,2,"A,C",2,,,,,,89,231,320,0,,single_receptor_single_ligand,True,PASS,
train,6ejm_complex,6ejm_complex.pdb,B,H,B,H,"B,H",1,1,2,"B,H",2,,,,,,91,229,320,0,,single_receptor_single_ligand,True,PASS,
train,6er6_complex,6er6_complex.pdb,B,A,B,A,"A,B",1,1,2,"A,B",2,,,,,,127,88,215,0,,single_receptor_single_ligand,True,PASS,
train,6ere_complex,6ere_complex.pdb,B,C,B,C,"B,C",1,1,2,"B,C",2,,,,,,126,87,213,0,,single_receptor_single_ligand,True,PASS,
train,6ewb_complex,6ewb_complex.pdb,HL,B,"H,L",B,"B,H,L",2,1,3,"B,H,L",3,,,,,,426,306,732,0,,multichain_receptor_single_ligand,True,PASS,
train,6f2g_complex,6f2g_complex.pdb,A,B,A,B,"A,B",1,1,2,"A,B",2,,,,,,430,131,561,0,,single_receptor_single_ligand,True,PASS,
train,6fe4_complex,6fe4_complex.pdb,A,F,A,F,"A,F",1,1,2,"A,F",2,,,,,,72,117,189,0,,single_receptor_single_ligand,True,PASS,
train,6fg1_complex,6fg1_complex.pdb,AD,HL,"A,D","H,L","A,D,H,L",2,2,4,"A,D,H,L",4,,,,,,449,433,882,0,,multichain_receptor_multichain_ligand,True,PASS,
train,6fg2_complex,6fg2_complex.pdb,DE,MI,"D,E","M,I","D,E,I,M",2,2,4,"D,E,I,M",4,,,,,,436,433,869,0,,multichain_receptor_multichain_ligand,True,PASS,
train,6fgb_complex,6fgb_complex.pdb,HL,A,"H,L",A,"A,H,L",2,1,3,"A,H,L",3,,,,,,436,265,701,0,,multichain_receptor_single_ligand,True,PASS,
train,6fgo_complex,6fgo_complex.pdb,A,E,A,E,"A,E",1,1,2,"A,E",2,,,,,,209,64,273,0,,single_receptor_single_ligand,True,PASS,
train,6flb_complex,6flb_complex.pdb,HL,G,"H,L",G,"G,H,L",2,1,3,"G,H,L",3,,,,,,434,100,534,0,,multichain_receptor_single_ligand,True,PASS,
train,6flc_complex,6flc_complex.pdb,HL,G,"H,L",G,"G,H,L",2,1,3,"G,H,L",3,,,,,,433,98,531,0,,multichain_receptor_single_ligand,True,PASS,
train,6fp7_complex,6fp7_complex.pdb,A,B,A,B,"A,B",1,1,2,"A,B",2,,,,,,225,163,388,0,,single_receptor_single_ligand,True,PASS,
train,6fuz_complex,6fuz_complex.pdb,A,N,A,N,"A,N",1,1,2,"A,N",2,,,,,,267,112,379,0,,single_receptor_single_ligand,True,PASS,
train,6fv0_complex,6fv0_complex.pdb,A,F,A,F,"A,F",1,1,2,"A,F",2,,,,,,270,114,384,0,,single_receptor_single_ligand,True,PASS,
train,6gfi_complex,6gfi_complex.pdb,A,E,A,E,"A,E",1,1,2,"A,E",2,,,,,,224,56,280,0,,single_receptor_single_ligand,True,PASS,
train,6gjq_complex,6gjq_complex.pdb,G,H,G,H,"G,H",1,1,2,"G,H",2,,,,,,195,121,316,0,,single_receptor_single_ligand,True,PASS,
train,6gku_complex,6gku_complex.pdb,HL,A,"H,L",A,"A,H,L",2,1,3,"A,H,L",3,,,,,,436,140,576,0,,multichain_receptor_single_ligand,True,PASS,
train,6gum_complex,6gum_complex.pdb,A,B,A,B,"A,B",1,1,2,"A,B",2,,,,,,155,111,266,0,,single_receptor_single_ligand,True,PASS,
train,6gwc_complex,6gwc_complex.pdb,A,C,A,C,"A,C",1,1,2,"A,C",2,,,,,,437,217,654,0,,single_receptor_single_ligand,True,PASS,
train,6h15_complex,6h15_complex.pdb,A,C,A,C,"A,C",1,1,2,"A,C",2,,,,,,616,123,739,0,,single_receptor_single_ligand,True,PASS,
train,6h16_complex,6h16_complex.pdb,A,B,A,B,"A,B",1,1,2,"A,B",2,,,,,,618,119,737,0,,single_receptor_single_ligand,True,PASS,
train,6h2y_complex,6h2y_complex.pdb,HL,D,"H,L",D,"D,H,L",2,1,3,"D,H,L",3,,,,,,434,223,657,0,,multichain_receptor_single_ligand,True,PASS,
train,6h3t_complex,6h3t_complex.pdb,HL,A,"H,L",A,"A,H,L",2,1,3,"A,H,L",3,,,,,,231,230,461,0,,multichain_receptor_single_ligand,True,PASS,
train,6h46_complex,6h46_complex.pdb,A,B,A,B,"A,B",1,1,2,"A,B",2,,,,,,168,156,324,0,,single_receptor_single_ligand,True,PASS,
train,6h47_complex,6h47_complex.pdb,A,B,A,B,"A,B",1,1,2,"A,B",2,,,,,,166,155,321,0,,single_receptor_single_ligand,True,PASS,
train,6h6y_complex,6h6y_complex.pdb,D,H,D,H,"D,H",1,1,2,"D,H",2,,,,,,288,118,406,0,,single_receptor_single_ligand,True,PASS,
train,6h6z_complex,6h6z_complex.pdb,A,D,A,D,"A,D",1,1,2,"A,D",2,,,,,,291,126,417,0,,single_receptor_single_ligand,True,PASS,
train,6h71_complex,6h71_complex.pdb,A,C,A,C,"A,C",1,1,2,"A,C",2,,,,,,288,121,409,0,,single_receptor_single_ligand,True,PASS,
train,6har_complex,6har_complex.pdb,A,E,A,E,"A,E",1,1,2,"A,E",2,,,,,,224,54,278,0,,single_receptor_single_ligand,True,PASS,
train,6her_complex,6her_complex.pdb,A,B,A,B,"A,B",1,1,2,"A,B",2,,,,,,110,124,234,0,,single_receptor_single_ligand,True,PASS,
train,6hhc_complex,6hhc_complex.pdb,HL,A,"H,L",A,"A,H,L",2,1,3,"A,H,L",3,,,,,,434,236,670,0,,multichain_receptor_single_ligand,True,PASS,
train,6hpr_complex,6hpr_complex.pdb,A,CD,A,"C,D","A,C,D",1,2,3,"A,C,D",3,,,,,,63,224,287,0,,single_receptor_multichain_ligand,True,PASS,
train,6i07_complex,6i07_complex.pdb,A,C,A,C,"A,C",1,1,2,"A,C",2,,,,,,228,235,463,0,,single_receptor_single_ligand,True,PASS,
train,6iea_complex,6iea_complex.pdb,HL,A,"H,L",A,"A,H,L",2,1,3,"A,H,L",3,,,,,,443,315,758,0,,multichain_receptor_single_ligand,True,PASS,
train,6ieb_complex,6ieb_complex.pdb,EF,B,"E,F",B,"B,E,F",2,1,3,"B,E,F",3,,,,,,417,299,716,0,,multichain_receptor_single_ligand,True,PASS,
train,6isu_complex,6isu_complex.pdb,A,B,A,B,"A,B",1,1,2,"A,B",2,,,,,,227,76,303,0,,single_receptor_single_ligand,True,PASS,
train,6ivz_complex,6ivz_complex.pdb,HL,A,"H,L",A,"A,H,L",2,1,3,"A,H,L",3,,,,,,226,391,617,0,,multichain_receptor_single_ligand,True,PASS,
train,6j11_complex,6j11_complex.pdb,HL,A,"H,L",A,"A,H,L",2,1,3,"A,H,L",3,,,,,,239,336,575,0,,multichain_receptor_single_ligand,True,PASS,
train,6j14_complex,6j14_complex.pdb,AB,G,"A,B",G,"A,B,G",2,1,3,"A,B,G",3,,,,,,229,106,335,0,,multichain_receptor_single_ligand,True,PASS,
train,6j5d_complex,6j5d_complex.pdb,HL,A,"H,L",A,"A,H,L",2,1,3,"A,H,L",3,,,,,,228,94,322,0,,multichain_receptor_single_ligand,True,PASS,
train,6j5f_complex,6j5f_complex.pdb,HL,A,"H,L",A,"A,H,L",2,1,3,"A,H,L",3,,,,,,228,94,322,0,,multichain_receptor_single_ligand,True,PASS,
train,6j6y_complex,6j6y_complex.pdb,EF,D,"E,F",D,"D,E,F",2,1,3,"D,E,F",3,,,,,,434,101,535,0,,multichain_receptor_single_ligand,True,PASS,
train,6j7w_complex,6j7w_complex.pdb,A,C,A,C,"A,C",1,1,2,"A,C",2,,,,,,118,39,157,0,,single_receptor_single_ligand,True,PASS,
train,6jb2_complex,6jb2_complex.pdb,A,B,A,B,"A,B",1,1,2,"A,B",2,,,,,,126,129,255,0,,single_receptor_single_ligand,True,PASS,
train,6jb8_complex,6jb8_complex.pdb,A,B,A,B,"A,B",1,1,2,"A,B",2,,,,,,125,129,254,0,,single_receptor_single_ligand,True,PASS,
train,6jbt_complex,6jbt_complex.pdb,HL,F,"H,L",F,"F,H,L",2,1,3,"F,H,L",3,,,,,,441,118,559,0,,multichain_receptor_single_ligand,True,PASS,
train,6jep_complex,6jep_complex.pdb,KI,F,"K,I",F,"F,I,K",2,1,3,"F,I,K",3,,,,,,449,101,550,0,,multichain_receptor_single_ligand,True,PASS,
train,6jjp_complex,6jjp_complex.pdb,AB,C,"A,B",C,"A,B,C",2,1,3,"A,B,C",3,,,,,,434,117,551,0,,multichain_receptor_single_ligand,True,PASS,
train,6k0y_complex,6k0y_complex.pdb,AB,C,"A,B",C,"A,B,C",2,1,3,"A,B,C",3,,,,,,431,116,547,0,,multichain_receptor_single_ligand,True,PASS,
train,6k7o_complex,6k7o_complex.pdb,DE,Q,"D,E",Q,"D,E,Q",2,1,3,"D,E,Q",3,,,,,,443,94,537,0,,multichain_receptor_single_ligand,True,PASS,
train,6mft_complex,6mft_complex.pdb,HL,G,"H,L",G,"G,H,L",2,1,3,"G,H,L",3,,,,,,428,342,770,0,,multichain_receptor_single_ligand,True,PASS,
train,6mgp_complex,6mgp_complex.pdb,B,Y,B,Y,"B,Y",1,1,2,"B,Y",2,,,,,,152,143,295,0,,single_receptor_single_ligand,True,PASS,
train,6mhr_complex,6mhr_complex.pdb,DE,F,"D,E",F,"D,E,F",2,1,3,"D,E,F",3,,,,,,437,140,577,0,,multichain_receptor_single_ligand,True,PASS,
train,6mi2_complex,6mi2_complex.pdb,AB,C,"A,B",C,"A,B,C",2,1,3,"A,B,C",3,,,,,,427,143,570,0,,multichain_receptor_single_ligand,True,PASS,
train,6mkz_complex,6mkz_complex.pdb,C,B,C,B,"B,C",1,1,2,"B,C",2,,,,,,162,134,296,0,,single_receptor_single_ligand,True,PASS,
train,6mlk_complex,6mlk_complex.pdb,HL,A,"H,L",A,"A,H,L",2,1,3,"A,H,L",3,,,,,,436,264,700,0,,multichain_receptor_single_ligand,True,PASS,
train,6moe_complex,6moe_complex.pdb,A,D,A,D,"A,D",1,1,2,"A,D",2,,,,,,161,216,377,0,,single_receptor_single_ligand,True,PASS,
train,6mss_complex,6mss_complex.pdb,AB,CD,"A,B","C,D","A,B,C,D",2,2,4,"A,B,C,D",4,,,,,,426,372,798,0,,multichain_receptor_multichain_ligand,True,PASS,
train,6mvl_complex,6mvl_complex.pdb,HL,A,"H,L",A,"A,H,L",2,1,3,"A,H,L",3,,,,,,438,147,585,0,,multichain_receptor_single_ligand,True,PASS,
train,6n85_complex,6n85_complex.pdb,B,M,B,M,"B,M",1,1,2,"B,M",2,,,,,,426,393,819,0,,single_receptor_single_ligand,True,PASS,
train,6ndz_complex,6ndz_complex.pdb,A,B,A,B,"A,B",1,1,2,"A,B",2,,,,,,122,190,312,0,,single_receptor_single_ligand,True,PASS,
train,6ne2_complex,6ne2_complex.pdb,B,A,B,A,"A,B",1,1,2,"A,B",2,,,,,,193,119,312,0,,single_receptor_single_ligand,True,PASS,
train,6ne4_complex,6ne4_complex.pdb,B,A,B,A,"A,B",1,1,2,"A,B",2,,,,,,194,119,313,0,,single_receptor_single_ligand,True,PASS,
train,6nha_complex,6nha_complex.pdb,HL,AB,"H,L","A,B","A,B,H,L",2,2,4,"A,B,H,L",4,,,,,,429,363,792,0,,multichain_receptor_multichain_ligand,True,PASS,
train,6nmr_complex,6nmr_complex.pdb,HL,S,"H,L",S,"H,L,S",2,1,3,"H,L,S",3,,,,,,435,113,548,0,,multichain_receptor_single_ligand,True,PASS,
train,6nms_complex,6nms_complex.pdb,HL,S,"H,L",S,"H,L,S",2,1,3,"H,L,S",3,,,,,,434,116,550,0,,multichain_receptor_single_ligand,True,PASS,
train,6nmt_complex,6nmt_complex.pdb,BA,C,"B,A",C,"A,B,C",2,1,3,"A,B,C",3,,,,,,428,115,543,0,,multichain_receptor_single_ligand,True,PASS,
train,6nmu_complex,6nmu_complex.pdb,HL,S,"H,L",S,"H,L,S",2,1,3,"H,L,S",3,,,,,,434,114,548,0,,multichain_receptor_single_ligand,True,PASS,
train,6nmv_complex,6nmv_complex.pdb,HL,S,"H,L",S,"H,L,S",2,1,3,"H,L,S",3,,,,,,421,116,537,0,,multichain_receptor_single_ligand,True,PASS,
train,6o1f_complex,6o1f_complex.pdb,HL,AI,"H,L","A,I","A,H,I,L",2,2,4,"A,H,I,L",4,,,,,,435,420,855,0,,multichain_receptor_multichain_ligand,True,PASS,
train,6o39_complex,6o39_complex.pdb,BA,C,"B,A",C,"A,B,C",2,1,3,"A,B,C",3,,,,,,433,120,553,0,,multichain_receptor_single_ligand,True,PASS,
train,6o3a_complex,6o3a_complex.pdb,BA,E,"B,A",E,"A,B,E",2,1,3,"A,B,E",3,,,,,,430,118,548,0,,multichain_receptor_single_ligand,True,PASS,
train,6o3b_complex,6o3b_complex.pdb,BA,C,"B,A",C,"A,B,C",2,1,3,"A,B,C",3,,,,,,434,126,560,0,,multichain_receptor_single_ligand,True,PASS,
train,6o60_complex,6o60_complex.pdb,CD,A,"C,D",A,"A,C,D",2,1,3,"A,C,D",3,,,,,,551,300,851,0,,multichain_receptor_single_ligand,True,PASS,
train,6oan_complex,6oan_complex.pdb,A,B,A,B,"A,B",1,1,2,"A,B",2,,,,,,268,229,497,0,,single_receptor_single_ligand,True,PASS,
train,6obn_complex,6obn_complex.pdb,A,C,A,C,"A,C",1,1,2,"A,C",2,,,,,,298,285,583,0,,single_receptor_single_ligand,True,PASS,
train,6oc3_complex,6oc3_complex.pdb,AB,F,"A,B",F,"A,B,F",2,1,3,"A,B,F",3,,,,,,440,212,652,0,,multichain_receptor_single_ligand,True,PASS,
train,6oor_complex,6oor_complex.pdb,HL,A,"H,L",A,"A,H,L",2,1,3,"A,H,L",3,,,,,,440,273,713,0,,multichain_receptor_single_ligand,True,PASS,
train,6otc_complex,6otc_complex.pdb,HL,A,"H,L",A,"A,H,L",2,1,3,"A,H,L",3,,,,,,436,122,558,0,,multichain_receptor_single_ligand,True,PASS,
train,6oy4_complex,6oy4_complex.pdb,DC,A,"D,C",A,"A,C,D",2,1,3,"A,C,D",3,,,,,,437,129,566,0,,multichain_receptor_single_ligand,True,PASS,
train,6p50_complex,6p50_complex.pdb,HL,C,"H,L",C,"C,H,L",2,1,3,"C,H,L",3,,,,,,434,93,527,0,,multichain_receptor_single_ligand,True,PASS,
train,6p67_complex,6p67_complex.pdb,CD,J,"C,D",J,"C,D,J",2,1,3,"C,D,J",3,,,,,,436,195,631,0,,multichain_receptor_single_ligand,True,PASS,
train,6phb_complex,6phb_complex.pdb,BA,E,"B,A",E,"A,B,E",2,1,3,"A,B,E",3,,,,,,435,176,611,0,,multichain_receptor_single_ligand,True,PASS,
train,6phc_complex,6phc_complex.pdb,CD,E,"C,D",E,"C,D,E",2,1,3,"C,D,E",3,,,,,,445,159,604,0,,multichain_receptor_single_ligand,True,PASS,
train,6plk_complex,6plk_complex.pdb,IM,F,"I,M",F,"F,I,M",2,1,3,"F,I,M",3,,,,,,439,103,542,0,,multichain_receptor_single_ligand,True,PASS,
train,6ppg_complex,6ppg_complex.pdb,BA,G,"B,A",G,"A,B,G",2,1,3,"A,B,G",3,,,,,,435,122,557,0,,multichain_receptor_single_ligand,True,PASS,
train,6pxh_complex,6pxh_complex.pdb,HL,B,"H,L",B,"B,H,L",2,1,3,"B,H,L",3,,,,,,438,341,779,0,,multichain_receptor_single_ligand,True,PASS,
train,6q0h_complex,6q0h_complex.pdb,HL,A,"H,L",A,"A,H,L",2,1,3,"A,H,L",3,,,,,,444,211,655,0,,multichain_receptor_single_ligand,True,PASS,
train,6q0o_complex,6q0o_complex.pdb,ZB,A,"Z,B",A,"A,B,Z",2,1,3,"A,B,Z",3,,,,,,443,215,658,0,,multichain_receptor_single_ligand,True,PASS,
train,6q18_complex,6q18_complex.pdb,HL,A,"H,L",A,"A,H,L",2,1,3,"A,H,L",3,,,,,,441,212,653,0,,multichain_receptor_single_ligand,True,PASS,
train,6qb3_complex,6qb3_complex.pdb,A,X,A,X,"A,X",1,1,2,"A,X",2,,,,,,150,228,378,0,,single_receptor_single_ligand,True,PASS,
train,6qb6_complex,6qb6_complex.pdb,HL,A,"H,L",A,"A,H,L",2,1,3,"A,H,L",3,,,,,,435,159,594,0,,multichain_receptor_single_ligand,True,PASS,
train,6r2g_complex,6r2g_complex.pdb,A,C,A,C,"A,C",1,1,2,"A,C",2,,,,,,161,34,195,0,,single_receptor_single_ligand,True,PASS,
train,6r8x_complex,6r8x_complex.pdb,CB,A,"C,B",A,"A,B,C",2,1,3,"A,B,C",3,,,,,,434,232,666,0,,multichain_receptor_single_ligand,True,PASS,
train,6rhv_complex,6rhv_complex.pdb,GH,C,"G,H",C,"C,G,H",2,1,3,"C,G,H",3,,,,,,575,170,745,0,,multichain_receptor_single_ligand,True,PASS,
train,6rhw_complex,6rhw_complex.pdb,GH,C,"G,H",C,"C,G,H",2,1,3,"C,G,H",3,,,,,,568,168,736,0,,multichain_receptor_single_ligand,True,PASS,
train,6s53_complex,6s53_complex.pdb,CD,A,"C,D",A,"A,C,D",2,1,3,"A,C,D",3,,,,,,225,79,304,0,,multichain_receptor_single_ligand,True,PASS,
train,6s8s_complex,6s8s_complex.pdb,A,B,A,B,"A,B",1,1,2,"A,B",2,,,,,,168,37,205,0,,single_receptor_single_ligand,True,PASS,
train,6sak_complex,6sak_complex.pdb,A,C,A,C,"A,C",1,1,2,"A,C",2,,,,,,274,95,369,0,,single_receptor_single_ligand,True,PASS,
train,6u8c_complex,6u8c_complex.pdb,HL,A,"H,L",A,"A,H,L",2,1,3,"A,H,L",3,,,,,,437,57,494,0,,multichain_receptor_single_ligand,True,PASS,
train,6umt_complex,6umt_complex.pdb,A,B,A,B,"A,B",1,1,2,"A,B",2,,,,,,117,102,219,0,,single_receptor_single_ligand,True,PASS,
train,6uvo_complex,6uvo_complex.pdb,HL,D,"H,L",D,"D,H,L",2,1,3,"D,H,L",3,,,,,,441,30,471,0,,multichain_receptor_single_ligand,True,PASS,
train,2hev_complex,2hev_complex.pdb,F,R,F,R,"F,R",1,1,2,"F,R",2,,,,,,126,140,266,0,,single_receptor_single_ligand,True,PASS,
train,1s4y_complex,1s4y_complex.pdb,C,D,C,D,"C,D",1,1,2,"C,D",2,,,,,,95,112,207,0,,single_receptor_single_ligand,True,PASS,
train,5hk5_complex,5hk5_complex.pdb,E,A,E,A,"A,E",1,1,2,"A,E",2,,,,,,138,105,243,0,,single_receptor_single_ligand,True,PASS,
train,5hlz_complex,5hlz_complex.pdb,E,F,E,F,"E,F",1,1,2,"E,F",2,,,,,,204,86,290,0,,single_receptor_single_ligand,True,PASS,
train,1t6b_complex,1t6b_complex.pdb,X,Y,X,Y,"X,Y",1,1,2,"X,Y",2,,,,,,688,170,858,0,,single_receptor_single_ligand,True,PASS,
train,5e3e_complex,5e3e_complex.pdb,C,D,C,D,"C,D",1,1,2,"C,D",2,,,,,,92,112,204,0,,single_receptor_single_ligand,True,PASS,
train,3f7p_complex,3f7p_complex.pdb,B,D,B,D,"B,D",1,1,2,"B,D",2,,,,,,231,205,436,0,,single_receptor_single_ligand,True,PASS,
train,3zwh_complex,3zwh_complex.pdb,A,Q,A,Q,"A,Q",1,1,2,"A,Q",2,,,,,,93,43,136,0,,single_receptor_single_ligand,True,PASS,
train,2wjv_complex,2wjv_complex.pdb,B,E,B,E,"B,E",1,1,2,"B,E",2,,,,,,798,60,858,0,,single_receptor_single_ligand,True,PASS,
train,4ct0_complex,4ct0_complex.pdb,A,B,A,B,"A,B",1,1,2,"A,B",2,,,,,,494,96,590,0,,single_receptor_single_ligand,True,PASS,
train,4yiq_complex,4yiq_complex.pdb,C,D,C,D,"C,D",1,1,2,"C,D",2,,,,,,107,108,215,0,,single_receptor_single_ligand,True,PASS,
train,6aw2_complex,6aw2_complex.pdb,A,B,A,B,"A,B",1,1,2,"A,B",2,,,,,,107,368,475,0,,single_receptor_single_ligand,True,PASS,
train,6gbg_complex,6gbg_complex.pdb,D,A,D,A,"A,D",1,1,2,"A,D",2,,,,,,110,367,477,0,,single_receptor_single_ligand,True,PASS,
train,6gbh_complex,6gbh_complex.pdb,B,A,B,A,"A,B",1,1,2,"A,B",2,,,,,,108,355,463,0,,single_receptor_single_ligand,True,PASS,
train,4g6v_complex,4g6v_complex.pdb,A,B,A,B,"A,B",1,1,2,"A,B",2,,,,,,132,103,235,0,,single_receptor_single_ligand,True,PASS,
train,3mzg_complex,3mzg_complex.pdb,A,B,A,B,"A,B",1,1,2,"A,B",2,,,,,,186,206,392,0,,single_receptor_single_ligand,True,PASS,
train,3n06_complex,3n06_complex.pdb,A,B,A,B,"A,B",1,1,2,"A,B",2,,,,,,186,206,392,0,,single_receptor_single_ligand,True,PASS,
train,3n0p_complex,3n0p_complex.pdb,A,B,A,B,"A,B",1,1,2,"A,B",2,,,,,,186,206,392,0,,single_receptor_single_ligand,True,PASS,
train,3ncb_complex,3ncb_complex.pdb,A,B,A,B,"A,B",1,1,2,"A,B",2,,,,,,186,206,392,0,,single_receptor_single_ligand,True,PASS,
train,3ncc_complex,3ncc_complex.pdb,A,B,A,B,"A,B",1,1,2,"A,B",2,,,,,,186,206,392,0,,single_receptor_single_ligand,True,PASS,
train,6arq_complex,6arq_complex.pdb,A,D,A,D,"A,D",1,1,2,"A,D",2,,,,,,111,303,414,0,,single_receptor_single_ligand,True,PASS,
train,6isc_complex,6isc_complex.pdb,A,B,A,B,"A,B",1,1,2,"A,B",2,,,,,,222,118,340,0,,single_receptor_single_ligand,True,PASS,
train,6o3o_complex,6o3o_complex.pdb,A,C,A,C,"A,C",1,1,2,"A,C",2,,,,,,223,301,524,0,,single_receptor_single_ligand,True,PASS,
train,3oun_complex,3oun_complex.pdb,A,B,A,B,"A,B",1,1,2,"A,B",2,,,,,,91,256,347,0,,single_receptor_single_ligand,True,PASS,
train,5w9a_complex,5w9a_complex.pdb,B,D,B,D,"B,D",1,1,2,"B,D",2,,,,,,193,113,306,0,,single_receptor_single_ligand,True,PASS,
train,5w3x_complex,5w3x_complex.pdb,A,B,A,B,"A,B",1,1,2,"A,B",2,,,,,,335,67,402,0,,single_receptor_single_ligand,True,PASS,
train,1nm5_complex,1nm5_complex.pdb,B,C,B,C,"B,C",1,1,2,"B,C",2,,,,,,358,174,532,0,,single_receptor_single_ligand,True,PASS,
train,2oor_complex,2oor_complex.pdb,B,C,B,C,"B,C",1,1,2,"B,C",2,,,,,,364,173,537,0,,single_receptor_single_ligand,True,PASS,
train,5f4e_complex,5f4e_complex.pdb,A,B,A,B,"A,B",1,1,2,"A,B",2,,,,,,233,214,447,0,,single_receptor_single_ligand,True,PASS,
train,5jke_complex,5jke_complex.pdb,A,B,A,B,"A,B",1,1,2,"A,B",2,,,,,,237,215,452,0,,single_receptor_single_ligand,True,PASS,
train,1zm4_complex,1zm4_complex.pdb,C,D,C,D,"C,D",1,1,2,"C,D",2,,,,,,822,207,1029,0,,single_receptor_single_ligand,True,PASS,
train,4hh3_complex,4hh3_complex.pdb,A,C,A,C,"A,C",1,1,2,"A,C",2,,,,,,251,217,468,0,,single_receptor_single_ligand,True,PASS,
train,3eab_complex,3eab_complex.pdb,B,H,B,H,"B,H",1,1,2,"B,H",2,,,,,,88,48,136,0,,single_receptor_single_ligand,True,PASS,
train,3cqx_complex,3cqx_complex.pdb,B,C,B,C,"B,C",1,1,2,"B,C",2,,,,,,377,81,458,0,,single_receptor_single_ligand,True,PASS,
train,3qml_complex,3qml_complex.pdb,A,C,A,C,"A,C",1,1,2,"A,C",2,,,,,,377,266,643,0,,single_receptor_single_ligand,True,PASS,
train,5lpu_complex,5lpu_complex.pdb,B,D,B,D,"B,D",1,1,2,"B,D",2,,,,,,338,95,433,0,,single_receptor_single_ligand,True,PASS,
train,3dgc_complex,3dgc_complex.pdb,M,S,M,S,"M,S",1,1,2,"M,S",2,,,,,,141,207,348,0,,single_receptor_single_ligand,True,PASS,
train,4dck_complex,4dck_complex.pdb,BC,A,"B,C",A,"A,B,C",2,1,3,"A,B,C",3,,,,,,293,153,446,0,,multichain_receptor_single_ligand,True,PASS,
train,4lzx_complex,4lzx_complex.pdb,A,B,A,B,"A,B",1,1,2,"A,B",2,,,,,,145,37,182,0,,single_receptor_single_ligand,True,PASS,
train,4ovn_complex,4ovn_complex.pdb,B,G,B,G,"B,G",1,1,2,"B,G",2,,,,,,135,136,271,0,,single_receptor_single_ligand,True,PASS,
train,5ibw_complex,5ibw_complex.pdb,A,C,A,C,"A,C",1,1,2,"A,C",2,,,,,,76,43,119,0,,single_receptor_single_ligand,True,PASS,
train,6mud_complex,6mud_complex.pdb,A,B,A,B,"A,B",1,1,2,"A,B",2,,,,,,147,136,283,0,,single_receptor_single_ligand,True,PASS,
train,4x33_complex,4x33_complex.pdb,A,B,A,B,"A,B",1,1,2,"A,B",2,,,,,,60,331,391,0,,single_receptor_single_ligand,True,PASS,
train,2j0t_complex,2j0t_complex.pdb,C,F,C,F,"C,F",1,1,2,"C,F",2,,,,,,159,124,283,0,,single_receptor_single_ligand,True,PASS,
train,3ma2_complex,3ma2_complex.pdb,D,C,D,C,"C,D",1,1,2,"C,D",2,,,,,,171,124,295,0,,single_receptor_single_ligand,True,PASS,
train,6mav_complex,6mav_complex.pdb,A,B,A,B,"A,B",1,1,2,"A,B",2,,,,,,161,179,340,0,,single_receptor_single_ligand,True,PASS,
train,6n9d_complex,6n9d_complex.pdb,A,B,A,B,"A,B",1,1,2,"A,B",2,,,,,,161,179,340,0,,single_receptor_single_ligand,True,PASS,
train,1lzw_complex,1lzw_complex.pdb,A,B,A,B,"A,B",1,1,2,"A,B",2,,,,,,91,146,237,0,,single_receptor_single_ligand,True,PASS,
train,2wd5_complex,2wd5_complex.pdb,A,B,A,B,"A,B",1,1,2,"A,B",2,,,,,,177,194,371,0,,single_receptor_single_ligand,True,PASS,
train,4nqw_complex,4nqw_complex.pdb,A,B,A,B,"A,B",1,1,2,"A,B",2,,,,,,149,73,222,0,,single_receptor_single_ligand,True,PASS,
train,1o94_complex,1o94_complex.pdb,A,CD,A,"C,D","A,C,D",1,2,3,"A,C,D",3,,,,,,729,424,1153,0,,single_receptor_multichain_ligand,True,PASS,
train,1jtd_complex,1jtd_complex.pdb,A,B,A,B,"A,B",1,1,2,"A,B",2,,,,,,262,273,535,0,,single_receptor_single_ligand,True,PASS,
train,1jtg_complex,1jtg_complex.pdb,A,B,A,B,"A,B",1,1,2,"A,B",2,,,,,,263,165,428,0,,single_receptor_single_ligand,True,PASS,
train,2g2u_complex,2g2u_complex.pdb,A,B,A,B,"A,B",1,1,2,"A,B",2,,,,,,265,165,430,0,,single_receptor_single_ligand,True,PASS,
train,2g2w_complex,2g2w_complex.pdb,A,B,A,B,"A,B",1,1,2,"A,B",2,,,,,,265,165,430,0,,single_receptor_single_ligand,True,PASS,
train,3c4o_complex,3c4o_complex.pdb,A,B,A,B,"A,B",1,1,2,"A,B",2,,,,,,265,165,430,0,,single_receptor_single_ligand,True,PASS,
train,3c4p_complex,3c4p_complex.pdb,A,B,A,B,"A,B",1,1,2,"A,B",2,,,,,,265,165,430,0,,single_receptor_single_ligand,True,PASS,
train,3e2k_complex,3e2k_complex.pdb,A,D,A,D,"A,D",1,1,2,"A,D",2,,,,,,261,165,426,0,,single_receptor_single_ligand,True,PASS,
train,3e2l_complex,3e2l_complex.pdb,A,C,A,C,"A,C",1,1,2,"A,C",2,,,,,,260,165,425,0,,single_receptor_single_ligand,True,PASS,
train,3gmw_complex,3gmw_complex.pdb,C,D,C,D,"C,D",1,1,2,"C,D",2,,,,,,261,156,417,0,,single_receptor_single_ligand,True,PASS,
train,3n4i_complex,3n4i_complex.pdb,A,B,A,B,"A,B",1,1,2,"A,B",2,,,,,,265,165,430,0,,single_receptor_single_ligand,True,PASS,
train,3qhy_complex,3qhy_complex.pdb,A,B,A,B,"A,B",1,1,2,"A,B",2,,,,,,258,271,529,0,,single_receptor_single_ligand,True,PASS,
train,5npo_complex,5npo_complex.pdb,A,B,A,B,"A,B",1,1,2,"A,B",2,,,,,,263,248,511,0,,single_receptor_single_ligand,True,PASS,
train,2b7c_complex,2b7c_complex.pdb,A,B,A,B,"A,B",1,1,2,"A,B",2,,,,,,437,90,527,0,,single_receptor_single_ligand,True,PASS,
train,5aoq_complex,5aoq_complex.pdb,B,L,B,L,"B,L",1,1,2,"B,L",2,,,,,,246,90,336,0,,single_receptor_single_ligand,True,PASS,
train,3ixe_complex,3ixe_complex.pdb,A,B,A,B,"A,B",1,1,2,"A,B",2,,,,,,171,70,241,0,,single_receptor_single_ligand,True,PASS,
train,4dbg_complex,4dbg_complex.pdb,A,B,A,B,"A,B",1,1,2,"A,B",2,,,,,,82,146,228,0,,single_receptor_single_ligand,True,PASS,
train,5iia_complex,5iia_complex.pdb,G,H,G,H,"G,H",1,1,2,"G,H",2,,,,,,126,108,234,0,,single_receptor_single_ligand,True,PASS,
train,5omb_complex,5omb_complex.pdb,B,C,B,C,"B,C",1,1,2,"B,C",2,,,,,,125,98,223,0,,single_receptor_single_ligand,True,PASS,
train,5uv8_complex,5uv8_complex.pdb,G,I,G,I,"G,I",1,1,2,"G,I",2,,,,,,265,108,373,0,,single_receptor_single_ligand,True,PASS,
train,5uwc_complex,5uwc_complex.pdb,G,I,G,I,"G,I",1,1,2,"G,I",2,,,,,,267,112,379,0,,single_receptor_single_ligand,True,PASS,
train,1avz_complex,1avz_complex.pdb,B,C,B,C,"B,C",1,1,2,"B,C",2,,,,,,103,57,160,0,,single_receptor_single_ligand,True,PASS,
train,3rbb_complex,3rbb_complex.pdb,C,D,C,D,"C,D",1,1,2,"C,D",2,,,,,,140,58,198,0,,single_receptor_single_ligand,True,PASS,
train,3rea_complex,3rea_complex.pdb,A,B,A,B,"A,B",1,1,2,"A,B",2,,,,,,127,60,187,0,,single_receptor_single_ligand,True,PASS,
train,4afq_complex,4afq_complex.pdb,A,C,A,C,"A,C",1,1,2,"A,C",2,,,,,,226,61,287,0,,single_receptor_single_ligand,True,PASS,
train,4afz_complex,4afz_complex.pdb,A,C,A,C,"A,C",1,1,2,"A,C",2,,,,,,226,61,287,0,,single_receptor_single_ligand,True,PASS,
train,4ag2_complex,4ag2_complex.pdb,B,D,B,D,"B,D",1,1,2,"B,D",2,,,,,,226,58,284,0,,single_receptor_single_ligand,True,PASS,
train,4u5w_complex,4u5w_complex.pdb,C,D,C,D,"C,D",1,1,2,"C,D",2,,,,,,111,165,276,0,,single_receptor_single_ligand,True,PASS,
train,3rt0_complex,3rt0_complex.pdb,A,C,A,C,"A,C",1,1,2,"A,C",2,,,,,,331,172,503,0,,single_receptor_single_ligand,True,PASS,
train,5gwo_complex,5gwo_complex.pdb,B,D,B,D,"B,D",1,1,2,"B,D",2,,,,,,321,167,488,0,,single_receptor_single_ligand,True,PASS,
train,5gwp_complex,5gwp_complex.pdb,B,D,B,D,"B,D",1,1,2,"B,D",2,,,,,,325,149,474,0,,single_receptor_single_ligand,True,PASS,
train,6imf_complex,6imf_complex.pdb,A,B,A,B,"A,B",1,1,2,"A,B",2,,,,,,220,89,309,0,,single_receptor_single_ligand,True,PASS,
train,1xu1_complex,1xu1_complex.pdb,B,S,B,S,"B,S",1,1,2,"B,S",2,,,,,,137,36,173,0,,single_receptor_single_ligand,True,PASS,
train,5dob_complex,5dob_complex.pdb,A,B,A,B,"A,B",1,1,2,"A,B",2,,,,,,237,165,402,0,,single_receptor_single_ligand,True,PASS,
train,6fto_complex,6fto_complex.pdb,A,C,A,C,"A,C",1,1,2,"A,C",2,,,,,,66,75,141,0,,single_receptor_single_ligand,True,PASS,
train,4noo_complex,4noo_complex.pdb,C,D,C,D,"C,D",1,1,2,"C,D",2,,,,,,197,92,289,0,,single_receptor_single_ligand,True,PASS,
train,4nso_complex,4nso_complex.pdb,A,B,A,B,"A,B",1,1,2,"A,B",2,,,,,,194,91,285,0,,single_receptor_single_ligand,True,PASS,
train,1vet_complex,1vet_complex.pdb,A,B,A,B,"A,B",1,1,2,"A,B",2,,,,,,122,118,240,0,,single_receptor_single_ligand,True,PASS,
train,1veu_complex,1veu_complex.pdb,A,B,A,B,"A,B",1,1,2,"A,B",2,,,,,,118,119,237,0,,single_receptor_single_ligand,True,PASS,
train,2wp0_complex,2wp0_complex.pdb,A,C,A,C,"A,C",1,1,2,"A,C",2,,,,,,180,86,266,0,,single_receptor_single_ligand,True,PASS,
train,6b12_complex,6b12_complex.pdb,A,C,A,C,"A,C",1,1,2,"A,C",2,,,,,,117,148,265,0,,single_receptor_single_ligand,True,PASS,
train,1xg2_complex,1xg2_complex.pdb,A,B,A,B,"A,B",1,1,2,"A,B",2,,,,,,317,151,468,0,,single_receptor_single_ligand,True,PASS,
train,5eb1_complex,5eb1_complex.pdb,C,D,C,D,"C,D",1,1,2,"C,D",2,,,,,,148,124,272,0,,single_receptor_single_ligand,True,PASS,
train,4g6u_complex,4g6u_complex.pdb,A,B,A,B,"A,B",1,1,2,"A,B",2,,,,,,205,160,365,0,,single_receptor_single_ligand,True,PASS,
train,4zqu_complex,4zqu_complex.pdb,A,B,A,B,"A,B",1,1,2,"A,B",2,,,,,,124,174,298,0,,single_receptor_single_ligand,True,PASS,
train,6ch2_complex,6ch2_complex.pdb,C,F,C,F,"C,F",1,1,2,"C,F",2,,,,,,331,146,477,0,,single_receptor_single_ligand,True,PASS,
train,6ch3_complex,6ch3_complex.pdb,A,B,A,B,"A,B",1,1,2,"A,B",2,,,,,,331,162,493,0,,single_receptor_single_ligand,True,PASS,
train,3p71_complex,3p71_complex.pdb,T,C,T,C,"C,T",1,1,2,"C,T",2,,,,,,315,303,618,0,,single_receptor_single_ligand,True,PASS,
train,4iyp_complex,4iyp_complex.pdb,A,C,A,C,"A,C",1,1,2,"A,C",2,,,,,,202,146,348,0,,single_receptor_single_ligand,True,PASS,
train,1kkl_complex,1kkl_complex.pdb,C,H,C,H,"C,H",1,1,2,"C,H",2,,,,,,177,86,263,0,,single_receptor_single_ligand,True,PASS,
train,3twi_complex,3twi_complex.pdb,C,F,C,F,"C,F",1,1,2,"C,F",2,,,,,,136,117,253,0,,single_receptor_single_ligand,True,PASS,
train,5gy2_complex,5gy2_complex.pdb,A,C,A,C,"A,C",1,1,2,"A,C",2,,,,,,442,169,611,0,,single_receptor_single_ligand,True,PASS,
train,6bxa_complex,6bxa_complex.pdb,B,D,B,D,"B,D",1,1,2,"B,D",2,,,,,,441,192,633,0,,single_receptor_single_ligand,True,PASS,
train,6bxc_complex,6bxc_complex.pdb,A,C,A,C,"A,C",1,1,2,"A,C",2,,,,,,441,165,606,0,,single_receptor_single_ligand,True,PASS,
train,1pvh_complex,1pvh_complex.pdb,C,D,C,D,"C,D",1,1,2,"C,D",2,,,,,,201,169,370,0,,single_receptor_single_ligand,True,PASS,
train,5cxb_complex,5cxb_complex.pdb,A,B,A,B,"A,B",1,1,2,"A,B",2,,,,,,476,352,828,0,,single_receptor_single_ligand,True,PASS,
train,5cyk_complex,5cyk_complex.pdb,A,B,A,B,"A,B",1,1,2,"A,B",2,,,,,,475,350,825,0,,single_receptor_single_ligand,True,PASS,
train,2wy3_complex,2wy3_complex.pdb,A,B,A,B,"A,B",1,1,2,"A,B",2,,,,,,176,137,313,0,,single_receptor_single_ligand,True,PASS,
train,2b42_complex,2b42_complex.pdb,A,B,A,B,"A,B",1,1,2,"A,B",2,,,,,,376,184,560,0,,single_receptor_single_ligand,True,PASS,
train,1i2m_complex,1i2m_complex.pdb,A,B,A,B,"A,B",1,1,2,"A,B",2,,,,,,170,394,564,0,,single_receptor_single_ligand,True,PASS,
train,1ibr_complex,1ibr_complex.pdb,A,B,A,B,"A,B",1,1,2,"A,B",2,,,,,,169,458,627,0,,single_receptor_single_ligand,True,PASS,
train,1k5d_complex,1k5d_complex.pdb,A,C,A,C,"A,C",1,1,2,"A,C",2,,,,,,206,344,550,0,,single_receptor_single_ligand,True,PASS,
train,3ch5_complex,3ch5_complex.pdb,A,B,A,B,"A,B",1,1,2,"A,B",2,,,,,,199,37,236,0,,single_receptor_single_ligand,True,PASS,
train,3vza_complex,3vza_complex.pdb,BD,F,"B,D",F,"B,D,F",2,1,3,"B,D,F",3,,,,,,161,31,192,0,,multichain_receptor_single_ligand,True,PASS,
train,4ol0_complex,4ol0_complex.pdb,A,B,A,B,"A,B",1,1,2,"A,B",2,,,,,,172,920,1092,0,,single_receptor_single_ligand,True,PASS,
train,3m63_complex,3m63_complex.pdb,A,B,A,B,"A,B",1,1,2,"A,B",2,,,,,,957,72,1029,0,,single_receptor_single_ligand,True,PASS,
train,4ons_complex,4ons_complex.pdb,A,B,A,B,"A,B",1,1,2,"A,B",2,,,,,,243,61,304,0,,single_receptor_single_ligand,True,PASS,
train,1us7_complex,1us7_complex.pdb,A,B,A,B,"A,B",1,1,2,"A,B",2,,,,,,207,201,408,0,,single_receptor_single_ligand,True,PASS,
train,2es4_complex,2es4_complex.pdb,B,E,B,E,"B,E",1,1,2,"B,E",2,,,,,,319,277,596,0,,single_receptor_single_ligand,True,PASS,
train,2qc1_complex,2qc1_complex.pdb,A,B,A,B,"A,B",1,1,2,"A,B",2,,,,,,74,212,286,0,,single_receptor_single_ligand,True,PASS,
train,4p1n_complex,4p1n_complex.pdb,B,D,B,D,"B,D",1,1,2,"B,D",2,,,,,,213,53,266,0,,single_receptor_single_ligand,True,PASS,
train,1rke_complex,1rke_complex.pdb,A,B,A,B,"A,B",1,1,2,"A,B",2,,,,,,262,182,444,0,,single_receptor_single_ligand,True,PASS,
train,3hug_complex,3hug_complex.pdb,I,J,I,J,"I,J",1,1,2,"I,J",2,,,,,,77,64,141,0,,single_receptor_single_ligand,True,PASS,
train,4etw_complex,4etw_complex.pdb,C,D,C,D,"C,D",1,1,2,"C,D",2,,,,,,255,75,330,0,,single_receptor_single_ligand,True,PASS,
train,5kof_complex,5kof_complex.pdb,A,C,A,C,"A,C",1,1,2,"A,C",2,,,,,,407,75,482,0,,single_receptor_single_ligand,True,PASS,
train,3tl8_complex,3tl8_complex.pdb,D,F,D,F,"D,F",1,1,2,"D,F",2,,,,,,306,88,394,0,,single_receptor_single_ligand,True,PASS,
train,4dt1_complex,4dt1_complex.pdb,A,B,A,B,"A,B",1,1,2,"A,B",2,,,,,,213,232,445,0,,single_receptor_single_ligand,True,PASS,
train,3bpl_complex,3bpl_complex.pdb,AB,C,"A,B",C,"A,B,C",2,1,3,"A,B,C",3,,,,,,328,194,522,0,,multichain_receptor_single_ligand,True,PASS,
train,1j2j_complex,1j2j_complex.pdb,A,B,A,B,"A,B",1,1,2,"A,B",2,,,,,,165,41,206,0,,single_receptor_single_ligand,True,PASS,
train,2j59_complex,2j59_complex.pdb,F,R,F,R,"F,R",1,1,2,"F,R",2,,,,,,165,133,298,0,,single_receptor_single_ligand,True,PASS,
train,2w83_complex,2w83_complex.pdb,B,C,B,C,"B,C",1,1,2,"B,C",2,,,,,,161,67,228,0,,single_receptor_single_ligand,True,PASS,
train,3bh6_complex,3bh6_complex.pdb,A,B,A,B,"A,B",1,1,2,"A,B",2,,,,,,161,314,475,0,,single_receptor_single_ligand,True,PASS,
train,3doe_complex,3doe_complex.pdb,A,B,A,B,"A,B",1,1,2,"A,B",2,,,,,,189,116,305,0,,single_receptor_single_ligand,True,PASS,
train,3tjz_complex,3tjz_complex.pdb,A,B,A,B,"A,B",1,1,2,"A,B",2,,,,,,159,275,434,0,,single_receptor_single_ligand,True,PASS,
train,3vhx_complex,3vhx_complex.pdb,C,D,C,D,"C,D",1,1,2,"C,D",2,,,,,,162,106,268,0,,single_receptor_single_ligand,True,PASS,
train,4zi2_complex,4zi2_complex.pdb,B,D,B,D,"B,D",1,1,2,"B,D",2,,,,,,175,125,300,0,,single_receptor_single_ligand,True,PASS,
train,4zi3_complex,4zi3_complex.pdb,B,D,B,D,"B,D",1,1,2,"B,D",2,,,,,,175,128,303,0,,single_receptor_single_ligand,True,PASS,
train,1wpx_complex,1wpx_complex.pdb,A,B,A,B,"A,B",1,1,2,"A,B",2,,,,,,421,219,640,0,,single_receptor_single_ligand,True,PASS,
train,3f1p_complex,3f1p_complex.pdb,A,B,A,B,"A,B",1,1,2,"A,B",2,,,,,,114,111,225,0,,single_receptor_single_ligand,True,PASS,
train,4h6j_complex,4h6j_complex.pdb,A,B,A,B,"A,B",1,1,2,"A,B",2,,,,,,106,111,217,0,,single_receptor_single_ligand,True,PASS,
train,3zv0_complex,3zv0_complex.pdb,A,C,A,C,"A,C",1,1,2,"A,C",2,,,,,,340,161,501,0,,single_receptor_single_ligand,True,PASS,
train,4p6i_complex,4p6i_complex.pdb,A,D,A,D,"A,D",1,1,2,"A,D",2,,,,,,101,295,396,0,,single_receptor_single_ligand,True,PASS,
train,3gqi_complex,3gqi_complex.pdb,A,B,A,B,"A,B",1,1,2,"A,B",2,,,,,,304,226,530,0,,single_receptor_single_ligand,True,PASS,
train,5eg3_complex,5eg3_complex.pdb,A,B,A,B,"A,B",1,1,2,"A,B",2,,,,,,308,113,421,0,,single_receptor_single_ligand,True,PASS,
train,3w8h_complex,3w8h_complex.pdb,A,B,A,B,"A,B",1,1,2,"A,B",2,,,,,,197,66,263,0,,single_receptor_single_ligand,True,PASS,
train,3w8i_complex,3w8i_complex.pdb,A,B,A,B,"A,B",1,1,2,"A,B",2,,,,,,193,67,260,0,,single_receptor_single_ligand,True,PASS,
train,4geh_complex,4geh_complex.pdb,C,D,C,D,"C,D",1,1,2,"C,D",2,,,,,,198,69,267,0,,single_receptor_single_ligand,True,PASS,
train,1xqs_complex,1xqs_complex.pdb,B,D,B,D,"B,D",1,1,2,"B,D",2,,,,,,264,165,429,0,,single_receptor_single_ligand,True,PASS,
train,3orv_complex,3orv_complex.pdb,A,CD,A,"C,D","A,C,D",1,2,3,"A,C,D",3,,,,,,354,499,853,0,,single_receptor_multichain_ligand,True,PASS,
train,5nvk_complex,5nvk_complex.pdb,G,H,G,H,"G,H",1,1,2,"G,H",2,,,,,,183,66,249,0,,single_receptor_single_ligand,True,PASS,
train,5nvl_complex,5nvl_complex.pdb,A,B,A,B,"A,B",1,1,2,"A,B",2,,,,,,172,69,241,0,,single_receptor_single_ligand,True,PASS,
train,5nvm_complex,5nvm_complex.pdb,C,D,C,D,"C,D",1,1,2,"C,D",2,,,,,,169,37,206,0,,single_receptor_single_ligand,True,PASS,
train,5nvn_complex,5nvn_complex.pdb,C,D,C,D,"C,D",1,1,2,"C,D",2,,,,,,179,35,214,0,,single_receptor_single_ligand,True,PASS,
train,4etp_complex,4etp_complex.pdb,A,B,A,B,"A,B",1,1,2,"A,B",2,,,,,,384,307,691,0,,single_receptor_single_ligand,True,PASS,
train,1dp5_complex,1dp5_complex.pdb,A,B,A,B,"A,B",1,1,2,"A,B",2,,,,,,329,31,360,0,,single_receptor_single_ligand,True,PASS,
train,1f34_complex,1f34_complex.pdb,A,B,A,B,"A,B",1,1,2,"A,B",2,,,,,,325,148,473,0,,single_receptor_single_ligand,True,PASS,
train,3qlu_complex,3qlu_complex.pdb,A,C,A,C,"A,C",1,1,2,"A,C",2,,,,,,374,382,756,0,,single_receptor_single_ligand,True,PASS,
train,1ul1_complex,1ul1_complex.pdb,X,A,X,A,"A,X",1,1,2,"A,X",2,,,,,,327,259,586,0,,single_receptor_single_ligand,True,PASS,
train,3vep_complex,3vep_complex.pdb,J,H,J,H,"H,J",1,1,2,"H,J",2,,,,,,47,69,116,0,,single_receptor_single_ligand,True,PASS,
train,3wwn_complex,3wwn_complex.pdb,A,B,A,B,"A,B",1,1,2,"A,B",2,,,,,,269,54,323,0,,single_receptor_single_ligand,True,PASS,
train,6m7l_complex,6m7l_complex.pdb,B,A,B,A,"A,B",1,1,2,"A,B",2,,,,,,433,379,812,0,,single_receptor_single_ligand,True,PASS,
train,4eef_complex,4eef_complex.pdb,AB,G,"A,B",G,"A,B,G",2,1,3,"A,B,G",3,,,,,,498,45,543,0,,multichain_receptor_single_ligand,True,PASS,
train,3vpj_complex,3vpj_complex.pdb,A,E,A,E,"A,E",1,1,2,"A,E",2,,,,,,146,148,294,0,,single_receptor_single_ligand,True,PASS,
train,4eqa_complex,4eqa_complex.pdb,A,C,A,C,"A,C",1,1,2,"A,C",2,,,,,,146,150,296,0,,single_receptor_single_ligand,True,PASS,
train,2mta_complex,2mta_complex.pdb,HL,A,"H,L",A,"A,H,L",2,1,3,"A,H,L",3,,,,,,497,105,602,0,,multichain_receptor_single_ligand,True,PASS,
train,1ugh_complex,1ugh_complex.pdb,E,I,E,I,"E,I",1,1,2,"E,I",2,,,,,,223,82,305,0,,single_receptor_single_ligand,True,PASS,
train,1uug_complex,1uug_complex.pdb,C,D,C,D,"C,D",1,1,2,"C,D",2,,,,,,221,82,303,0,,single_receptor_single_ligand,True,PASS,
train,2j8x_complex,2j8x_complex.pdb,A,B,A,B,"A,B",1,1,2,"A,B",2,,,,,,230,83,313,0,,single_receptor_single_ligand,True,PASS,
train,3wdg_complex,3wdg_complex.pdb,A,B,A,B,"A,B",1,1,2,"A,B",2,,,,,,216,110,326,0,,single_receptor_single_ligand,True,PASS,
train,4lyl_complex,4lyl_complex.pdb,E,F,E,F,"E,F",1,1,2,"E,F",2,,,,,,223,82,305,0,,single_receptor_single_ligand,True,PASS,
train,5ayr_complex,5ayr_complex.pdb,C,D,C,D,"C,D",1,1,2,"C,D",2,,,,,,224,109,333,0,,single_receptor_single_ligand,True,PASS,
train,5ays_complex,5ays_complex.pdb,B,D,B,D,"B,D",1,1,2,"B,D",2,,,,,,230,109,339,0,,single_receptor_single_ligand,True,PASS,
train,1tdq_complex,1tdq_complex.pdb,A,B,A,B,"A,B",1,1,2,"A,B",2,,,,,,271,126,397,0,,single_receptor_single_ligand,True,PASS,
train,3zet_complex,3zet_complex.pdb,A,B,A,B,"A,B",1,1,2,"A,B",2,,,,,,229,337,566,0,,single_receptor_single_ligand,True,PASS,
train,3zeu_complex,3zeu_complex.pdb,D,E,D,E,"D,E",1,1,2,"D,E",2,,,,,,225,337,562,0,,single_receptor_single_ligand,True,PASS,
train,1b6c_complex,1b6c_complex.pdb,E,F,E,F,"E,F",1,1,2,"E,F",2,,,,,,107,326,433,0,,single_receptor_single_ligand,True,PASS,
train,5gpg_complex,5gpg_complex.pdb,A,B,A,B,"A,B",1,1,2,"A,B",2,,,,,,117,92,209,0,,single_receptor_single_ligand,True,PASS,
train,3c9a_complex,3c9a_complex.pdb,B,D,B,D,"B,D",1,1,2,"B,D",2,,,,,,207,48,255,0,,single_receptor_single_ligand,True,PASS,
train,5jh5_complex,5jh5_complex.pdb,CD,A,"C,D",A,"A,C,D",2,1,3,"A,C,D",3,,,,,,210,263,473,0,,multichain_receptor_single_ligand,True,PASS,
train,3w6j_complex,3w6j_complex.pdb,D,F,D,F,"D,F",1,1,2,"D,F",2,,,,,,146,170,316,0,,single_receptor_single_ligand,True,PASS,
train,4f48_complex,4f48_complex.pdb,A,B,A,B,"A,B",1,1,2,"A,B",2,,,,,,241,99,340,0,,single_receptor_single_ligand,True,PASS,
train,1vg0_complex,1vg0_complex.pdb,A,B,A,B,"A,B",1,1,2,"A,B",2,,,,,,500,186,686,0,,single_receptor_single_ligand,True,PASS,
train,2cjs_complex,2cjs_complex.pdb,A,C,A,C,"A,C",1,1,2,"A,C",2,,,,,,163,54,217,0,,single_receptor_single_ligand,True,PASS,
train,1x75_complex,1x75_complex.pdb,B,D,B,D,"B,D",1,1,2,"B,D",2,,,,,,132,101,233,0,,single_receptor_single_ligand,True,PASS,
train,3sf4_complex,3sf4_complex.pdb,A,D,A,D,"A,D",1,1,2,"A,D",2,,,,,,362,45,407,0,,single_receptor_single_ligand,True,PASS,
train,3fie_complex,3fie_complex.pdb,A,C,A,C,"A,C",1,1,2,"A,C",2,,,,,,415,33,448,0,,single_receptor_single_ligand,True,PASS,
train,3k75_complex,3k75_complex.pdb,B,D,B,D,"B,D",1,1,2,"B,D",2,,,,,,152,248,400,0,,single_receptor_single_ligand,True,PASS,
train,3t1q_complex,3t1q_complex.pdb,A,B,A,B,"A,B",1,1,2,"A,B",2,,,,,,184,132,316,0,,single_receptor_single_ligand,True,PASS,
train,4xxw_complex,4xxw_complex.pdb,A,D,A,D,"A,D",1,1,2,"A,D",2,,,,,,229,204,433,0,,single_receptor_single_ligand,True,PASS,
train,5cw7_complex,5cw7_complex.pdb,I,J,I,J,"I,J",1,1,2,"I,J",2,,,,,,56,94,150,0,,single_receptor_single_ligand,True,PASS,
train,5czf_complex,5czf_complex.pdb,A,D,A,D,"A,D",1,1,2,"A,D",2,,,,,,45,92,137,0,,single_receptor_single_ligand,True,PASS,
train,4gaf_complex,4gaf_complex.pdb,A,B,A,B,"A,B",1,1,2,"A,B",2,,,,,,152,310,462,0,,single_receptor_single_ligand,True,PASS,
train,2f4m_complex,2f4m_complex.pdb,A,B,A,B,"A,B",1,1,2,"A,B",2,,,,,,295,61,356,0,,single_receptor_single_ligand,True,PASS,
train,2zvn_complex,2zvn_complex.pdb,A,D,A,D,"A,D",1,1,2,"A,D",2,,,,,,148,85,233,0,,single_receptor_single_ligand,True,PASS,
train,2zvo_complex,2zvo_complex.pdb,A,D,A,D,"A,D",1,1,2,"A,D",2,,,,,,149,88,237,0,,single_receptor_single_ligand,True,PASS,
train,4q5e_complex,4q5e_complex.pdb,BC,A,"B,C",A,"A,B,C",2,1,3,"A,B,C",3,,,,,,231,168,399,0,,multichain_receptor_single_ligand,True,PASS,
train,5h07_complex,5h07_complex.pdb,A,D,A,D,"A,D",1,1,2,"A,D",2,,,,,,223,78,301,0,,single_receptor_single_ligand,True,PASS,
train,6n6r_complex,6n6r_complex.pdb,A,D,A,D,"A,D",1,1,2,"A,D",2,,,,,,148,67,215,0,,single_receptor_single_ligand,True,PASS,
train,3qt2_complex,3qt2_complex.pdb,A,C,A,C,"A,C",1,1,2,"A,C",2,,,,,,307,110,417,0,,single_receptor_single_ligand,True,PASS,
train,4dh2_complex,4dh2_complex.pdb,A,B,A,B,"A,B",1,1,2,"A,B",2,,,,,,158,72,230,0,,single_receptor_single_ligand,True,PASS,
train,5fqd_complex,5fqd_complex.pdb,B,A,B,A,"A,B",1,1,2,"A,B",2,,,,,,390,836,1226,0,,single_receptor_single_ligand,True,PASS,
train,3k1r_complex,3k1r_complex.pdb,A,B,A,B,"A,B",1,1,2,"A,B",2,,,,,,192,74,266,0,,single_receptor_single_ligand,True,PASS,
train,5f3x_complex,5f3x_complex.pdb,A,B,A,B,"A,B",1,1,2,"A,B",2,,,,,,190,75,265,0,,single_receptor_single_ligand,True,PASS,
train,1ffw_complex,1ffw_complex.pdb,A,B,A,B,"A,B",1,1,2,"A,B",2,,,,,,128,68,196,0,,single_receptor_single_ligand,True,PASS,
train,2ptt_complex,2ptt_complex.pdb,A,B,A,B,"A,B",1,1,2,"A,B",2,,,,,,103,108,211,0,,single_receptor_single_ligand,True,PASS,
train,5nt1_complex,5nt1_complex.pdb,A,J,A,J,"A,J",1,1,2,"A,J",2,,,,,,173,119,292,0,,single_receptor_single_ligand,True,PASS,
train,4zgq_complex,4zgq_complex.pdb,A,B,A,B,"A,B",1,1,2,"A,B",2,,,,,,275,102,377,0,,single_receptor_single_ligand,True,PASS,
train,3ul4_complex,3ul4_complex.pdb,A,B,A,B,"A,B",1,1,2,"A,B",2,,,,,,142,63,205,0,,single_receptor_single_ligand,True,PASS,
train,2i3s_complex,2i3s_complex.pdb,E,F,E,F,"E,F",1,1,2,"E,F",2,,,,,,340,36,376,0,,single_receptor_single_ligand,True,PASS,
train,2i3t_complex,2i3t_complex.pdb,E,F,E,F,"E,F",1,1,2,"E,F",2,,,,,,340,43,383,0,,single_receptor_single_ligand,True,PASS,
train,3gc3_complex,3gc3_complex.pdb,A,B,A,B,"A,B",1,1,2,"A,B",2,,,,,,380,348,728,0,,single_receptor_single_ligand,True,PASS,
train,2iyb_complex,2iyb_complex.pdb,D,H,D,H,"D,H",1,1,2,"D,H",2,,,,,,112,63,175,0,,single_receptor_single_ligand,True,PASS,
train,5z2w_complex,5z2w_complex.pdb,A,B,A,B,"A,B",1,1,2,"A,B",2,,,,,,209,35,244,0,,single_receptor_single_ligand,True,PASS,
train,4udm_complex,4udm_complex.pdb,A,B,A,B,"A,B",1,1,2,"A,B",2,,,,,,84,96,180,0,,single_receptor_single_ligand,True,PASS,
train,3kz1_complex,3kz1_complex.pdb,A,F,A,F,"A,F",1,1,2,"A,F",2,,,,,,369,179,548,0,,single_receptor_single_ligand,True,PASS,
train,4yc7_complex,4yc7_complex.pdb,B,A,B,A,"A,B",1,1,2,"A,B",2,,,,,,291,179,470,0,,single_receptor_single_ligand,True,PASS,
train,5hpy_complex,5hpy_complex.pdb,D,F,D,F,"D,F",1,1,2,"D,F",2,,,,,,201,178,379,0,,single_receptor_single_ligand,True,PASS,
train,5upk_complex,5upk_complex.pdb,B,C,B,C,"B,C",1,1,2,"B,C",2,,,,,,288,178,466,0,,single_receptor_single_ligand,True,PASS,
train,4apx_complex,4apx_complex.pdb,A,B,A,B,"A,B",1,1,2,"A,B",2,,,,,,208,238,446,0,,single_receptor_single_ligand,True,PASS,
train,4aqe_complex,4aqe_complex.pdb,A,B,A,B,"A,B",1,1,2,"A,B",2,,,,,,206,238,444,0,,single_receptor_single_ligand,True,PASS,
train,1ta3_complex,1ta3_complex.pdb,A,B,A,B,"A,B",1,1,2,"A,B",2,,,,,,274,301,575,0,,single_receptor_single_ligand,True,PASS,
train,1te1_complex,1te1_complex.pdb,A,B,A,B,"A,B",1,1,2,"A,B",2,,,,,,274,190,464,0,,single_receptor_single_ligand,True,PASS,
train,1zhi_complex,1zhi_complex.pdb,A,B,A,B,"A,B",1,1,2,"A,B",2,,,,,,205,125,330,0,,single_receptor_single_ligand,True,PASS,
train,4doh_complex,4doh_complex.pdb,BR,A,"B,R",A,"A,B,R",2,1,3,"A,B,R",3,,,,,,397,153,550,0,,multichain_receptor_single_ligand,True,PASS,
train,4yoc_complex,4yoc_complex.pdb,A,C,A,C,"A,C",1,1,2,"A,C",2,,,,,,901,529,1430,0,,single_receptor_single_ligand,True,PASS,
train,4kgg_complex,4kgg_complex.pdb,D,A,D,A,"A,D",1,1,2,"A,D",2,,,,,,163,149,312,0,,single_receptor_single_ligand,True,PASS,
train,5xjg_complex,5xjg_complex.pdb,A,B,A,B,"A,B",1,1,2,"A,B",2,,,,,,494,30,524,0,,single_receptor_single_ligand,True,PASS,
train,4lrz_complex,4lrz_complex.pdb,D,E,D,E,"D,E",1,1,2,"D,E",2,,,,,,211,294,505,0,,single_receptor_single_ligand,True,PASS,
train,5bqe_complex,5bqe_complex.pdb,A,B,A,B,"A,B",1,1,2,"A,B",2,,,,,,101,97,198,0,,single_receptor_single_ligand,True,PASS,
train,1icf_complex,1icf_complex.pdb,A,I,A,I,"A,I",1,1,2,"A,I",2,,,,,,175,65,240,0,,single_receptor_single_ligand,True,PASS,
train,3h6s_complex,3h6s_complex.pdb,B,F,B,F,"B,F",1,1,2,"B,F",2,,,,,,220,150,370,0,,single_receptor_single_ligand,True,PASS,
train,4rt6_complex,4rt6_complex.pdb,A,B,A,B,"A,B",1,1,2,"A,B",2,,,,,,813,185,998,0,,single_receptor_single_ligand,True,PASS,
train,5b3h_complex,5b3h_complex.pdb,B,C,B,C,"B,C",1,1,2,"B,C",2,,,,,,410,54,464,0,,single_receptor_single_ligand,True,PASS,
train,3h8d_complex,3h8d_complex.pdb,A,E,A,E,"A,E",1,1,2,"A,E",2,,,,,,120,38,158,0,,single_receptor_single_ligand,True,PASS,
train,2hrk_complex,2hrk_complex.pdb,A,B,A,B,"A,B",1,1,2,"A,B",2,,,,,,177,121,298,0,,single_receptor_single_ligand,True,PASS,
train,3knb_complex,3knb_complex.pdb,A,B,A,B,"A,B",1,1,2,"A,B",2,,,,,,98,96,194,0,,single_receptor_single_ligand,True,PASS,
train,5fug_complex,5fug_complex.pdb,AB,C,"A,B",C,"A,B,C",2,1,3,"A,B,C",3,,,,,,179,57,236,0,,multichain_receptor_single_ligand,True,PASS,
train,4iu3_complex,4iu3_complex.pdb,A,B,A,B,"A,B",1,1,2,"A,B",2,,,,,,207,236,443,0,,single_receptor_single_ligand,True,PASS,
train,3wqb_complex,3wqb_complex.pdb,A,B,A,B,"A,B",1,1,2,"A,B",2,,,,,,597,99,696,0,,single_receptor_single_ligand,True,PASS,
train,1usu_complex,1usu_complex.pdb,A,B,A,B,"A,B",1,1,2,"A,B",2,,,,,,256,142,398,0,,single_receptor_single_ligand,True,PASS,
train,1usv_complex,1usv_complex.pdb,E,F,E,F,"E,F",1,1,2,"E,F",2,,,,,,256,146,402,0,,single_receptor_single_ligand,True,PASS,
train,3gni_complex,3gni_complex.pdb,A,B,A,B,"A,B",1,1,2,"A,B",2,,,,,,335,309,644,0,,single_receptor_single_ligand,True,PASS,
train,4p3y_complex,4p3y_complex.pdb,A,B,A,B,"A,B",1,1,2,"A,B",2,,,,,,386,181,567,0,,single_receptor_single_ligand,True,PASS,
train,5ee4_complex,5ee4_complex.pdb,CD,A,"C,D",A,"A,C,D",2,1,3,"A,C,D",3,,,,,,287,306,593,0,,multichain_receptor_single_ligand,True,PASS,
train,1ewy_complex,1ewy_complex.pdb,A,C,A,C,"A,C",1,1,2,"A,C",2,,,,,,303,98,401,0,,single_receptor_single_ligand,True,PASS,
train,3m0a_complex,3m0a_complex.pdb,C,D,C,D,"C,D",1,1,2,"C,D",2,,,,,,62,74,136,0,,single_receptor_single_ligand,True,PASS,
train,4cvw_complex,4cvw_complex.pdb,A,C,A,C,"A,C",1,1,2,"A,C",2,,,,,,883,101,984,0,,single_receptor_single_ligand,True,PASS,
train,2v8s_complex,2v8s_complex.pdb,E,V,E,V,"E,V",1,1,2,"E,V",2,,,,,,137,93,230,0,,single_receptor_single_ligand,True,PASS,
train,3oiq_complex,3oiq_complex.pdb,A,B,A,B,"A,B",1,1,2,"A,B",2,,,,,,212,30,242,0,,single_receptor_single_ligand,True,PASS,
train,3onl_complex,3onl_complex.pdb,A,C,A,C,"A,C",1,1,2,"A,C",2,,,,,,140,95,235,0,,single_receptor_single_ligand,True,PASS,
train,3d7t_complex,3d7t_complex.pdb,A,B,A,B,"A,B",1,1,2,"A,B",2,,,,,,263,276,539,0,,single_receptor_single_ligand,True,PASS,
train,3k6g_complex,3k6g_complex.pdb,C,F,C,F,"C,F",1,1,2,"C,F",2,,,,,,92,31,123,0,,single_receptor_single_ligand,True,PASS,
train,4dx8_complex,4dx8_complex.pdb,E,K,E,K,"E,K",1,1,2,"E,K",2,,,,,,139,120,259,0,,single_receptor_single_ligand,True,PASS,
train,1z0k_complex,1z0k_complex.pdb,A,B,A,B,"A,B",1,1,2,"A,B",2,,,,,,169,61,230,0,,single_receptor_single_ligand,True,PASS,
train,2wwx_complex,2wwx_complex.pdb,A,B,A,B,"A,B",1,1,2,"A,B",2,,,,,,170,200,370,0,,single_receptor_single_ligand,True,PASS,
train,3jza_complex,3jza_complex.pdb,A,B,A,B,"A,B",1,1,2,"A,B",2,,,,,,170,193,363,0,,single_receptor_single_ligand,True,PASS,
train,3qbt_complex,3qbt_complex.pdb,A,B,A,B,"A,B",1,1,2,"A,B",2,,,,,,170,130,300,0,,single_receptor_single_ligand,True,PASS,
train,3tkl_complex,3tkl_complex.pdb,A,B,A,B,"A,B",1,1,2,"A,B",2,,,,,,171,192,363,0,,single_receptor_single_ligand,True,PASS,
train,3tnf_complex,3tnf_complex.pdb,A,B,A,B,"A,B",1,1,2,"A,B",2,,,,,,170,379,549,0,,single_receptor_single_ligand,True,PASS,
train,3tu3_complex,3tu3_complex.pdb,A,B,A,B,"A,B",1,1,2,"A,B",2,,,,,,119,564,683,0,,single_receptor_single_ligand,True,PASS,
train,3v1c_complex,3v1c_complex.pdb,A,B,A,B,"A,B",1,1,2,"A,B",2,,,,,,46,47,93,0,,single_receptor_single_ligand,True,PASS,
train,4c4p_complex,4c4p_complex.pdb,A,B,A,B,"A,B",1,1,2,"A,B",2,,,,,,167,56,223,0,,single_receptor_single_ligand,True,PASS,
train,4d0g_complex,4d0g_complex.pdb,A,C,A,C,"A,C",1,1,2,"A,C",2,,,,,,167,46,213,0,,single_receptor_single_ligand,True,PASS,
train,4ojk_complex,4ojk_complex.pdb,A,C,A,C,"A,C",1,1,2,"A,C",2,,,,,,174,37,211,0,,single_receptor_single_ligand,True,PASS,
train,5szi_complex,5szi_complex.pdb,A,B,A,B,"A,B",1,1,2,"A,B",2,,,,,,174,149,323,0,,single_receptor_single_ligand,True,PASS,
train,5szj_complex,5szj_complex.pdb,A,B,A,B,"A,B",1,1,2,"A,B",2,,,,,,175,153,328,0,,single_receptor_single_ligand,True,PASS,
train,5eoa_complex,5eoa_complex.pdb,A,D,A,D,"A,D",1,1,2,"A,D",2,,,,,,72,41,113,0,,single_receptor_single_ligand,True,PASS,
train,5eof_complex,5eof_complex.pdb,A,D,A,D,"A,D",1,1,2,"A,D",2,,,,,,74,41,115,0,,single_receptor_single_ligand,True,PASS,
train,5ep6_complex,5ep6_complex.pdb,A,B,A,B,"A,B",1,1,2,"A,B",2,,,,,,36,46,82,0,,single_receptor_single_ligand,True,PASS,
train,2wg3_complex,2wg3_complex.pdb,A,C,A,C,"A,C",1,1,2,"A,C",2,,,,,,160,425,585,0,,single_receptor_single_ligand,True,PASS,
train,3d1m_complex,3d1m_complex.pdb,B,C,B,C,"B,C",1,1,2,"B,C",2,,,,,,150,96,246,0,,single_receptor_single_ligand,True,PASS,
train,3o6q_complex,3o6q_complex.pdb,C,D,C,D,"C,D",1,1,2,"C,D",2,,,,,,140,44,184,0,,single_receptor_single_ligand,True,PASS,
train,1j7v_complex,1j7v_complex.pdb,L,R,L,R,"L,R",1,1,2,"L,R",2,,,,,,150,205,355,0,,single_receptor_single_ligand,True,PASS,
train,1y6k_complex,1y6k_complex.pdb,L,R,L,R,"L,R",1,1,2,"L,R",2,,,,,,145,205,350,0,,single_receptor_single_ligand,True,PASS,
train,1y6m_complex,1y6m_complex.pdb,L,R,L,R,"L,R",1,1,2,"L,R",2,,,,,,142,204,346,0,,single_receptor_single_ligand,True,PASS,
train,1y6n_complex,1y6n_complex.pdb,L,R,L,R,"L,R",1,1,2,"L,R",2,,,,,,137,202,339,0,,single_receptor_single_ligand,True,PASS,
train,1sq0_complex,1sq0_complex.pdb,A,B,A,B,"A,B",1,1,2,"A,B",2,,,,,,198,265,463,0,,single_receptor_single_ligand,True,PASS,
train,4c2a_complex,4c2a_complex.pdb,A,B,A,B,"A,B",1,1,2,"A,B",2,,,,,,202,266,468,0,,single_receptor_single_ligand,True,PASS,
train,4c2b_complex,4c2b_complex.pdb,G,H,G,H,"G,H",1,1,2,"G,H",2,,,,,,197,263,460,0,,single_receptor_single_ligand,True,PASS,
train,1oey_complex,1oey_complex.pdb,B,K,B,K,"B,K",1,1,2,"B,K",2,,,,,,74,101,175,0,,single_receptor_single_ligand,True,PASS,
train,4g59_complex,4g59_complex.pdb,A,C,A,C,"A,C",1,1,2,"A,C",2,,,,,,172,264,436,0,,single_receptor_single_ligand,True,PASS,
train,4tq0_complex,4tq0_complex.pdb,E,F,E,F,"E,F",1,1,2,"E,F",2,,,,,,271,40,311,0,,single_receptor_single_ligand,True,PASS,
train,4tq1_complex,4tq1_complex.pdb,A,B,A,B,"A,B",1,1,2,"A,B",2,,,,,,269,32,301,0,,single_receptor_single_ligand,True,PASS,
train,5jw9_complex,5jw9_complex.pdb,A,B,A,B,"A,B",1,1,2,"A,B",2,,,,,,35,113,148,0,,single_receptor_single_ligand,True,PASS,
train,3r9a_complex,3r9a_complex.pdb,C,D,C,D,"C,D",1,1,2,"C,D",2,,,,,,388,299,687,0,,single_receptor_single_ligand,True,PASS,
train,3vyr_complex,3vyr_complex.pdb,A,B,A,B,"A,B",1,1,2,"A,B",2,,,,,,72,371,443,0,,single_receptor_single_ligand,True,PASS,
train,3vys_complex,3vys_complex.pdb,AB,C,"A,B",C,"A,B,C",2,1,3,"A,B,C",3,,,,,,421,333,754,0,,multichain_receptor_single_ligand,True,PASS,
train,6ff3_complex,6ff3_complex.pdb,A,B,A,B,"A,B",1,1,2,"A,B",2,,,,,,210,40,250,0,,single_receptor_single_ligand,True,PASS,
train,6ird_complex,6ird_complex.pdb,B,C,B,C,"B,C",1,1,2,"B,C",2,,,,,,259,190,449,0,,single_receptor_single_ligand,True,PASS,
train,3qc8_complex,3qc8_complex.pdb,A,B,A,B,"A,B",1,1,2,"A,B",2,,,,,,170,80,250,0,,single_receptor_single_ligand,True,PASS,
train,3qq8_complex,3qq8_complex.pdb,A,B,A,B,"A,B",1,1,2,"A,B",2,,,,,,177,80,257,0,,single_receptor_single_ligand,True,PASS,
train,4kdi_complex,4kdi_complex.pdb,B,D,B,D,"B,D",1,1,2,"B,D",2,,,,,,166,75,241,0,,single_receptor_single_ligand,True,PASS,
train,5x4l_complex,5x4l_complex.pdb,B,D,B,D,"B,D",1,1,2,"B,D",2,,,,,,165,77,242,0,,single_receptor_single_ligand,True,PASS,
train,3rgf_complex,3rgf_complex.pdb,A,B,A,B,"A,B",1,1,2,"A,B",2,,,,,,339,266,605,0,,single_receptor_single_ligand,True,PASS,
train,2psm_complex,2psm_complex.pdb,B,C,B,C,"B,C",1,1,2,"B,C",2,,,,,,117,69,186,0,,single_receptor_single_ligand,True,PASS,
train,2z3q_complex,2z3q_complex.pdb,C,D,C,D,"C,D",1,1,2,"C,D",2,,,,,,117,77,194,0,,single_receptor_single_ligand,True,PASS,
train,2z3r_complex,2z3r_complex.pdb,A,B,A,B,"A,B",1,1,2,"A,B",2,,,,,,117,74,191,0,,single_receptor_single_ligand,True,PASS,
train,2xhe_complex,2xhe_complex.pdb,A,B,A,B,"A,B",1,1,2,"A,B",2,,,,,,567,220,787,0,,single_receptor_single_ligand,True,PASS,
train,5ft8_complex,5ft8_complex.pdb,I,Y,I,Y,"I,Y",1,1,2,"I,Y",2,,,,,,400,141,541,0,,single_receptor_single_ligand,True,PASS,
train,4jeh_complex,4jeh_complex.pdb,A,B,A,B,"A,B",1,1,2,"A,B",2,,,,,,563,221,784,0,,single_receptor_single_ligand,True,PASS,
train,4xhu_complex,4xhu_complex.pdb,A,B,A,B,"A,B",1,1,2,"A,B",2,,,,,,352,89,441,0,,single_receptor_single_ligand,True,PASS,
train,2xb6_complex,2xb6_complex.pdb,A,C,A,C,"A,C",1,1,2,"A,C",2,,,,,,540,177,717,0,,single_receptor_single_ligand,True,PASS,
train,2j1k_complex,2j1k_complex.pdb,Z,S,Z,S,"S,Z",1,1,2,"S,Z",2,,,,,,117,182,299,0,,single_receptor_single_ligand,True,PASS,
train,3mca_complex,3mca_complex.pdb,A,B,A,B,"A,B",1,1,2,"A,B",2,,,,,,384,347,731,0,,single_receptor_single_ligand,True,PASS,
train,3lbx_complex,3lbx_complex.pdb,A,B,A,B,"A,B",1,1,2,"A,B",2,,,,,,140,184,324,0,,single_receptor_single_ligand,True,PASS,
train,4pas_complex,4pas_complex.pdb,A,B,A,B,"A,B",1,1,2,"A,B",2,,,,,,35,39,74,0,,single_receptor_single_ligand,True,PASS,
train,1pxv_complex,1pxv_complex.pdb,A,C,A,C,"A,C",1,1,2,"A,C",2,,,,,,183,111,294,0,,single_receptor_single_ligand,True,PASS,
train,3blh_complex,3blh_complex.pdb,A,B,A,B,"A,B",1,1,2,"A,B",2,,,,,,317,255,572,0,,single_receptor_single_ligand,True,PASS,
train,4nst_complex,4nst_complex.pdb,A,B,A,B,"A,B",1,1,2,"A,B",2,,,,,,330,246,576,0,,single_receptor_single_ligand,True,PASS,
train,5jw7_complex,5jw7_complex.pdb,A,B,A,B,"A,B",1,1,2,"A,B",2,,,,,,262,61,323,0,,single_receptor_single_ligand,True,PASS,
train,4pbv_complex,4pbv_complex.pdb,B,D,B,D,"B,D",1,1,2,"B,D",2,,,,,,258,198,456,0,,single_receptor_single_ligand,True,PASS,
train,4y5o_complex,4y5o_complex.pdb,A,B,A,B,"A,B",1,1,2,"A,B",2,,,,,,78,103,181,0,,single_receptor_single_ligand,True,PASS,
train,3bp8_complex,3bp8_complex.pdb,B,D,B,D,"B,D",1,1,2,"B,D",2,,,,,,395,75,470,0,,single_receptor_single_ligand,True,PASS,
train,1lqs_complex,1lqs_complex.pdb,R,L,R,L,"L,R",1,1,2,"L,R",2,,,,,,207,142,349,0,,single_receptor_single_ligand,True,PASS,
train,1u7f_complex,1u7f_complex.pdb,A,B,A,B,"A,B",1,1,2,"A,B",2,,,,,,196,191,387,0,,single_receptor_single_ligand,True,PASS,
train,1u7v_complex,1u7v_complex.pdb,A,B,A,B,"A,B",1,1,2,"A,B",2,,,,,,196,208,404,0,,single_receptor_single_ligand,True,PASS,
train,2f5z_complex,2f5z_complex.pdb,B,K,B,K,"B,K",1,1,2,"B,K",2,,,,,,471,43,514,0,,single_receptor_single_ligand,True,PASS,
train,2o8v_complex,2o8v_complex.pdb,A,B,A,B,"A,B",1,1,2,"A,B",2,,,,,,243,108,351,0,,single_receptor_single_ligand,True,PASS,
train,5c4v_complex,5c4v_complex.pdb,C,D,C,D,"C,D",1,1,2,"C,D",2,,,,,,188,91,279,0,,single_receptor_single_ligand,True,PASS,
train,5xoc_complex,5xoc_complex.pdb,A,B,A,B,"A,B",1,1,2,"A,B",2,,,,,,194,133,327,0,,single_receptor_single_ligand,True,PASS,
train,4w4l_complex,4w4l_complex.pdb,AB,C,"A,B",C,"A,B,C",2,1,3,"A,B,C",3,,,,,,258,297,555,0,,multichain_receptor_single_ligand,True,PASS,
train,5xfs_complex,5xfs_complex.pdb,AB,C,"A,B",C,"A,B,C",2,1,3,"A,B,C",3,,,,,,251,293,544,0,,multichain_receptor_single_ligand,True,PASS,
train,6fub_complex,6fub_complex.pdb,B,A,B,A,"A,B",1,1,2,"A,B",2,,,,,,93,81,174,0,,single_receptor_single_ligand,True,PASS,
train,2nqd_complex,2nqd_complex.pdb,A,B,A,B,"A,B",1,1,2,"A,B",2,,,,,,109,221,330,0,,single_receptor_single_ligand,True,PASS,
train,3e1z_complex,3e1z_complex.pdb,A,B,A,B,"A,B",1,1,2,"A,B",2,,,,,,109,212,321,0,,single_receptor_single_ligand,True,PASS,
train,3idb_complex,3idb_complex.pdb,A,B,A,B,"A,B",1,1,2,"A,B",2,,,,,,341,158,499,0,,single_receptor_single_ligand,True,PASS,
train,3idc_complex,3idc_complex.pdb,A,B,A,B,"A,B",1,1,2,"A,B",2,,,,,,341,163,504,0,,single_receptor_single_ligand,True,PASS,
train,6mm6_complex,6mm6_complex.pdb,E,F,E,F,"E,F",1,1,2,"E,F",2,,,,,,331,204,535,0,,single_receptor_single_ligand,True,PASS,
train,1ava_complex,1ava_complex.pdb,A,C,A,C,"A,C",1,1,2,"A,C",2,,,,,,403,181,584,0,,single_receptor_single_ligand,True,PASS,
train,1lw6_complex,1lw6_complex.pdb,E,I,E,I,"E,I",1,1,2,"E,I",2,,,,,,281,63,344,0,,single_receptor_single_ligand,True,PASS,
train,1oyv_complex,1oyv_complex.pdb,A,I,A,I,"A,I",1,1,2,"A,I",2,,,,,,274,116,390,0,,single_receptor_single_ligand,True,PASS,
train,1r0r_complex,1r0r_complex.pdb,E,I,E,I,"E,I",1,1,2,"E,I",2,,,,,,274,51,325,0,,single_receptor_single_ligand,True,PASS,
train,1tm1_complex,1tm1_complex.pdb,E,I,E,I,"E,I",1,1,2,"E,I",2,,,,,,281,64,345,0,,single_receptor_single_ligand,True,PASS,
train,1tm3_complex,1tm3_complex.pdb,E,I,E,I,"E,I",1,1,2,"E,I",2,,,,,,281,64,345,0,,single_receptor_single_ligand,True,PASS,
train,1tm4_complex,1tm4_complex.pdb,E,I,E,I,"E,I",1,1,2,"E,I",2,,,,,,281,64,345,0,,single_receptor_single_ligand,True,PASS,
train,1tm5_complex,1tm5_complex.pdb,E,I,E,I,"E,I",1,1,2,"E,I",2,,,,,,281,64,345,0,,single_receptor_single_ligand,True,PASS,
train,1tm7_complex,1tm7_complex.pdb,E,I,E,I,"E,I",1,1,2,"E,I",2,,,,,,281,64,345,0,,single_receptor_single_ligand,True,PASS,
train,1to1_complex,1to1_complex.pdb,E,I,E,I,"E,I",1,1,2,"E,I",2,,,,,,281,64,345,0,,single_receptor_single_ligand,True,PASS,
train,1y1k_complex,1y1k_complex.pdb,E,I,E,I,"E,I",1,1,2,"E,I",2,,,,,,281,64,345,0,,single_receptor_single_ligand,True,PASS,
train,1y33_complex,1y33_complex.pdb,E,I,E,I,"E,I",1,1,2,"E,I",2,,,,,,281,64,345,0,,single_receptor_single_ligand,True,PASS,
train,1y34_complex,1y34_complex.pdb,E,I,E,I,"E,I",1,1,2,"E,I",2,,,,,,281,64,345,0,,single_receptor_single_ligand,True,PASS,
train,1y3b_complex,1y3b_complex.pdb,E,I,E,I,"E,I",1,1,2,"E,I",2,,,,,,281,64,345,0,,single_receptor_single_ligand,True,PASS,
train,1y3c_complex,1y3c_complex.pdb,E,I,E,I,"E,I",1,1,2,"E,I",2,,,,,,281,64,345,0,,single_receptor_single_ligand,True,PASS,
train,1y3d_complex,1y3d_complex.pdb,E,I,E,I,"E,I",1,1,2,"E,I",2,,,,,,281,64,345,0,,single_receptor_single_ligand,True,PASS,
train,1y48_complex,1y48_complex.pdb,E,I,E,I,"E,I",1,1,2,"E,I",2,,,,,,281,64,345,0,,single_receptor_single_ligand,True,PASS,
train,1y4a_complex,1y4a_complex.pdb,E,I,E,I,"E,I",1,1,2,"E,I",2,,,,,,275,63,338,0,,single_receptor_single_ligand,True,PASS,
train,1y4d_complex,1y4d_complex.pdb,E,I,E,I,"E,I",1,1,2,"E,I",2,,,,,,276,63,339,0,,single_receptor_single_ligand,True,PASS,
train,2sic_complex,2sic_complex.pdb,E,I,E,I,"E,I",1,1,2,"E,I",2,,,,,,275,107,382,0,,single_receptor_single_ligand,True,PASS,
train,2sni_complex,2sni_complex.pdb,E,I,E,I,"E,I",1,1,2,"E,I",2,,,,,,275,64,339,0,,single_receptor_single_ligand,True,PASS,
train,3bx1_complex,3bx1_complex.pdb,A,C,A,C,"A,C",1,1,2,"A,C",2,,,,,,269,181,450,0,,single_receptor_single_ligand,True,PASS,
train,3qtl_complex,3qtl_complex.pdb,C,D,C,D,"C,D",1,1,2,"C,D",2,,,,,,274,75,349,0,,single_receptor_single_ligand,True,PASS,
train,3sgb_complex,3sgb_complex.pdb,E,I,E,I,"E,I",1,1,2,"E,I",2,,,,,,185,50,235,0,,single_receptor_single_ligand,True,PASS,
train,4gi3_complex,4gi3_complex.pdb,A,C,A,C,"A,C",1,1,2,"A,C",2,,,,,,274,57,331,0,,single_receptor_single_ligand,True,PASS,
train,4hx3_complex,4hx3_complex.pdb,G,H,G,H,"G,H",1,1,2,"G,H",2,,,,,,133,114,247,0,,single_receptor_single_ligand,True,PASS,
train,1wdw_complex,1wdw_complex.pdb,C,D,C,D,"C,D",1,1,2,"C,D",2,,,,,,248,385,633,0,,single_receptor_single_ligand,True,PASS,
train,2y9m_complex,2y9m_complex.pdb,A,B,A,B,"A,B",1,1,2,"A,B",2,,,,,,166,115,281,0,,single_receptor_single_ligand,True,PASS,
train,1e3u_complex,1e3u_complex.pdb,B,D,B,D,"B,D",1,1,2,"B,D",2,,,,,,243,245,488,0,,single_receptor_single_ligand,True,PASS,
val,1kgy_complex,1kgy_complex.pdb,A,E,A,E,"A,E",1,1,2,"A,E",2,,,,,,181,138,319,0,,single_receptor_single_ligand,True,PASS,
val,2hle_complex,2hle_complex.pdb,A,B,A,B,"A,B",1,1,2,"A,B",2,,,,,,188,138,326,0,,single_receptor_single_ligand,True,PASS,
val,2vsm_complex,2vsm_complex.pdb,A,B,A,B,"A,B",1,1,2,"A,B",2,,,,,,416,140,556,0,,single_receptor_single_ligand,True,PASS,
val,2wo2_complex,2wo2_complex.pdb,A,B,A,B,"A,B",1,1,2,"A,B",2,,,,,,178,140,318,0,,single_receptor_single_ligand,True,PASS,
val,2wo3_complex,2wo3_complex.pdb,A,B,A,B,"A,B",1,1,2,"A,B",2,,,,,,176,142,318,0,,single_receptor_single_ligand,True,PASS,
val,3gxu_complex,3gxu_complex.pdb,A,B,A,B,"A,B",1,1,2,"A,B",2,,,,,,175,143,318,0,,single_receptor_single_ligand,True,PASS,
val,4l0p_complex,4l0p_complex.pdb,A,B,A,B,"A,B",1,1,2,"A,B",2,,,,,,175,139,314,0,,single_receptor_single_ligand,True,PASS,
val,6p7y_complex,6p7y_complex.pdb,C,D,C,D,"C,D",1,1,2,"C,D",2,,,,,,430,141,571,0,,single_receptor_single_ligand,True,PASS,
val,3h2u_complex,3h2u_complex.pdb,A,B,A,B,"A,B",1,1,2,"A,B",2,,,,,,182,279,461,0,,single_receptor_single_ligand,True,PASS,
val,3h2v_complex,3h2v_complex.pdb,D,H,D,H,"D,H",1,1,2,"D,H",2,,,,,,180,73,253,0,,single_receptor_single_ligand,True,PASS,
val,3me2_complex,3me2_complex.pdb,A,R,A,R,"A,R",1,1,2,"A,R",2,,,,,,156,166,322,0,,single_receptor_single_ligand,True,PASS,
val,3qbq_complex,3qbq_complex.pdb,C,D,C,D,"C,D",1,1,2,"C,D",2,,,,,,155,164,319,0,,single_receptor_single_ligand,True,PASS,
val,4giq_complex,4giq_complex.pdb,A,R,A,R,"A,R",1,1,2,"A,R",2,,,,,,155,164,319,0,,single_receptor_single_ligand,True,PASS,
val,5bnq_complex,5bnq_complex.pdb,A,R,A,R,"A,R",1,1,2,"A,R",2,,,,,,156,166,322,0,,single_receptor_single_ligand,True,PASS,
val,5k22_complex,5k22_complex.pdb,A,B,A,B,"A,B",1,1,2,"A,B",2,,,,,,156,149,305,0,,single_receptor_single_ligand,True,PASS,
val,6pnp_complex,6pnp_complex.pdb,A,B,A,B,"A,B",1,1,2,"A,B",2,,,,,,193,146,339,0,,single_receptor_single_ligand,True,PASS,
val,6pnq_complex,6pnq_complex.pdb,A,B,A,B,"A,B",1,1,2,"A,B",2,,,,,,198,143,341,0,,single_receptor_single_ligand,True,PASS,
val,2ot3_complex,2ot3_complex.pdb,A,B,A,B,"A,B",1,1,2,"A,B",2,,,,,,253,166,419,0,,single_receptor_single_ligand,True,PASS,
val,3fhc_complex,3fhc_complex.pdb,A,B,A,B,"A,B",1,1,2,"A,B",2,,,,,,397,224,621,0,,single_receptor_single_ligand,True,PASS,
val,6a7v_complex,6a7v_complex.pdb,G,H,G,H,"G,H",1,1,2,"G,H",2,,,,,,138,62,200,0,,single_receptor_single_ligand,True,PASS,
val,5kwy_complex,5kwy_complex.pdb,A,D,A,D,"A,D",1,1,2,"A,D",2,,,,,,208,132,340,0,,single_receptor_single_ligand,True,PASS,
val,3k9m_complex,3k9m_complex.pdb,A,C,A,C,"A,C",1,1,2,"A,C",2,,,,,,254,98,352,0,,single_receptor_single_ligand,True,PASS,
val,1i4d_complex,1i4d_complex.pdb,A,D,A,D,"A,D",1,1,2,"A,D",2,,,,,,200,177,377,0,,single_receptor_single_ligand,True,PASS,
val,3p8m_complex,3p8m_complex.pdb,A,D,A,D,"A,D",1,1,2,"A,D",2,,,,,,87,43,130,0,,single_receptor_single_ligand,True,PASS,
val,4g8a_complex,4g8a_complex.pdb,B,D,B,D,"B,D",1,1,2,"B,D",2,,,,,,605,140,745,0,,single_receptor_single_ligand,True,PASS,
val,6fg8_complex,6fg8_complex.pdb,A,B,A,B,"A,B",1,1,2,"A,B",2,,,,,,188,189,377,0,,single_receptor_single_ligand,True,PASS,
val,4kt3_complex,4kt3_complex.pdb,A,B,A,B,"A,B",1,1,2,"A,B",2,,,,,,146,127,273,0,,single_receptor_single_ligand,True,PASS,
val,4cc4_complex,4cc4_complex.pdb,C,D,C,D,"C,D",1,1,2,"C,D",2,,,,,,263,64,327,0,,single_receptor_single_ligand,True,PASS,
val,1p27_complex,1p27_complex.pdb,A,B,A,B,"A,B",1,1,2,"A,B",2,,,,,,144,92,236,0,,single_receptor_single_ligand,True,PASS,
val,1u0s_complex,1u0s_complex.pdb,Y,A,Y,A,"A,Y",1,1,2,"A,Y",2,,,,,,118,86,204,0,,single_receptor_single_ligand,True,PASS,
val,3beg_complex,3beg_complex.pdb,A,B,A,B,"A,B",1,1,2,"A,B",2,,,,,,348,90,438,0,,single_receptor_single_ligand,True,PASS,
val,3au4_complex,3au4_complex.pdb,A,B,A,B,"A,B",1,1,2,"A,B",2,,,,,,526,32,558,0,,single_receptor_single_ligand,True,PASS,
val,6i3f_complex,6i3f_complex.pdb,A,B,A,B,"A,B",1,1,2,"A,B",2,,,,,,457,338,795,0,,single_receptor_single_ligand,True,PASS,
val,4awx_complex,4awx_complex.pdb,A,B,A,B,"A,B",1,1,2,"A,B",2,,,,,,259,63,322,0,,single_receptor_single_ligand,True,PASS,
val,6azp_complex,6azp_complex.pdb,A,B,A,B,"A,B",1,1,2,"A,B",2,,,,,,576,57,633,0,,single_receptor_single_ligand,True,PASS,
val,6bmt_complex,6bmt_complex.pdb,A,B,A,B,"A,B",1,1,2,"A,B",2,,,,,,579,70,649,0,,single_receptor_single_ligand,True,PASS,
val,4u97_complex,4u97_complex.pdb,A,B,A,B,"A,B",1,1,2,"A,B",2,,,,,,293,293,586,0,,single_receptor_single_ligand,True,PASS,
val,1cn4_complex,1cn4_complex.pdb,B,C,B,C,"B,C",1,1,2,"B,C",2,,,,,,218,161,379,0,,single_receptor_single_ligand,True,PASS,
val,4dpg_complex,4dpg_complex.pdb,E,L,E,L,"E,L",1,1,2,"E,L",2,,,,,,504,31,535,0,,single_receptor_single_ligand,True,PASS,
val,5f5s_complex,5f5s_complex.pdb,A,B,A,B,"A,B",1,1,2,"A,B",2,,,,,,177,53,230,0,,single_receptor_single_ligand,True,PASS,
val,4plo_complex,4plo_complex.pdb,B,A,B,A,"A,B",1,1,2,"A,B",2,,,,,,204,417,621,0,,single_receptor_single_ligand,True,PASS,
val,6b6u_complex,6b6u_complex.pdb,A,B,A,B,"A,B",1,1,2,"A,B",2,,,,,,525,519,1044,0,,single_receptor_single_ligand,True,PASS,
val,4nl9_complex,4nl9_complex.pdb,B,C,B,C,"B,C",1,1,2,"B,C",2,,,,,,63,60,123,0,,single_receptor_single_ligand,True,PASS,
val,6a6x_complex,6a6x_complex.pdb,B,C,B,C,"B,C",1,1,2,"B,C",2,,,,,,115,75,190,0,,single_receptor_single_ligand,True,PASS,
val,2p8q_complex,2p8q_complex.pdb,A,B,A,B,"A,B",1,1,2,"A,B",2,,,,,,873,39,912,0,,single_receptor_single_ligand,True,PASS,
val,2qna_complex,2qna_complex.pdb,A,B,A,B,"A,B",1,1,2,"A,B",2,,,,,,756,30,786,0,,single_receptor_single_ligand,True,PASS,
val,3aaa_complex,3aaa_complex.pdb,A,B,A,B,"A,B",1,1,2,"A,B",2,,,,,,267,250,517,0,,single_receptor_single_ligand,True,PASS,
val,3gb8_complex,3gb8_complex.pdb,A,B,A,B,"A,B",1,1,2,"A,B",2,,,,,,993,268,1261,0,,single_receptor_single_ligand,True,PASS,
val,3lk2_complex,3lk2_complex.pdb,AB,T,"A,B",T,"A,B,T",2,1,3,"A,B,T",3,,,,,,512,33,545,0,,multichain_receptor_single_ligand,True,PASS,
val,3lk3_complex,3lk3_complex.pdb,AB,T,"A,B",T,"A,B,T",2,1,3,"A,B,T",3,,,,,,519,49,568,0,,multichain_receptor_single_ligand,True,PASS,
val,5j4a_complex,5j4a_complex.pdb,A,B,A,B,"A,B",1,1,2,"A,B",2,,,,,,116,104,220,0,,single_receptor_single_ligand,True,PASS,
val,6jdj_complex,6jdj_complex.pdb,B,C,B,C,"B,C",1,1,2,"B,C",2,,,,,,113,62,175,0,,single_receptor_single_ligand,True,PASS,
val,4yn0_complex,4yn0_complex.pdb,A,B,A,B,"A,B",1,1,2,"A,B",2,,,,,,168,202,370,0,,single_receptor_single_ligand,True,PASS,
val,4xxb_complex,4xxb_complex.pdb,A,B,A,B,"A,B",1,1,2,"A,B",2,,,,,,166,42,208,0,,single_receptor_single_ligand,True,PASS,
val,1m1e_complex,1m1e_complex.pdb,A,B,A,B,"A,B",1,1,2,"A,B",2,,,,,,521,70,591,0,,single_receptor_single_ligand,True,PASS,
val,1th1_complex,1th1_complex.pdb,B,D,B,D,"B,D",1,1,2,"B,D",2,,,,,,519,49,568,0,,single_receptor_single_ligand,True,PASS,
val,1v18_complex,1v18_complex.pdb,A,B,A,B,"A,B",1,1,2,"A,B",2,,,,,,516,36,552,0,,single_receptor_single_ligand,True,PASS,
val,3ifq_complex,3ifq_complex.pdb,A,C,A,C,"A,C",1,1,2,"A,C",2,,,,,,548,95,643,0,,single_receptor_single_ligand,True,PASS,
val,3oux_complex,3oux_complex.pdb,A,B,A,B,"A,B",1,1,2,"A,B",2,,,,,,515,50,565,0,,single_receptor_single_ligand,True,PASS,
val,3t0y_complex,3t0y_complex.pdb,C,D,C,D,"C,D",1,1,2,"C,D",2,,,,,,126,31,157,0,,single_receptor_single_ligand,True,PASS,
val,1gla_complex,1gla_complex.pdb,F,G,F,G,"F,G",1,1,2,"F,G",2,,,,,,168,496,664,0,,single_receptor_single_ligand,True,PASS,
val,3aon_complex,3aon_complex.pdb,A,B,A,B,"A,B",1,1,2,"A,B",2,,,,,,180,99,279,0,,single_receptor_single_ligand,True,PASS,
val,1ib1_complex,1ib1_complex.pdb,A,E,A,E,"A,E",1,1,2,"A,E",2,,,,,,227,178,405,0,,single_receptor_single_ligand,True,PASS,
val,2o98_complex,2o98_complex.pdb,B,Q,B,Q,"B,Q",1,1,2,"B,Q",2,,,,,,237,50,287,0,,single_receptor_single_ligand,True,PASS,
val,4mne_complex,4mne_complex.pdb,D,C,D,C,"C,D",1,1,2,"C,D",2,,,,,,285,272,557,0,,single_receptor_single_ligand,True,PASS,
val,6u2h_complex,6u2h_complex.pdb,A,D,A,D,"A,D",1,1,2,"A,D",2,,,,,,230,285,515,0,,single_receptor_single_ligand,True,PASS,
val,4lxr_complex,4lxr_complex.pdb,A,K,A,K,"A,K",1,1,2,"A,K",2,,,,,,767,66,833,0,,single_receptor_single_ligand,True,PASS,
val,3fxd_complex,3fxd_complex.pdb,A,B,A,B,"A,B",1,1,2,"A,B",2,,,,,,49,58,107,0,,single_receptor_single_ligand,True,PASS,
val,3mjh_complex,3mjh_complex.pdb,C,D,C,D,"C,D",1,1,2,"C,D",2,,,,,,167,33,200,0,,single_receptor_single_ligand,True,PASS,
val,4pj2_complex,4pj2_complex.pdb,B,C,B,C,"B,C",1,1,2,"B,C",2,,,,,,125,122,247,0,,single_receptor_single_ligand,True,PASS,
val,4j6g_complex,4j6g_complex.pdb,B,D,B,D,"B,D",1,1,2,"B,D",2,,,,,,149,162,311,0,,single_receptor_single_ligand,True,PASS,
val,4kgq_complex,4kgq_complex.pdb,B,C,B,C,"B,C",1,1,2,"B,C",2,,,,,,149,167,316,0,,single_receptor_single_ligand,True,PASS,
val,1rvj_complex,1rvj_complex.pdb,H,LM,H,"L,M","H,L,M",1,2,3,"H,L,M",3,,,,,,238,582,820,0,,single_receptor_multichain_ligand,True,PASS,
val,2byk_complex,2byk_complex.pdb,C,D,C,D,"C,D",1,1,2,"C,D",2,,,,,,66,92,158,0,,single_receptor_single_ligand,True,PASS,
val,2bym_complex,2bym_complex.pdb,C,D,C,D,"C,D",1,1,2,"C,D",2,,,,,,64,86,150,0,,single_receptor_single_ligand,True,PASS,
val,1a4y_complex,1a4y_complex.pdb,A,B,A,B,"A,B",1,1,2,"A,B",2,,,,,,460,123,583,0,,single_receptor_single_ligand,True,PASS,
val,4per_complex,4per_complex.pdb,A,B,A,B,"A,B",1,1,2,"A,B",2,,,,,,460,113,573,0,,single_receptor_single_ligand,True,PASS,
val,1ycs_complex,1ycs_complex.pdb,A,B,A,B,"A,B",1,1,2,"A,B",2,,,,,,191,193,384,0,,single_receptor_single_ligand,True,PASS,
val,5mv8_complex,5mv8_complex.pdb,A,B,A,B,"A,B",1,1,2,"A,B",2,,,,,,506,120,626,0,,single_receptor_single_ligand,True,PASS,
val,5mv9_complex,5mv9_complex.pdb,A,B,A,B,"A,B",1,1,2,"A,B",2,,,,,,500,120,620,0,,single_receptor_single_ligand,True,PASS,
val,5xbf_complex,5xbf_complex.pdb,A,B,A,B,"A,B",1,1,2,"A,B",2,,,,,,477,121,598,0,,single_receptor_single_ligand,True,PASS,
val,5oen_complex,5oen_complex.pdb,A,B,A,B,"A,B",1,1,2,"A,B",2,,,,,,171,175,346,0,,single_receptor_single_ligand,True,PASS,
val,1ay7_complex,1ay7_complex.pdb,A,B,A,B,"A,B",1,1,2,"A,B",2,,,,,,96,89,185,0,,single_receptor_single_ligand,True,PASS,
val,1b27_complex,1b27_complex.pdb,C,F,C,F,"C,F",1,1,2,"C,F",2,,,,,,108,89,197,0,,single_receptor_single_ligand,True,PASS,
val,1b2s_complex,1b2s_complex.pdb,B,E,B,E,"B,E",1,1,2,"B,E",2,,,,,,110,90,200,0,,single_receptor_single_ligand,True,PASS,
val,1b2u_complex,1b2u_complex.pdb,A,D,A,D,"A,D",1,1,2,"A,D",2,,,,,,110,90,200,0,,single_receptor_single_ligand,True,PASS,
val,1b3s_complex,1b3s_complex.pdb,C,F,C,F,"C,F",1,1,2,"C,F",2,,,,,,108,89,197,0,,single_receptor_single_ligand,True,PASS,
val,1brs_complex,1brs_complex.pdb,C,F,C,F,"C,F",1,1,2,"C,F",2,,,,,,108,89,197,0,,single_receptor_single_ligand,True,PASS,
val,1x1u_complex,1x1u_complex.pdb,A,D,A,D,"A,D",1,1,2,"A,D",2,,,,,,110,89,199,0,,single_receptor_single_ligand,True,PASS,
val,1x1w_complex,1x1w_complex.pdb,A,D,A,D,"A,D",1,1,2,"A,D",2,,,,,,108,90,198,0,,single_receptor_single_ligand,True,PASS,
val,1x1x_complex,1x1x_complex.pdb,A,D,A,D,"A,D",1,1,2,"A,D",2,,,,,,110,89,199,0,,single_receptor_single_ligand,True,PASS,
val,1x1y_complex,1x1y_complex.pdb,A,D,A,D,"A,D",1,1,2,"A,D",2,,,,,,108,90,198,0,,single_receptor_single_ligand,True,PASS,
val,2za4_complex,2za4_complex.pdb,C,D,C,D,"C,D",1,1,2,"C,D",2,,,,,,109,90,199,0,,single_receptor_single_ligand,True,PASS,
val,3da7_complex,3da7_complex.pdb,B,C,B,C,"B,C",1,1,2,"B,C",2,,,,,,108,90,198,0,,single_receptor_single_ligand,True,PASS,
val,4eo5_complex,4eo5_complex.pdb,BC,A,"B,C",A,"A,B,C",2,1,3,"A,B,C",3,,,,,,159,164,323,0,,multichain_receptor_single_ligand,True,PASS,
val,4uuz_complex,4uuz_complex.pdb,AB,C,"A,B",C,"A,B,C",2,1,3,"A,B,C",3,,,,,,158,54,212,0,,multichain_receptor_single_ligand,True,PASS,
val,4z2m_complex,4z2m_complex.pdb,GHIJ,B,"G,H,I,J",B,"B,G,H,I,J",4,1,5,"B,G,H,I,J",5,,,,,,294,281,575,0,,multichain_receptor_single_ligand,True,PASS,
val,1w1w_complex,1w1w_complex.pdb,C,G,C,G,"C,G",1,1,2,"C,G",2,,,,,,345,79,424,0,,single_receptor_single_ligand,True,PASS,
val,5me5_complex,5me5_complex.pdb,A,B,A,B,"A,B",1,1,2,"A,B",2,,,,,,162,37,199,0,,single_receptor_single_ligand,True,PASS,
val,4pp8_complex,4pp8_complex.pdb,A,C,A,C,"A,C",1,1,2,"A,C",2,,,,,,125,168,293,0,,single_receptor_single_ligand,True,PASS,
val,4pw9_complex,4pw9_complex.pdb,A,B,A,B,"A,B",1,1,2,"A,B",2,,,,,,363,83,446,0,,single_receptor_single_ligand,True,PASS,
val,2x1w_complex,2x1w_complex.pdb,A,M,A,M,"A,M",1,1,2,"A,M",2,,,,,,98,184,282,0,,single_receptor_single_ligand,True,PASS,
val,2w19_complex,2w19_complex.pdb,A,C,A,C,"A,C",1,1,2,"A,C",2,,,,,,431,72,503,0,,single_receptor_single_ligand,True,PASS,
val,1wve_complex,1wve_complex.pdb,A,C,A,C,"A,C",1,1,2,"A,C",2,,,,,,515,75,590,0,,single_receptor_single_ligand,True,PASS,
val,4euk_complex,4euk_complex.pdb,A,B,A,B,"A,B",1,1,2,"A,B",2,,,,,,147,152,299,0,,single_receptor_single_ligand,True,PASS,
val,4zrp_complex,4zrp_complex.pdb,B,D,B,D,"B,D",1,1,2,"B,D",2,,,,,,409,79,488,0,,single_receptor_single_ligand,True,PASS,
val,5oyl_complex,5oyl_complex.pdb,A,D,A,D,"A,D",1,1,2,"A,D",2,,,,,,409,46,455,0,,single_receptor_single_ligand,True,PASS,
val,1jiw_complex,1jiw_complex.pdb,P,I,P,I,"I,P",1,1,2,"I,P",2,,,,,,470,105,575,0,,single_receptor_single_ligand,True,PASS,
val,3f5c_complex,3f5c_complex.pdb,A,B,A,B,"A,B",1,1,2,"A,B",2,,,,,,243,183,426,0,,single_receptor_single_ligand,True,PASS,
val,1i4e_complex,1i4e_complex.pdb,A,B,A,B,"A,B",1,1,2,"A,B",2,,,,,,291,241,532,0,,single_receptor_single_ligand,True,PASS,
val,6akm_complex,6akm_complex.pdb,A,B,A,B,"A,B",1,1,2,"A,B",2,,,,,,47,46,93,0,,single_receptor_single_ligand,True,PASS,
val,6o07_complex,6o07_complex.pdb,BC,A,"B,C",A,"A,B,C",2,1,3,"A,B,C",3,,,,,,341,774,1115,0,,multichain_receptor_single_ligand,True,PASS,
val,5imt_complex,5imt_complex.pdb,A,D,A,D,"A,D",1,1,2,"A,D",2,,,,,,472,77,549,0,,single_receptor_single_ligand,True,PASS,
val,5imy_complex,5imy_complex.pdb,A,C,A,C,"A,C",1,1,2,"A,C",2,,,,,,474,78,552,0,,single_receptor_single_ligand,True,PASS,
val,2aze_complex,2aze_complex.pdb,A,B,A,B,"A,B",1,1,2,"A,B",2,,,,,,149,101,250,0,,single_receptor_single_ligand,True,PASS,
val,1kac_complex,1kac_complex.pdb,A,B,A,B,"A,B",1,1,2,"A,B",2,,,,,,185,124,309,0,,single_receptor_single_ligand,True,PASS,
val,1p6a_complex,1p6a_complex.pdb,A,B,A,B,"A,B",1,1,2,"A,B",2,,,,,,185,124,309,0,,single_receptor_single_ligand,True,PASS,
val,2j12_complex,2j12_complex.pdb,A,B,A,B,"A,B",1,1,2,"A,B",2,,,,,,182,120,302,0,,single_receptor_single_ligand,True,PASS,
val,3mj7_complex,3mj7_complex.pdb,A,B,A,B,"A,B",1,1,2,"A,B",2,,,,,,229,200,429,0,,single_receptor_single_ligand,True,PASS,
val,4zgy_complex,4zgy_complex.pdb,A,B,A,B,"A,B",1,1,2,"A,B",2,,,,,,403,125,528,0,,single_receptor_single_ligand,True,PASS,
val,5x0w_complex,5x0w_complex.pdb,E,F,E,F,"E,F",1,1,2,"E,F",2,,,,,,138,84,222,0,,single_receptor_single_ligand,True,PASS,
val,6fq0_complex,6fq0_complex.pdb,C,D,C,D,"C,D",1,1,2,"C,D",2,,,,,,239,144,383,0,,single_receptor_single_ligand,True,PASS,
val,2pms_complex,2pms_complex.pdb,A,D,A,D,"A,D",1,1,2,"A,D",2,,,,,,331,125,456,0,,single_receptor_single_ligand,True,PASS,
val,1gpw_complex,1gpw_complex.pdb,A,B,A,B,"A,B",1,1,2,"A,B",2,,,,,,253,201,454,0,,single_receptor_single_ligand,True,PASS,
val,2f9z_complex,2f9z_complex.pdb,A,C,A,C,"A,C",1,1,2,"A,C",2,,,,,,201,159,360,0,,single_receptor_single_ligand,True,PASS,
val,3lb8_complex,3lb8_complex.pdb,B,D,B,D,"B,D",1,1,2,"B,D",2,,,,,,417,103,520,0,,single_receptor_single_ligand,True,PASS,
val,4yvq_complex,4yvq_complex.pdb,A,C,A,C,"A,C",1,1,2,"A,C",2,,,,,,89,119,208,0,,single_receptor_single_ligand,True,PASS,
val,4mjs_complex,4mjs_complex.pdb,W,X,W,X,"W,X",1,1,2,"W,X",2,,,,,,88,88,176,0,,single_receptor_single_ligand,True,PASS,
val,3nvn_complex,3nvn_complex.pdb,A,B,A,B,"A,B",1,1,2,"A,B",2,,,,,,383,474,857,0,,single_receptor_single_ligand,True,PASS,
val,3nvq_complex,3nvq_complex.pdb,A,B,A,B,"A,B",1,1,2,"A,B",2,,,,,,588,474,1062,0,,single_receptor_single_ligand,True,PASS,
val,4jgh_complex,4jgh_complex.pdb,AC,D,"A,C",D,"A,C,D",2,1,3,"A,C,D",3,,,,,,269,378,647,0,,multichain_receptor_single_ligand,True,PASS,
val,4c1n_complex,4c1n_complex.pdb,CD,J,"C,D",J,"C,D,J",2,1,3,"C,D,J",3,,,,,,751,509,1260,0,,multichain_receptor_single_ligand,True,PASS,
val,5nus_complex,5nus_complex.pdb,A,B,A,B,"A,B",1,1,2,"A,B",2,,,,,,226,74,300,0,,single_receptor_single_ligand,True,PASS,
val,1go4_complex,1go4_complex.pdb,B,F,B,F,"B,F",1,1,2,"B,F",2,,,,,,195,87,282,0,,single_receptor_single_ligand,True,PASS,
val,2x9a_complex,2x9a_complex.pdb,C,D,C,D,"C,D",1,1,2,"C,D",2,,,,,,61,90,151,0,,single_receptor_single_ligand,True,PASS,
val,3ixs_complex,3ixs_complex.pdb,C,D,C,D,"C,D",1,1,2,"C,D",2,,,,,,111,34,145,0,,single_receptor_single_ligand,True,PASS,
val,1pk1_complex,1pk1_complex.pdb,C,D,C,D,"C,D",1,1,2,"C,D",2,,,,,,64,67,131,0,,single_receptor_single_ligand,True,PASS,
val,6j4o_complex,6j4o_complex.pdb,A,B,A,B,"A,B",1,1,2,"A,B",2,,,,,,233,35,268,0,,single_receptor_single_ligand,True,PASS,
val,6j4s_complex,6j4s_complex.pdb,A,B,A,B,"A,B",1,1,2,"A,B",2,,,,,,250,32,282,0,,single_receptor_single_ligand,True,PASS,
val,5z7g_complex,5z7g_complex.pdb,A,D,A,D,"A,D",1,1,2,"A,D",2,,,,,,110,43,153,0,,single_receptor_single_ligand,True,PASS,
val,5z7l_complex,5z7l_complex.pdb,A,C,A,C,"A,C",1,1,2,"A,C",2,,,,,,109,43,152,0,,single_receptor_single_ligand,True,PASS,
val,5jem_complex,5jem_complex.pdb,B,D,B,D,"B,D",1,1,2,"B,D",2,,,,,,203,42,245,0,,single_receptor_single_ligand,True,PASS,
val,5wpa_complex,5wpa_complex.pdb,A,B,A,B,"A,B",1,1,2,"A,B",2,,,,,,237,255,492,0,,single_receptor_single_ligand,True,PASS,
val,2z58_complex,2z58_complex.pdb,A,B,A,B,"A,B",1,1,2,"A,B",2,,,,,,318,66,384,0,,single_receptor_single_ligand,True,PASS,
val,3vv2_complex,3vv2_complex.pdb,A,B,A,B,"A,B",1,1,2,"A,B",2,,,,,,320,65,385,0,,single_receptor_single_ligand,True,PASS,
val,4ap2_complex,4ap2_complex.pdb,A,B,A,B,"A,B",1,1,2,"A,B",2,,,,,,270,365,635,0,,single_receptor_single_ligand,True,PASS,
val,4eoz_complex,4eoz_complex.pdb,C,D,C,D,"C,D",1,1,2,"C,D",2,,,,,,116,283,399,0,,single_receptor_single_ligand,True,PASS,
val,6i2m_complex,6i2m_complex.pdb,A,B,A,B,"A,B",1,1,2,"A,B",2,,,,,,196,358,554,0,,single_receptor_single_ligand,True,PASS,
val,3ujg_complex,3ujg_complex.pdb,A,B,A,B,"A,B",1,1,2,"A,B",2,,,,,,299,327,626,0,,single_receptor_single_ligand,True,PASS,
val,4ds8_complex,4ds8_complex.pdb,A,B,A,B,"A,B",1,1,2,"A,B",2,,,,,,185,322,507,0,,single_receptor_single_ligand,True,PASS,
val,6in9_complex,6in9_complex.pdb,B,C,B,C,"B,C",1,1,2,"B,C",2,,,,,,291,45,336,0,,single_receptor_single_ligand,True,PASS,
val,5jjd_complex,5jjd_complex.pdb,A,B,A,B,"A,B",1,1,2,"A,B",2,,,,,,97,235,332,0,,single_receptor_single_ligand,True,PASS,
val,5bn5_complex,5bn5_complex.pdb,A,B,A,B,"A,B",1,1,2,"A,B",2,,,,,,566,410,976,0,,single_receptor_single_ligand,True,PASS,
val,5lz3_complex,5lz3_complex.pdb,A,B,A,B,"A,B",1,1,2,"A,B",2,,,,,,124,34,158,0,,single_receptor_single_ligand,True,PASS,
val,5lz6_complex,5lz6_complex.pdb,A,B,A,B,"A,B",1,1,2,"A,B",2,,,,,,126,31,157,0,,single_receptor_single_ligand,True,PASS,
val,6q69_complex,6q69_complex.pdb,A,B,A,B,"A,B",1,1,2,"A,B",2,,,,,,128,43,171,0,,single_receptor_single_ligand,True,PASS,
val,1e6e_complex,1e6e_complex.pdb,A,B,A,B,"A,B",1,1,2,"A,B",2,,,,,,457,113,570,0,,single_receptor_single_ligand,True,PASS,
val,4fq0_complex,4fq0_complex.pdb,A,D,A,D,"A,D",1,1,2,"A,D",2,,,,,,180,80,260,0,,single_receptor_single_ligand,True,PASS,
val,2q0o_complex,2q0o_complex.pdb,A,C,A,C,"A,C",1,1,2,"A,C",2,,,,,,235,86,321,0,,single_receptor_single_ligand,True,PASS,
val,1oyh_complex,1oyh_complex.pdb,I,L,I,L,"I,L",1,1,2,"I,L",2,,,,,,427,426,853,0,,single_receptor_single_ligand,True,PASS,
val,1emv_complex,1emv_complex.pdb,A,B,A,B,"A,B",1,1,2,"A,B",2,,,,,,83,131,214,0,,single_receptor_single_ligand,True,PASS,
val,2vln_complex,2vln_complex.pdb,A,B,A,B,"A,B",1,1,2,"A,B",2,,,,,,80,134,214,0,,single_receptor_single_ligand,True,PASS,
val,2vlo_complex,2vlo_complex.pdb,A,B,A,B,"A,B",1,1,2,"A,B",2,,,,,,90,132,222,0,,single_receptor_single_ligand,True,PASS,
val,2vlp_complex,2vlp_complex.pdb,A,B,A,B,"A,B",1,1,2,"A,B",2,,,,,,82,134,216,0,,single_receptor_single_ligand,True,PASS,
val,2vlq_complex,2vlq_complex.pdb,A,B,A,B,"A,B",1,1,2,"A,B",2,,,,,,84,134,218,0,,single_receptor_single_ligand,True,PASS,
val,2wpt_complex,2wpt_complex.pdb,A,B,A,B,"A,B",1,1,2,"A,B",2,,,,,,82,118,200,0,,single_receptor_single_ligand,True,PASS,
val,3gjn_complex,3gjn_complex.pdb,D,C,D,C,"C,D",1,1,2,"C,D",2,,,,,,82,118,200,0,,single_receptor_single_ligand,True,PASS,
val,3u43_complex,3u43_complex.pdb,A,B,A,B,"A,B",1,1,2,"A,B",2,,,,,,92,132,224,0,,single_receptor_single_ligand,True,PASS,
val,5t0f_complex,5t0f_complex.pdb,A,B,A,B,"A,B",1,1,2,"A,B",2,,,,,,186,32,218,0,,single_receptor_single_ligand,True,PASS,
val,2oza_complex,2oza_complex.pdb,A,B,A,B,"A,B",1,1,2,"A,B",2,,,,,,340,348,688,0,,single_receptor_single_ligand,True,PASS,
val,5nzz_complex,5nzz_complex.pdb,C,H,C,H,"C,H",1,1,2,"C,H",2,,,,,,367,335,702,0,,single_receptor_single_ligand,True,PASS,
val,1sv0_complex,1sv0_complex.pdb,B,D,B,D,"B,D",1,1,2,"B,D",2,,,,,,79,81,160,0,,single_receptor_single_ligand,True,PASS,
test,1buh_complex,1buh_complex.pdb,A,B,A,B,"A,B",1,1,2,"A,B",2,,,,,,294,70,364,0,,single_receptor_single_ligand,True,PASS,
test,2ass_complex,2ass_complex.pdb,B,C,B,C,"B,C",1,1,2,"B,C",2,,,,,,325,69,394,0,,single_receptor_single_ligand,True,PASS,
test,6ath_complex,6ath_complex.pdb,AB,C,"A,B",C,"A,B,C",2,1,3,"A,B,C",3,,,,,,541,55,596,0,,multichain_receptor_single_ligand,True,PASS,
test,1l2w_complex,1l2w_complex.pdb,A,I,A,I,"A,I",1,1,2,"A,I",2,,,,,,122,57,179,0,,single_receptor_single_ligand,True,PASS,
test,6fpg_complex,6fpg_complex.pdb,G,H,G,H,"G,H",1,1,2,"G,H",2,,,,,,265,159,424,0,,single_receptor_single_ligand,True,PASS,
test,5lp5_complex,5lp5_complex.pdb,B,D,B,D,"B,D",1,1,2,"B,D",2,,,,,,530,156,686,0,,single_receptor_single_ligand,True,PASS,
test,2fu5_complex,2fu5_complex.pdb,A,D,A,D,"A,D",1,1,2,"A,D",2,,,,,,117,176,293,0,,single_receptor_single_ligand,True,PASS,
test,5o74_complex,5o74_complex.pdb,I,J,I,J,"I,J",1,1,2,"I,J",2,,,,,,193,169,362,0,,single_receptor_single_ligand,True,PASS,
test,5szh_complex,5szh_complex.pdb,A,B,A,B,"A,B",1,1,2,"A,B",2,,,,,,148,175,323,0,,single_receptor_single_ligand,True,PASS,
test,5szk_complex,5szk_complex.pdb,A,B,A,B,"A,B",1,1,2,"A,B",2,,,,,,148,173,321,0,,single_receptor_single_ligand,True,PASS,
test,5mj3_complex,5mj3_complex.pdb,AB,C,"A,B",C,"A,B,C",2,1,3,"A,B,C",3,,,,,,469,99,568,0,,multichain_receptor_single_ligand,True,PASS,
test,5mzv_complex,5mzv_complex.pdb,AB,C,"A,B",C,"A,B,C",2,1,3,"A,B,C",3,,,,,,466,293,759,0,,multichain_receptor_single_ligand,True,PASS,
test,4yl8_complex,4yl8_complex.pdb,A,B,A,B,"A,B",1,1,2,"A,B",2,,,,,,296,39,335,0,,single_receptor_single_ligand,True,PASS,
test,4zrj_complex,4zrj_complex.pdb,A,B,A,B,"A,B",1,1,2,"A,B",2,,,,,,302,84,386,0,,single_receptor_single_ligand,True,PASS,
test,4h5s_complex,4h5s_complex.pdb,A,B,A,B,"A,B",1,1,2,"A,B",2,,,,,,96,100,196,0,,single_receptor_single_ligand,True,PASS,
test,4c7n_complex,4c7n_complex.pdb,A,B,A,B,"A,B",1,1,2,"A,B",2,,,,,,47,51,98,0,,single_receptor_single_ligand,True,PASS,
test,5z78_complex,5z78_complex.pdb,A,C,A,C,"A,C",1,1,2,"A,C",2,,,,,,200,122,322,0,,single_receptor_single_ligand,True,PASS,
test,6co2_complex,6co2_complex.pdb,B,C,B,C,"B,C",1,1,2,"B,C",2,,,,,,180,118,298,0,,single_receptor_single_ligand,True,PASS,
test,4c99_complex,4c99_complex.pdb,A,B,A,B,"A,B",1,1,2,"A,B",2,,,,,,153,103,256,0,,single_receptor_single_ligand,True,PASS,
test,4cdk_complex,4cdk_complex.pdb,C,G,C,G,"C,G",1,1,2,"C,G",2,,,,,,155,107,262,0,,single_receptor_single_ligand,True,PASS,
test,4kt1_complex,4kt1_complex.pdb,A,E,A,E,"A,E",1,1,2,"A,E",2,,,,,,461,90,551,0,,single_receptor_single_ligand,True,PASS,
test,6fhp_complex,6fhp_complex.pdb,B,D,B,D,"B,D",1,1,2,"B,D",2,,,,,,342,62,404,0,,single_receptor_single_ligand,True,PASS,
test,6kbr_complex,6kbr_complex.pdb,A,C,A,C,"A,C",1,1,2,"A,C",2,,,,,,223,55,278,0,,single_receptor_single_ligand,True,PASS,
test,5uzu_complex,5uzu_complex.pdb,B,A,B,A,"A,B",1,1,2,"A,B",2,,,,,,68,577,645,0,,single_receptor_single_ligand,True,PASS,
test,3tq7_complex,3tq7_complex.pdb,B,P,B,P,"B,P",1,1,2,"B,P",2,,,,,,60,71,131,0,,single_receptor_single_ligand,True,PASS,
test,1hcf_complex,1hcf_complex.pdb,A,X,A,X,"A,X",1,1,2,"A,X",2,,,,,,127,101,228,0,,single_receptor_single_ligand,True,PASS,
test,1sg1_complex,1sg1_complex.pdb,B,X,B,X,"B,X",1,1,2,"B,X",2,,,,,,108,160,268,0,,single_receptor_single_ligand,True,PASS,
test,5y1z_complex,5y1z_complex.pdb,B,D,B,D,"B,D",1,1,2,"B,D",2,,,,,,135,307,442,0,,single_receptor_single_ligand,True,PASS,
test,2bp7_complex,2bp7_complex.pdb,A,B,A,B,"A,B",1,1,2,"A,B",2,,,,,,407,338,745,0,,single_receptor_single_ligand,True,PASS,
test,3k8p_complex,3k8p_complex.pdb,C,D,C,D,"C,D",1,1,2,"C,D",2,,,,,,289,602,891,0,,single_receptor_single_ligand,True,PASS,
test,2ij0_complex,2ij0_complex.pdb,A,E,A,E,"A,E",1,1,2,"A,E",2,,,,,,191,118,309,0,,single_receptor_single_ligand,True,PASS,
test,5ml9_complex,5ml9_complex.pdb,A,B,A,B,"A,B",1,1,2,"A,B",2,,,,,,172,103,275,0,,single_receptor_single_ligand,True,PASS,
test,5mn2_complex,5mn2_complex.pdb,B,C,B,C,"B,C",1,1,2,"B,C",2,,,,,,171,88,259,0,,single_receptor_single_ligand,True,PASS,
test,4ilg_complex,4ilg_complex.pdb,BC,A,"B,C",A,"A,B,C",2,1,3,"A,B,C",3,,,,,,497,321,818,0,,multichain_receptor_single_ligand,True,PASS,
test,4z8l_complex,4z8l_complex.pdb,AB,C,"A,B",C,"A,B,C",2,1,3,"A,B,C",3,,,,,,397,106,503,0,,multichain_receptor_single_ligand,True,PASS,
test,4dra_complex,4dra_complex.pdb,C,G,C,G,"C,G",1,1,2,"C,G",2,,,,,,98,74,172,0,,single_receptor_single_ligand,True,PASS,
test,4xr8_complex,4xr8_complex.pdb,BH,D,"B,H",D,"B,D,H",2,1,3,"B,D,H",3,,,,,,532,199,731,0,,multichain_receptor_single_ligand,True,PASS,
test,2wp3_complex,2wp3_complex.pdb,O,T,O,T,"O,T",1,1,2,"O,T",2,,,,,,97,99,196,0,,single_receptor_single_ligand,True,PASS,
test,2wwk_complex,2wwk_complex.pdb,O,T,O,T,"O,T",1,1,2,"O,T",2,,,,,,99,99,198,0,,single_receptor_single_ligand,True,PASS,
test,4c4k_complex,4c4k_complex.pdb,O,T,O,T,"O,T",1,1,2,"O,T",2,,,,,,94,97,191,0,,single_receptor_single_ligand,True,PASS,
test,6gho_complex,6gho_complex.pdb,A,B,A,B,"A,B",1,1,2,"A,B",2,,,,,,126,274,400,0,,single_receptor_single_ligand,True,PASS,
test,1f3v_complex,1f3v_complex.pdb,A,B,A,B,"A,B",1,1,2,"A,B",2,,,,,,158,164,322,0,,single_receptor_single_ligand,True,PASS,
test,3t6g_complex,3t6g_complex.pdb,A,B,A,B,"A,B",1,1,2,"A,B",2,,,,,,313,134,447,0,,single_receptor_single_ligand,True,PASS,
test,2yvj_complex,2yvj_complex.pdb,A,B,A,B,"A,B",1,1,2,"A,B",2,,,,,,402,106,508,0,,single_receptor_single_ligand,True,PASS,
test,2aw2_complex,2aw2_complex.pdb,X,Y,X,Y,"X,Y",1,1,2,"X,Y",2,,,,,,107,102,209,0,,single_receptor_single_ligand,True,PASS,
test,5odw_complex,5odw_complex.pdb,B,D,B,D,"B,D",1,1,2,"B,D",2,,,,,,762,198,960,0,,single_receptor_single_ligand,True,PASS,
test,6og4_complex,6og4_complex.pdb,A,C,A,C,"A,C",1,1,2,"A,C",2,,,,,,83,34,117,0,,single_receptor_single_ligand,True,PASS,
test,2wus_complex,2wus_complex.pdb,B,S,B,S,"B,S",1,1,2,"B,S",2,,,,,,333,82,415,0,,single_receptor_single_ligand,True,PASS,
test,2efd_complex,2efd_complex.pdb,A,B,A,B,"A,B",1,1,2,"A,B",2,,,,,,246,165,411,0,,single_receptor_single_ligand,True,PASS,
test,2efh_complex,2efh_complex.pdb,A,B,A,B,"A,B",1,1,2,"A,B",2,,,,,,246,165,411,0,,single_receptor_single_ligand,True,PASS,
test,4g01_complex,4g01_complex.pdb,A,B,A,B,"A,B",1,1,2,"A,B",2,,,,,,237,165,402,0,,single_receptor_single_ligand,True,PASS,
test,5wuj_complex,5wuj_complex.pdb,A,B,A,B,"A,B",1,1,2,"A,B",2,,,,,,37,105,142,0,,single_receptor_single_ligand,True,PASS,
test,5un7_complex,5un7_complex.pdb,A,B,A,B,"A,B",1,1,2,"A,B",2,,,,,,302,61,363,0,,single_receptor_single_ligand,True,PASS,
test,5bt1_complex,5bt1_complex.pdb,A,D,A,D,"A,D",1,1,2,"A,D",2,,,,,,244,90,334,0,,single_receptor_single_ligand,True,PASS,
test,3cqc_complex,3cqc_complex.pdb,A,B,A,B,"A,B",1,1,2,"A,B",2,,,,,,258,225,483,0,,single_receptor_single_ligand,True,PASS,
test,3cqg_complex,3cqg_complex.pdb,A,B,A,B,"A,B",1,1,2,"A,B",2,,,,,,235,222,457,0,,single_receptor_single_ligand,True,PASS,
test,6m9k_complex,6m9k_complex.pdb,C,F,C,F,"C,F",1,1,2,"C,F",2,,,,,,226,63,289,0,,single_receptor_single_ligand,True,PASS,
test,2v3b_complex,2v3b_complex.pdb,A,B,A,B,"A,B",1,1,2,"A,B",2,,,,,,381,53,434,0,,single_receptor_single_ligand,True,PASS,
test,4qlp_complex,4qlp_complex.pdb,A,B,A,B,"A,B",1,1,2,"A,B",2,,,,,,175,199,374,0,,single_receptor_single_ligand,True,PASS,
test,3oky_complex,3oky_complex.pdb,A,B,A,B,"A,B",1,1,2,"A,B",2,,,,,,621,542,1163,0,,single_receptor_single_ligand,True,PASS,
test,5cff_complex,5cff_complex.pdb,B,E,B,E,"B,E",1,1,2,"B,E",2,,,,,,87,69,156,0,,single_receptor_single_ligand,True,PASS,
test,2v9t_complex,2v9t_complex.pdb,A,B,A,B,"A,B",1,1,2,"A,B",2,,,,,,107,210,317,0,,single_receptor_single_ligand,True,PASS,
test,1gcq_complex,1gcq_complex.pdb,B,C,B,C,"B,C",1,1,2,"B,C",2,,,,,,57,69,126,0,,single_receptor_single_ligand,True,PASS,
test,3wrx_complex,3wrx_complex.pdb,B,D,B,D,"B,D",1,1,2,"B,D",2,,,,,,424,437,861,0,,single_receptor_single_ligand,True,PASS,
test,3wry_complex,3wry_complex.pdb,B,D,B,D,"B,D",1,1,2,"B,D",2,,,,,,424,438,862,0,,single_receptor_single_ligand,True,PASS,
test,2v6x_complex,2v6x_complex.pdb,A,B,A,B,"A,B",1,1,2,"A,B",2,,,,,,80,37,117,0,,single_receptor_single_ligand,True,PASS,
test,2vdb_complex,2vdb_complex.pdb,A,B,A,B,"A,B",1,1,2,"A,B",2,,,,,,579,55,634,0,,single_receptor_single_ligand,True,PASS,
test,4u4c_complex,4u4c_complex.pdb,A,B,A,B,"A,B",1,1,2,"A,B",2,,,,,,930,56,986,0,,single_receptor_single_ligand,True,PASS,
test,1djs_complex,1djs_complex.pdb,A,B,A,B,"A,B",1,1,2,"A,B",2,,,,,,212,134,346,0,,single_receptor_single_ligand,True,PASS,
test,1a22_complex,1a22_complex.pdb,A,B,A,B,"A,B",1,1,2,"A,B",2,,,,,,191,205,396,0,,single_receptor_single_ligand,True,PASS,
test,1axi_complex,1axi_complex.pdb,A,B,A,B,"A,B",1,1,2,"A,B",2,,,,,,189,205,394,0,,single_receptor_single_ligand,True,PASS,
test,6f3z_complex,6f3z_complex.pdb,C,D,C,D,"C,D",1,1,2,"C,D",2,,,,,,225,188,413,0,,single_receptor_single_ligand,True,PASS,
test,3brt_complex,3brt_complex.pdb,A,D,A,D,"A,D",1,1,2,"A,D",2,,,,,,39,62,101,0,,single_receptor_single_ligand,True,PASS,
test,3brv_complex,3brv_complex.pdb,A,D,A,D,"A,D",1,1,2,"A,D",2,,,,,,39,62,101,0,,single_receptor_single_ligand,True,PASS,
test,4fzv_complex,4fzv_complex.pdb,A,B,A,B,"A,B",1,1,2,"A,B",2,,,,,,340,207,547,0,,single_receptor_single_ligand,True,PASS,
test,4f0z_complex,4f0z_complex.pdb,AB,C,"A,B",C,"A,B,C",2,1,3,"A,B,C",3,,,,,,512,30,542,0,,multichain_receptor_single_ligand,True,PASS,
test,5ua4_complex,5ua4_complex.pdb,A,B,A,B,"A,B",1,1,2,"A,B",2,,,,,,135,32,167,0,,single_receptor_single_ligand,True,PASS,
test,6ib8_complex,6ib8_complex.pdb,A,C,A,C,"A,C",1,1,2,"A,C",2,,,,,,265,65,330,0,,single_receptor_single_ligand,True,PASS,
test,5ifs_complex,5ifs_complex.pdb,A,B,A,B,"A,B",1,1,2,"A,B",2,,,,,,181,460,641,0,,single_receptor_single_ligand,True,PASS,
test,3wa5_complex,3wa5_complex.pdb,A,B,A,B,"A,B",1,1,2,"A,B",2,,,,,,403,124,527,0,,single_receptor_single_ligand,True,PASS,
test,4m5f_complex,4m5f_complex.pdb,A,B,A,B,"A,B",1,1,2,"A,B",2,,,,,,399,124,523,0,,single_receptor_single_ligand,True,PASS,
test,6s29_complex,6s29_complex.pdb,C,D,C,D,"C,D",1,1,2,"C,D",2,,,,,,404,57,461,0,,single_receptor_single_ligand,True,PASS,
test,5xjo_complex,5xjo_complex.pdb,AC,E,"A,C",E,"A,C,E",2,1,3,"A,C,E",3,,,,,,890,52,942,0,,multichain_receptor_single_ligand,True,PASS,
test,1t0p_complex,1t0p_complex.pdb,A,B,A,B,"A,B",1,1,2,"A,B",2,,,,,,174,86,260,0,,single_receptor_single_ligand,True,PASS,
test,3bn3_complex,3bn3_complex.pdb,A,B,A,B,"A,B",1,1,2,"A,B",2,,,,,,180,196,376,0,,single_receptor_single_ligand,True,PASS,
test,4mrt_complex,4mrt_complex.pdb,C,A,C,A,"A,C",1,1,2,"A,C",2,,,,,,77,225,302,0,,single_receptor_single_ligand,True,PASS,
test,4imy_complex,4imy_complex.pdb,B,G,B,G,"B,G",1,1,2,"B,G",2,,,,,,250,33,283,0,,single_receptor_single_ligand,True,PASS,
test,4c9b_complex,4c9b_complex.pdb,A,B,A,B,"A,B",1,1,2,"A,B",2,,,,,,391,284,675,0,,single_receptor_single_ligand,True,PASS,
test,3ol2_complex,3ol2_complex.pdb,A,B,A,B,"A,B",1,1,2,"A,B",2,,,,,,625,511,1136,0,,single_receptor_single_ligand,True,PASS,
test,5xqz_complex,5xqz_complex.pdb,B,D,B,D,"B,D",1,1,2,"B,D",2,,,,,,193,68,261,0,,single_receptor_single_ligand,True,PASS,
test,5y4r_complex,5y4r_complex.pdb,B,C,B,C,"B,C",1,1,2,"B,C",2,,,,,,272,118,390,0,,single_receptor_single_ligand,True,PASS,
test,1xwd_complex,1xwd_complex.pdb,AB,C,"A,B",C,"A,B,C",2,1,3,"A,B,C",3,,,,,,195,242,437,0,,multichain_receptor_single_ligand,True,PASS,
test,4mqw_complex,4mqw_complex.pdb,AB,X,"A,B",X,"A,B,X",2,1,3,"A,B,X",3,,,,,,197,299,496,0,,multichain_receptor_single_ligand,True,PASS,
test,1h59_complex,1h59_complex.pdb,A,B,A,B,"A,B",1,1,2,"A,B",2,,,,,,63,45,108,0,,single_receptor_single_ligand,True,PASS,
test,2dsq_complex,2dsq_complex.pdb,IG,B,"I,G",B,"B,G,I",2,1,3,"B,G,I",3,,,,,,146,87,233,0,,multichain_receptor_single_ligand,True,PASS,
test,2dsr_complex,2dsr_complex.pdb,IB,G,"I,B",G,"B,G,I",2,1,3,"B,G,I",3,,,,,,138,79,217,0,,multichain_receptor_single_ligand,True,PASS,
test,2gh0_complex,2gh0_complex.pdb,C,A,C,A,"A,C",1,1,2,"A,C",2,,,,,,100,200,300,0,,single_receptor_single_ligand,True,PASS,
test,5mr4_complex,5mr4_complex.pdb,B,D,B,D,"B,D",1,1,2,"B,D",2,,,,,,98,297,395,0,,single_receptor_single_ligand,True,PASS,
test,5mr5_complex,5mr5_complex.pdb,B,D,B,D,"B,D",1,1,2,"B,D",2,,,,,,98,198,296,0,,single_receptor_single_ligand,True,PASS,
test,5eo9_complex,5eo9_complex.pdb,A,B,A,B,"A,B",1,1,2,"A,B",2,,,,,,107,205,312,0,,single_receptor_single_ligand,True,PASS,
test,6eg0_complex,6eg0_complex.pdb,A,B,A,B,"A,B",1,1,2,"A,B",2,,,,,,201,309,510,0,,single_receptor_single_ligand,True,PASS,
test,6eg1_complex,6eg1_complex.pdb,C,D,C,D,"C,D",1,1,2,"C,D",2,,,,,,219,295,514,0,,single_receptor_single_ligand,True,PASS,
test,6nrw_complex,6nrw_complex.pdb,A,B,A,B,"A,B",1,1,2,"A,B",2,,,,,,108,105,213,0,,single_receptor_single_ligand,True,PASS,
test,4jmf_complex,4jmf_complex.pdb,A,B,A,B,"A,B",1,1,2,"A,B",2,,,,,,50,116,166,0,,single_receptor_single_ligand,True,PASS,
test,6jhw_complex,6jhw_complex.pdb,A,B,A,B,"A,B",1,1,2,"A,B",2,,,,,,116,138,254,0,,single_receptor_single_ligand,True,PASS,
test,4bkx_complex,4bkx_complex.pdb,A,B,A,B,"A,B",1,1,2,"A,B",2,,,,,,169,369,538,0,,single_receptor_single_ligand,True,PASS,
test,4z80_complex,4z80_complex.pdb,B,D,B,D,"B,D",1,1,2,"B,D",2,,,,,,466,31,497,0,,single_receptor_single_ligand,True,PASS,
test,4o1q_complex,4o1q_complex.pdb,CD,A,"C,D",A,"A,C,D",2,1,3,"A,C,D",3,,,,,,500,354,854,0,,multichain_receptor_single_ligand,True,PASS,
test,2j7p_complex,2j7p_complex.pdb,A,D,A,D,"A,D",1,1,2,"A,D",2,,,,,,292,265,557,0,,single_receptor_single_ligand,True,PASS,
test,2xgy_complex,2xgy_complex.pdb,A,B,A,B,"A,B",1,1,2,"A,B",2,,,,,,137,165,302,0,,single_receptor_single_ligand,True,PASS,
test,6gtq_complex,6gtq_complex.pdb,A,C,A,C,"A,C",1,1,2,"A,C",2,,,,,,172,38,210,0,,single_receptor_single_ligand,True,PASS,
test,3g9w_complex,3g9w_complex.pdb,A,D,A,D,"A,D",1,1,2,"A,D",2,,,,,,217,40,257,0,,single_receptor_single_ligand,True,PASS,
test,4ng2_complex,4ng2_complex.pdb,D,L,D,L,"D,L",1,1,2,"D,L",2,,,,,,166,94,260,0,,single_receptor_single_ligand,True,PASS,
test,6saz_complex,6saz_complex.pdb,C,D,C,D,"C,D",1,1,2,"C,D",2,,,,,,200,244,444,0,,single_receptor_single_ligand,True,PASS,
test,4c5g_complex,4c5g_complex.pdb,A,B,A,B,"A,B",1,1,2,"A,B",2,,,,,,445,30,475,0,,single_receptor_single_ligand,True,PASS,
test,6km7_complex,6km7_complex.pdb,B,D,B,D,"B,D",1,1,2,"B,D",2,,,,,,312,34,346,0,,single_receptor_single_ligand,True,PASS,
test,5gjk_complex,5gjk_complex.pdb,A,B,A,B,"A,B",1,1,2,"A,B",2,,,,,,94,68,162,0,,single_receptor_single_ligand,True,PASS,
test,5b64_complex,5b64_complex.pdb,A,B,A,B,"A,B",1,1,2,"A,B",2,,,,,,180,116,296,0,,single_receptor_single_ligand,True,PASS,
test,5ee5_complex,5ee5_complex.pdb,A,B,A,B,"A,B",1,1,2,"A,B",2,,,,,,204,164,368,0,,single_receptor_single_ligand,True,PASS,
test,3kbt_complex,3kbt_complex.pdb,A,D,A,D,"A,D",1,1,2,"A,D",2,,,,,,284,159,443,0,,single_receptor_single_ligand,True,PASS,
test,1ze3_complex,1ze3_complex.pdb,CH,D,"C,H",D,"C,D,H",2,1,3,"C,D,H",3,,,,,,327,125,452,0,,multichain_receptor_single_ligand,True,PASS,
test,4b0m_complex,4b0m_complex.pdb,BM,A,"B,M",A,"A,B,M",2,1,3,"A,B,M",3,,,,,,351,135,486,0,,multichain_receptor_single_ligand,True,PASS,
test,5vxz_complex,5vxz_complex.pdb,A,C,A,C,"A,C",1,1,2,"A,C",2,,,,,,395,102,497,0,,single_receptor_single_ligand,True,PASS,
test,5nt7_complex,5nt7_complex.pdb,D,C,D,C,"C,D",1,1,2,"C,D",2,,,,,,159,92,251,0,,single_receptor_single_ligand,True,PASS,
test,5d50_complex,5d50_complex.pdb,B,F,B,F,"B,F",1,1,2,"B,F",2,,,,,,130,67,197,0,,single_receptor_single_ligand,True,PASS,
test,1k93_complex,1k93_complex.pdb,A,D,A,D,"A,D",1,1,2,"A,D",2,,,,,,489,143,632,0,,single_receptor_single_ligand,True,PASS,
test,1yrt_complex,1yrt_complex.pdb,A,B,A,B,"A,B",1,1,2,"A,B",2,,,,,,358,69,427,0,,single_receptor_single_ligand,True,PASS,
test,1yru_complex,1yru_complex.pdb,A,B,A,B,"A,B",1,1,2,"A,B",2,,,,,,358,69,427,0,,single_receptor_single_ligand,True,PASS,
test,2wel_complex,2wel_complex.pdb,A,D,A,D,"A,D",1,1,2,"A,D",2,,,,,,308,145,453,0,,single_receptor_single_ligand,True,PASS,
test,2ygg_complex,2ygg_complex.pdb,A,B,A,B,"A,B",1,1,2,"A,B",2,,,,,,66,146,212,0,,single_receptor_single_ligand,True,PASS,
test,3tac_complex,3tac_complex.pdb,A,B,A,B,"A,B",1,1,2,"A,B",2,,,,,,326,292,618,0,,single_receptor_single_ligand,True,PASS,
test,4byf_complex,4byf_complex.pdb,C,D,C,D,"C,D",1,1,2,"C,D",2,,,,,,711,148,859,0,,single_receptor_single_ligand,True,PASS,
test,6b8n_complex,6b8n_complex.pdb,E,F,E,F,"E,F",1,1,2,"E,F",2,,,,,,76,145,221,0,,single_receptor_single_ligand,True,PASS,
test,6k4k_complex,6k4k_complex.pdb,A,C,A,C,"A,C",1,1,2,"A,C",2,,,,,,750,122,872,0,,single_receptor_single_ligand,True,PASS,
test,6mba_complex,6mba_complex.pdb,A,B,A,B,"A,B",1,1,2,"A,B",2,,,,,,137,145,282,0,,single_receptor_single_ligand,True,PASS,
test,6oqq_complex,6oqq_complex.pdb,A,B,A,B,"A,B",1,1,2,"A,B",2,,,,,,748,143,891,0,,single_receptor_single_ligand,True,PASS,
test,6plm_complex,6plm_complex.pdb,B,D,B,D,"B,D",1,1,2,"B,D",2,,,,,,757,147,904,0,,single_receptor_single_ligand,True,PASS,
test,3kyi_complex,3kyi_complex.pdb,A,B,A,B,"A,B",1,1,2,"A,B",2,,,,,,127,134,261,0,,single_receptor_single_ligand,True,PASS,
test,3o5t_complex,3o5t_complex.pdb,A,B,A,B,"A,B",1,1,2,"A,B",2,,,,,,295,112,407,0,,single_receptor_single_ligand,True,PASS,
test,3htu_complex,3htu_complex.pdb,A,B,A,B,"A,B",1,1,2,"A,B",2,,,,,,75,35,110,0,,single_receptor_single_ligand,True,PASS,
test,1y8n_complex,1y8n_complex.pdb,A,B,A,B,"A,B",1,1,2,"A,B",2,,,,,,389,102,491,0,,single_receptor_single_ligand,True,PASS,
test,3crk_complex,3crk_complex.pdb,A,C,A,C,"A,C",1,1,2,"A,C",2,,,,,,370,86,456,0,,single_receptor_single_ligand,True,PASS,
test,6hul_complex,6hul_complex.pdb,A,B,A,B,"A,B",1,1,2,"A,B",2,,,,,,241,416,657,0,,single_receptor_single_ligand,True,PASS,
test,1yvb_complex,1yvb_complex.pdb,A,I,A,I,"A,I",1,1,2,"A,I",2,,,,,,241,111,352,0,,single_receptor_single_ligand,True,PASS,
test,2oul_complex,2oul_complex.pdb,A,B,A,B,"A,B",1,1,2,"A,B",2,,,,,,241,107,348,0,,single_receptor_single_ligand,True,PASS,
test,3pnr_complex,3pnr_complex.pdb,A,B,A,B,"A,B",1,1,2,"A,B",2,,,,,,240,129,369,0,,single_receptor_single_ligand,True,PASS,
test,4qt8_complex,4qt8_complex.pdb,A,C,A,C,"A,C",1,1,2,"A,C",2,,,,,,651,243,894,0,,single_receptor_single_ligand,True,PASS,
test,2omt_complex,2omt_complex.pdb,A,B,A,B,"A,B",1,1,2,"A,B",2,,,,,,462,105,567,0,,single_receptor_single_ligand,True,PASS,
test,2omu_complex,2omu_complex.pdb,A,B,A,B,"A,B",1,1,2,"A,B",2,,,,,,462,105,567,0,,single_receptor_single_ligand,True,PASS,
test,2omv_complex,2omv_complex.pdb,A,B,A,B,"A,B",1,1,2,"A,B",2,,,,,,461,103,564,0,,single_receptor_single_ligand,True,PASS,
test,2omw_complex,2omw_complex.pdb,A,B,A,B,"A,B",1,1,2,"A,B",2,,,,,,461,105,566,0,,single_receptor_single_ligand,True,PASS,
test,2omx_complex,2omx_complex.pdb,A,B,A,B,"A,B",1,1,2,"A,B",2,,,,,,462,107,569,0,,single_receptor_single_ligand,True,PASS,
test,2omy_complex,2omy_complex.pdb,A,B,A,B,"A,B",1,1,2,"A,B",2,,,,,,461,105,566,0,,single_receptor_single_ligand,True,PASS,
test,2omz_complex,2omz_complex.pdb,A,B,A,B,"A,B",1,1,2,"A,B",2,,,,,,466,105,571,0,,single_receptor_single_ligand,True,PASS,
test,4qd2_complex,4qd2_complex.pdb,ABD,E,"A,B,D",E,"A,B,D,E",3,1,4,"A,B,D,E",4,,,,,,658,212,870,0,,multichain_receptor_single_ligand,True,PASS,
test,2hqs_complex,2hqs_complex.pdb,D,E,D,E,"D,E",1,1,2,"D,E",2,,,,,,414,107,521,0,,single_receptor_single_ligand,True,PASS,
test,2w8b_complex,2w8b_complex.pdb,A,H,A,H,"A,H",1,1,2,"A,H",2,,,,,,409,108,517,0,,single_receptor_single_ligand,True,PASS,
test,4nn6_complex,4nn6_complex.pdb,AC,B,"A,C",B,"A,B,C",2,1,3,"A,B,C",3,,,,,,283,196,479,0,,multichain_receptor_single_ligand,True,PASS,
test,4uyp_complex,4uyp_complex.pdb,A,D,A,D,"A,D",1,1,2,"A,D",2,,,,,,144,73,217,0,,single_receptor_single_ligand,True,PASS,
test,4uyq_complex,4uyq_complex.pdb,A,B,A,B,"A,B",1,1,2,"A,B",2,,,,,,144,73,217,0,,single_receptor_single_ligand,True,PASS,
test,2o3b_complex,2o3b_complex.pdb,A,B,A,B,"A,B",1,1,2,"A,B",2,,,,,,241,135,376,0,,single_receptor_single_ligand,True,PASS,
test,1efn_complex,1efn_complex.pdb,C,D,C,D,"C,D",1,1,2,"C,D",2,,,,,,57,104,161,0,,single_receptor_single_ligand,True,PASS,
test,4nee_complex,4nee_complex.pdb,BD,C,"B,D",C,"B,C,D",2,1,3,"B,C,D",3,,,,,,530,132,662,0,,multichain_receptor_single_ligand,True,PASS,
test,3uz0_complex,3uz0_complex.pdb,A,B,A,B,"A,B",1,1,2,"A,B",2,,,,,,112,140,252,0,,single_receptor_single_ligand,True,PASS,
test,4qxa_complex,4qxa_complex.pdb,A,B,A,B,"A,B",1,1,2,"A,B",2,,,,,,172,147,319,0,,single_receptor_single_ligand,True,PASS,
test,1nw9_complex,1nw9_complex.pdb,A,B,A,B,"A,B",1,1,2,"A,B",2,,,,,,91,250,341,0,,single_receptor_single_ligand,True,PASS,
test,4llo_complex,4llo_complex.pdb,E,F,E,F,"E,F",1,1,2,"E,F",2,,,,,,171,121,292,0,,single_receptor_single_ligand,True,PASS,
test,6on9_complex,6on9_complex.pdb,A,B,A,B,"A,B",1,1,2,"A,B",2,,,,,,116,110,226,0,,single_receptor_single_ligand,True,PASS,
test,5f1b_complex,5f1b_complex.pdb,AB,C,"A,B",C,"A,B,C",2,1,3,"A,B,C",3,,,,,,248,215,463,0,,multichain_receptor_single_ligand,True,PASS,
test,1r6q_complex,1r6q_complex.pdb,B,D,B,D,"B,D",1,1,2,"B,D",2,,,,,,142,91,233,0,,single_receptor_single_ligand,True,PASS,
test,5t5w_complex,5t5w_complex.pdb,AC,B,"A,C",B,"A,B,C",2,1,3,"A,B,C",3,,,,,,358,196,554,0,,multichain_receptor_single_ligand,True,PASS,
test,2ve7_complex,2ve7_complex.pdb,B,D,B,D,"B,D",1,1,2,"B,D",2,,,,,,313,242,555,0,,single_receptor_single_ligand,True,PASS,
test,5tzn_complex,5tzn_complex.pdb,W,G,W,G,"G,W",1,1,2,"G,W",2,,,,,,122,144,266,0,,single_receptor_single_ligand,True,PASS,
test,5a6w_complex,5a6w_complex.pdb,B,C,B,C,"B,C",1,1,2,"B,C",2,,,,,,75,83,158,0,,single_receptor_single_ligand,True,PASS,
test,6fu9_complex,6fu9_complex.pdb,A,B,A,B,"A,B",1,1,2,"A,B",2,,,,,,79,84,163,0,,single_receptor_single_ligand,True,PASS,
test,6fud_complex,6fud_complex.pdb,A,B,A,B,"A,B",1,1,2,"A,B",2,,,,,,77,81,158,0,,single_receptor_single_ligand,True,PASS,
test,6g10_complex,6g10_complex.pdb,B,C,B,C,"B,C",1,1,2,"B,C",2,,,,,,76,83,159,0,,single_receptor_single_ligand,True,PASS,
