split,file,total_residues,interface_residues,non_interface_residues,interface_ratio_percent,invalid_label_count
train,1acb_complex_label.csv,304,41,263,13.486842105263158,0
train,1ahw_complex_label.csv,636,53,583,8.333333333333332,0
train,1ak4_complex_label.csv,310,30,280,9.67741935483871,0
train,1an1_complex_label.csv,262,41,221,15.648854961832063,0
train,1atn_complex_label.csv,631,48,583,7.6069730586370845,0
train,1ava_complex_label.csv,584,70,514,11.986301369863012,0
train,1avg_complex_label.csv,401,36,365,8.977556109725686,0
train,1avx_complex_label.csv,400,50,350,12.5,0
train,1avz_complex_label.csv,160,31,129,19.375,0
train,1azz_complex_label.csv,364,57,307,15.659340659340659,0
train,1b6c_complex_label.csv,433,41,392,9.468822170900692,0
train,1bj1_complex_label.csv,531,42,489,7.909604519774012,0
train,1bql_complex_label.csv,555,41,514,7.3873873873873865,0
train,1bth_complex_label.csv,312,62,250,19.871794871794872,0
train,1bvk_complex_label.csv,353,39,314,11.048158640226628,0
train,1bvn_complex_label.csv,567,54,513,9.523809523809524,0
train,1c9p_complex_label.csv,272,40,232,14.705882352941178,0
train,1clv_complex_label.csv,502,55,447,10.95617529880478,0
train,1cz8_complex_label.csv,531,43,488,8.097928436911488,0
train,1d6r_complex_label.csv,281,44,237,15.658362989323843,0
train,1de4_complex_label.csv,1006,48,958,4.7713717693836974,0
train,1dee_complex_label.csv,488,31,457,6.352459016393443,0
train,1dfj_complex_label.csv,580,72,508,12.413793103448276,0
train,1dhk_complex_label.csv,694,86,608,12.39193083573487,0
train,1dp5_complex_label.csv,360,77,283,21.38888888888889,0
train,1dqj_complex_label.csv,553,47,506,8.499095840867993,0
train,1du3_complex_label.csv,253,46,207,18.181818181818183,0
train,1dzb_complex_label.csv,367,47,320,12.806539509536785,0
train,1e3u_complex_label.csv,488,69,419,14.139344262295081,0
train,1e6j_complex_label.csv,639,35,604,5.477308294209703,0
train,1e96_complex_label.csv,363,35,328,9.641873278236915,0
train,1eaw_complex_label.csv,297,51,246,17.17171717171717,0
train,1eer_complex_label.csv,379,50,329,13.192612137203167,0
train,1eja_complex_label.csv,276,45,231,16.304347826086957,0
train,1eo8_complex_label.csv,746,46,700,6.166219839142091,0
train,1es0_complex_label.csv,390,165,225,42.30769230769231,0
train,1ewy_complex_label.csv,401,39,362,9.72568578553616,0
train,1ezs_complex_label.csv,354,57,297,16.101694915254235,0
train,1ezu_complex_label.csv,363,50,313,13.774104683195592,0
train,1f34_complex_label.csv,473,104,369,21.987315010570825,0
train,1f5r_complex_label.csv,280,45,235,16.071428571428573,0
train,1f7z_complex_label.csv,279,41,238,14.695340501792115,0
train,1fak_complex_label.csv,309,55,254,17.79935275080906,0
train,1fc2_complex_label.csv,251,32,219,12.749003984063744,0
train,1fe8_complex_label.csv,607,48,559,7.907742998352553,0
train,1ffw_complex_label.csv,196,29,167,14.795918367346939,0
train,1fg9_complex_label.csv,339,41,298,12.094395280235988,0
train,1fle_complex_label.csv,287,47,240,16.376306620209057,0
train,1flt_complex_label.csv,193,28,165,14.507772020725387,0
train,1fqj_complex_label.csv,488,80,408,16.39344262295082,0
train,1fsk_complex_label.csv,593,43,550,7.251264755480608,0
train,1fy8_complex_label.csv,279,53,226,18.996415770609318,0
train,1gl0_complex_label.csv,277,51,226,18.4115523465704,0
train,1gl1_complex_label.csv,278,41,237,14.748201438848922,0
train,1grn_complex_label.csv,388,55,333,14.175257731958762,0
train,1gua_complex_label.csv,243,32,211,13.168724279835391,0
train,1h1v_complex_label.csv,702,54,648,7.6923076923076925,0
train,1he8_complex_label.csv,963,35,928,3.6344755970924196,0
train,1hez_complex_label.csv,498,35,463,7.028112449799197,0
train,1hia_complex_label.csv,278,45,233,16.18705035971223,0
train,1hrt_complex_label.csv,324,79,245,24.382716049382715,0
train,1i2m_complex_label.csv,564,70,494,12.411347517730496,0
train,1i3o_complex_label.csv,346,51,295,14.739884393063585,0
train,1i8l_complex_label.csv,317,32,285,10.094637223974763,0
train,1ibr_complex_label.csv,627,88,539,14.035087719298245,0
train,1icf_complex_label.csv,240,51,189,21.25,0
train,1id5_complex_label.csv,394,64,330,16.243654822335024,0
train,1ijk_complex_label.csv,449,38,411,8.463251670378618,0
train,1iqd_complex_label.csv,582,57,525,9.793814432989691,0
train,1j2j_complex_label.csv,206,27,179,13.106796116504855,0
train,1j7d_complex_label.csv,289,39,250,13.494809688581316,0
train,1j7v_complex_label.csv,355,42,313,11.830985915492958,0
train,1jmo_complex_label.csv,684,93,591,13.596491228070176,0
train,1jps_complex_label.csv,637,51,586,8.006279434850864,0
train,1jrh_complex_label.csv,497,40,457,8.048289738430583,0
train,1jtd_complex_label.csv,535,57,478,10.654205607476635,0
train,1jtg_complex_label.csv,428,67,361,15.654205607476634,0
train,1k5d_complex_label.csv,550,73,477,13.272727272727272,0
train,1kig_complex_label.csv,301,52,249,17.275747508305646,0
train,1kkl_complex_label.csv,263,32,231,12.167300380228136,0
train,1ktk_complex_label.csv,453,43,410,9.492273730684326,0
train,1ktz_complex_label.csv,188,22,166,11.702127659574469,0
train,1kxp_complex_label.csv,799,87,712,10.888610763454318,0
train,1kxq_complex_label.csv,616,61,555,9.902597402597403,0
train,1kxt_complex_label.csv,621,51,570,8.212560386473431,0
train,1kxv_complex_label.csv,617,50,567,8.103727714748784,0
train,1l0x_complex_label.csv,457,29,428,6.3457330415754925,0
train,1l0y_complex_label.csv,457,29,428,6.3457330415754925,0
train,1l4d_complex_label.csv,371,44,327,11.859838274932615,0
train,1l4z_complex_label.csv,384,37,347,9.635416666666668,0
train,1ldt_complex_label.csv,269,42,227,15.613382899628252,0
train,1lfd_complex_label.csv,254,32,222,12.598425196850393,0
train,1lp1_complex_label.csv,109,38,71,34.862385321100916,0
train,1lqs_complex_label.csv,349,44,305,12.607449856733524,0
train,1lw6_complex_label.csv,344,47,297,13.662790697674417,0
train,1lzw_complex_label.csv,237,48,189,20.253164556962027,0
train,1mhh_complex_label.csv,499,30,469,6.012024048096192,0
train,1mlc_complex_label.csv,561,41,520,7.308377896613191,0
train,1mzw_complex_label.csv,204,30,174,14.705882352941178,0
train,1nca_complex_label.csv,824,54,770,6.553398058252427,0
train,1nez_complex_label.csv,516,70,446,13.565891472868216,0
train,1nf3_complex_label.csv,317,54,263,17.034700315457414,0
train,1nl0_complex_label.csv,470,29,441,6.170212765957447,0
train,1nm5_complex_label.csv,532,38,494,7.142857142857142,0
train,1nma_complex_label.csv,609,44,565,7.224958949096879,0
train,1nsn_complex_label.csv,565,45,520,7.964601769911504,0
train,1nvu_complex_label.csv,647,80,567,12.364760432766616,0
train,1o94_complex_label.csv,1153,36,1117,3.1222896790980053,0
train,1ob1_complex_label.csv,531,37,494,6.96798493408663,0
train,1oc0_complex_label.csv,411,32,379,7.785888077858881,0
train,1oey_complex_label.csv,175,34,141,19.428571428571427,0
train,1op9_complex_label.csv,251,32,219,12.749003984063744,0
train,1oph_complex_label.csv,598,42,556,7.023411371237458,0
train,1oyv_complex_label.csv,390,70,320,17.94871794871795,0
train,1p0s_complex_label.csv,374,62,312,16.577540106951872,0
train,1p2c_complex_label.csv,557,41,516,7.360861759425494,0
train,1p3q_complex_label.csv,107,25,82,23.364485981308412,0
train,1pvh_complex_label.csv,370,37,333,10.0,0
train,1pxv_complex_label.csv,294,59,235,20.068027210884352,0
train,1qfu_complex_label.csv,758,54,704,7.12401055408971,0
train,1qty_complex_label.csv,190,28,162,14.736842105263156,0
train,1r0r_complex_label.csv,325,42,283,12.923076923076923,0
train,1ri8_complex_label.csv,253,39,214,15.41501976284585,0
train,1rjc_complex_label.csv,255,47,208,18.43137254901961,0
train,1rke_complex_label.csv,444,63,381,14.18918918918919,0
train,1rv6_complex_label.csv,187,32,155,17.11229946524064,0
train,1s1q_complex_label.csv,208,33,175,15.865384615384615,0
train,1s4y_complex_label.csv,207,42,165,20.28985507246377,0
train,1sbb_complex_label.csv,471,27,444,5.7324840764331215,0
train,1shz_complex_label.csv,544,71,473,13.051470588235295,0
train,1sq0_complex_label.csv,463,63,400,13.606911447084233,0
train,1sy6_complex_label.csv,600,33,567,5.5,0
train,1t44_complex_label.csv,514,105,409,20.428015564202333,0
train,1t6b_complex_label.csv,858,55,803,6.41025641025641,0
train,1ta3_complex_label.csv,575,56,519,9.73913043478261,0
train,1taw_complex_label.csv,277,45,232,16.24548736462094,0
train,1tbr_complex_label.csv,362,92,270,25.41436464088398,0
train,1tdq_complex_label.csv,397,47,350,11.838790931989925,0
train,1te1_complex_label.csv,464,51,413,10.991379310344827,0
train,1tm1_complex_label.csv,345,44,301,12.753623188405797,0
train,1tm3_complex_label.csv,345,44,301,12.753623188405797,0
train,1tm4_complex_label.csv,345,41,304,11.884057971014492,0
train,1tm5_complex_label.csv,345,44,301,12.753623188405797,0
train,1tm7_complex_label.csv,345,46,299,13.333333333333334,0
train,1to1_complex_label.csv,345,45,300,13.043478260869565,0
train,1tzh_complex_label.csv,526,35,491,6.653992395437262,0
train,1tzi_complex_label.csv,533,10,523,1.876172607879925,0
train,1u7f_complex_label.csv,387,61,326,15.762273901808785,0
train,1u7v_complex_label.csv,404,60,344,14.85148514851485,0
train,1uad_complex_label.csv,265,26,239,9.811320754716983,0
train,1uex_complex_label.csv,325,34,291,10.461538461538462,0
train,1ugh_complex_label.csv,305,61,244,20.0,0
train,1ul1_complex_label.csv,586,91,495,15.529010238907851,0
train,1us7_complex_label.csv,408,31,377,7.598039215686274,0
train,1usu_complex_label.csv,398,42,356,10.552763819095476,0
train,1usv_complex_label.csv,402,36,366,8.955223880597014,0
train,1uug_complex_label.csv,303,53,250,17.491749174917494,0
train,1uuz_complex_label.csv,259,47,212,18.146718146718147,0
train,1v7p_complex_label.csv,454,52,402,11.45374449339207,0
train,1vet_complex_label.csv,240,58,182,24.166666666666668,0
train,1veu_complex_label.csv,237,63,174,26.582278481012654,0
train,1vfb_complex_label.csv,352,39,313,11.079545454545455,0
train,1vg0_complex_label.csv,686,74,612,10.787172011661808,0
train,1wdw_complex_label.csv,633,82,551,12.954186413902052,0
train,1wej_complex_label.csv,541,35,506,6.469500924214418,0
train,1wpx_complex_label.csv,640,96,544,15.0,0
train,1wq1_complex_label.csv,486,66,420,13.580246913580247,0
train,1wqj_complex_label.csv,142,41,101,28.87323943661972,0
train,1wr6_complex_label.csv,160,34,126,21.25,0
train,1wrd_complex_label.csv,174,31,143,17.81609195402299,0
train,1x75_complex_label.csv,233,18,215,7.725321888412018,0
train,1xd3_complex_label.csv,304,63,241,20.723684210526315,0
train,1xdt_complex_label.csv,576,66,510,11.458333333333332,0
train,1xg2_complex_label.csv,468,63,405,13.461538461538462,0
train,1xqs_complex_label.csv,429,61,368,14.219114219114218,0
train,1xt9_complex_label.csv,286,80,206,27.972027972027973,0
train,1xu1_complex_label.csv,173,37,136,21.38728323699422,0
train,1xx9_complex_label.csv,377,63,314,16.710875331564985,0
train,1xxd_complex_label.csv,375,56,319,14.933333333333335,0
train,1y1k_complex_label.csv,345,40,305,11.594202898550725,0
train,1y33_complex_label.csv,345,44,301,12.753623188405797,0
train,1y34_complex_label.csv,345,44,301,12.753623188405797,0
train,1y3b_complex_label.csv,345,45,300,13.043478260869565,0
train,1y3c_complex_label.csv,345,44,301,12.753623188405797,0
train,1y3d_complex_label.csv,345,41,304,11.884057971014492,0
train,1y48_complex_label.csv,345,48,297,13.91304347826087,0
train,1y4a_complex_label.csv,338,48,290,14.201183431952662,0
train,1y4d_complex_label.csv,339,46,293,13.569321533923304,0
train,1y6k_complex_label.csv,350,39,311,11.142857142857142,0
train,1y6m_complex_label.csv,346,37,309,10.69364161849711,0
train,1y6n_complex_label.csv,339,39,300,11.504424778761061,0
train,1yc0_complex_label.csv,311,49,262,15.755627009646304,0
train,1yd8_complex_label.csv,166,31,135,18.67469879518072,0
train,1yy9_complex_label.csv,1044,49,995,4.693486590038314,0
train,1z0k_complex_label.csv,230,46,184,20.0,0
train,1z7x_complex_label.csv,586,79,507,13.48122866894198,0
train,1z92_complex_label.csv,256,48,208,18.75,0
train,1zc3_complex_label.csv,282,49,233,17.375886524822697,0
train,1zc4_complex_label.csv,286,46,240,16.083916083916083,0
train,1zhi_complex_label.csv,330,33,297,10.0,0
train,1zjd_complex_label.csv,294,49,245,16.666666666666664,0
train,1zli_complex_label.csv,380,61,319,16.05263157894737,0
train,1zm4_complex_label.csv,1029,45,984,4.373177842565598,0
train,1zmy_complex_label.csv,262,43,219,16.412213740458014,0
train,1zr0_complex_label.csv,286,45,241,15.734265734265735,0
train,1zv5_complex_label.csv,248,37,211,14.919354838709678,0
train,1zvh_complex_label.csv,253,33,220,13.043478260869565,0
train,2a78_complex_label.csv,377,51,326,13.527851458885943,0
train,2a9k_complex_label.csv,377,50,327,13.262599469496022,0
train,2abz_complex_label.csv,364,41,323,11.263736263736265,0
train,2aep_complex_label.csv,675,48,627,7.111111111111111,0
train,2aeq_complex_label.csv,611,42,569,6.873977086743044,0
train,2ajf_complex_label.csv,777,45,732,5.7915057915057915,0
train,2aq1_complex_label.csv,345,32,313,9.27536231884058,0
train,2aq2_complex_label.csv,344,36,308,10.465116279069768,0
train,2aq3_complex_label.csv,346,34,312,9.826589595375722,0
train,2arp_complex_label.csv,264,57,207,21.59090909090909,0
train,2b0z_complex_label.csv,402,25,377,6.218905472636816,0
train,2b10_complex_label.csv,402,32,370,7.960199004975125,0
train,2b11_complex_label.csv,402,31,371,7.711442786069651,0
train,2b2x_complex_label.csv,617,52,565,8.427876823338735,0
train,2b42_complex_label.csv,560,72,488,12.857142857142856,0
train,2b4j_complex_label.csv,235,17,218,7.234042553191489,0
train,2b5i_complex_label.csv,648,101,547,15.58641975308642,0
train,2b7c_complex_label.csv,527,92,435,17.4573055028463,0
train,2bdn_complex_label.csv,499,41,458,8.216432865731463,0
train,2bo9_complex_label.csv,524,62,462,11.83206106870229,0
train,2btf_complex_label.csv,512,57,455,11.1328125,0
train,2c0l_complex_label.csv,427,58,369,13.583138173302109,0
train,2c1m_complex_label.csv,470,104,366,22.127659574468083,0
train,2c1t_complex_label.csv,468,91,377,19.444444444444446,0
train,2c7m_complex_label.csv,132,34,98,25.757575757575758,0
train,2c7n_complex_label.csv,131,35,96,26.717557251908396,0
train,2cjs_complex_label.csv,217,70,147,32.25806451612903,0
train,2cmr_complex_label.csv,639,51,588,7.981220657276995,0
train,2dd8_complex_label.csv,624,49,575,7.852564102564102,0
train,2dsp_complex_label.csv,159,52,107,32.70440251572327,0
train,2erj_complex_label.csv,530,58,472,10.943396226415095,0
train,2es4_complex_label.csv,596,146,450,24.496644295302016,0
train,2f4m_complex_label.csv,356,41,315,11.51685393258427,0
train,2f5z_complex_label.csv,514,25,489,4.863813229571985,0
train,2fdb_complex_label.csv,359,105,254,29.247910863509752,0
train,2fjg_complex_label.csv,529,23,506,4.3478260869565215,0
train,2fju_complex_label.csv,877,28,849,3.192702394526796,0
train,2ftl_complex_label.csv,280,42,238,15.0,0
train,2ftm_complex_label.csv,281,44,237,15.658362989323843,0
train,2g2u_complex_label.csv,430,63,367,14.651162790697676,0
train,2g2w_complex_label.csv,430,60,370,13.953488372093023,0
train,2g45_complex_label.csv,193,26,167,13.471502590673575,0
train,2g81_complex_label.csv,279,44,235,15.770609318996415,0
train,2gox_complex_label.csv,362,42,320,11.602209944751381,0
train,2h62_complex_label.csv,291,67,224,23.02405498281787,0
train,2h64_complex_label.csv,197,23,174,11.6751269035533,0
train,2h9g_complex_label.csv,539,45,494,8.348794063079778,0
train,2hd5_complex_label.csv,412,114,298,27.669902912621357,0
train,2hev_complex_label.csv,266,30,236,11.278195488721805,0
train,2hrk_complex_label.csv,298,38,260,12.751677852348994,0
train,2hth_complex_label.csv,202,28,174,13.861386138613863,0
train,2i25_complex_label.csv,243,41,202,16.872427983539097,0
train,2i26_complex_label.csv,247,37,210,14.979757085020243,0
train,2i3s_complex_label.csv,376,73,303,19.414893617021274,0
train,2i3t_complex_label.csv,383,78,305,20.365535248041773,0
train,2i9b_complex_label.csv,400,66,334,16.5,0
train,2iff_complex_label.csv,555,41,514,7.3873873873873865,0
train,2ijo_complex_label.csv,273,107,166,39.1941391941392,0
train,2iwg_complex_label.csv,388,37,351,9.536082474226804,0
train,2iy0_complex_label.csv,458,28,430,6.11353711790393,0
train,2iy1_complex_label.csv,309,54,255,17.475728155339805,0
train,2iyb_complex_label.csv,175,38,137,21.714285714285715,0
train,2j0t_complex_label.csv,283,40,243,14.13427561837456,0
train,2j1k_complex_label.csv,299,43,256,14.381270903010032,0
train,2j4w_complex_label.csv,471,36,435,7.643312101910828,0
train,2j59_complex_label.csv,298,41,257,13.758389261744966,0
train,2j5l_complex_label.csv,471,37,434,7.855626326963907,0
train,2j6e_complex_label.csv,644,22,622,3.4161490683229814,0
train,2j8s_complex_label.csv,1189,42,1147,3.532380151387721,0
train,2j8x_complex_label.csv,313,68,245,21.72523961661342,0
train,2jel_complex_label.csv,520,45,475,8.653846153846153,0
train,2jjs_complex_label.csv,234,49,185,20.94017094017094,0
train,2jjt_complex_label.csv,227,49,178,21.58590308370044,0
train,2mta_complex_label.csv,602,39,563,6.4784053156146175,0
train,2noj_complex_label.csv,345,45,300,13.043478260869565,0
train,2nqd_complex_label.csv,330,55,275,16.666666666666664,0
train,2nup_complex_label.csv,1628,64,1564,3.9312039312039313,0
train,2nut_complex_label.csv,1597,62,1535,3.8822792736380713,0
train,2nyy_complex_label.csv,1707,59,1648,3.456356180433509,0
train,2nyz_complex_label.csv,437,30,407,6.864988558352403,0
train,2nz1_complex_label.csv,435,32,403,7.35632183908046,0
train,2o8v_complex_label.csv,351,47,304,13.390313390313391,0
train,2ody_complex_label.csv,382,96,286,25.13089005235602,0
train,2oob_complex_label.csv,116,23,93,19.82758620689655,0
train,2oor_complex_label.csv,537,38,499,7.076350093109869,0
train,2p42_complex_label.csv,242,33,209,13.636363636363635,0
train,2p43_complex_label.csv,244,34,210,13.934426229508196,0
train,2p44_complex_label.csv,242,34,208,14.049586776859504,0
train,2p45_complex_label.csv,240,32,208,13.333333333333334,0
train,2p46_complex_label.csv,239,34,205,14.225941422594143,0
train,2p47_complex_label.csv,239,32,207,13.389121338912133,0
train,2p48_complex_label.csv,240,32,208,13.333333333333334,0
train,2p49_complex_label.csv,246,36,210,14.634146341463413,0
train,2p4a_complex_label.csv,245,34,211,13.877551020408163,0
train,2pcb_complex_label.csv,398,24,374,6.030150753768844,0
train,2pcc_complex_label.csv,402,31,371,7.711442786069651,0
train,2pjy_complex_label.csv,299,43,256,14.381270903010032,0
train,2psm_complex_label.csv,186,36,150,19.35483870967742,0
train,2ptc_complex_label.csv,281,45,236,16.014234875444842,0
train,2ptt_complex_label.csv,211,42,169,19.90521327014218,0
train,2qc1_complex_label.csv,286,37,249,12.937062937062937,0
train,2qho_complex_label.csv,124,30,94,24.193548387096776,0
train,2qj9_complex_label.csv,196,43,153,21.93877551020408,0
train,2qja_complex_label.csv,197,44,153,22.33502538071066,0
train,2qjb_complex_label.csv,194,46,148,23.711340206185564,0
train,2r56_complex_label.csv,591,51,540,8.629441624365482,0
train,2r9p_complex_label.csv,282,42,240,14.893617021276595,0
train,2ra3_complex_label.csv,282,42,240,14.893617021276595,0
train,2sic_complex_label.csv,382,44,338,11.518324607329843,0
train,2sni_complex_label.csv,339,47,292,13.864306784660767,0
train,2tgp_complex_label.csv,281,44,237,15.658362989323843,0
train,2uuy_complex_label.csv,275,40,235,14.545454545454545,0
train,2uyz_complex_label.csv,234,32,202,13.675213675213676,0
train,2uzi_complex_label.csv,384,45,339,11.71875,0
train,2v4z_complex_label.csv,444,41,403,9.234234234234235,0
train,2v52_complex_label.csv,403,47,356,11.662531017369728,0
train,2v5q_complex_label.csv,414,41,373,9.903381642512077,0
train,2v8s_complex_label.csv,230,36,194,15.65217391304348,0
train,2vxq_complex_label.csv,521,48,473,9.213051823416507,0
train,2vxs_complex_label.csv,531,24,507,4.519774011299435,0
train,2vxt_complex_label.csv,582,58,524,9.965635738831615,0
train,2vyr_complex_label.csv,209,36,173,17.22488038277512,0
train,2w2m_complex_label.csv,344,29,315,8.430232558139535,0
train,2w2n_complex_label.csv,343,29,314,8.454810495626822,0
train,2w2x_complex_label.csv,284,25,259,8.80281690140845,0
train,2w80_complex_label.csv,367,88,279,23.978201634877383,0
train,2w81_complex_label.csv,363,72,291,19.834710743801654,0
train,2w83_complex_label.csv,228,28,200,12.280701754385964,0
train,2w9e_complex_label.csv,526,42,484,7.984790874524715,0
train,2wbj_complex_label.csv,827,88,739,10.640870616686819,0
train,2wd5_complex_label.csv,371,83,288,22.371967654986523,0
train,2wg3_complex_label.csv,585,49,536,8.376068376068375,0
train,2wii_complex_label.csv,1799,123,1676,6.837131739855476,0
train,2wjv_complex_label.csv,858,86,772,10.023310023310025,0
train,2wp0_complex_label.csv,266,27,239,10.150375939849624,0
train,2wwx_complex_label.csv,370,87,283,23.513513513513516,0
train,2wx0_complex_label.csv,103,21,82,20.388349514563107,0
train,2wy3_complex_label.csv,313,60,253,19.169329073482427,0
train,2wy8_complex_label.csv,358,38,320,10.614525139664805,0
train,2x2d_complex_label.csv,309,30,279,9.70873786407767,0
train,2x89_complex_label.csv,220,33,187,15.0,0
train,2xb6_complex_label.csv,717,32,685,4.463040446304045,0
train,2xbb_complex_label.csv,452,40,412,8.849557522123893,0
train,2xhe_complex_label.csv,787,113,674,14.358322744599747,0
train,2xqb_complex_label.csv,548,56,492,10.218978102189782,0
train,2xqr_complex_label.csv,683,55,628,8.052708638360176,0
train,2xqw_complex_label.csv,417,40,377,9.59232613908873,0
train,2xra_complex_label.csv,654,50,604,7.64525993883792,0
train,2xtj_complex_label.csv,486,46,440,9.465020576131687,0
train,2xtt_complex_label.csv,258,51,207,19.767441860465116,0
train,2xzd_complex_label.csv,353,35,318,9.91501416430595,0
train,2y0b_complex_label.csv,353,38,315,10.764872521246458,0
train,2y5b_complex_label.csv,486,119,367,24.485596707818928,0
train,2y6t_complex_label.csv,385,51,334,13.246753246753245,0
train,2y8s_complex_label.csv,427,85,342,19.906323185011708,0
train,2y8t_complex_label.csv,441,93,348,21.08843537414966,0
train,2y9m_complex_label.csv,281,43,238,15.302491103202847,0
train,2ybr_complex_label.csv,295,47,248,15.932203389830507,0
train,2ypv_complex_label.csv,672,50,622,7.440476190476191,0
train,2z3q_complex_label.csv,194,35,159,18.04123711340206,0
train,2z3r_complex_label.csv,191,33,158,17.277486910994764,0
train,2z7f_complex_label.csv,268,41,227,15.298507462686567,0
train,2z8v_complex_label.csv,451,48,403,10.643015521064301,0
train,2z8w_complex_label.csv,451,50,401,11.086474501108649,0
train,2zvn_complex_label.csv,233,30,203,12.875536480686694,0
train,2zvo_complex_label.csv,237,26,211,10.970464135021098,0
train,2zxx_complex_label.csv,258,44,214,17.05426356589147,0
train,3a4s_complex_label.csv,233,34,199,14.592274678111588,0
train,3a67_complex_label.csv,350,48,302,13.714285714285715,0
train,3a6b_complex_label.csv,350,47,303,13.428571428571429,0
train,3a6c_complex_label.csv,350,48,302,13.714285714285715,0
train,3ay4_complex_label.csv,385,32,353,8.311688311688311,0
train,3b08_complex_label.csv,209,45,164,21.5311004784689,0
train,3b2u_complex_label.csv,628,51,577,8.121019108280255,0
train,3b4v_complex_label.csv,320,72,248,22.5,0
train,3b9f_complex_label.csv,619,54,565,8.723747980613894,0
train,3bdy_complex_label.csv,533,37,496,6.941838649155723,0
train,3be1_complex_label.csv,1031,57,974,5.528612997090203,0
train,3bgf_complex_label.csv,611,40,571,6.546644844517186,0
train,3bh6_complex_label.csv,475,68,407,14.315789473684209,0
train,3bik_complex_label.csv,328,46,282,14.02439024390244,0
train,3bk3_complex_label.csv,171,34,137,19.883040935672515,0
train,3blh_complex_label.csv,572,66,506,11.538461538461538,0
train,3bow_complex_label.csv,927,177,750,19.093851132686083,0
train,3bp8_complex_label.csv,470,37,433,7.872340425531915,0
train,3bpl_complex_label.csv,522,61,461,11.685823754789272,0
train,3bpo_complex_label.csv,620,62,558,10.0,0
train,3bs5_complex_label.csv,157,26,131,16.560509554140125,0
train,3bx1_complex_label.csv,450,54,396,12.0,0
train,3bzd_complex_label.csv,343,34,309,9.912536443148689,0
train,3c4o_complex_label.csv,430,62,368,14.418604651162791,0
train,3c4p_complex_label.csv,430,63,367,14.651162790697676,0
train,3c9a_complex_label.csv,255,66,189,25.882352941176475,0
train,3ch5_complex_label.csv,236,45,191,19.06779661016949,0
train,3cqx_complex_label.csv,458,49,409,10.698689956331878,0
train,3cx6_complex_label.csv,519,76,443,14.64354527938343,0
train,3cx7_complex_label.csv,519,76,443,14.64354527938343,0
train,3cx8_complex_label.csv,519,77,442,14.836223506743737,0
train,3d1m_complex_label.csv,246,39,207,15.853658536585366,0
train,3d5r_complex_label.csv,362,39,323,10.773480662983426,0
train,3d5s_complex_label.csv,362,41,321,11.32596685082873,0
train,3d7t_complex_label.csv,539,33,506,6.122448979591836,0
train,3dbh_complex_label.csv,1023,85,938,8.308895405669599,0
train,3dbl_complex_label.csv,1031,79,952,7.662463627546072,0
train,3ddc_complex_label.csv,299,38,261,12.709030100334449,0
train,3dgc_complex_label.csv,348,41,307,11.781609195402298,0
train,3di2_complex_label.csv,310,35,275,11.29032258064516,0
train,3di3_complex_label.csv,311,41,270,13.183279742765272,0
train,3doe_complex_label.csv,305,51,254,16.721311475409838,0
train,3dvg_complex_label.csv,582,60,522,10.309278350515463,0
train,3dvn_complex_label.csv,584,57,527,9.76027397260274,0
train,3e1z_complex_label.csv,321,49,272,15.264797507788161,0
train,3e2k_complex_label.csv,426,81,345,19.014084507042252,0
train,3e2l_complex_label.csv,425,79,346,18.58823529411765,0
train,3eab_complex_label.csv,136,51,85,37.5,0
train,3eba_complex_label.csv,252,29,223,11.507936507936508,0
train,3eg5_complex_label.csv,531,63,468,11.864406779661017,0
train,3egg_complex_label.csv,360,92,268,25.555555555555554,0
train,3ejj_complex_label.csv,425,46,379,10.823529411764705,0
train,3eoa_complex_label.csv,613,36,577,5.872756933115824,0
train,3f1p_complex_label.csv,225,51,174,22.666666666666664,0
train,3f4y_complex_label.csv,74,37,37,50.0,0
train,3f7p_complex_label.csv,436,55,381,12.614678899082568,0
train,3ff7_complex_label.csv,212,33,179,15.566037735849056,0
train,3ff8_complex_label.csv,213,31,182,14.553990610328638,0
train,3fie_complex_label.csv,448,85,363,18.973214285714285,0
train,3fju_complex_label.csv,372,37,335,9.946236559139784,0
train,3fp6_complex_label.csv,281,42,239,14.94661921708185,0
train,3fpu_complex_label.csv,166,63,103,37.95180722891566,0
train,3g3a_complex_label.csv,294,49,245,16.666666666666664,0
train,3g3b_complex_label.csv,296,43,253,14.527027027027026,0
train,3g7a_complex_label.csv,66,29,37,43.93939393939394,0
train,3g7z_complex_label.csv,134,46,88,34.32835820895522,0
train,3g9v_complex_label.csv,337,54,283,16.023738872403563,0
train,3gc3_complex_label.csv,728,68,660,9.340659340659341,0
train,3gmw_complex_label.csv,417,68,349,16.30695443645084,0
train,3gni_complex_label.csv,644,93,551,14.440993788819876,0
train,3gqi_complex_label.csv,530,49,481,9.245283018867925,0
train,3h42_complex_label.csv,1019,60,959,5.888125613346419,0
train,3h6s_complex_label.csv,370,55,315,14.864864864864865,0
train,3h8d_complex_label.csv,158,46,112,29.11392405063291,0
train,3hct_complex_label.csv,252,29,223,11.507936507936508,0
train,3hcu_complex_label.csv,253,28,225,11.067193675889328,0
train,3he6_complex_label.csv,838,35,803,4.176610978520286,0
train,3hg0_complex_label.csv,261,29,232,11.11111111111111,0
train,3hh2_complex_label.csv,397,72,325,18.1360201511335,0
train,3hi1_complex_label.csv,737,56,681,7.598371777476255,0
train,3hi6_complex_label.csv,609,51,558,8.374384236453201,0
train,3hpw_complex_label.csv,134,50,84,37.3134328358209,0
train,3hug_complex_label.csv,141,59,82,41.843971631205676,0
train,3huj_complex_label.csv,820,36,784,4.390243902439024,0
train,3idb_complex_label.csv,499,69,430,13.827655310621243,0
train,3idc_complex_label.csv,504,85,419,16.865079365079367,0
train,3idx_complex_label.csv,761,37,724,4.862023653088042,0
train,3it8_complex_label.csv,451,33,418,7.317073170731707,0
train,3iu3_complex_label.csv,543,57,486,10.497237569060774,0
train,3ixe_complex_label.csv,241,49,192,20.33195020746888,0
train,3jsv_complex_label.csv,245,28,217,11.428571428571429,0
train,3jza_complex_label.csv,363,88,275,24.242424242424242,0
train,3k1r_complex_label.csv,266,65,201,24.43609022556391,0
train,3k2m_complex_label.csv,201,35,166,17.412935323383085,0
train,3k3q_complex_label.csv,551,30,521,5.44464609800363,0
train,3k6g_complex_label.csv,123,49,74,39.83739837398374,0
train,3k75_complex_label.csv,400,34,366,8.5,0
train,3knb_complex_label.csv,194,40,154,20.618556701030926,0
train,3kr3_complex_label.csv,497,50,447,10.06036217303823,0
train,3kuc_complex_label.csv,243,31,212,12.757201646090536,0
train,3kud_complex_label.csv,241,28,213,11.618257261410788,0
train,3kw5_complex_label.csv,298,56,242,18.79194630872483,0
train,3kz1_complex_label.csv,548,31,517,5.656934306569343,0
train,3l33_complex_label.csv,276,45,231,16.304347826086957,0
train,3l5w_complex_label.csv,540,24,516,4.444444444444445,0
train,3l5x_complex_label.csv,542,23,519,4.243542435424354,0
train,3l95_complex_label.csv,649,53,596,8.166409861325114,0
train,3l9j_complex_label.csv,283,43,240,15.19434628975265,0
train,3lbx_complex_label.csv,324,61,263,18.82716049382716,0
train,3lev_complex_label.csv,628,38,590,6.050955414012739,0
train,3lh2_complex_label.csv,307,41,266,13.355048859934854,0
train,3lhp_complex_label.csv,347,44,303,12.680115273775217,0
train,3lms_complex_label.csv,383,59,324,15.404699738903393,0
train,3m0a_complex_label.csv,136,23,113,16.911764705882355,0
train,3m18_complex_label.csv,372,56,316,15.053763440860216,0
train,3m63_complex_label.csv,1029,29,1000,2.818270165208941,0
train,3ma2_complex_label.csv,295,40,255,13.559322033898304,0
train,3ma9_complex_label.csv,637,56,581,8.791208791208792,0
train,3mac_complex_label.csv,649,56,593,8.628659476117104,0
train,3mc0_complex_label.csv,341,36,305,10.557184750733137,0
train,3mca_complex_label.csv,731,63,668,8.618331053351573,0
train,3mj9_complex_label.csv,656,66,590,10.060975609756099,0
train,3mxw_complex_label.csv,585,47,538,8.034188034188034,0
train,3mzg_complex_label.csv,392,56,336,14.285714285714285,0
train,3mzw_complex_label.csv,631,46,585,7.290015847860539,0
train,3n06_complex_label.csv,392,56,336,14.285714285714285,0
train,3n0p_complex_label.csv,392,55,337,14.030612244897958,0
train,3n4i_complex_label.csv,430,66,364,15.348837209302326,0
train,3ncb_complex_label.csv,392,57,335,14.540816326530612,0
train,3ncc_complex_label.csv,392,54,338,13.77551020408163,0
train,3nfp_complex_label.csv,552,42,510,7.608695652173914,0
train,3ngb_complex_label.csv,785,59,726,7.515923566878981,0
train,3nh7_complex_label.csv,515,60,455,11.650485436893204,0
train,3noc_complex_label.csv,1186,45,1141,3.794266441821248,0
train,3nps_complex_label.csv,678,57,621,8.4070796460177,0
train,3o6f_complex_label.csv,836,65,771,7.775119617224881,0
train,3o6q_complex_label.csv,184,65,119,35.32608695652174,0
train,3o8x_complex_label.csv,715,39,676,5.454545454545454,0
train,3o9w_complex_label.csv,716,39,677,5.4469273743016755,0
train,3ogo_complex_label.csv,340,39,301,11.470588235294118,0
train,3oiq_complex_label.csv,242,30,212,12.396694214876034,0
train,3oj2_complex_label.csv,344,74,270,21.511627906976745,0
train,3ojm_complex_label.csv,356,85,271,23.876404494382022,0
train,3olm_complex_label.csv,494,40,454,8.097165991902834,0
train,3ona_complex_label.csv,224,31,193,13.839285714285715,0
train,3onl_complex_label.csv,235,36,199,15.319148936170212,0
train,3onw_complex_label.csv,351,85,266,24.216524216524217,0
train,3orv_complex_label.csv,853,65,788,7.620164126611957,0
train,3oun_complex_label.csv,347,22,325,6.340057636887608,0
train,3oxu_complex_label.csv,420,52,368,12.380952380952381,0
train,3p0y_complex_label.csv,630,45,585,7.142857142857142,0
train,3p71_complex_label.csv,618,72,546,11.650485436893204,0
train,3p92_complex_label.csv,282,46,236,16.312056737588655,0
train,3p95_complex_label.csv,282,45,237,15.957446808510639,0
train,3p9w_complex_label.csv,219,51,168,23.28767123287671,0
train,3pl6_complex_label.csv,826,86,740,10.411622276029057,0
train,3q1s_complex_label.csv,558,38,520,6.810035842293908,0
train,3q3g_complex_label.csv,633,45,588,7.109004739336493,0
train,3q9n_complex_label.csv,298,43,255,14.429530201342283,0
train,3q9u_complex_label.csv,298,40,258,13.422818791946309,0
train,3qbt_complex_label.csv,300,45,255,15.0,0
train,3qbv_complex_label.csv,466,60,406,12.875536480686694,0
train,3qc8_complex_label.csv,250,48,202,19.2,0
train,3qht_complex_label.csv,172,31,141,18.023255813953487,0
train,3qhy_complex_label.csv,529,52,477,9.829867674858223,0
train,3qi2_complex_label.csv,353,88,265,24.929178470254957,0
train,3qlu_complex_label.csv,756,73,683,9.656084656084655,0
train,3qml_complex_label.csv,643,68,575,10.57542768273717,0
train,3qq8_complex_label.csv,257,47,210,18.28793774319066,0
train,3qsk_complex_label.csv,247,32,215,12.955465587044534,0
train,3qt2_complex_label.csv,417,39,378,9.352517985611511,0
train,3qtl_complex_label.csv,349,45,304,12.893982808022923,0
train,3qux_complex_label.csv,715,39,676,5.454545454545454,0
train,3quy_complex_label.csv,716,37,679,5.167597765363128,0
train,3quz_complex_label.csv,715,39,676,5.454545454545454,0
train,3qwo_complex_label.csv,483,42,441,8.695652173913043,0
train,3qwq_complex_label.csv,713,34,679,4.768583450210379,0
train,3r1g_complex_label.csv,817,52,765,6.364749082007344,0
train,3r9a_complex_label.csv,687,58,629,8.442503639010189,0
train,3rbb_complex_label.csv,198,29,169,14.646464646464647,0
train,3rdt_complex_label.csv,815,38,777,4.662576687116564,0
train,3rdz_complex_label.csv,290,47,243,16.206896551724135,0
train,3rea_complex_label.csv,187,36,151,19.25133689839572,0
train,3rgf_complex_label.csv,605,79,526,13.057851239669422,0
train,3rkd_complex_label.csv,583,49,534,8.404802744425385,0
train,3rpg_complex_label.csv,349,35,314,10.028653295128938,0
train,3rt0_complex_label.csv,503,54,449,10.73558648111332,0
train,3rtq_complex_label.csv,715,40,675,5.594405594405594,0
train,3ru8_complex_label.csv,717,58,659,8.089260808926081,0
train,3rug_complex_label.csv,724,41,683,5.662983425414365,0
train,3rzc_complex_label.csv,716,39,677,5.4469273743016755,0
train,3rzw_complex_label.csv,164,26,138,15.853658536585366,0
train,3s2k_complex_label.csv,704,67,637,9.517045454545455,0
train,3scm_complex_label.csv,728,34,694,4.670329670329671,0
train,3sda_complex_label.csv,730,31,699,4.2465753424657535,0
train,3sdd_complex_label.csv,728,33,695,4.532967032967033,0
train,3sdy_complex_label.csv,929,45,884,4.843918191603875,0
train,3sf4_complex_label.csv,407,106,301,26.044226044226043,0
train,3sgb_complex_label.csv,235,40,195,17.02127659574468,0
train,3sgk_complex_label.csv,379,26,353,6.860158311345646,0
train,3sja_complex_label.csv,412,21,391,5.097087378640777,0
train,3skj_complex_label.csv,544,44,500,8.088235294117647,0
train,3so3_complex_label.csv,682,69,613,10.117302052785924,0
train,3sqo_complex_label.csv,960,45,915,4.6875,0
train,3t04_complex_label.csv,201,37,164,18.407960199004975,0
train,3t1q_complex_label.csv,316,22,294,6.962025316455696,0
train,3t2n_complex_label.csv,786,54,732,6.870229007633588,0
train,3tg1_complex_label.csv,488,46,442,9.426229508196721,0
train,3tgk_complex_label.csv,278,47,231,16.906474820143885,0
train,3thm_complex_label.csv,526,53,473,10.076045627376425,0
train,3tje_complex_label.csv,557,52,505,9.33572710951526,0
train,3tjz_complex_label.csv,434,44,390,10.138248847926267,0
train,3tkl_complex_label.csv,363,55,308,15.151515151515152,0
train,3tl8_complex_label.csv,394,70,324,17.766497461928935,0
train,3tnf_complex_label.csv,549,88,461,16.029143897996356,0
train,3tsr_complex_label.csv,579,76,503,13.126079447322972,0
train,3tu3_complex_label.csv,683,75,608,10.980966325036604,0
train,3tvj_complex_label.csv,360,67,293,18.61111111111111,0
train,3tvm_complex_label.csv,668,38,630,5.688622754491018,0
train,3twi_complex_label.csv,253,28,225,11.067193675889328,0
train,3uc0_complex_label.csv,557,48,509,8.617594254937163,0
train,3uir_complex_label.csv,304,45,259,14.802631578947366,0
train,3ul4_complex_label.csv,205,51,154,24.878048780487806,0
train,3ux9_complex_label.csv,378,49,329,12.962962962962962,0
train,3uyo_complex_label.csv,208,43,165,20.673076923076923,0
train,3uyp_complex_label.csv,322,52,270,16.149068322981368,0
train,3uze_complex_label.csv,343,44,299,12.82798833819242,0
train,3uzq_complex_label.csv,338,51,287,15.088757396449704,0
train,3uzv_complex_label.csv,343,50,293,14.577259475218659,0
train,3v1c_complex_label.csv,93,26,67,27.956989247311824,0
train,3v4y_complex_label.csv,348,86,262,24.71264367816092,0
train,3v6o_complex_label.csv,634,38,596,5.993690851735016,0
train,3v96_complex_label.csv,337,63,274,18.694362017804153,0
train,3vep_complex_label.csv,116,48,68,41.37931034482759,0
train,3vg9_complex_label.csv,742,70,672,9.433962264150944,0
train,3vhx_complex_label.csv,268,58,210,21.641791044776117,0
train,3vpj_complex_label.csv,294,59,235,20.068027210884352,0
train,3vux_complex_label.csv,110,32,78,29.09090909090909,0
train,3vwk_complex_label.csv,713,35,678,4.908835904628331,0
train,3vyr_complex_label.csv,443,55,388,12.415349887133182,0
train,3vys_complex_label.csv,754,71,683,9.416445623342176,0
train,3vza_complex_label.csv,192,62,130,32.29166666666667,0
train,3w6j_complex_label.csv,316,113,203,35.75949367088608,0
train,3w8h_complex_label.csv,263,76,187,28.89733840304182,0
train,3w8i_complex_label.csv,260,69,191,26.53846153846154,0
train,3w9e_complex_label.csv,662,64,598,9.667673716012084,0
train,3wdg_complex_label.csv,326,57,269,17.484662576687114,0
train,3wih_complex_label.csv,528,38,490,7.196969696969697,0
train,3wn5_complex_label.csv,593,51,542,8.600337268128163,0
train,3wqb_complex_label.csv,696,83,613,11.925287356321839,0
train,3wwk_complex_label.csv,257,18,239,7.003891050583658,0
train,3wwn_complex_label.csv,323,46,277,14.241486068111456,0
train,3wwq_complex_label.csv,189,33,156,17.46031746031746,0
train,3zet_complex_label.csv,566,64,502,11.307420494699647,0
train,3zeu_complex_label.csv,562,65,497,11.565836298932384,0
train,3zkq_complex_label.csv,499,45,454,9.01803607214429,0
train,3znz_complex_label.csv,420,91,329,21.666666666666668,0
train,3zo0_complex_label.csv,388,44,344,11.34020618556701,0
train,3zs8_complex_label.csv,362,22,340,6.077348066298343,0
train,3zs9_complex_label.csv,354,40,314,11.299435028248588,0
train,3zu7_complex_label.csv,498,42,456,8.433734939759036,0
train,3zuv_complex_label.csv,479,35,444,7.306889352818372,0
train,3zv0_complex_label.csv,501,98,403,19.560878243512974,0
train,3zwh_complex_label.csv,136,48,88,35.294117647058826,0
train,3zwl_complex_label.csv,391,48,343,12.27621483375959,0
train,3zwz_complex_label.csv,333,83,250,24.924924924924923,0
train,3zyi_complex_label.csv,728,72,656,9.89010989010989,0
train,4a49_complex_label.csv,222,35,187,15.765765765765765,0
train,4a94_complex_label.csv,353,52,301,14.730878186968837,0
train,4aei_complex_label.csv,499,49,450,9.819639278557114,0
train,4afq_complex_label.csv,287,48,239,16.72473867595819,0
train,4afz_complex_label.csv,287,48,239,16.72473867595819,0
train,4ag2_complex_label.csv,284,50,234,17.6056338028169,0
train,4al8_complex_label.csv,527,39,488,7.400379506641366,0
train,4ala_complex_label.csv,521,31,490,5.950095969289827,0
train,4an7_complex_label.csv,397,62,335,15.617128463476071,0
train,4aoq_complex_label.csv,258,48,210,18.6046511627907,0
train,4aor_complex_label.csv,257,50,207,19.45525291828794,0
train,4apx_complex_label.csv,446,50,396,11.210762331838566,0
train,4aqe_complex_label.csv,444,49,395,11.036036036036036,0
train,4auq_complex_label.csv,280,63,217,22.5,0
train,4ayd_complex_label.csv,366,69,297,18.852459016393443,0
train,4aye_complex_label.csv,366,80,286,21.85792349726776,0
train,4ayi_complex_label.csv,363,89,274,24.517906336088156,0
train,4b1y_complex_label.csv,405,47,358,11.604938271604938,0
train,4b93_complex_label.csv,355,34,321,9.577464788732394,0
train,4bd9_complex_label.csv,469,60,409,12.79317697228145,0
train,4brw_complex_label.csv,406,59,347,14.532019704433496,0
train,4c2a_complex_label.csv,468,57,411,12.179487179487179,0
train,4c2b_complex_label.csv,460,56,404,12.173913043478262,0
train,4c4p_complex_label.csv,223,30,193,13.452914798206278,0
train,4cj0_complex_label.csv,599,37,562,6.176961602671119,0
train,4cj1_complex_label.csv,611,39,572,6.382978723404255,0
train,4cj2_complex_label.csv,191,43,148,22.5130890052356,0
train,4cmh_complex_label.csv,675,66,609,9.777777777777779,0
train,4cmm_complex_label.csv,236,48,188,20.33898305084746,0
train,4cni_complex_label.csv,605,43,562,7.107438016528926,0
train,4ct0_complex_label.csv,590,160,430,27.11864406779661,0
train,4cvw_complex_label.csv,984,64,920,6.504065040650407,0
train,4d0g_complex_label.csv,213,29,184,13.615023474178404,0
train,4d0n_complex_label.csv,550,67,483,12.181818181818182,0
train,4d9q_complex_label.csv,657,48,609,7.30593607305936,0
train,4d9r_complex_label.csv,657,50,607,7.610350076103501,0
train,4dbg_complex_label.csv,228,38,190,16.666666666666664,0
train,4dck_complex_label.csv,446,102,344,22.869955156950674,0
train,4dg4_complex_label.csv,282,44,238,15.602836879432624,0
train,4dge_complex_label.csv,309,34,275,11.003236245954692,0
train,4dgi_complex_label.csv,528,28,500,5.303030303030303,0
train,4dh2_complex_label.csv,230,42,188,18.26086956521739,0
train,4did_complex_label.csv,306,85,221,27.77777777777778,0
train,4dkd_complex_label.csv,437,61,376,13.958810068649885,0
train,4dke_complex_label.csv,598,41,557,6.856187290969899,0
train,4dkf_complex_label.csv,567,34,533,5.996472663139329,0
train,4dn4_complex_label.csv,493,32,461,6.490872210953347,0
train,4doh_complex_label.csv,550,84,466,15.272727272727273,0
train,4doq_complex_label.csv,270,40,230,14.814814814814813,0
train,4drx_complex_label.csv,586,43,543,7.337883959044368,0
train,4dt1_complex_label.csv,445,69,376,15.505617977528091,0
train,4dtg_complex_label.csv,500,45,455,9.0,0
train,4dvg_complex_label.csv,458,53,405,11.572052401746726,0
train,4dx8_complex_label.csv,259,63,196,24.324324324324326,0
train,4dxa_complex_label.csv,479,47,432,9.812108559498958,0
train,4dzu_complex_label.csv,236,55,181,23.30508474576271,0
train,4edw_complex_label.csv,543,39,504,7.18232044198895,0
train,4eee_complex_label.csv,271,50,221,18.45018450184502,0
train,4eef_complex_label.csv,543,40,503,7.366482504604052,0
train,4eig_complex_label.csv,276,46,230,16.666666666666664,0
train,4eiz_complex_label.csv,286,34,252,11.888111888111888,0
train,4ekd_complex_label.csv,450,51,399,11.333333333333332,0
train,4en3_complex_label.csv,678,33,645,4.867256637168142,0
train,4eqa_complex_label.csv,296,57,239,19.256756756756758,0
train,4ers_complex_label.csv,541,13,528,2.4029574861367835,0
train,4etp_complex_label.csv,691,63,628,9.117221418234443,0
train,4etq_complex_label.csv,667,56,611,8.395802098950526,0
train,4etw_complex_label.csv,330,27,303,8.181818181818182,0
train,4exp_complex_label.csv,454,59,395,12.995594713656388,0
train,4f37_complex_label.csv,545,33,512,6.055045871559633,0
train,4f38_complex_label.csv,388,77,311,19.84536082474227,0
train,4f3f_complex_label.csv,489,45,444,9.202453987730062,0
train,4f48_complex_label.csv,340,28,312,8.235294117647058,0
train,4f6r_complex_label.csv,947,126,821,13.305174234424499,0
train,4ffy_complex_label.csv,328,57,271,17.378048780487802,0
train,4fqi_complex_label.csv,932,39,893,4.184549356223176,0
train,4fqj_complex_label.csv,737,44,693,5.970149253731343,0
train,4g3y_complex_label.csv,582,55,527,9.450171821305842,0
train,4g59_complex_label.csv,436,76,360,17.431192660550458,0
train,4g6j_complex_label.csv,579,51,528,8.808290155440414,0
train,4g6m_complex_label.csv,583,45,538,7.718696397941681,0
train,4g6u_complex_label.csv,365,58,307,15.890410958904111,0
train,4g6v_complex_label.csv,235,61,174,25.957446808510635,0
train,4gaf_complex_label.csv,462,101,361,21.861471861471863,0
train,4geh_complex_label.csv,267,74,193,27.715355805243448,0
train,4gh7_complex_label.csv,449,54,395,12.026726057906458,0
train,4gi3_complex_label.csv,331,42,289,12.688821752265861,0
train,4gla_complex_label.csv,218,40,178,18.34862385321101,0
train,4glv_complex_label.csv,235,44,191,18.72340425531915,0
train,4gms_complex_label.csv,744,45,699,6.048387096774194,0
train,4gn3_complex_label.csv,239,48,191,20.0836820083682,0
train,4gn4_complex_label.csv,237,47,190,19.831223628691983,0
train,4gn5_complex_label.csv,236,47,189,19.915254237288135,0
train,4grl_complex_label.csv,826,85,741,10.290556900726394,0
train,4h2s_complex_label.csv,371,29,342,7.816711590296496,0
train,4h2w_complex_label.csv,370,31,339,8.378378378378379,0
train,4h6j_complex_label.csv,217,48,169,22.119815668202765,0
train,4h88_complex_label.csv,533,29,504,5.440900562851782,0
train,4hcn_complex_label.csv,327,74,253,22.629969418960243,0
train,4hcp_complex_label.csv,325,66,259,20.307692307692307,0
train,4hdo_complex_label.csv,481,45,436,9.355509355509357,0
train,4hem_complex_label.csv,253,30,223,11.857707509881422,0
train,4hep_complex_label.csv,292,40,252,13.698630136986301,0
train,4hff_complex_label.csv,256,42,214,16.40625,0
train,4hfk_complex_label.csv,258,38,220,14.728682170542637,0
train,4hgm_complex_label.csv,592,37,555,6.25,0
train,4hh3_complex_label.csv,468,56,412,11.965811965811966,0
train,4hj0_complex_label.csv,520,51,469,9.807692307692308,0
train,4hjj_complex_label.csv,832,54,778,6.490384615384616,0
train,4hkx_complex_label.csv,649,45,604,6.933744221879815,0
train,4hlz_complex_label.csv,605,31,574,5.12396694214876,0
train,4hrl_complex_label.csv,331,41,290,12.386706948640484,0
train,4hx3_complex_label.csv,247,49,198,19.838056680161944,0
train,4i0c_complex_label.csv,257,39,218,15.17509727626459,0
train,4i2x_complex_label.csv,759,58,701,7.64163372859025,0
train,4i3r_complex_label.csv,626,57,569,9.105431309904153,0
train,4i6l_complex_label.csv,304,52,252,17.105263157894736,0
train,4i77_complex_label.csv,538,48,490,8.921933085501859,0
train,4i9x_complex_label.csv,308,82,226,26.623376623376622,0
train,4ic7_complex_label.csv,478,92,386,19.246861924686193,0
train,4iiq_complex_label.csv,801,53,748,6.6167290886392,0
train,4ij3_complex_label.csv,671,50,621,7.451564828614009,0
train,4ilw_complex_label.csv,341,64,277,18.7683284457478,0
train,4ios_complex_label.csv,220,32,188,14.545454545454545,0
train,4iu3_complex_label.csv,443,60,383,13.544018058690746,0
train,4iyp_complex_label.csv,348,48,300,13.793103448275861,0
train,4j2y_complex_label.csv,397,62,335,15.617128463476071,0
train,4j32_complex_label.csv,261,19,242,7.2796934865900385,0
train,4j4p_complex_label.csv,760,48,712,6.315789473684211,0
train,4jb8_complex_label.csv,393,45,348,11.450381679389313,0
train,4je4_complex_label.csv,195,50,145,25.64102564102564,0
train,4jeg_complex_label.csv,211,56,155,26.540284360189574,0
train,4jeh_complex_label.csv,784,102,682,13.010204081632654,0
train,4jkp_complex_label.csv,776,72,704,9.278350515463918,0
train,4jlr_complex_label.csv,533,37,496,6.941838649155723,0
train,4jpk_complex_label.csv,598,59,539,9.866220735785953,0
train,4jra_complex_label.csv,514,32,482,6.22568093385214,0
train,4jw2_complex_label.csv,263,42,221,15.96958174904943,0
train,4jw3_complex_label.csv,208,35,173,16.826923076923077,0
train,4jzj_complex_label.csv,706,46,660,6.515580736543909,0
train,4k1r_complex_label.csv,266,60,206,22.55639097744361,0
train,4k2u_complex_label.csv,682,32,650,4.69208211143695,0
train,4k3j_complex_label.csv,947,53,894,5.59662090813094,0
train,4k5a_complex_label.csv,325,44,281,13.538461538461538,0
train,4k5b_complex_label.csv,301,51,250,16.943521594684384,0
train,4k71_complex_label.csv,946,90,856,9.513742071881607,0
train,4k81_complex_label.csv,422,24,398,5.687203791469194,0
train,4k94_complex_label.csv,626,55,571,8.78594249201278,0
train,4k9e_complex_label.csv,645,58,587,8.992248062015504,0
train,4kdi_complex_label.csv,241,32,209,13.278008298755188,0
train,4kfz_complex_label.csv,275,65,210,23.636363636363637,0
train,4kgg_complex_label.csv,312,39,273,12.5,0
train,4kht_complex_label.csv,494,39,455,7.894736842105263,0
train,4khx_complex_label.csv,490,40,450,8.16326530612245,0
train,4kjy_complex_label.csv,229,48,181,20.96069868995633,0
train,4kr0_complex_label.csv,936,55,881,5.876068376068376,0
train,4krl_complex_label.csv,327,39,288,11.926605504587156,0
train,4krp_complex_label.csv,963,50,913,5.192107995846314,0
train,4kt5_complex_label.csv,200,38,162,19.0,0
train,4kv5_complex_label.csv,341,36,305,10.557184750733137,0
train,4kvg_complex_label.csv,428,27,401,6.308411214953271,0
train,4kxz_complex_label.csv,548,35,513,6.386861313868613,0
train,4lad_complex_label.csv,232,59,173,25.43103448275862,0
train,4leo_complex_label.csv,1043,50,993,4.793863854266539,0
train,4lgp_complex_label.csv,376,43,333,11.436170212765957,0
train,4lgr_complex_label.csv,377,42,335,11.140583554376658,0
train,4liq_complex_label.csv,911,52,859,5.708013172338091,0
train,4lmq_complex_label.csv,492,38,454,7.723577235772358,0
train,4ln0_complex_label.csv,266,54,212,20.30075187969925,0
train,4lqf_complex_label.csv,520,39,481,7.5,0
train,4lqw_complex_label.csv,314,31,283,9.872611464968154,0
train,4lrz_complex_label.csv,505,52,453,10.297029702970297,0
train,4lu5_complex_label.csv,520,49,471,9.423076923076923,0
train,4lyl_complex_label.csv,305,54,251,17.704918032786885,0
train,4lzx_complex_label.csv,182,65,117,35.714285714285715,0
train,4m0w_complex_label.csv,393,55,338,13.994910941475828,0
train,4m1g_complex_label.csv,607,66,541,10.873146622734762,0
train,4m5z_complex_label.csv,653,47,606,7.197549770290965,0
train,4m62_complex_label.csv,395,54,341,13.670886075949367,0
train,4m6b_complex_label.csv,218,51,167,23.394495412844037,0
train,4m8q_complex_label.csv,380,51,329,13.421052631578947,0
train,4may_complex_label.csv,823,80,743,9.720534629404618,0
train,4mit_complex_label.csv,224,58,166,25.892857142857146,0
train,4ml7_complex_label.csv,227,64,163,28.193832599118945,0
train,4msm_complex_label.csv,262,59,203,22.519083969465647,0
train,4n7v_complex_label.csv,255,56,199,21.96078431372549,0
train,4n9g_complex_label.csv,472,39,433,8.26271186440678,0
train,4noo_complex_label.csv,289,67,222,23.18339100346021,0
train,4np4_complex_label.csv,705,44,661,6.24113475177305,0
train,4nqw_complex_label.csv,222,93,129,41.891891891891895,0
train,4nso_complex_label.csv,285,61,224,21.403508771929825,0
train,4nst_complex_label.csv,576,60,516,10.416666666666668,0
train,4nzl_complex_label.csv,316,47,269,14.873417721518987,0
train,4ojk_complex_label.csv,211,35,176,16.587677725118482,0
train,4ol0_complex_label.csv,1092,109,983,9.981684981684982,0
train,4ons_complex_label.csv,304,108,196,35.526315789473685,0
train,4ov6_complex_label.csv,485,49,436,10.103092783505154,0
train,4ovn_complex_label.csv,271,64,207,23.616236162361623,0
train,4oyd_complex_label.csv,273,58,215,21.245421245421245,0
train,4p1n_complex_label.csv,266,107,159,40.225563909774436,0
train,4p23_complex_label.csv,818,38,780,4.645476772616137,0
train,4p2c_complex_label.csv,468,28,440,5.982905982905983,0
train,4p3y_complex_label.csv,567,41,526,7.231040564373897,0
train,4p46_complex_label.csv,816,38,778,4.6568627450980395,0
train,4p6i_complex_label.csv,396,64,332,16.161616161616163,0
train,4p9h_complex_label.csv,795,36,759,4.528301886792453,0
train,4pas_complex_label.csv,74,43,31,58.108108108108105,0
train,4pbv_complex_label.csv,456,58,398,12.719298245614036,0
train,4peq_complex_label.csv,579,79,500,13.644214162348877,0
train,4pgj_complex_label.csv,247,45,202,18.218623481781375,0
train,4pj7_complex_label.csv,707,51,656,7.213578500707214,0
train,4pj9_complex_label.csv,706,51,655,7.223796033994335,0
train,4pja_complex_label.csv,706,56,650,7.932011331444759,0
train,4pjb_complex_label.csv,705,53,652,7.5177304964539005,0
train,4pjc_complex_label.csv,707,55,652,7.779349363507778,0
train,4pjd_complex_label.csv,706,51,655,7.223796033994335,0
train,4pjf_complex_label.csv,707,56,651,7.920792079207921,0
train,4pou_complex_label.csv,246,39,207,15.853658536585366,0
train,4pqt_complex_label.csv,261,64,197,24.521072796934863,0
train,4ps4_complex_label.csv,522,26,496,4.980842911877394,0
train,4pvz_complex_label.csv,457,88,369,19.25601750547046,0
train,4py8_complex_label.csv,932,47,885,5.042918454935622,0
train,4q5e_complex_label.csv,399,76,323,19.047619047619047,0
train,4qci_complex_label.csv,522,43,479,8.237547892720306,0
train,4qlb_complex_label.csv,683,53,630,7.759882869692533,0
train,4qnp_complex_label.csv,1208,62,1146,5.132450331125828,0
train,4qti_complex_label.csv,712,41,671,5.758426966292135,0
train,4qzv_complex_label.csv,935,47,888,5.026737967914439,0
train,4r8w_complex_label.csv,722,45,677,6.232686980609419,0
train,4rdq_complex_label.csv,795,26,769,3.270440251572327,0
train,4re1_complex_label.csv,268,83,185,30.970149253731343,0
train,4rgm_complex_label.csv,670,52,618,7.761194029850746,0
train,4rgo_complex_label.csv,669,52,617,7.772795216741405,0
train,4rs1_complex_label.csv,393,59,334,15.012722646310433,0
train,4rt6_complex_label.csv,998,84,914,8.41683366733467,0
train,4rwt_complex_label.csv,649,107,542,16.486902927580893,0
train,4s0s_complex_label.csv,381,34,347,8.923884514435695,0
train,4s3o_complex_label.csv,255,33,222,12.941176470588237,0
train,4tq0_complex_label.csv,311,58,253,18.64951768488746,0
train,4tq1_complex_label.csv,301,59,242,19.601328903654487,0
train,4u30_complex_label.csv,278,46,232,16.546762589928058,0
train,4u32_complex_label.csv,278,47,231,16.906474820143885,0
train,4u3j_complex_label.csv,1109,59,1050,5.320108205590622,0
train,4u5w_complex_label.csv,276,45,231,16.304347826086957,0
train,4u6v_complex_label.csv,717,36,681,5.02092050209205,0
train,4udm_complex_label.csv,180,62,118,34.44444444444444,0
train,4uem_complex_label.csv,407,82,325,20.14742014742015,0
train,4ui0_complex_label.csv,173,36,137,20.809248554913296,0
train,4ui1_complex_label.csv,176,27,149,15.340909090909092,0
train,4uu9_complex_label.csv,297,43,254,14.47811447811448,0
train,4v3k_complex_label.csv,293,41,252,13.993174061433447,0
train,4w4l_complex_label.csv,555,85,470,15.315315315315313,0
train,4w4o_complex_label.csv,477,31,446,6.498951781970649,0
train,4w6w_complex_label.csv,266,38,228,14.285714285714285,0
train,4w6x_complex_label.csv,267,40,227,14.981273408239701,0
train,4w6y_complex_label.csv,274,35,239,12.773722627737227,0
train,4wem_complex_label.csv,379,43,336,11.345646437994723,0
train,4wen_complex_label.csv,383,35,348,9.138381201044385,0
train,4weu_complex_label.csv,384,28,356,7.291666666666667,0
train,4wo4_complex_label.csv,715,50,665,6.993006993006993,0
train,4wv1_complex_label.csv,542,50,492,9.22509225092251,0
train,4ww2_complex_label.csv,817,38,779,4.651162790697675,0
train,4wwi_complex_label.csv,261,43,218,16.47509578544061,0
train,4x33_complex_label.csv,391,46,345,11.76470588235294,0
train,4x7d_complex_label.csv,423,45,378,10.638297872340425,0
train,4x7e_complex_label.csv,435,45,390,10.344827586206897,0
train,4x7f_complex_label.csv,428,53,375,12.383177570093459,0
train,4x7s_complex_label.csv,440,101,339,22.954545454545457,0
train,4xhu_complex_label.csv,441,40,401,9.070294784580499,0
train,4xkh_complex_label.csv,115,35,80,30.434782608695656,0
train,4xkl_complex_label.csv,109,27,82,24.770642201834864,0
train,4xl1_complex_label.csv,338,45,293,13.313609467455622,0
train,4xl5_complex_label.csv,471,52,419,11.040339702760086,0
train,4xnm_complex_label.csv,641,45,596,7.020280811232449,0
train,4xoi_complex_label.csv,400,37,363,9.25,0
train,4xwj_complex_label.csv,236,34,202,14.40677966101695,0
train,4xxw_complex_label.csv,433,65,368,15.011547344110854,0
train,4y5o_complex_label.csv,181,62,119,34.25414364640884,0
train,4yc7_complex_label.csv,470,73,397,15.53191489361702,0
train,4yiq_complex_label.csv,215,44,171,20.46511627906977,0
train,4yiz_complex_label.csv,439,87,352,19.81776765375854,0
train,4yk4_complex_label.csv,642,38,604,5.919003115264798,0
train,4yoc_complex_label.csv,1430,90,1340,6.293706293706294,0
train,4ypg_complex_label.csv,593,71,522,11.973018549747048,0
train,4yyp_complex_label.csv,119,52,67,43.69747899159664,0
train,4z5r_complex_label.csv,582,49,533,8.419243986254296,0
train,4z9k_complex_label.csv,374,47,327,12.566844919786096,0
train,4zak_complex_label.csv,715,40,675,5.594405594405594,0
train,4zff_complex_label.csv,531,29,502,5.4613935969868175,0
train,4zfg_complex_label.csv,652,35,617,5.368098159509203,0
train,4zfo_complex_label.csv,469,36,433,7.675906183368871,0
train,4zgq_complex_label.csv,377,41,336,10.875331564986737,0
train,4zi2_complex_label.csv,300,53,247,17.666666666666668,0
train,4zi3_complex_label.csv,303,53,250,17.491749174917494,0
train,4zk9_complex_label.csv,277,58,219,20.938628158844764,0
train,4zlt_complex_label.csv,446,75,371,16.81614349775785,0
train,4zpt_complex_label.csv,636,49,587,7.70440251572327,0
train,4zqu_complex_label.csv,298,66,232,22.14765100671141,0
train,4zs7_complex_label.csv,594,53,541,8.922558922558922,0
train,5a3i_complex_label.csv,767,46,721,5.9973924380704045,0
train,5aam_complex_label.csv,337,55,282,16.320474777448073,0
train,5abv_complex_label.csv,243,75,168,30.864197530864196,0
train,5anm_complex_label.csv,646,34,612,5.263157894736842,0
train,5aoq_complex_label.csv,336,52,284,15.476190476190476,0
train,5ayr_complex_label.csv,333,58,275,17.417417417417415,0
train,5ays_complex_label.csv,339,46,293,13.569321533923304,0
train,5b3h_complex_label.csv,464,46,418,9.913793103448276,0
train,5b71_complex_label.csv,543,42,501,7.734806629834254,0
train,5bk1_complex_label.csv,802,55,747,6.857855361596011,0
train,5bo1_complex_label.csv,583,53,530,9.090909090909092,0
train,5bqe_complex_label.csv,198,97,101,48.98989898989899,0
train,5bvp_complex_label.csv,583,52,531,8.919382504288166,0
train,5bw7_complex_label.csv,377,31,346,8.222811671087534,0
train,5bw8_complex_label.csv,587,35,552,5.9625212947189095,0
train,5c0n_complex_label.csv,566,27,539,4.770318021201414,0
train,5c4v_complex_label.csv,279,44,235,15.770609318996415,0
train,5c67_complex_label.csv,278,45,233,16.18705035971223,0
train,5c7x_complex_label.csv,540,65,475,12.037037037037036,0
train,5cw7_complex_label.csv,150,67,83,44.666666666666664,0
train,5cxb_complex_label.csv,828,72,756,8.695652173913043,0
train,5cyk_complex_label.csv,825,83,742,10.06060606060606,0
train,5czf_complex_label.csv,137,66,71,48.175182481751825,0
train,5czx_complex_label.csv,663,45,618,6.787330316742081,0
train,5d1k_complex_label.csv,256,75,181,29.296875,0
train,5d1l_complex_label.csv,257,71,186,27.626459143968873,0
train,5d1m_complex_label.csv,256,72,184,28.125,0
train,5d28_complex_label.csv,365,49,316,13.424657534246576,0
train,5d5m_complex_label.csv,709,52,657,7.334273624823695,0
train,5d70_complex_label.csv,538,53,485,9.851301115241636,0
train,5d71_complex_label.csv,536,45,491,8.395522388059701,0
train,5d72_complex_label.csv,539,63,476,11.688311688311687,0
train,5d7i_complex_label.csv,708,55,653,7.768361581920905,0
train,5d7j_complex_label.csv,709,54,655,7.6163610719323,0
train,5d8j_complex_label.csv,567,40,527,7.054673721340388,0
train,5d93_complex_label.csv,666,41,625,6.156156156156156,0
train,5d96_complex_label.csv,671,52,619,7.749627421758569,0
train,5dc4_complex_label.csv,192,49,143,25.520833333333332,0
train,5dcq_complex_label.csv,365,36,329,9.863013698630137,0
train,5dfv_complex_label.csv,513,40,473,7.797270955165692,0
train,5dfw_complex_label.csv,312,40,272,12.82051282051282,0
train,5djt_complex_label.csv,203,45,158,22.167487684729064,0
train,5dju_complex_label.csv,200,50,150,25.0,0
train,5dmj_complex_label.csv,282,44,238,15.602836879432624,0
train,5do2_complex_label.csv,641,55,586,8.580343213728549,0
train,5dob_complex_label.csv,402,87,315,21.641791044776117,0
train,5e3e_complex_label.csv,204,51,153,25.0,0
train,5e4e_complex_label.csv,618,85,533,13.754045307443366,0
train,5e6j_complex_label.csv,391,45,346,11.508951406649617,0
train,5e7f_complex_label.csv,257,40,217,15.56420233463035,0
train,5e8d_complex_label.csv,474,46,428,9.70464135021097,0
train,5e8e_complex_label.csv,702,26,676,3.7037037037037033,0
train,5e94_complex_label.csv,538,40,498,7.434944237918216,0
train,5e95_complex_label.csv,262,31,231,11.83206106870229,0
train,5eb1_complex_label.csv,272,80,192,29.411764705882355,0
train,5ee4_complex_label.csv,593,73,520,12.310286677908937,0
train,5eg3_complex_label.csv,421,18,403,4.275534441805226,0
train,5elu_complex_label.csv,166,32,134,19.27710843373494,0
train,5eoa_complex_label.csv,113,43,70,38.05309734513274,0
train,5eof_complex_label.csv,115,41,74,35.65217391304348,0
train,5ep6_complex_label.csv,82,44,38,53.65853658536586,0
train,5eql_complex_label.csv,164,29,135,17.682926829268293,0
train,5eyp_complex_label.csv,998,29,969,2.905811623246493,0
train,5f3b_complex_label.csv,540,47,493,8.703703703703704,0
train,5f3x_complex_label.csv,265,64,201,24.150943396226417,0
train,5f4e_complex_label.csv,447,46,401,10.290827740492169,0
train,5fcu_complex_label.csv,566,56,510,9.89399293286219,0
train,5fhx_complex_label.csv,803,33,770,4.10958904109589,0
train,5fo8_complex_label.csv,1682,65,1617,3.864447086801427,0
train,5fob_complex_label.csv,1793,92,1701,5.131065253764641,0
train,5fqd_complex_label.csv,1226,126,1100,10.277324632952691,0
train,5fr1_complex_label.csv,365,78,287,21.36986301369863,0
train,5ft8_complex_label.csv,541,36,505,6.654343807763401,0
train,5fug_complex_label.csv,236,91,145,38.559322033898304,0
train,5g15_complex_label.csv,353,39,314,11.048158640226628,0
train,5gpg_complex_label.csv,209,33,176,15.789473684210526,0
train,5gvi_complex_label.csv,488,124,364,25.40983606557377,0
train,5gwo_complex_label.csv,488,39,449,7.991803278688526,0
train,5gwp_complex_label.csv,474,46,428,9.70464135021097,0
train,5gy2_complex_label.csv,611,69,542,11.292962356792144,0
train,5gzn_complex_label.csv,1031,73,958,7.080504364694471,0
train,5gzo_complex_label.csv,837,45,792,5.376344086021505,0
train,5h07_complex_label.csv,301,29,272,9.634551495016613,0
train,5hdq_complex_label.csv,715,37,678,5.174825174825175,0
train,5hgg_complex_label.csv,373,61,312,16.353887399463808,0
train,5hk5_complex_label.csv,243,70,173,28.80658436213992,0
train,5hlz_complex_label.csv,290,68,222,23.448275862068964,0
train,5hpk_complex_label.csv,455,53,402,11.648351648351648,0
train,5hps_complex_label.csv,450,40,410,8.88888888888889,0
train,5hpy_complex_label.csv,379,55,324,14.511873350923482,0
train,5hvf_complex_label.csv,499,56,443,11.22244488977956,0
train,5hys_complex_label.csv,652,7,645,1.0736196319018405,0
train,5ibk_complex_label.csv,266,45,221,16.917293233082706,0
train,5ibw_complex_label.csv,119,51,68,42.857142857142854,0
train,5ies_complex_label.csv,602,55,547,9.136212624584719,0
train,5iia_complex_label.csv,234,55,179,23.504273504273502,0
train,5ikc_complex_label.csv,517,41,476,7.930367504835589,0
train,5imk_complex_label.csv,243,37,206,15.22633744855967,0
train,5imm_complex_label.csv,245,37,208,15.10204081632653,0
train,5inb_complex_label.csv,326,68,258,20.858895705521473,0
train,5ioh_complex_label.csv,326,65,261,19.938650306748464,0
train,5ip4_complex_label.csv,190,37,153,19.473684210526315,0
train,5ius_complex_label.csv,333,45,288,13.513513513513514,0
train,5j11_complex_label.csv,513,53,460,10.33138401559454,0
train,5j13_complex_label.csv,558,36,522,6.451612903225806,0
train,5j28_complex_label.csv,326,69,257,21.165644171779142,0
train,5j56_complex_label.csv,384,39,345,10.15625,0
train,5j57_complex_label.csv,391,29,362,7.41687979539642,0
train,5j7c_complex_label.csv,226,45,181,19.911504424778762,0
train,5jds_complex_label.csv,242,37,205,15.289256198347106,0
train,5jg6_complex_label.csv,141,36,105,25.53191489361702,0
train,5jh5_complex_label.csv,473,55,418,11.627906976744185,0
train,5jhl_complex_label.csv,812,33,779,4.064039408866995,0
train,5jhw_complex_label.csv,397,83,314,20.906801007556673,0
train,5jke_complex_label.csv,452,57,395,12.610619469026549,0
train,5jlv_complex_label.csv,524,35,489,6.679389312977099,0
train,5jmc_complex_label.csv,522,34,488,6.513409961685824,0
train,5jq6_complex_label.csv,759,59,700,7.7733860342556,0
train,5jsb_complex_label.csv,267,71,196,26.591760299625467,0
train,5jsn_complex_label.csv,264,68,196,25.757575757575758,0
train,5jw7_complex_label.csv,323,45,278,13.93188854489164,0
train,5jw9_complex_label.csv,148,60,88,40.54054054054054,0
train,5jyl_complex_label.csv,341,39,302,11.436950146627565,0
train,5jze_complex_label.csv,234,58,176,24.786324786324787,0
train,5k59_complex_label.csv,726,38,688,5.234159779614325,0
train,5kho_complex_label.csv,292,35,257,11.986301369863012,0
train,5kn5_complex_label.csv,473,44,429,9.30232558139535,0
train,5kof_complex_label.csv,482,28,454,5.809128630705394,0
train,5kvd_complex_label.csv,549,52,497,9.47176684881603,0
train,5kve_complex_label.csv,345,46,299,13.333333333333334,0
train,5kvf_complex_label.csv,545,44,501,8.073394495412845,0
train,5kvg_complex_label.csv,539,52,487,9.647495361781075,0
train,5kw9_complex_label.csv,731,42,689,5.745554035567715,0
train,5kxh_complex_label.csv,391,51,340,13.043478260869565,0
train,5ky0_complex_label.csv,392,50,342,12.755102040816327,0
train,5ky4_complex_label.csv,390,46,344,11.794871794871794,0
train,5ky5_complex_label.csv,392,49,343,12.5,0
train,5ky9_complex_label.csv,390,53,337,13.58974358974359,0
train,5l21_complex_label.csv,547,59,488,10.786106032906764,0
train,5l6y_complex_label.csv,558,37,521,6.630824372759856,0
train,5l8j_complex_label.csv,358,38,320,10.614525139664805,0
train,5lcv_complex_label.csv,1243,45,1198,3.620273531777957,0
train,5lhn_complex_label.csv,382,49,333,12.827225130890053,0
train,5lpu_complex_label.csv,433,52,381,12.009237875288683,0
train,5lqb_complex_label.csv,564,44,520,7.801418439716312,0
train,5lrw_complex_label.csv,364,59,305,16.208791208791208,0
train,5lxm_complex_label.csv,302,65,237,21.52317880794702,0
train,5m2i_complex_label.csv,269,50,219,18.587360594795538,0
train,5m2j_complex_label.csv,264,33,231,12.5,0
train,5m2m_complex_label.csv,278,45,233,16.18705035971223,0
train,5m5e_complex_label.csv,526,64,462,12.167300380228136,0
train,5ma3_complex_label.csv,529,80,449,15.122873345935728,0
train,5ma4_complex_label.csv,523,85,438,16.252390057361378,0
train,5ma5_complex_label.csv,525,93,432,17.71428571428571,0
train,5ma6_complex_label.csv,385,48,337,12.467532467532468,0
train,5mad_complex_label.csv,388,38,350,9.793814432989691,0
train,5mak_complex_label.csv,520,95,425,18.269230769230766,0
train,5mfc_complex_label.csv,519,91,428,17.533718689788053,0
train,5mi0_complex_label.csv,731,44,687,6.019151846785226,0
train,5mrv_complex_label.csv,360,46,314,12.777777777777777,0
train,5mtj_complex_label.csv,205,38,167,18.536585365853657,0
train,5mtm_complex_label.csv,200,37,163,18.5,0
train,5mtn_complex_label.csv,184,38,146,20.652173913043477,0
train,5my6_complex_label.csv,689,40,649,5.805515239477503,0
train,5n47_complex_label.csv,456,68,388,14.912280701754385,0
train,5n48_complex_label.csv,267,57,210,21.34831460674157,0
train,5n7w_complex_label.csv,547,47,500,8.592321755027422,0
train,5n88_complex_label.csv,205,31,174,15.121951219512194,0
train,5ngv_complex_label.csv,317,56,261,17.665615141955836,0
train,5nh3_complex_label.csv,318,43,275,13.522012578616351,0
train,5nmv_complex_label.csv,496,65,431,13.104838709677418,0
train,5npo_complex_label.csv,511,48,463,9.393346379647749,0
train,5nqf_complex_label.csv,340,83,257,24.41176470588235,0
train,5nqg_complex_label.csv,427,74,353,17.330210772833723,0
train,5nt1_complex_label.csv,292,33,259,11.301369863013697,0
train,5nvk_complex_label.csv,249,102,147,40.963855421686745,0
train,5nvl_complex_label.csv,241,106,135,43.983402489626556,0
train,5nvm_complex_label.csv,206,61,145,29.61165048543689,0
train,5nvn_complex_label.csv,214,61,153,28.504672897196258,0
train,5o03_complex_label.csv,450,41,409,9.11111111111111,0
train,5o05_complex_label.csv,433,39,394,9.006928406466514,0
train,5o0w_complex_label.csv,497,39,458,7.847082494969819,0
train,5o2t_complex_label.csv,306,43,263,14.052287581699346,0
train,5o2u_complex_label.csv,189,35,154,18.51851851851852,0
train,5o4e_complex_label.csv,309,23,286,7.443365695792881,0
train,5oaq_complex_label.csv,258,56,202,21.705426356589147,0
train,5oc7_complex_label.csv,212,28,184,13.20754716981132,0
train,5ohp_complex_label.csv,410,97,313,23.65853658536585,0
train,5omb_complex_label.csv,223,44,179,19.730941704035875,0
train,5omm_complex_label.csv,431,38,393,8.816705336426914,0
train,5omn_complex_label.csv,428,31,397,7.242990654205607,0
train,5otj_complex_label.csv,504,43,461,8.531746031746032,0
train,5ovw_complex_label.csv,371,64,307,17.25067385444744,0
train,5sv3_complex_label.csv,292,36,256,12.32876712328767,0
train,5swk_complex_label.csv,190,32,158,16.842105263157894,0
train,5sx4_complex_label.csv,622,45,577,7.234726688102894,0
train,5sx5_complex_label.csv,622,49,573,7.877813504823152,0
train,5sy8_complex_label.csv,601,44,557,7.321131447587355,0
train,5szi_complex_label.csv,323,42,281,13.003095975232199,0
train,5szj_complex_label.csv,328,53,275,16.158536585365855,0
train,5t29_complex_label.csv,592,42,550,7.094594594594595,0
train,5t5b_complex_label.csv,595,41,554,6.890756302521009,0
train,5t5f_complex_label.csv,654,48,606,7.339449541284404,0
train,5t6l_complex_label.csv,596,39,557,6.543624161073826,0
train,5tar_complex_label.csv,332,19,313,5.72289156626506,0
train,5tdy_complex_label.csv,128,63,65,49.21875,0
train,5te4_complex_label.csv,792,66,726,8.333333333333332,0
train,5te6_complex_label.csv,787,60,727,7.6238881829733165,0
train,5te7_complex_label.csv,783,57,726,7.2796934865900385,0
train,5tfw_complex_label.csv,600,40,560,6.666666666666667,0
train,5th9_complex_label.csv,658,49,609,7.446808510638298,0
train,5tl6_complex_label.csv,390,44,346,11.282051282051283,0
train,5tl7_complex_label.csv,392,50,342,12.755102040816327,0
train,5tru_complex_label.csv,547,48,499,8.775137111517367,0
train,5tvq_complex_label.csv,328,41,287,12.5,0
train,5tz2_complex_label.csv,546,42,504,7.6923076923076925,0
train,5tzt_complex_label.csv,549,34,515,6.193078324225866,0
train,5u4m_complex_label.csv,384,39,345,10.15625,0
train,5u4y_complex_label.csv,267,40,227,14.981273408239701,0
train,5u52_complex_label.csv,243,36,207,14.814814814814813,0
train,5ufe_complex_label.csv,224,38,186,16.964285714285715,0
train,5ufq_complex_label.csv,226,38,188,16.8141592920354,0
train,5uk5_complex_label.csv,493,82,411,16.63286004056795,0
train,5un5_complex_label.csv,224,44,180,19.642857142857142,0
train,5upk_complex_label.csv,466,19,447,4.07725321888412,0
train,5ush_complex_label.csv,667,52,615,7.796101949025487,0
train,5usl_complex_label.csv,666,55,611,8.258258258258259,0
train,5utz_complex_label.csv,568,50,518,8.80281690140845,0
train,5uv8_complex_label.csv,373,59,314,15.81769436997319,0
train,5uwc_complex_label.csv,379,59,320,15.567282321899736,0
train,5v5g_complex_label.csv,244,53,191,21.721311475409834,0
train,5v5h_complex_label.csv,241,58,183,24.066390041493776,0
train,5v5i_complex_label.csv,236,53,183,22.45762711864407,0
train,5v69_complex_label.csv,397,54,343,13.602015113350127,0
train,5v6a_complex_label.csv,395,54,341,13.670886075949367,0
train,5vag_complex_label.csv,644,51,593,7.919254658385093,0
train,5vpg_complex_label.csv,655,36,619,5.4961832061068705,0
train,5vpl_complex_label.csv,656,37,619,5.640243902439025,0
train,5vu0_complex_label.csv,388,32,356,8.24742268041237,0
train,5vyf_complex_label.csv,554,39,515,7.039711191335741,0
train,5vz4_complex_label.csv,298,33,265,11.073825503355705,0
train,5w06_complex_label.csv,648,59,589,9.104938271604938,0
train,5w08_complex_label.csv,720,45,675,6.25,0
train,5w3x_complex_label.csv,402,64,338,15.92039800995025,0
train,5w6g_complex_label.csv,765,47,718,6.143790849673202,0
train,5w8t_complex_label.csv,396,62,334,15.656565656565657,0
train,5w9a_complex_label.csv,306,41,265,13.398692810457517,0
train,5wb7_complex_label.csv,547,76,471,13.893967093235831,0
train,5wb8_complex_label.csv,538,52,486,9.66542750929368,0
train,5whk_complex_label.csv,795,55,740,6.918238993710692,0
train,5wi9_complex_label.csv,867,75,792,8.650519031141869,0
train,5wt9_complex_label.csv,548,43,505,7.846715328467154,0
train,5wux_complex_label.csv,582,52,530,8.934707903780069,0
train,5x4l_complex_label.csv,242,42,200,17.355371900826448,0
train,5xfs_complex_label.csv,544,68,476,12.5,0
train,5xis_complex_label.csv,227,62,165,27.312775330396477,0
train,5xiu_complex_label.csv,120,36,84,30.0,0
train,5xj4_complex_label.csv,444,41,403,9.234234234234235,0
train,5xjg_complex_label.csv,524,108,416,20.610687022900763,0
train,5xku_complex_label.csv,644,48,596,7.453416149068323,0
train,5xmh_complex_label.csv,437,59,378,13.501144164759726,0
train,5xoc_complex_label.csv,327,52,275,15.902140672782874,0
train,5xwd_complex_label.csv,838,64,774,7.637231503579953,0
train,5xxy_complex_label.csv,544,53,491,9.742647058823529,0
train,5y11_complex_label.csv,759,32,727,4.216073781291173,0
train,5y9j_complex_label.csv,577,48,529,8.31889081455806,0
train,5yc5_complex_label.csv,382,30,352,7.853403141361256,0
train,5ydr_complex_label.csv,325,43,282,13.230769230769232,0
train,5yoy_complex_label.csv,387,49,338,12.661498708010335,0
train,5yr0_complex_label.csv,92,50,42,54.347826086956516,0
train,5ywr_complex_label.csv,237,27,210,11.39240506329114,0
train,5z2w_complex_label.csv,244,45,199,18.442622950819672,0
train,6a0z_complex_label.csv,705,52,653,7.375886524822695,0
train,6a3w_complex_label.csv,356,55,301,15.44943820224719,0
train,6a67_complex_label.csv,648,44,604,6.790123456790123,0
train,6a6i_complex_label.csv,168,33,135,19.642857142857142,0
train,6a78_complex_label.csv,319,36,283,11.285266457680251,0
train,6a79_complex_label.csv,321,36,285,11.214953271028037,0
train,6amb_complex_label.csv,265,33,232,12.452830188679245,0
train,6aod_complex_label.csv,661,67,594,10.136157337367626,0
train,6aqr_complex_label.csv,546,95,451,17.399267399267398,0
train,6arq_complex_label.csv,414,38,376,9.178743961352657,0
train,6asr_complex_label.csv,115,40,75,34.78260869565217,0
train,6aw2_complex_label.csv,475,58,417,12.210526315789473,0
train,6azz_complex_label.csv,590,58,532,9.830508474576272,0
train,6b08_complex_label.csv,605,56,549,9.256198347107437,0
train,6b0a_complex_label.csv,609,55,554,9.0311986863711,0
train,6b0g_complex_label.csv,601,47,554,7.820299500831947,0
train,6b0s_complex_label.csv,499,40,459,8.016032064128256,0
train,6b12_complex_label.csv,265,69,196,26.037735849056602,0
train,6b3s_complex_label.csv,627,48,579,7.655502392344498,0
train,6b9j_complex_label.csv,657,52,605,7.91476407914764,0
train,6bck_complex_label.csv,771,55,716,7.133592736705577,0
train,6bf4_complex_label.csv,779,15,764,1.9255455712451863,0
train,6bit_complex_label.csv,539,49,490,9.090909090909092,0
train,6bkb_complex_label.csv,602,44,558,7.308970099667775,0
train,6bkc_complex_label.csv,591,41,550,6.937394247038917,0
train,6blh_complex_label.csv,469,52,417,11.087420042643924,0
train,6bva_complex_label.csv,283,46,237,16.25441696113074,0
train,6bx4_complex_label.csv,219,31,188,14.15525114155251,0
train,6bx5_complex_label.csv,220,30,190,13.636363636363635,0
train,6bx8_complex_label.csv,279,49,230,17.562724014336915,0
train,6bxa_complex_label.csv,633,50,583,7.898894154818326,0
train,6bxc_complex_label.csv,606,59,547,9.735973597359736,0
train,6byh_complex_label.csv,287,52,235,18.118466898954704,0
train,6c83_complex_label.csv,311,25,286,8.038585209003216,0
train,6cbp_complex_label.csv,265,27,238,10.18867924528302,0
train,6ch2_complex_label.csv,477,53,424,11.11111111111111,0
train,6ch3_complex_label.csv,493,50,443,10.141987829614605,0
train,6cmg_complex_label.csv,873,50,823,5.72737686139748,0
train,6cug_complex_label.csv,707,28,679,3.9603960396039604,0
train,6cwg_complex_label.csv,387,35,352,9.043927648578812,0
train,6cxf_complex_label.csv,476,26,450,5.46218487394958,0
train,6d4p_complex_label.csv,223,45,178,20.179372197309416,0
train,6d68_complex_label.csv,231,49,182,21.21212121212121,0
train,6d7g_complex_label.csv,818,55,763,6.723716381418093,0
train,6ddm_complex_label.csv,528,46,482,8.712121212121213,0
train,6ddr_complex_label.csv,529,44,485,8.31758034026465,0
train,6ddv_complex_label.csv,533,37,496,6.941838649155723,0
train,6dg5_complex_label.csv,502,68,434,13.545816733067728,0
train,6dgf_complex_label.csv,419,104,315,24.821002386634845,0
train,6dkj_complex_label.csv,540,55,485,10.185185185185185,0
train,6dwf_complex_label.csv,386,61,325,15.803108808290157,0
train,6dwh_complex_label.csv,386,59,327,15.284974093264248,0
train,6e62_complex_label.csv,570,52,518,9.12280701754386,0
train,6e63_complex_label.csv,566,47,519,8.303886925795052,0
train,6ehg_complex_label.csv,1678,33,1645,1.9666269368295588,0
train,6ejg_complex_label.csv,320,46,274,14.374999999999998,0
train,6ejm_complex_label.csv,320,52,268,16.25,0
train,6er6_complex_label.csv,215,37,178,17.209302325581397,0
train,6ere_complex_label.csv,213,38,175,17.84037558685446,0
train,6ewb_complex_label.csv,732,46,686,6.284153005464481,0
train,6f2g_complex_label.csv,561,63,498,11.229946524064172,0
train,6fc2_complex_label.csv,243,99,144,40.74074074074074,0
train,6fc3_complex_label.csv,227,67,160,29.515418502202646,0
train,6fe4_complex_label.csv,189,34,155,17.989417989417987,0
train,6ff3_complex_label.csv,250,45,205,18.0,0
train,6fg1_complex_label.csv,882,50,832,5.6689342403628125,0
train,6fg2_complex_label.csv,869,40,829,4.602991944764097,0
train,6fgb_complex_label.csv,701,46,655,6.562054208273895,0
train,6fgo_complex_label.csv,273,39,234,14.285714285714285,0
train,6flb_complex_label.csv,534,46,488,8.614232209737828,0
train,6flc_complex_label.csv,531,37,494,6.96798493408663,0
train,6fp7_complex_label.csv,388,43,345,11.082474226804123,0
train,6fto_complex_label.csv,141,60,81,42.5531914893617,0
train,6fub_complex_label.csv,174,55,119,31.60919540229885,0
train,6fuz_complex_label.csv,379,41,338,10.817941952506596,0
train,6fv0_complex_label.csv,384,43,341,11.197916666666668,0
train,6gbg_complex_label.csv,477,60,417,12.578616352201259,0
train,6gbh_complex_label.csv,463,61,402,13.174946004319654,0
train,6gfi_complex_label.csv,280,41,239,14.642857142857144,0
train,6gjq_complex_label.csv,316,48,268,15.18987341772152,0
train,6gku_complex_label.csv,576,37,539,6.423611111111111,0
train,6gum_complex_label.csv,266,42,224,15.789473684210526,0
train,6gwc_complex_label.csv,654,69,585,10.550458715596331,0
train,6h15_complex_label.csv,739,42,697,5.683355886332882,0
train,6h16_complex_label.csv,737,44,693,5.970149253731343,0
train,6h2y_complex_label.csv,657,54,603,8.21917808219178,0
train,6h3t_complex_label.csv,461,47,414,10.195227765726681,0
train,6h46_complex_label.csv,324,47,277,14.506172839506174,0
train,6h47_complex_label.csv,321,45,276,14.018691588785046,0
train,6h6y_complex_label.csv,406,48,358,11.822660098522167,0
train,6h6z_complex_label.csv,417,35,382,8.393285371702639,0
train,6h71_complex_label.csv,409,48,361,11.7359413202934,0
train,6har_complex_label.csv,278,44,234,15.827338129496402,0
train,6her_complex_label.csv,234,33,201,14.102564102564102,0
train,6hhc_complex_label.csv,670,46,624,6.865671641791045,0
train,6hpr_complex_label.csv,287,42,245,14.634146341463413,0
train,6i07_complex_label.csv,463,44,419,9.503239740820735,0
train,6iea_complex_label.csv,758,39,719,5.145118733509235,0
train,6ieb_complex_label.csv,716,39,677,5.4469273743016755,0
train,6ihb_complex_label.csv,611,31,580,5.073649754500818,0
train,6imf_complex_label.csv,309,61,248,19.741100323624593,0
train,6ird_complex_label.csv,449,74,375,16.481069042316257,0
train,6isc_complex_label.csv,340,45,295,13.23529411764706,0
train,6isu_complex_label.csv,303,30,273,9.900990099009901,0
train,6ivz_complex_label.csv,617,47,570,7.6175040518638575,0
train,6iwd_complex_label.csv,342,37,305,10.818713450292398,0
train,6j11_complex_label.csv,575,45,530,7.82608695652174,0
train,6j14_complex_label.csv,335,40,295,11.940298507462686,0
train,6j5d_complex_label.csv,322,32,290,9.937888198757763,0
train,6j5f_complex_label.csv,322,36,286,11.180124223602485,0
train,6j6y_complex_label.csv,535,49,486,9.158878504672897,0
train,6j7w_complex_label.csv,157,36,121,22.929936305732486,0
train,6jb2_complex_label.csv,255,36,219,14.117647058823529,0
train,6jb8_complex_label.csv,254,44,210,17.322834645669293,0
train,6jbt_complex_label.csv,559,46,513,8.228980322003578,0
train,6jep_complex_label.csv,550,34,516,6.181818181818182,0
train,6jjp_complex_label.csv,551,48,503,8.711433756805807,0
train,6k0y_complex_label.csv,547,37,510,6.764168190127971,0
train,6k7o_complex_label.csv,537,33,504,6.145251396648044,0
train,6m7l_complex_label.csv,812,60,752,7.389162561576355,0
train,6mav_complex_label.csv,340,56,284,16.470588235294116,0
train,6mft_complex_label.csv,770,53,717,6.883116883116883,0
train,6mgp_complex_label.csv,295,46,249,15.593220338983052,0
train,6mhr_complex_label.csv,577,36,541,6.239168110918544,0
train,6mi2_complex_label.csv,570,53,517,9.298245614035087,0
train,6mkz_complex_label.csv,296,54,242,18.243243243243242,0
train,6mlk_complex_label.csv,700,43,657,6.142857142857143,0
train,6mm6_complex_label.csv,535,72,463,13.457943925233645,0
train,6moe_complex_label.csv,377,43,334,11.405835543766578,0
train,6mss_complex_label.csv,798,40,758,5.012531328320802,0
train,6mud_complex_label.csv,283,34,249,12.014134275618375,0
train,6mvl_complex_label.csv,585,44,541,7.521367521367521,0
train,6n6r_complex_label.csv,215,34,181,15.813953488372093,0
train,6n85_complex_label.csv,819,68,751,8.302808302808302,0
train,6n9d_complex_label.csv,340,59,281,17.352941176470587,0
train,6ndz_complex_label.csv,312,63,249,20.192307692307693,0
train,6ne2_complex_label.csv,312,54,258,17.307692307692307,0
train,6ne4_complex_label.csv,313,53,260,16.93290734824281,0
train,6nha_complex_label.csv,792,38,754,4.797979797979798,0
train,6nmr_complex_label.csv,548,65,483,11.861313868613138,0
train,6nms_complex_label.csv,550,45,505,8.181818181818182,0
train,6nmt_complex_label.csv,543,38,505,6.998158379373849,0
train,6nmu_complex_label.csv,548,44,504,8.02919708029197,0
train,6nmv_complex_label.csv,537,42,495,7.82122905027933,0
train,6o1f_complex_label.csv,855,49,806,5.730994152046784,0
train,6o39_complex_label.csv,553,43,510,7.775768535262206,0
train,6o3a_complex_label.csv,548,40,508,7.2992700729927,0
train,6o3b_complex_label.csv,560,49,511,8.75,0
train,6o3o_complex_label.csv,524,50,474,9.541984732824428,0
train,6o60_complex_label.csv,851,68,783,7.9905992949471205,0
train,6oan_complex_label.csv,497,53,444,10.663983903420524,0
train,6obn_complex_label.csv,583,81,502,13.893653516295027,0
train,6oc3_complex_label.csv,652,42,610,6.441717791411043,0
train,6oor_complex_label.csv,713,28,685,3.9270687237026647,0
train,6otc_complex_label.csv,558,17,541,3.046594982078853,0
train,6oy4_complex_label.csv,566,42,524,7.420494699646643,0
train,6p50_complex_label.csv,527,35,492,6.641366223908918,0
train,6p67_complex_label.csv,631,46,585,7.290015847860539,0
train,6phb_complex_label.csv,611,36,575,5.8919803600654665,0
train,6phc_complex_label.csv,604,56,548,9.271523178807946,0
train,6plk_complex_label.csv,542,38,504,7.011070110701106,0
train,6ppg_complex_label.csv,557,41,516,7.360861759425494,0
train,6pxh_complex_label.csv,779,37,742,4.7496790757381255,0
train,6q0h_complex_label.csv,655,50,605,7.633587786259542,0
train,6q0o_complex_label.csv,658,49,609,7.446808510638298,0
train,6q18_complex_label.csv,653,56,597,8.575803981623277,0
train,6qb3_complex_label.csv,378,38,340,10.052910052910052,0
train,6qb6_complex_label.csv,594,41,553,6.902356902356903,0
train,6r2g_complex_label.csv,195,60,135,30.76923076923077,0
train,6r8x_complex_label.csv,666,52,614,7.807807807807808,0
train,6rhv_complex_label.csv,745,56,689,7.516778523489933,0
train,6rhw_complex_label.csv,736,53,683,7.201086956521739,0
train,6s53_complex_label.csv,304,45,259,14.802631578947366,0
train,6s8s_complex_label.csv,205,60,145,29.268292682926827,0
train,6sak_complex_label.csv,369,56,313,15.176151761517614,0
train,6u8c_complex_label.csv,494,31,463,6.275303643724696,0
train,6umt_complex_label.csv,219,57,162,26.027397260273972,0
train,6uvo_complex_label.csv,471,44,427,9.341825902335456,0
val,1a4y_complex_label.csv,583,78,505,13.379073756432247,0
val,1ay7_complex_label.csv,185,33,152,17.83783783783784,0
val,1b27_complex_label.csv,197,39,158,19.796954314720814,0
val,1b2s_complex_label.csv,200,42,158,21.0,0
val,1b2u_complex_label.csv,200,39,161,19.5,0
val,1b3s_complex_label.csv,197,38,159,19.289340101522843,0
val,1brs_complex_label.csv,197,39,158,19.796954314720814,0
val,1cn4_complex_label.csv,379,42,337,11.081794195250659,0
val,1e6e_complex_label.csv,570,58,512,10.175438596491228,0
val,1emv_complex_label.csv,214,43,171,20.093457943925234,0
val,1gla_complex_label.csv,664,39,625,5.873493975903615,0
val,1go4_complex_label.csv,282,73,209,25.886524822695034,0
val,1gpw_complex_label.csv,454,53,401,11.674008810572687,0
val,1i4d_complex_label.csv,377,37,340,9.814323607427056,0
val,1i4e_complex_label.csv,532,43,489,8.082706766917292,0
val,1ib1_complex_label.csv,405,69,336,17.037037037037038,0
val,1jiw_complex_label.csv,575,60,515,10.434782608695652,0
val,1kac_complex_label.csv,309,41,268,13.268608414239482,0
val,1kgy_complex_label.csv,319,64,255,20.06269592476489,0
val,1m1e_complex_label.csv,591,89,502,15.059221658206429,0
val,1oyh_complex_label.csv,853,46,807,5.3927315357561545,0
val,1p27_complex_label.csv,236,50,186,21.1864406779661,0
val,1p6a_complex_label.csv,309,42,267,13.592233009708737,0
val,1pk1_complex_label.csv,131,24,107,18.3206106870229,0
val,1rvj_complex_label.csv,820,206,614,25.121951219512194,0
val,1sv0_complex_label.csv,160,29,131,18.125,0
val,1th1_complex_label.csv,568,119,449,20.950704225352112,0
val,1u0s_complex_label.csv,204,38,166,18.627450980392158,0
val,1v18_complex_label.csv,552,95,457,17.21014492753623,0
val,1w1w_complex_label.csv,424,58,366,13.679245283018867,0
val,1wve_complex_label.csv,590,51,539,8.64406779661017,0
val,1x1u_complex_label.csv,199,41,158,20.603015075376884,0
val,1x1w_complex_label.csv,198,41,157,20.707070707070706,0
val,1x1x_complex_label.csv,199,43,156,21.608040201005025,0
val,1x1y_complex_label.csv,198,38,160,19.19191919191919,0
val,1ycs_complex_label.csv,384,38,346,9.895833333333332,0
val,2aze_complex_label.csv,250,132,118,52.800000000000004,0
val,2byk_complex_label.csv,158,87,71,55.06329113924051,0
val,2bym_complex_label.csv,150,83,67,55.333333333333336,0
val,2f9z_complex_label.csv,360,46,314,12.777777777777777,0
val,2hle_complex_label.csv,326,60,266,18.404907975460123,0
val,2j12_complex_label.csv,302,50,252,16.55629139072848,0
val,2o98_complex_label.csv,287,51,236,17.770034843205575,0
val,2ot3_complex_label.csv,419,64,355,15.274463007159905,0
val,2oza_complex_label.csv,688,153,535,22.238372093023255,0
val,2p8q_complex_label.csv,912,93,819,10.197368421052632,0
val,2pms_complex_label.csv,456,30,426,6.578947368421052,0
val,2q0o_complex_label.csv,321,81,240,25.233644859813083,0
val,2qna_complex_label.csv,786,63,723,8.015267175572518,0
val,2vln_complex_label.csv,214,43,171,20.093457943925234,0
val,2vlo_complex_label.csv,222,44,178,19.81981981981982,0
val,2vlp_complex_label.csv,216,44,172,20.37037037037037,0
val,2vlq_complex_label.csv,218,45,173,20.642201834862387,0
val,2vsm_complex_label.csv,556,68,488,12.23021582733813,0
val,2w19_complex_label.csv,503,47,456,9.343936381709742,0
val,2wo2_complex_label.csv,318,65,253,20.440251572327046,0
val,2wo3_complex_label.csv,318,49,269,15.40880503144654,0
val,2wpt_complex_label.csv,200,46,154,23.0,0
val,2x1w_complex_label.csv,282,35,247,12.411347517730496,0
val,2x9a_complex_label.csv,151,43,108,28.47682119205298,0
val,2z58_complex_label.csv,384,71,313,18.489583333333336,0
val,2za4_complex_label.csv,199,37,162,18.592964824120603,0
val,3aaa_complex_label.csv,517,166,351,32.10831721470019,0
val,3aon_complex_label.csv,279,103,176,36.91756272401434,0
val,3au4_complex_label.csv,558,39,519,6.989247311827956,0
val,3beg_complex_label.csv,438,52,386,11.87214611872146,0
val,3da7_complex_label.csv,198,39,159,19.696969696969695,0
val,3f5c_complex_label.csv,426,33,393,7.746478873239436,0
val,3fhc_complex_label.csv,621,62,559,9.98389694041868,0
val,3fxd_complex_label.csv,107,60,47,56.074766355140184,0
val,3gb8_complex_label.csv,1261,94,1167,7.454401268834259,0
val,3gjn_complex_label.csv,200,38,162,19.0,0
val,3gxu_complex_label.csv,318,61,257,19.18238993710692,0
val,3h2u_complex_label.csv,461,34,427,7.37527114967462,0
val,3h2v_complex_label.csv,253,33,220,13.043478260869565,0
val,3ifq_complex_label.csv,643,171,472,26.594090202177295,0
val,3ixs_complex_label.csv,145,49,96,33.793103448275865,0
val,3k9m_complex_label.csv,352,70,282,19.886363636363637,0
val,3lb8_complex_label.csv,520,42,478,8.076923076923077,0
val,3lk2_complex_label.csv,545,91,454,16.69724770642202,0
val,3lk3_complex_label.csv,568,138,430,24.295774647887324,0
val,3me2_complex_label.csv,322,30,292,9.316770186335404,0
val,3mj7_complex_label.csv,429,47,382,10.955710955710956,0
val,3mjh_complex_label.csv,200,32,168,16.0,0
val,3nvn_complex_label.csv,857,52,805,6.0676779463243875,0
val,3nvq_complex_label.csv,1062,61,1001,5.743879472693032,0
val,3oux_complex_label.csv,565,103,462,18.230088495575224,0
val,3p8m_complex_label.csv,130,32,98,24.615384615384617,0
val,3qbq_complex_label.csv,319,42,277,13.166144200626958,0
val,3t0y_complex_label.csv,157,36,121,22.929936305732486,0
val,3u43_complex_label.csv,224,45,179,20.089285714285715,0
val,3ujg_complex_label.csv,626,60,566,9.584664536741213,0
val,3vv2_complex_label.csv,385,68,317,17.662337662337663,0
val,4ap2_complex_label.csv,635,76,559,11.968503937007874,0
val,4awx_complex_label.csv,322,42,280,13.043478260869565,0
val,4c1n_complex_label.csv,1260,84,1176,6.666666666666667,0
val,4cc4_complex_label.csv,327,45,282,13.761467889908257,0
val,4dpg_complex_label.csv,535,63,472,11.775700934579438,0
val,4ds8_complex_label.csv,507,51,456,10.059171597633137,0
val,4eo5_complex_label.csv,323,73,250,22.60061919504644,0
val,4eoz_complex_label.csv,399,39,360,9.774436090225564,0
val,4euk_complex_label.csv,299,43,256,14.381270903010032,0
val,4fq0_complex_label.csv,260,43,217,16.538461538461537,0
val,4g8a_complex_label.csv,745,61,684,8.187919463087248,0
val,4giq_complex_label.csv,319,40,279,12.539184952978054,0
val,4j6g_complex_label.csv,311,30,281,9.646302250803858,0
val,4jgh_complex_label.csv,647,50,597,7.727975270479134,0
val,4kgq_complex_label.csv,316,41,275,12.974683544303797,0
val,4kt3_complex_label.csv,273,79,194,28.93772893772894,0
val,4l0p_complex_label.csv,314,67,247,21.337579617834397,0
val,4lxr_complex_label.csv,833,57,776,6.8427370948379345,0
val,4mjs_complex_label.csv,176,32,144,18.181818181818183,0
val,4mne_complex_label.csv,557,81,476,14.542190305206462,0
val,4nl9_complex_label.csv,123,24,99,19.51219512195122,0
val,4per_complex_label.csv,573,73,500,12.739965095986038,0
val,4pj2_complex_label.csv,247,43,204,17.408906882591094,0
val,4plo_complex_label.csv,621,43,578,6.924315619967794,0
val,4pp8_complex_label.csv,293,20,273,6.825938566552901,0
val,4pw9_complex_label.csv,446,43,403,9.641255605381167,0
val,4u97_complex_label.csv,586,63,523,10.750853242320819,0
val,4uuz_complex_label.csv,212,82,130,38.67924528301887,0
val,4xxb_complex_label.csv,208,57,151,27.403846153846157,0
val,4yn0_complex_label.csv,370,42,328,11.351351351351353,0
val,4yvq_complex_label.csv,208,41,167,19.71153846153846,0
val,4z2m_complex_label.csv,575,74,501,12.869565217391305,0
val,4zgy_complex_label.csv,528,87,441,16.477272727272727,0
val,4zrp_complex_label.csv,488,53,435,10.860655737704917,0
val,5bn5_complex_label.csv,976,152,824,15.573770491803279,0
val,5bnq_complex_label.csv,322,23,299,7.142857142857142,0
val,5f5s_complex_label.csv,230,29,201,12.608695652173912,0
val,5imt_complex_label.csv,549,29,520,5.2823315118397085,0
val,5imy_complex_label.csv,552,32,520,5.797101449275362,0
val,5j4a_complex_label.csv,220,52,168,23.636363636363637,0
val,5jem_complex_label.csv,245,45,200,18.367346938775512,0
val,5jjd_complex_label.csv,332,30,302,9.036144578313253,0
val,5k22_complex_label.csv,305,36,269,11.80327868852459,0
val,5kwy_complex_label.csv,340,25,315,7.352941176470589,0
val,5lz3_complex_label.csv,158,67,91,42.405063291139236,0
val,5lz6_complex_label.csv,157,66,91,42.038216560509554,0
val,5me5_complex_label.csv,199,61,138,30.65326633165829,0
val,5mv8_complex_label.csv,626,75,551,11.980830670926517,0
val,5mv9_complex_label.csv,620,64,556,10.32258064516129,0
val,5nus_complex_label.csv,300,66,234,22.0,0
val,5nzz_complex_label.csv,702,52,650,7.4074074074074066,0
val,5oen_complex_label.csv,346,58,288,16.76300578034682,0
val,5oyl_complex_label.csv,455,37,418,8.131868131868131,0
val,5t0f_complex_label.csv,218,55,163,25.229357798165136,0
val,5wpa_complex_label.csv,492,201,291,40.853658536585364,0
val,5x0w_complex_label.csv,222,46,176,20.72072072072072,0
val,5xbf_complex_label.csv,598,74,524,12.37458193979933,0
val,5z7g_complex_label.csv,153,30,123,19.607843137254903,0
val,5z7l_complex_label.csv,152,33,119,21.710526315789476,0
val,6a6x_complex_label.csv,190,52,138,27.368421052631582,0
val,6a7v_complex_label.csv,200,67,133,33.5,0
val,6akm_complex_label.csv,93,46,47,49.46236559139785,0
val,6azp_complex_label.csv,633,36,597,5.687203791469194,0
val,6b6u_complex_label.csv,1044,146,898,13.984674329501914,0
val,6bmt_complex_label.csv,649,68,581,10.477657935285054,0
val,6fg8_complex_label.csv,377,39,338,10.344827586206897,0
val,6fq0_complex_label.csv,383,98,285,25.587467362924283,0
val,6i2m_complex_label.csv,554,47,507,8.483754512635379,0
val,6i3f_complex_label.csv,795,105,690,13.20754716981132,0
val,6in9_complex_label.csv,336,107,229,31.845238095238095,0
val,6j4o_complex_label.csv,268,58,210,21.641791044776117,0
val,6j4s_complex_label.csv,282,59,223,20.921985815602838,0
val,6jdj_complex_label.csv,175,82,93,46.85714285714286,0
val,6o07_complex_label.csv,1115,204,911,18.295964125560538,0
val,6p7y_complex_label.csv,571,76,495,13.309982486865149,0
val,6pnp_complex_label.csv,339,64,275,18.87905604719764,0
val,6pnq_complex_label.csv,341,63,278,18.475073313782993,0
val,6q69_complex_label.csv,171,63,108,36.84210526315789,0
val,6u2h_complex_label.csv,515,33,482,6.407766990291262,0
test,1a22_complex_label.csv,396,66,330,16.666666666666664,0
test,1axi_complex_label.csv,394,65,329,16.49746192893401,0
test,1buh_complex_label.csv,364,34,330,9.340659340659341,0
test,1djs_complex_label.csv,346,76,270,21.965317919075144,0
test,1efn_complex_label.csv,161,32,129,19.875776397515526,0
test,1f3v_complex_label.csv,322,42,280,13.043478260869565,0
test,1gcq_complex_label.csv,126,34,92,26.984126984126984,0
test,1h59_complex_label.csv,108,27,81,25.0,0
test,1hcf_complex_label.csv,228,46,182,20.175438596491226,0
test,1k93_complex_label.csv,632,133,499,21.044303797468356,0
test,1l2w_complex_label.csv,179,60,119,33.5195530726257,0
test,1nw9_complex_label.csv,341,62,279,18.181818181818183,0
test,1r6q_complex_label.csv,233,61,172,26.180257510729614,0
test,1sg1_complex_label.csv,268,30,238,11.194029850746269,0
test,1t0p_complex_label.csv,260,35,225,13.461538461538462,0
test,1xwd_complex_label.csv,437,73,364,16.704805491990847,0
test,1y8n_complex_label.csv,491,27,464,5.4989816700611,0
test,1yrt_complex_label.csv,427,85,342,19.906323185011708,0
test,1yru_complex_label.csv,427,84,343,19.672131147540984,0
test,1yvb_complex_label.csv,352,50,302,14.204545454545455,0
test,1ze3_complex_label.csv,452,63,389,13.938053097345133,0
test,2ass_complex_label.csv,394,43,351,10.913705583756345,0
test,2aw2_complex_label.csv,209,45,164,21.5311004784689,0
test,2bp7_complex_label.csv,745,94,651,12.61744966442953,0
test,2dsq_complex_label.csv,233,51,182,21.888412017167383,0
test,2dsr_complex_label.csv,217,54,163,24.88479262672811,0
test,2efd_complex_label.csv,411,56,355,13.62530413625304,0
test,2efh_complex_label.csv,411,56,355,13.62530413625304,0
test,2fu5_complex_label.csv,293,66,227,22.525597269624573,0
test,2gh0_complex_label.csv,300,42,258,14.000000000000002,0
test,2hqs_complex_label.csv,521,65,456,12.476007677543185,0
test,2ij0_complex_label.csv,309,44,265,14.239482200647249,0
test,2j7p_complex_label.csv,557,73,484,13.10592459605027,0
test,2o3b_complex_label.csv,376,43,333,11.436170212765957,0
test,2omt_complex_label.csv,567,76,491,13.403880070546737,0
test,2omu_complex_label.csv,567,82,485,14.462081128747794,0
test,2omv_complex_label.csv,564,74,490,13.120567375886525,0
test,2omw_complex_label.csv,566,70,496,12.36749116607774,0
test,2omx_complex_label.csv,569,82,487,14.411247803163443,0
test,2omy_complex_label.csv,566,75,491,13.250883392226148,0
test,2omz_complex_label.csv,571,77,494,13.485113835376533,0
test,2oul_complex_label.csv,348,53,295,15.229885057471265,0
test,2v3b_complex_label.csv,434,32,402,7.373271889400922,0
test,2v6x_complex_label.csv,117,58,59,49.572649572649574,0
test,2v9t_complex_label.csv,317,43,274,13.564668769716087,0
test,2vdb_complex_label.csv,634,45,589,7.097791798107256,0
test,2ve7_complex_label.csv,555,218,337,39.27927927927928,0
test,2w8b_complex_label.csv,517,64,453,12.379110251450678,0
test,2wel_complex_label.csv,453,64,389,14.1280353200883,0
test,2wp3_complex_label.csv,196,41,155,20.918367346938776,0
test,2wus_complex_label.csv,415,29,386,6.987951807228916,0
test,2wwk_complex_label.csv,198,35,163,17.67676767676768,0
test,2xgy_complex_label.csv,302,42,260,13.90728476821192,0
test,2ygg_complex_label.csv,212,57,155,26.88679245283019,0
test,2yvj_complex_label.csv,508,45,463,8.858267716535433,0
test,3bn3_complex_label.csv,376,41,335,10.904255319148938,0
test,3brt_complex_label.csv,101,44,57,43.56435643564357,0
test,3brv_complex_label.csv,101,43,58,42.57425742574257,0
test,3cqc_complex_label.csv,483,58,425,12.008281573498964,0
test,3cqg_complex_label.csv,457,54,403,11.816192560175056,0
test,3crk_complex_label.csv,456,26,430,5.701754385964912,0
test,3g9w_complex_label.csv,257,57,200,22.17898832684825,0
test,3htu_complex_label.csv,110,37,73,33.63636363636363,0
test,3k8p_complex_label.csv,891,50,841,5.611672278338945,0
test,3kbt_complex_label.csv,443,41,402,9.255079006772009,0
test,3kyi_complex_label.csv,261,45,216,17.24137931034483,0
test,3o5t_complex_label.csv,407,32,375,7.862407862407863,0
test,3oky_complex_label.csv,1163,55,1108,4.729148753224419,0
test,3ol2_complex_label.csv,1136,73,1063,6.426056338028169,0
test,3pnr_complex_label.csv,369,71,298,19.241192411924118,0
test,3t6g_complex_label.csv,447,71,376,15.883668903803134,0
test,3tac_complex_label.csv,618,76,542,12.297734627831716,0
test,3tq7_complex_label.csv,131,39,92,29.770992366412212,0
test,3uz0_complex_label.csv,252,35,217,13.88888888888889,0
test,3wa5_complex_label.csv,527,54,473,10.246679316888045,0
test,3wrx_complex_label.csv,861,52,809,6.039488966318235,0
test,3wry_complex_label.csv,862,49,813,5.68445475638051,0
test,4b0m_complex_label.csv,486,57,429,11.728395061728394,0
test,4bkx_complex_label.csv,538,124,414,23.04832713754647,0
test,4byf_complex_label.csv,859,83,776,9.662398137369035,0
test,4c4k_complex_label.csv,191,46,145,24.083769633507853,0
test,4c5g_complex_label.csv,475,48,427,10.105263157894736,0
test,4c7n_complex_label.csv,98,52,46,53.06122448979592,0
test,4c99_complex_label.csv,256,63,193,24.609375,0
test,4c9b_complex_label.csv,675,87,588,12.88888888888889,0
test,4cdk_complex_label.csv,262,57,205,21.755725190839694,0
test,4dra_complex_label.csv,172,99,73,57.55813953488372,0
test,4f0z_complex_label.csv,542,76,466,14.022140221402212,0
test,4fzv_complex_label.csv,547,30,517,5.484460694698354,0
test,4g01_complex_label.csv,402,54,348,13.432835820895523,0
test,4h5s_complex_label.csv,196,43,153,21.93877551020408,0
test,4ilg_complex_label.csv,818,68,750,8.312958435207824,0
test,4imy_complex_label.csv,283,66,217,23.32155477031802,0
test,4jmf_complex_label.csv,166,68,98,40.963855421686745,0
test,4kt1_complex_label.csv,551,43,508,7.80399274047187,0
test,4llo_complex_label.csv,292,45,247,15.41095890410959,0
test,4m5f_complex_label.csv,523,56,467,10.707456978967496,0
test,4mqw_complex_label.csv,496,86,410,17.338709677419356,0
test,4mrt_complex_label.csv,302,37,265,12.251655629139073,0
test,4nee_complex_label.csv,662,62,600,9.365558912386707,0
test,4ng2_complex_label.csv,260,41,219,15.769230769230768,0
test,4nn6_complex_label.csv,479,60,419,12.526096033402922,0
test,4o1q_complex_label.csv,854,68,786,7.962529274004685,0
test,4qd2_complex_label.csv,870,72,798,8.275862068965518,0
test,4qlp_complex_label.csv,374,94,280,25.13368983957219,0
test,4qt8_complex_label.csv,894,52,842,5.8165548098434,0
test,4qxa_complex_label.csv,319,26,293,8.150470219435736,0
test,4u4c_complex_label.csv,986,88,898,8.924949290060852,0
test,4uyp_complex_label.csv,217,43,174,19.81566820276498,0
test,4uyq_complex_label.csv,217,47,170,21.658986175115206,0
test,4xr8_complex_label.csv,731,68,663,9.30232558139535,0
test,4yl8_complex_label.csv,335,66,269,19.701492537313435,0
test,4z80_complex_label.csv,497,61,436,12.273641851106639,0
test,4z8l_complex_label.csv,503,80,423,15.904572564612327,0
test,4zrj_complex_label.csv,386,98,288,25.38860103626943,0
test,5a6w_complex_label.csv,158,49,109,31.0126582278481,0
test,5b64_complex_label.csv,296,50,246,16.89189189189189,0
test,5bt1_complex_label.csv,334,36,298,10.778443113772456,0
test,5cff_complex_label.csv,156,37,119,23.717948717948715,0
test,5d50_complex_label.csv,197,27,170,13.705583756345177,0
test,5ee5_complex_label.csv,368,48,320,13.043478260869565,0
test,5eo9_complex_label.csv,312,47,265,15.064102564102564,0
test,5f1b_complex_label.csv,463,39,424,8.423326133909287,0
test,5gjk_complex_label.csv,162,36,126,22.22222222222222,0
test,5ifs_complex_label.csv,641,109,532,17.004680187207487,0
test,5lp5_complex_label.csv,686,50,636,7.288629737609329,0
test,5mj3_complex_label.csv,568,46,522,8.098591549295776,0
test,5ml9_complex_label.csv,275,47,228,17.09090909090909,0
test,5mn2_complex_label.csv,259,35,224,13.513513513513514,0
test,5mr4_complex_label.csv,395,39,356,9.873417721518987,0
test,5mr5_complex_label.csv,296,41,255,13.85135135135135,0
test,5mzv_complex_label.csv,759,59,700,7.7733860342556,0
test,5nt7_complex_label.csv,251,52,199,20.717131474103585,0
test,5o74_complex_label.csv,362,82,280,22.65193370165746,0
test,5odw_complex_label.csv,960,77,883,8.020833333333334,0
test,5szh_complex_label.csv,323,59,264,18.26625386996904,0
test,5szk_complex_label.csv,321,45,276,14.018691588785046,0
test,5t5w_complex_label.csv,554,72,482,12.996389891696749,0
test,5tzn_complex_label.csv,266,62,204,23.308270676691727,0
test,5ua4_complex_label.csv,167,38,129,22.75449101796407,0
test,5un7_complex_label.csv,363,121,242,33.33333333333333,0
test,5uzu_complex_label.csv,645,77,568,11.937984496124031,0
test,5vxz_complex_label.csv,497,51,446,10.261569416498995,0
test,5wuj_complex_label.csv,142,64,78,45.07042253521127,0
test,5xjo_complex_label.csv,942,63,879,6.687898089171974,0
test,5xqz_complex_label.csv,261,67,194,25.67049808429119,0
test,5y1z_complex_label.csv,442,58,384,13.122171945701359,0
test,5y4r_complex_label.csv,390,78,312,20.0,0
test,5z78_complex_label.csv,322,35,287,10.869565217391305,0
test,6ath_complex_label.csv,596,90,506,15.100671140939598,0
test,6b8n_complex_label.csv,221,95,126,42.98642533936652,0
test,6co2_complex_label.csv,298,41,257,13.758389261744966,0
test,6eg0_complex_label.csv,510,45,465,8.823529411764707,0
test,6eg1_complex_label.csv,514,48,466,9.33852140077821,0
test,6f3z_complex_label.csv,413,54,359,13.075060532687651,0
test,6fhp_complex_label.csv,404,37,367,9.158415841584159,0
test,6fpg_complex_label.csv,424,66,358,15.566037735849056,0
test,6fu9_complex_label.csv,163,59,104,36.19631901840491,0
test,6fud_complex_label.csv,158,54,104,34.177215189873415,0
test,6g10_complex_label.csv,159,55,104,34.59119496855346,0
test,6gho_complex_label.csv,400,73,327,18.25,0
test,6gtq_complex_label.csv,210,82,128,39.04761904761905,0
test,6hul_complex_label.csv,657,63,594,9.58904109589041,0
test,6ib8_complex_label.csv,330,32,298,9.696969696969697,0
test,6jhw_complex_label.csv,254,47,207,18.503937007874015,0
test,6k4k_complex_label.csv,872,92,780,10.550458715596331,0
test,6kbr_complex_label.csv,278,51,227,18.345323741007196,0
test,6km7_complex_label.csv,346,74,272,21.38728323699422,0
test,6m9k_complex_label.csv,289,34,255,11.76470588235294,0
test,6mba_complex_label.csv,282,69,213,24.46808510638298,0
test,6nrw_complex_label.csv,213,47,166,22.065727699530516,0
test,6og4_complex_label.csv,117,27,90,23.076923076923077,0
test,6on9_complex_label.csv,226,47,179,20.79646017699115,0
test,6oqq_complex_label.csv,891,95,796,10.662177328843995,0
test,6plm_complex_label.csv,904,105,799,11.61504424778761,0
test,6s29_complex_label.csv,461,87,374,18.872017353579178,0
test,6saz_complex_label.csv,444,76,368,17.117117117117118,0
