pdb_id,pdb_file,pdb_path,chain_count,min_chain_length,max_chain_length,resolution,receptor_chain,ligand_chain,complex_id,receptor_cluster,ligand_cluster,complex_cluster
6ihb,6ihb_complex.pdb,C:\Users\86198\Desktop\P-P\01_cleaned_protein_pdb\6ihb_complex.pdb,2,94,517,2.84,R,A,6ihb_complex,R0644,L0019,R0644_L0019
3zwl,3zwl_complex.pdb,C:\Users\86198\Desktop\P-P\01_cleaned_protein_pdb\3zwl_complex.pdb,4,39,352,2.2,D,F,3zwl_complex,R0166,L0810,R0166_L0810
4kt5,4kt5_complex.pdb,C:\Users\86198\Desktop\P-P\01_cleaned_protein_pdb\4kt5_complex.pdb,3,88,112,2.7,A,C,4kt5_complex,R0605,L0613,R0605_L0613
2c0l,2c0l_complex.pdb,C:\Users\86198\Desktop\P-P\01_cleaned_protein_pdb\2c0l_complex.pdb,2,122,305,2.3,A,B,2c0l_complex,R0214,L0458,R0214_L0458
2xqr,2xqr_complex.pdb,C:\Users\86198\Desktop\P-P\01_cleaned_protein_pdb\2xqr_complex.pdb,2,146,537,2.58,E,F,2xqr_complex,R0049,L0384,R0049_L0384
6iwd,6iwd_complex.pdb,C:\Users\86198\Desktop\P-P\01_cleaned_protein_pdb\6iwd_complex.pdb,2,49,293,1.8,A,B,6iwd_complex,R0228,L0781,R0228_L0781
1e96,1e96_complex.pdb,C:\Users\86198\Desktop\P-P\01_cleaned_protein_pdb\1e96_complex.pdb,2,178,185,2.4,A,B,1e96_complex,R0401,L0289,R0401_L0289
1grn,1grn_complex.pdb,C:\Users\86198\Desktop\P-P\01_cleaned_protein_pdb\1grn_complex.pdb,2,191,197,2.1,A,B,1grn_complex,R0401,L0267,R0401_L0267
1nf3,1nf3_complex.pdb,C:\Users\86198\Desktop\P-P\01_cleaned_protein_pdb\1nf3_complex.pdb,4,123,194,2.1,B,D,1nf3_complex,R0401,L0456,R0401_L0456
2fju,2fju_complex.pdb,C:\Users\86198\Desktop\P-P\01_cleaned_protein_pdb\2fju_complex.pdb,2,177,700,2.2,A,B,2fju_complex,R0401,L0006,R0401_L0006
2w2x,2w2x_complex.pdb,C:\Users\86198\Desktop\P-P\01_cleaned_protein_pdb\2w2x_complex.pdb,4,107,177,2.3,A,D,2w2x_complex,R0401,L0520,R0401_L0520
3eg5,3eg5_complex.pdb,C:\Users\86198\Desktop\P-P\01_cleaned_protein_pdb\3eg5_complex.pdb,4,178,353,2.7,C,D,3eg5_complex,R0401,L0072,R0401_L0072
3qbv,3qbv_complex.pdb,C:\Users\86198\Desktop\P-P\01_cleaned_protein_pdb\3qbv_complex.pdb,4,177,307,2.65,C,D,3qbv_complex,R0401,L0131,R0401_L0131
3sja,3sja_complex.pdb,C:\Users\86198\Desktop\P-P\01_cleaned_protein_pdb\3sja_complex.pdb,10,61,351,3.0,B,D,3sja_complex,R0168,L0730,R0168_L0730
3zs8,3zs8_complex.pdb,C:\Users\86198\Desktop\P-P\01_cleaned_protein_pdb\3zs8_complex.pdb,4,62,300,3.0,B,D,3zs8_complex,R0168,L0730,R0168_L0730
3zs9,3zs9_complex.pdb,C:\Users\86198\Desktop\P-P\01_cleaned_protein_pdb\3zs9_complex.pdb,4,31,323,2.1,B,C,3zs9_complex,R0168,L0214,R0168_L0214
4d0n,4d0n_complex.pdb,C:\Users\86198\Desktop\P-P\01_cleaned_protein_pdb\4d0n_complex.pdb,2,179,371,2.1,A,B,4d0n_complex,R0401,L0061,R0401_L0061
4did,4did_complex.pdb,C:\Users\86198\Desktop\P-P\01_cleaned_protein_pdb\4did_complex.pdb,2,127,179,2.35,A,B,4did_complex,R0401,L0441,R0401_L0441
4dvg,4dvg_complex.pdb,C:\Users\86198\Desktop\P-P\01_cleaned_protein_pdb\4dvg_complex.pdb,2,164,294,2.6,A,B,4dvg_complex,R0401,L0123,R0401_L0123
4f38,4f38_complex.pdb,C:\Users\86198\Desktop\P-P\01_cleaned_protein_pdb\4f38_complex.pdb,2,190,198,2.8,A,B,4f38_complex,R0401,L0264,R0401_L0264
4mit,4mit_complex.pdb,C:\Users\86198\Desktop\P-P\01_cleaned_protein_pdb\4mit_complex.pdb,8,38,181,2.35,C,G,4mit_complex,R0401,L0799,R0401_L0799
4xoi,4xoi_complex.pdb,C:\Users\86198\Desktop\P-P\01_cleaned_protein_pdb\4xoi_complex.pdb,4,177,224,2.09,C,D,4xoi_complex,R0401,L0214,R0401_L0214
5bw8,5bw8_complex.pdb,C:\Users\86198\Desktop\P-P\01_cleaned_protein_pdb\5bw8_complex.pdb,4,51,320,2.8,B,C,5bw8_complex,R0168,L0136,R0168_L0136
5fr1,5fr1_complex.pdb,C:\Users\86198\Desktop\P-P\01_cleaned_protein_pdb\5fr1_complex.pdb,2,175,190,2.75,A,B,5fr1_complex,R0401,L0264,R0401_L0264
5yr0,5yr0_complex.pdb,C:\Users\86198\Desktop\P-P\01_cleaned_protein_pdb\5yr0_complex.pdb,2,44,48,1.9,A,B,5yr0_complex,R0168,L0795,R0168_L0795
5jze,5jze_complex.pdb,C:\Users\86198\Desktop\P-P\01_cleaned_protein_pdb\5jze_complex.pdb,4,76,159,2.47,D,C,5jze_complex,R0677,L0355,R0677_L0355
5tl7,5tl7_complex.pdb,C:\Users\86198\Desktop\P-P\01_cleaned_protein_pdb\5tl7_complex.pdb,4,76,316,2.44,A,B,5tl7_complex,R0677,L0098,R0677_L0098
5w8t,5w8t_complex.pdb,C:\Users\86198\Desktop\P-P\01_cleaned_protein_pdb\5w8t_complex.pdb,4,77,319,2.76,B,A,5w8t_complex,R0677,L0093,R0677_L0093
2c1m,2c1m_complex.pdb,C:\Users\86198\Desktop\P-P\01_cleaned_protein_pdb\2c1m_complex.pdb,2,46,424,2.2,A,B,2c1m_complex,R0098,L0787,R0098_L0787
2c1t,2c1t_complex.pdb,C:\Users\86198\Desktop\P-P\01_cleaned_protein_pdb\2c1t_complex.pdb,4,45,423,2.6,B,D,2c1t_complex,R0098,L0790,R0098_L0790
4pvz,4pvz_complex.pdb,C:\Users\86198\Desktop\P-P\01_cleaned_protein_pdb\4pvz_complex.pdb,4,32,422,2.5,A,C,4pvz_complex,R0098,L0830,R0098_L0830
3bs5,3bs5_complex.pdb,C:\Users\86198\Desktop\P-P\01_cleaned_protein_pdb\3bs5_complex.pdb,2,74,83,2.0,A,B,3bs5_complex,R0666,L0663,R0666_L0663
4hff,4hff_complex.pdb,C:\Users\86198\Desktop\P-P\01_cleaned_protein_pdb\4hff_complex.pdb,2,99,157,2.4,A,B,4hff_complex,R0484,L0551,R0484_L0551
4hfk,4hfk_complex.pdb,C:\Users\86198\Desktop\P-P\01_cleaned_protein_pdb\4hfk_complex.pdb,4,97,160,2.1,A,B,4hfk_complex,R0484,L0563,R0484_L0563
4j32,4j32_complex.pdb,C:\Users\86198\Desktop\P-P\01_cleaned_protein_pdb\4j32_complex.pdb,2,101,160,1.8,A,B,4j32_complex,R0484,L0551,R0484_L0551
1du3,1du3_complex.pdb,C:\Users\86198\Desktop\P-P\01_cleaned_protein_pdb\1du3_complex.pdb,12,103,150,2.2,C,F,1du3_complex,R0621,L0371,R0621_L0371
5tdy,5tdy_complex.pdb,C:\Users\86198\Desktop\P-P\01_cleaned_protein_pdb\5tdy_complex.pdb,4,34,93,2.11,C,D,5tdy_complex,R0708,L0623,R0708_L0623
3bow,3bow_complex.pdb,C:\Users\86198\Desktop\P-P\01_cleaned_protein_pdb\3bow_complex.pdb,3,71,682,2.4,AB,C,3bow_complex,R0013,L0675,R0013_L0675
4gh7,4gh7_complex.pdb,C:\Users\86198\Desktop\P-P\01_cleaned_protein_pdb\4gh7_complex.pdb,4,174,278,2.6,A,B,4gh7_complex,R0445,L0141,R0445_L0141
5n47,5n47_complex.pdb,C:\Users\86198\Desktop\P-P\01_cleaned_protein_pdb\5n47_complex.pdb,6,172,280,3.0,C,D,5n47_complex,R0445,L0141,R0445_L0141
5n48,5n48_complex.pdb,C:\Users\86198\Desktop\P-P\01_cleaned_protein_pdb\5n48_complex.pdb,4,92,175,1.6,A,B,5n48_complex,R0445,L0141,R0445_L0141
4uem,4uem_complex.pdb,C:\Users\86198\Desktop\P-P\01_cleaned_protein_pdb\4uem_complex.pdb,2,98,309,2.82,A,B,4uem_complex,R0210,L0566,R0210_L0566
2zxx,2zxx_complex.pdb,C:\Users\86198\Desktop\P-P\01_cleaned_protein_pdb\2zxx_complex.pdb,6,64,181,2.8,E,F,2zxx_complex,R0674,L0299,R0674_L0299
5vz4,5vz4_complex.pdb,C:\Users\86198\Desktop\P-P\01_cleaned_protein_pdb\5vz4_complex.pdb,2,108,190,2.2,A,B,5vz4_complex,R0616,L0282,R0616_L0282
4b93,4b93_complex.pdb,C:\Users\86198\Desktop\P-P\01_cleaned_protein_pdb\4b93_complex.pdb,2,164,191,2.0,A,B,4b93_complex,R0472,L0279,R0472_L0279
4xl1,4xl1_complex.pdb,C:\Users\86198\Desktop\P-P\01_cleaned_protein_pdb\4xl1_complex.pdb,4,115,223,2.3,A,B,4xl1_complex,R0596,L0213,R0596_L0213
5abv,5abv_complex.pdb,C:\Users\86198\Desktop\P-P\01_cleaned_protein_pdb\5abv_complex.pdb,8,59,182,2.13,C,D,5abv_complex,R0428,L0738,R0428_L0738
6fc2,6fc2_complex.pdb,C:\Users\86198\Desktop\P-P\01_cleaned_protein_pdb\6fc2_complex.pdb,4,60,183,1.92,A,B,6fc2_complex,R0428,L0744,R0428_L0744
6fc3,6fc3_complex.pdb,C:\Users\86198\Desktop\P-P\01_cleaned_protein_pdb\6fc3_complex.pdb,2,48,179,1.75,A,B,6fc3_complex,R0428,L0785,R0428_L0785
4n7v,4n7v_complex.pdb,C:\Users\86198\Desktop\P-P\01_cleaned_protein_pdb\4n7v_complex.pdb,3,33,222,2.76,A,C,4n7v_complex,R0344,L0846,R0344_L0846
1acb,1acb_complex.pdb,C:\Users\86198\Desktop\P-P\01_cleaned_protein_pdb\1acb_complex.pdb,2,63,241,2.0,E,I,1acb_complex,R0297,L0723,R0297_L0723
1ahw,1ahw_complex.pdb,C:\Users\86198\Desktop\P-P\01_cleaned_protein_pdb\1ahw_complex.pdb,6,208,214,3.0,BA,C,1ahw_complex,R0085,L0238,R0085_L0238
1ak4,1ak4_complex.pdb,C:\Users\86198\Desktop\P-P\01_cleaned_protein_pdb\1ak4_complex.pdb,4,145,165,2.36,A,D,1ak4_complex,R0449,L0234,R0449_L0234
1an1,1an1_complex.pdb,C:\Users\86198\Desktop\P-P\01_cleaned_protein_pdb\1an1_complex.pdb,2,40,222,2.03,E,I,1an1_complex,R0297,L0532,R0297_L0532
1atn,1atn_complex.pdb,C:\Users\86198\Desktop\P-P\01_cleaned_protein_pdb\1atn_complex.pdb,2,260,371,2.8,A,D,1atn_complex,R0150,L0163,R0150_L0163
1avg,1avg_complex.pdb,C:\Users\86198\Desktop\P-P\01_cleaned_protein_pdb\1avg_complex.pdb,3,41,259,2.6,H,I,1avg_complex,R0271,L0397,R0271_L0397
1avx,1avx_complex.pdb,C:\Users\86198\Desktop\P-P\01_cleaned_protein_pdb\1avx_complex.pdb,2,177,223,1.9,A,B,1avx_complex,R0297,L0043,R0297_L0043
1azz,1azz_complex.pdb,C:\Users\86198\Desktop\P-P\01_cleaned_protein_pdb\1azz_complex.pdb,4,137,226,2.3,B,D,1azz_complex,R0334,L0402,R0334_L0402
1bj1,1bj1_complex.pdb,C:\Users\86198\Desktop\P-P\01_cleaned_protein_pdb\1bj1_complex.pdb,6,94,224,2.4,KJ,V,1bj1_complex,R0085,L0559,R0085_L0559
1bql,1bql_complex.pdb,C:\Users\86198\Desktop\P-P\01_cleaned_protein_pdb\1bql_complex.pdb,3,129,214,2.6,HL,Y,1bql_complex,R0085,L0431,R0085_L0431
1bth,1bth_complex.pdb,C:\Users\86198\Desktop\P-P\01_cleaned_protein_pdb\1bth_complex.pdb,6,31,254,2.3,H,P,1bth_complex,R0271,L0334,R0271_L0334
1bvk,1bvk_complex.pdb,C:\Users\86198\Desktop\P-P\01_cleaned_protein_pdb\1bvk_complex.pdb,6,108,129,2.7,ED,F,1bvk_complex,R0311,L0431,R0311_L0431
1bvn,1bvn_complex.pdb,C:\Users\86198\Desktop\P-P\01_cleaned_protein_pdb\1bvn_complex.pdb,2,71,496,2.5,P,T,1bvn_complex,R0068,L0674,R0068_L0674
1c9p,1c9p_complex.pdb,C:\Users\86198\Desktop\P-P\01_cleaned_protein_pdb\1c9p_complex.pdb,2,50,222,2.8,A,B,1c9p_complex,R0297,L0765,R0297_L0765
1clv,1clv_complex.pdb,C:\Users\86198\Desktop\P-P\01_cleaned_protein_pdb\1clv_complex.pdb,2,32,470,2.0,A,I,1clv_complex,R0068,L0086,R0068_L0086
1cz8,1cz8_complex.pdb,C:\Users\86198\Desktop\P-P\01_cleaned_protein_pdb\1cz8_complex.pdb,6,94,224,2.4,HL,W,1cz8_complex,R0085,L0559,R0085_L0559
1d6r,1d6r_complex.pdb,C:\Users\86198\Desktop\P-P\01_cleaned_protein_pdb\1d6r_complex.pdb,2,58,223,2.3,A,I,1d6r_complex,R0297,L0747,R0297_L0747
1de4,1de4_complex.pdb,C:\Users\86198\Desktop\P-P\01_cleaned_protein_pdb\1de4_complex.pdb,3,99,635,2.8,AB,C,1de4_complex,R0153,L0007,R0153_L0007
1dee,1dee_complex.pdb,C:\Users\86198\Desktop\P-P\01_cleaned_protein_pdb\1dee_complex.pdb,8,51,223,2.7,DC,G,1dee_complex,R0085,L0722,R0085_L0722
1dfj,1dfj_complex.pdb,C:\Users\86198\Desktop\P-P\01_cleaned_protein_pdb\1dfj_complex.pdb,2,124,456,2.5,E,I,1dfj_complex,R0558,L0029,R0558_L0029
1dhk,1dhk_complex.pdb,C:\Users\86198\Desktop\P-P\01_cleaned_protein_pdb\1dhk_complex.pdb,2,199,495,1.85,A,B,1dhk_complex,R0068,L0259,R0068_L0259
1dqj,1dqj_complex.pdb,C:\Users\86198\Desktop\P-P\01_cleaned_protein_pdb\1dqj_complex.pdb,3,129,214,2.0,BA,C,1dqj_complex,R0085,L0431,R0085_L0431
1dzb,1dzb_complex.pdb,C:\Users\86198\Desktop\P-P\01_cleaned_protein_pdb\1dzb_complex.pdb,4,129,238,2.0,A,X,1dzb_complex,R0311,L0431,R0311_L0431
1e6j,1e6j_complex.pdb,C:\Users\86198\Desktop\P-P\01_cleaned_protein_pdb\1e6j_complex.pdb,3,210,219,3.0,HL,P,1e6j_complex,R0085,L0234,R0085_L0234
1eaw,1eaw_complex.pdb,C:\Users\86198\Desktop\P-P\01_cleaned_protein_pdb\1eaw_complex.pdb,4,56,241,2.93,C,D,1eaw_complex,R0291,L0334,R0291_L0334
1eer,1eer_complex.pdb,C:\Users\86198\Desktop\P-P\01_cleaned_protein_pdb\1eer_complex.pdb,3,166,213,1.9,A,B,1eer_complex,R0467,L0226,R0467_L0226
1eja,1eja_complex.pdb,C:\Users\86198\Desktop\P-P\01_cleaned_protein_pdb\1eja_complex.pdb,2,53,223,2.7,A,B,1eja_complex,R0297,L0765,R0297_L0765
1eo8,1eo8_complex.pdb,C:\Users\86198\Desktop\P-P\01_cleaned_protein_pdb\1eo8_complex.pdb,4,175,319,2.8,HL,A,1eo8_complex,R0085,L0092,R0085_L0092
1es0,1es0_complex.pdb,C:\Users\86198\Desktop\P-P\01_cleaned_protein_pdb\1es0_complex.pdb,2,182,208,2.6,A,B,1es0_complex,R0144,L0049,R0144_L0049
1ezs,1ezs_complex.pdb,C:\Users\86198\Desktop\P-P\01_cleaned_protein_pdb\1ezs_complex.pdb,4,131,223,2.3,B,C,1ezs_complex,R0527,L0211,R0527_L0211
1ezu,1ezu_complex.pdb,C:\Users\86198\Desktop\P-P\01_cleaned_protein_pdb\1ezu_complex.pdb,4,140,223,2.4,B,C,1ezu_complex,R0527,L0211,R0527_L0211
1f5r,1f5r_complex.pdb,C:\Users\86198\Desktop\P-P\01_cleaned_protein_pdb\1f5r_complex.pdb,2,57,223,1.65,A,I,1f5r_complex,R0297,L0334,R0297_L0334
1f7z,1f7z_complex.pdb,C:\Users\86198\Desktop\P-P\01_cleaned_protein_pdb\1f7z_complex.pdb,2,56,223,1.55,A,I,1f7z_complex,R0297,L0334,R0297_L0334
1fak,1fak_complex.pdb,C:\Users\86198\Desktop\P-P\01_cleaned_protein_pdb\1fak_complex.pdb,4,55,254,2.1,H,I,1fak_complex,R0280,L0334,R0280_L0334
1fc2,1fc2_complex.pdb,C:\Users\86198\Desktop\P-P\01_cleaned_protein_pdb\1fc2_complex.pdb,2,44,207,2.8,C,D,1fc2_complex,R0700,L0235,R0700_L0235
1fe8,1fe8_complex.pdb,C:\Users\86198\Desktop\P-P\01_cleaned_protein_pdb\1fe8_complex.pdb,9,186,211,2.03,IM,B,1fe8_complex,R0026,L0287,R0026_L0287
1fg9,1fg9_complex.pdb,C:\Users\86198\Desktop\P-P\01_cleaned_protein_pdb\1fg9_complex.pdb,5,127,212,2.9,A,C,1fg9_complex,R0554,L0230,R0554_L0230
1fle,1fle_complex.pdb,C:\Users\86198\Desktop\P-P\01_cleaned_protein_pdb\1fle_complex.pdb,2,47,240,1.9,E,I,1fle_complex,R0314,L0775,R0314_L0775
1flt,1flt_complex.pdb,C:\Users\86198\Desktop\P-P\01_cleaned_protein_pdb\1flt_complex.pdb,4,94,98,1.7,W,X,1flt_complex,R0631,L0577,R0631_L0577
1fqj,1fqj_complex.pdb,C:\Users\86198\Desktop\P-P\01_cleaned_protein_pdb\1fqj_complex.pdb,5,38,317,2.02,BC,A,1fqj_complex,R0455,L0095,R0455_L0095
1fsk,1fsk_complex.pdb,C:\Users\86198\Desktop\P-P\01_cleaned_protein_pdb\1fsk_complex.pdb,12,159,220,2.9,FE,D,1fsk_complex,R0085,L0347,R0085_L0347
1fy8,1fy8_complex.pdb,C:\Users\86198\Desktop\P-P\01_cleaned_protein_pdb\1fy8_complex.pdb,2,56,223,1.7,E,I,1fy8_complex,R0297,L0334,R0297_L0334
1gl0,1gl0_complex.pdb,C:\Users\86198\Desktop\P-P\01_cleaned_protein_pdb\1gl0_complex.pdb,2,32,245,3.0,E,I,1gl0_complex,R0297,L0309,R0297_L0309
1gl1,1gl1_complex.pdb,C:\Users\86198\Desktop\P-P\01_cleaned_protein_pdb\1gl1_complex.pdb,6,33,245,2.1,C,K,1gl1_complex,R0297,L0840,R0297_L0840
1gua,1gua_complex.pdb,C:\Users\86198\Desktop\P-P\01_cleaned_protein_pdb\1gua_complex.pdb,2,76,167,2.0,A,B,1gua_complex,R0425,L0651,R0425_L0651
1h1v,1h1v_complex.pdb,C:\Users\86198\Desktop\P-P\01_cleaned_protein_pdb\1h1v_complex.pdb,2,331,371,3.0,A,G,1h1v_complex,R0150,L0084,R0150_L0084
1he8,1he8_complex.pdb,C:\Users\86198\Desktop\P-P\01_cleaned_protein_pdb\1he8_complex.pdb,2,166,797,3.0,A,B,1he8_complex,R0017,L0317,R0017_L0317
1hez,1hez_complex.pdb,C:\Users\86198\Desktop\P-P\01_cleaned_protein_pdb\1hez_complex.pdb,5,61,224,2.7,BA,E,1hez_complex,R0085,L0724,R0085_L0724
1hia,1hia_complex.pdb,C:\Users\86198\Desktop\P-P\01_cleaned_protein_pdb\1hia_complex.pdb,6,48,150,2.4,AB,I,1hia_complex,R0326,L0765,R0326_L0765
1hrt,1hrt_complex.pdb,C:\Users\86198\Desktop\P-P\01_cleaned_protein_pdb\1hrt_complex.pdb,3,36,259,2.8,H,I,1hrt_complex,R0271,L0711,R0271_L0711
1i3o,1i3o_complex.pdb,C:\Users\86198\Desktop\P-P\01_cleaned_protein_pdb\1i3o_complex.pdb,6,101,144,2.7,CD,F,1i3o_complex,R0298,L0546,R0298_L0546
1i8l,1i8l_complex.pdb,C:\Users\86198\Desktop\P-P\01_cleaned_protein_pdb\1i8l_complex.pdb,4,118,199,3.0,A,C,1i8l_complex,R0390,L0474,R0390_L0474
1id5,1id5_complex.pdb,C:\Users\86198\Desktop\P-P\01_cleaned_protein_pdb\1id5_complex.pdb,3,30,256,2.5,H,I,1id5_complex,R0271,L0402,R0271_L0402
1ijk,1ijk_complex.pdb,C:\Users\86198\Desktop\P-P\01_cleaned_protein_pdb\1ijk_complex.pdb,3,117,199,2.6,BC,A,1ijk_complex,R0270,L0252,R0270_L0252
1iqd,1iqd_complex.pdb,C:\Users\86198\Desktop\P-P\01_cleaned_protein_pdb\1iqd_complex.pdb,3,156,215,2.0,BA,C,1iqd_complex,R0085,L0358,R0085_L0358
1j7d,1j7d_complex.pdb,C:\Users\86198\Desktop\P-P\01_cleaned_protein_pdb\1j7d_complex.pdb,2,140,149,1.85,A,B,1j7d_complex,R0528,L0212,R0528_L0212
1jmo,1jmo_complex.pdb,C:\Users\86198\Desktop\P-P\01_cleaned_protein_pdb\1jmo_complex.pdb,3,47,425,2.2,H,A,1jmo_complex,R0271,L0040,R0271_L0040
1jps,1jps_complex.pdb,C:\Users\86198\Desktop\P-P\01_cleaned_protein_pdb\1jps_complex.pdb,3,207,217,1.85,HL,T,1jps_complex,R0085,L0238,R0085_L0238
1jrh,1jrh_complex.pdb,C:\Users\86198\Desktop\P-P\01_cleaned_protein_pdb\1jrh_complex.pdb,3,95,206,2.8,HL,I,1jrh_complex,R0085,L0230,R0085_L0230
1kig,1kig_complex.pdb,C:\Users\86198\Desktop\P-P\01_cleaned_protein_pdb\1kig_complex.pdb,3,51,241,3.0,H,I,1kig_complex,R0280,L0741,R0280_L0741
1ktk,1ktk_complex.pdb,C:\Users\86198\Desktop\P-P\01_cleaned_protein_pdb\1ktk_complex.pdb,6,179,247,3.0,A,E,1ktk_complex,R0372,L0032,R0372_L0032
1ktz,1ktz_complex.pdb,C:\Users\86198\Desktop\P-P\01_cleaned_protein_pdb\1ktz_complex.pdb,2,82,106,2.15,A,B,1ktz_complex,R0412,L0513,R0412_L0513
1kxp,1kxp_complex.pdb,C:\Users\86198\Desktop\P-P\01_cleaned_protein_pdb\1kxp_complex.pdb,2,361,438,2.1,A,D,1kxp_complex,R0150,L0033,R0150_L0033
1kxq,1kxq_complex.pdb,C:\Users\86198\Desktop\P-P\01_cleaned_protein_pdb\1kxq_complex.pdb,8,120,496,1.6,D,E,1kxq_complex,R0068,L0412,R0068_L0412
1kxt,1kxt_complex.pdb,C:\Users\86198\Desktop\P-P\01_cleaned_protein_pdb\1kxt_complex.pdb,6,125,496,2.0,A,B,1kxt_complex,R0068,L0412,R0068_L0412
1kxv,1kxv_complex.pdb,C:\Users\86198\Desktop\P-P\01_cleaned_protein_pdb\1kxv_complex.pdb,4,119,496,1.6,B,D,1kxv_complex,R0068,L0412,R0068_L0412
1l0x,1l0x_complex.pdb,C:\Users\86198\Desktop\P-P\01_cleaned_protein_pdb\1l0x_complex.pdb,4,221,236,2.8,C,D,1l0x_complex,R0089,L0193,R0089_L0193
1l0y,1l0y_complex.pdb,C:\Users\86198\Desktop\P-P\01_cleaned_protein_pdb\1l0y_complex.pdb,4,220,236,2.5,C,D,1l0y_complex,R0089,L0193,R0089_L0193
1l4d,1l4d_complex.pdb,C:\Users\86198\Desktop\P-P\01_cleaned_protein_pdb\1l4d_complex.pdb,2,122,249,2.3,A,B,1l4d_complex,R0291,L0415,R0291_L0415
1l4z,1l4z_complex.pdb,C:\Users\86198\Desktop\P-P\01_cleaned_protein_pdb\1l4z_complex.pdb,2,136,248,2.8,A,B,1l4z_complex,R0291,L0415,R0291_L0415
1ldt,1ldt_complex.pdb,C:\Users\86198\Desktop\P-P\01_cleaned_protein_pdb\1ldt_complex.pdb,2,46,223,1.9,T,L,1ldt_complex,R0297,L0532,R0297_L0532
1lfd,1lfd_complex.pdb,C:\Users\86198\Desktop\P-P\01_cleaned_protein_pdb\1lfd_complex.pdb,4,87,167,2.1,C,D,1lfd_complex,R0660,L0317,R0660_L0317
1lp1,1lp1_complex.pdb,C:\Users\86198\Desktop\P-P\01_cleaned_protein_pdb\1lp1_complex.pdb,2,54,55,2.3,A,B,1lp1_complex,R0700,L0722,R0700_L0722
1mhh,1mhh_complex.pdb,C:\Users\86198\Desktop\P-P\01_cleaned_protein_pdb\1mhh_complex.pdb,6,62,219,2.1,BA,E,1mhh_complex,R0085,L0724,R0085_L0724
1mlc,1mlc_complex.pdb,C:\Users\86198\Desktop\P-P\01_cleaned_protein_pdb\1mlc_complex.pdb,6,129,218,2.5,DC,F,1mlc_complex,R0085,L0431,R0085_L0431
1mzw,1mzw_complex.pdb,C:\Users\86198\Desktop\P-P\01_cleaned_protein_pdb\1mzw_complex.pdb,2,31,173,2.0,A,B,1mzw_complex,R0449,L0029,R0449_L0029
1nca,1nca_complex.pdb,C:\Users\86198\Desktop\P-P\01_cleaned_protein_pdb\1nca_complex.pdb,3,214,389,2.5,HL,N,1nca_complex,R0085,L0005,R0085_L0005
1nez,1nez_complex.pdb,C:\Users\86198\Desktop\P-P\01_cleaned_protein_pdb\1nez_complex.pdb,4,99,274,2.1,HG,A,1nez_complex,R0308,L0048,R0308_L0048
1nl0,1nl0_complex.pdb,C:\Users\86198\Desktop\P-P\01_cleaned_protein_pdb\1nl0_complex.pdb,3,33,224,2.2,HL,G,1nl0_complex,R0085,L0841,R0085_L0841
1nma,1nma_complex.pdb,C:\Users\86198\Desktop\P-P\01_cleaned_protein_pdb\1nma_complex.pdb,3,109,378,3.0,HL,N,1nma_complex,R0311,L0052,R0311_L0052
1nsn,1nsn_complex.pdb,C:\Users\86198\Desktop\P-P\01_cleaned_protein_pdb\1nsn_complex.pdb,3,138,217,2.8,HL,S,1nsn_complex,R0026,L0409,R0026_L0409
1nvu,1nvu_complex.pdb,C:\Users\86198\Desktop\P-P\01_cleaned_protein_pdb\1nvu_complex.pdb,3,166,481,2.2,Q,S,1nvu_complex,R0425,L0026,R0425_L0026
1ob1,1ob1_complex.pdb,C:\Users\86198\Desktop\P-P\01_cleaned_protein_pdb\1ob1_complex.pdb,6,96,219,2.9,ED,F,1ob1_complex,R0085,L0568,R0085_L0568
1oc0,1oc0_complex.pdb,C:\Users\86198\Desktop\P-P\01_cleaned_protein_pdb\1oc0_complex.pdb,2,37,374,2.28,A,B,1oc0_complex,R0151,L0132,R0151_L0132
1op9,1op9_complex.pdb,C:\Users\86198\Desktop\P-P\01_cleaned_protein_pdb\1op9_complex.pdb,2,121,130,1.86,A,B,1op9_complex,R0092,L0431,R0092_L0431
1oph,1oph_complex.pdb,C:\Users\86198\Desktop\P-P\01_cleaned_protein_pdb\1oph_complex.pdb,2,223,375,2.3,A,B,1oph_complex,R0149,L0211,R0149_L0211
1p0s,1p0s_complex.pdb,C:\Users\86198\Desktop\P-P\01_cleaned_protein_pdb\1p0s_complex.pdb,3,88,235,2.8,H,E,1p0s_complex,R0280,L0402,R0280_L0402
1p2c,1p2c_complex.pdb,C:\Users\86198\Desktop\P-P\01_cleaned_protein_pdb\1p2c_complex.pdb,6,129,217,2.0,ED,F,1p2c_complex,R0085,L0431,R0085_L0431
1p3q,1p3q_complex.pdb,C:\Users\86198\Desktop\P-P\01_cleaned_protein_pdb\1p3q_complex.pdb,4,34,74,1.7,R,V,1p3q_complex,R0221,L0212,R0221_L0212
1qfu,1qfu_complex.pdb,C:\Users\86198\Desktop\P-P\01_cleaned_protein_pdb\1qfu_complex.pdb,4,174,318,2.8,HL,A,1qfu_complex,R0085,L0092,R0085_L0092
1qty,1qty_complex.pdb,C:\Users\86198\Desktop\P-P\01_cleaned_protein_pdb\1qty_complex.pdb,8,94,96,2.7,S,T,1qty_complex,R0631,L0577,R0631_L0577
1ri8,1ri8_complex.pdb,C:\Users\86198\Desktop\P-P\01_cleaned_protein_pdb\1ri8_complex.pdb,2,124,129,1.85,A,B,1ri8_complex,R0092,L0431,R0092_L0431
1rjc,1rjc_complex.pdb,C:\Users\86198\Desktop\P-P\01_cleaned_protein_pdb\1rjc_complex.pdb,2,126,129,1.4,A,B,1rjc_complex,R0092,L0431,R0092_L0431
1rv6,1rv6_complex.pdb,C:\Users\86198\Desktop\P-P\01_cleaned_protein_pdb\1rv6_complex.pdb,4,92,95,2.45,W,X,1rv6_complex,R0631,L0577,R0631_L0577
1s1q,1s1q_complex.pdb,C:\Users\86198\Desktop\P-P\01_cleaned_protein_pdb\1s1q_complex.pdb,4,71,137,2.0,A,B,1s1q_complex,R0537,L0212,R0537_L0212
1sbb,1sbb_complex.pdb,C:\Users\86198\Desktop\P-P\01_cleaned_protein_pdb\1sbb_complex.pdb,4,233,239,2.4,C,D,1sbb_complex,R0089,L0193,R0089_L0193
1shz,1shz_complex.pdb,C:\Users\86198\Desktop\P-P\01_cleaned_protein_pdb\1shz_complex.pdb,4,217,327,2.85,D,F,1shz_complex,R0192,L0222,R0192_L0222
1sy6,1sy6_complex.pdb,C:\Users\86198\Desktop\P-P\01_cleaned_protein_pdb\1sy6_complex.pdb,3,168,219,2.1,HL,A,1sy6_complex,R0085,L0323,R0085_L0323
1t44,1t44_complex.pdb,C:\Users\86198\Desktop\P-P\01_cleaned_protein_pdb\1t44_complex.pdb,2,144,370,2.0,G,A,1t44_complex,R0520,L0062,R0520_L0062
1taw,1taw_complex.pdb,C:\Users\86198\Desktop\P-P\01_cleaned_protein_pdb\1taw_complex.pdb,2,54,223,1.8,A,B,1taw_complex,R0297,L0751,R0297_L0751
1tbr,1tbr_complex.pdb,C:\Users\86198\Desktop\P-P\01_cleaned_protein_pdb\1tbr_complex.pdb,6,49,259,2.6,K,S,1tbr_complex,R0271,L0532,R0271_L0532
1tzh,1tzh_complex.pdb,C:\Users\86198\Desktop\P-P\01_cleaned_protein_pdb\1tzh_complex.pdb,6,94,222,2.6,HL,V,1tzh_complex,R0085,L0559,R0085_L0559
1tzi,1tzi_complex.pdb,C:\Users\86198\Desktop\P-P\01_cleaned_protein_pdb\1tzi_complex.pdb,3,97,222,2.8,BA,V,1tzi_complex,R0085,L0559,R0085_L0559
1uad,1uad_complex.pdb,C:\Users\86198\Desktop\P-P\01_cleaned_protein_pdb\1uad_complex.pdb,4,92,173,2.1,B,D,1uad_complex,R0425,L0593,R0425_L0593
1uex,1uex_complex.pdb,C:\Users\86198\Desktop\P-P\01_cleaned_protein_pdb\1uex_complex.pdb,3,123,202,2.85,B,C,1uex_complex,R0568,L0252,R0568_L0252
1uuz,1uuz_complex.pdb,C:\Users\86198\Desktop\P-P\01_cleaned_protein_pdb\1uuz_complex.pdb,4,129,130,1.8,A,D,1uuz_complex,R0548,L0431,R0548_L0431
1v7p,1v7p_complex.pdb,C:\Users\86198\Desktop\P-P\01_cleaned_protein_pdb\1v7p_complex.pdb,3,127,193,1.9,AB,C,1v7p_complex,R0270,L0275,R0270_L0275
1vfb,1vfb_complex.pdb,C:\Users\86198\Desktop\P-P\01_cleaned_protein_pdb\1vfb_complex.pdb,3,107,129,1.8,BA,C,1vfb_complex,R0026,L0431,R0026_L0431
1wej,1wej_complex.pdb,C:\Users\86198\Desktop\P-P\01_cleaned_protein_pdb\1wej_complex.pdb,3,104,223,1.8,HL,F,1wej_complex,R0085,L0511,R0085_L0511
1wq1,1wq1_complex.pdb,C:\Users\86198\Desktop\P-P\01_cleaned_protein_pdb\1wq1_complex.pdb,2,166,320,2.5,R,G,1wq1_complex,R0425,L0091,R0425_L0091
1wqj,1wqj_complex.pdb,C:\Users\86198\Desktop\P-P\01_cleaned_protein_pdb\1wqj_complex.pdb,2,62,80,1.6,B,I,1wqj_complex,R0647,L0694,R0647_L0694
1wr6,1wr6_complex.pdb,C:\Users\86198\Desktop\P-P\01_cleaned_protein_pdb\1wr6_complex.pdb,8,72,88,2.6,C,G,1wr6_complex,R0657,L0212,R0657_L0212
1wrd,1wrd_complex.pdb,C:\Users\86198\Desktop\P-P\01_cleaned_protein_pdb\1wrd_complex.pdb,2,76,98,1.75,A,B,1wrd_complex,R0632,L0212,R0632_L0212
1xd3,1xd3_complex.pdb,C:\Users\86198\Desktop\P-P\01_cleaned_protein_pdb\1xd3_complex.pdb,4,75,229,1.45,A,B,1xd3_complex,R0328,L0212,R0328_L0212
1xdt,1xdt_complex.pdb,C:\Users\86198\Desktop\P-P\01_cleaned_protein_pdb\1xdt_complex.pdb,2,41,535,2.65,T,R,1xdt_complex,R0050,L0005,R0050_L0005
1xt9,1xt9_complex.pdb,C:\Users\86198\Desktop\P-P\01_cleaned_protein_pdb\1xt9_complex.pdb,2,76,210,2.2,A,B,1xt9_complex,R0360,L0212,R0360_L0212
1xx9,1xx9_complex.pdb,C:\Users\86198\Desktop\P-P\01_cleaned_protein_pdb\1xx9_complex.pdb,4,139,238,2.2,B,D,1xx9_complex,R0317,L0402,R0317_L0402
1xxd,1xxd_complex.pdb,C:\Users\86198\Desktop\P-P\01_cleaned_protein_pdb\1xxd_complex.pdb,4,137,238,2.91,A,C,1xxd_complex,R0317,L0402,R0317_L0402
1yc0,1yc0_complex.pdb,C:\Users\86198\Desktop\P-P\01_cleaned_protein_pdb\1yc0_complex.pdb,2,66,245,2.6,A,I,1yc0_complex,R0299,L0334,R0299_L0334
1yd8,1yd8_complex.pdb,C:\Users\86198\Desktop\P-P\01_cleaned_protein_pdb\1yd8_complex.pdb,4,73,93,2.8,U,H,1yd8_complex,R0340,L0589,R0340_L0589
1yy9,1yy9_complex.pdb,C:\Users\86198\Desktop\P-P\01_cleaned_protein_pdb\1yy9_complex.pdb,3,211,613,2.6,DC,A,1yy9_complex,R0085,L0008,R0085_L0008
1z7x,1z7x_complex.pdb,C:\Users\86198\Desktop\P-P\01_cleaned_protein_pdb\1z7x_complex.pdb,4,126,460,1.95,Z,Y,1z7x_complex,R0558,L0029,R0558_L0029
1z92,1z92_complex.pdb,C:\Users\86198\Desktop\P-P\01_cleaned_protein_pdb\1z92_complex.pdb,2,128,128,2.8,A,B,1z92_complex,R0552,L0437,R0552_L0437
1zc3,1zc3_complex.pdb,C:\Users\86198\Desktop\P-P\01_cleaned_protein_pdb\1zc3_complex.pdb,4,109,173,2.0,C,B,1zc3_complex,R0425,L0487,R0425_L0487
1zc4,1zc4_complex.pdb,C:\Users\86198\Desktop\P-P\01_cleaned_protein_pdb\1zc4_complex.pdb,4,113,173,2.5,C,B,1zc4_complex,R0425,L0487,R0425_L0487
1zjd,1zjd_complex.pdb,C:\Users\86198\Desktop\P-P\01_cleaned_protein_pdb\1zjd_complex.pdb,2,57,237,2.6,A,B,1zjd_complex,R0317,L0751,R0317_L0751
1zli,1zli_complex.pdb,C:\Users\86198\Desktop\P-P\01_cleaned_protein_pdb\1zli_complex.pdb,2,74,306,2.09,A,B,1zli_complex,R0142,L0661,R0142_L0661
1zmy,1zmy_complex.pdb,C:\Users\86198\Desktop\P-P\01_cleaned_protein_pdb\1zmy_complex.pdb,3,129,133,3.0,A,L,1zmy_complex,R0092,L0431,R0092_L0431
1zr0,1zr0_complex.pdb,C:\Users\86198\Desktop\P-P\01_cleaned_protein_pdb\1zr0_complex.pdb,4,63,223,1.8,C,D,1zr0_complex,R0297,L0334,R0297_L0334
1zv5,1zv5_complex.pdb,C:\Users\86198\Desktop\P-P\01_cleaned_protein_pdb\1zv5_complex.pdb,2,119,129,2.0,L,A,1zv5_complex,R0549,L0412,R0549_L0412
1zvh,1zvh_complex.pdb,C:\Users\86198\Desktop\P-P\01_cleaned_protein_pdb\1zvh_complex.pdb,2,124,129,1.5,L,A,1zvh_complex,R0549,L0412,R0549_L0412
2a78,2a78_complex.pdb,C:\Users\86198\Desktop\P-P\01_cleaned_protein_pdb\2a78_complex.pdb,2,170,207,1.81,A,B,2a78_complex,R0461,L0242,R0461_L0242
2a9k,2a9k_complex.pdb,C:\Users\86198\Desktop\P-P\01_cleaned_protein_pdb\2a9k_complex.pdb,2,170,207,1.73,A,B,2a9k_complex,R0461,L0242,R0461_L0242
2abz,2abz_complex.pdb,C:\Users\86198\Desktop\P-P\01_cleaned_protein_pdb\2abz_complex.pdb,6,60,303,2.16,B,E,2abz_complex,R0142,L0735,R0142_L0735
2aep,2aep_complex.pdb,C:\Users\86198\Desktop\P-P\01_cleaned_protein_pdb\2aep_complex.pdb,3,129,388,2.1,HL,A,2aep_complex,R0237,L0052,R0237_L0052
2aeq,2aeq_complex.pdb,C:\Users\86198\Desktop\P-P\01_cleaned_protein_pdb\2aeq_complex.pdb,3,107,388,3.0,HL,A,2aeq_complex,R0237,L0052,R0237_L0052
2ajf,2ajf_complex.pdb,C:\Users\86198\Desktop\P-P\01_cleaned_protein_pdb\2ajf_complex.pdb,4,180,597,2.9,A,E,2ajf_complex,R0035,L0277,R0035_L0277
2aq1,2aq1_complex.pdb,C:\Users\86198\Desktop\P-P\01_cleaned_protein_pdb\2aq1_complex.pdb,8,109,237,2.1,C,D,2aq1_complex,R0089,L0193,R0089_L0193
2aq2,2aq2_complex.pdb,C:\Users\86198\Desktop\P-P\01_cleaned_protein_pdb\2aq2_complex.pdb,2,110,234,1.8,A,B,2aq2_complex,R0089,L0193,R0089_L0193
2aq3,2aq3_complex.pdb,C:\Users\86198\Desktop\P-P\01_cleaned_protein_pdb\2aq3_complex.pdb,8,109,237,2.3,G,H,2aq3_complex,R0089,L0193,R0089_L0193
2arp,2arp_complex.pdb,C:\Users\86198\Desktop\P-P\01_cleaned_protein_pdb\2arp_complex.pdb,2,116,148,2.0,A,F,2arp_complex,R0590,L0132,R0590_L0132
2b0z,2b0z_complex.pdb,C:\Users\86198\Desktop\P-P\01_cleaned_protein_pdb\2b0z_complex.pdb,2,108,294,2.7,A,B,2b0z_complex,R0224,L0511,R0224_L0511
2b10,2b10_complex.pdb,C:\Users\86198\Desktop\P-P\01_cleaned_protein_pdb\2b10_complex.pdb,4,108,294,2.8,A,B,2b10_complex,R0224,L0511,R0224_L0511
2b11,2b11_complex.pdb,C:\Users\86198\Desktop\P-P\01_cleaned_protein_pdb\2b11_complex.pdb,4,108,294,2.3,C,D,2b11_complex,R0224,L0511,R0224_L0511
2b2x,2b2x_complex.pdb,C:\Users\86198\Desktop\P-P\01_cleaned_protein_pdb\2b2x_complex.pdb,6,190,217,2.2,IM,B,2b2x_complex,R0085,L0275,R0085_L0275
2b4j,2b4j_complex.pdb,C:\Users\86198\Desktop\P-P\01_cleaned_protein_pdb\2b4j_complex.pdb,4,82,153,2.02,A,D,2b4j_complex,R0496,L0633,R0496_L0633
2b5i,2b5i_complex.pdb,C:\Users\86198\Desktop\P-P\01_cleaned_protein_pdb\2b5i_complex.pdb,4,127,202,2.3,BCD,A,2b5i_complex,R0056,L0430,R0056_L0430
2bdn,2bdn_complex.pdb,C:\Users\86198\Desktop\P-P\01_cleaned_protein_pdb\2bdn_complex.pdb,3,68,217,2.53,HL,A,2bdn_complex,R0085,L0690,R0085_L0690
2bo9,2bo9_complex.pdb,C:\Users\86198\Desktop\P-P\01_cleaned_protein_pdb\2bo9_complex.pdb,4,217,307,1.6,A,B,2bo9_complex,R0142,L0223,R0142_L0223
2btf,2btf_complex.pdb,C:\Users\86198\Desktop\P-P\01_cleaned_protein_pdb\2btf_complex.pdb,2,139,373,2.55,A,P,2btf_complex,R0150,L0407,R0150_L0407
2c7m,2c7m_complex.pdb,C:\Users\86198\Desktop\P-P\01_cleaned_protein_pdb\2c7m_complex.pdb,2,58,74,2.4,A,B,2c7m_complex,R0697,L0212,R0697_L0212
2c7n,2c7n_complex.pdb,C:\Users\86198\Desktop\P-P\01_cleaned_protein_pdb\2c7n_complex.pdb,12,49,74,2.1,C,D,2c7n_complex,R0697,L0212,R0697_L0212
2cmr,2cmr_complex.pdb,C:\Users\86198\Desktop\P-P\01_cleaned_protein_pdb\2cmr_complex.pdb,3,208,216,2.0,HL,A,2cmr_complex,R0085,L0225,R0085_L0225
2dd8,2dd8_complex.pdb,C:\Users\86198\Desktop\P-P\01_cleaned_protein_pdb\2dd8_complex.pdb,3,192,220,2.3,HL,S,2dd8_complex,R0085,L0277,R0085_L0277
2dsp,2dsp_complex.pdb,C:\Users\86198\Desktop\P-P\01_cleaned_protein_pdb\2dsp_complex.pdb,2,67,92,2.5,B,I,2dsp_complex,R0647,L0694,R0647_L0694
2erj,2erj_complex.pdb,C:\Users\86198\Desktop\P-P\01_cleaned_protein_pdb\2erj_complex.pdb,8,130,204,3.0,BC,D,2erj_complex,R0056,L0430,R0056_L0430
2fdb,2fdb_complex.pdb,C:\Users\86198\Desktop\P-P\01_cleaned_protein_pdb\2fdb_complex.pdb,4,148,210,2.28,M,P,2fdb_complex,R0504,L0233,R0504_L0233
2fjg,2fjg_complex.pdb,C:\Users\86198\Desktop\P-P\01_cleaned_protein_pdb\2fjg_complex.pdb,6,94,223,2.8,BA,V,2fjg_complex,R0085,L0559,R0085_L0559
2ftl,2ftl_complex.pdb,C:\Users\86198\Desktop\P-P\01_cleaned_protein_pdb\2ftl_complex.pdb,2,58,222,1.62,E,I,2ftl_complex,R0297,L0334,R0297_L0334
2ftm,2ftm_complex.pdb,C:\Users\86198\Desktop\P-P\01_cleaned_protein_pdb\2ftm_complex.pdb,2,58,223,1.65,A,B,2ftm_complex,R0297,L0334,R0297_L0334
2g45,2g45_complex.pdb,C:\Users\86198\Desktop\P-P\01_cleaned_protein_pdb\2g45_complex.pdb,4,76,117,1.99,A,B,2g45_complex,R0585,L0212,R0585_L0212
2g81,2g81_complex.pdb,C:\Users\86198\Desktop\P-P\01_cleaned_protein_pdb\2g81_complex.pdb,2,56,223,1.55,E,I,2g81_complex,R0297,L0747,R0297_L0747
2gox,2gox_complex.pdb,C:\Users\86198\Desktop\P-P\01_cleaned_protein_pdb\2gox_complex.pdb,4,65,297,2.2,C,D,2gox_complex,R0000,L0713,R0000_L0713
2h62,2h62_complex.pdb,C:\Users\86198\Desktop\P-P\01_cleaned_protein_pdb\2h62_complex.pdb,4,84,104,1.85,AB,C,2h62_complex,R0368,L0590,R0368_L0590
2h64,2h64_complex.pdb,C:\Users\86198\Desktop\P-P\01_cleaned_protein_pdb\2h64_complex.pdb,3,92,105,1.92,A,B,2h64_complex,R0368,L0590,R0368_L0590
2h9g,2h9g_complex.pdb,C:\Users\86198\Desktop\P-P\01_cleaned_protein_pdb\2h9g_complex.pdb,6,64,220,2.32,BA,R,2h9g_complex,R0085,L0512,R0085_L0512
2hd5,2hd5_complex.pdb,C:\Users\86198\Desktop\P-P\01_cleaned_protein_pdb\2hd5_complex.pdb,2,76,336,1.85,A,B,2hd5_complex,R0172,L0212,R0172_L0212
2hth,2hth_complex.pdb,C:\Users\86198\Desktop\P-P\01_cleaned_protein_pdb\2hth_complex.pdb,2,73,129,2.7,A,B,2hth_complex,R0340,L0433,R0340_L0433
2i25,2i25_complex.pdb,C:\Users\86198\Desktop\P-P\01_cleaned_protein_pdb\2i25_complex.pdb,4,114,129,1.8,N,L,2i25_complex,R0581,L0431,R0581_L0431
2i26,2i26_complex.pdb,C:\Users\86198\Desktop\P-P\01_cleaned_protein_pdb\2i26_complex.pdb,6,114,129,2.5,N,L,2i26_complex,R0581,L0431,R0581_L0431
2i9b,2i9b_complex.pdb,C:\Users\86198\Desktop\P-P\01_cleaned_protein_pdb\2i9b_complex.pdb,8,122,278,2.8,B,F,2i9b_complex,R0572,L0143,R0572_L0143
2iff,2iff_complex.pdb,C:\Users\86198\Desktop\P-P\01_cleaned_protein_pdb\2iff_complex.pdb,3,129,214,2.65,HL,Y,2iff_complex,R0085,L0431,R0085_L0431
2ijo,2ijo_complex.pdb,C:\Users\86198\Desktop\P-P\01_cleaned_protein_pdb\2ijo_complex.pdb,3,41,176,2.3,BI,A,2ijo_complex,R0323,L0806,R0323_L0806
2iwg,2iwg_complex.pdb,C:\Users\86198\Desktop\P-P\01_cleaned_protein_pdb\2iwg_complex.pdb,4,181,207,2.35,D,E,2iwg_complex,R0353,L0298,R0353_L0298
2iy0,2iy0_complex.pdb,C:\Users\86198\Desktop\P-P\01_cleaned_protein_pdb\2iy0_complex.pdb,3,76,226,2.77,AB,C,2iy0_complex,R0216,L0359,R0216_L0359
2iy1,2iy1_complex.pdb,C:\Users\86198\Desktop\P-P\01_cleaned_protein_pdb\2iy1_complex.pdb,4,83,226,2.46,A,B,2iy1_complex,R0216,L0630,R0216_L0630
2j4w,2j4w_complex.pdb,C:\Users\86198\Desktop\P-P\01_cleaned_protein_pdb\2j4w_complex.pdb,3,34,225,2.5,HL,D,2j4w_complex,R0085,L0834,R0085_L0834
2j5l,2j5l_complex.pdb,C:\Users\86198\Desktop\P-P\01_cleaned_protein_pdb\2j5l_complex.pdb,3,34,225,2.9,CB,A,2j5l_complex,R0085,L0834,R0085_L0834
2j6e,2j6e_complex.pdb,C:\Users\86198\Desktop\P-P\01_cleaned_protein_pdb\2j6e_complex.pdb,6,209,220,3.0,HL,A,2j6e_complex,R0085,L0235,R0085_L0235
2j8s,2j8s_complex.pdb,C:\Users\86198\Desktop\P-P\01_cleaned_protein_pdb\2j8s_complex.pdb,2,156,1033,2.54,B,D,2j8s_complex,R0002,L0112,R0002_L0112
2jel,2jel_complex.pdb,C:\Users\86198\Desktop\P-P\01_cleaned_protein_pdb\2jel_complex.pdb,3,85,218,2.5,HL,P,2jel_complex,R0085,L0624,R0085_L0624
2jjs,2jjs_complex.pdb,C:\Users\86198\Desktop\P-P\01_cleaned_protein_pdb\2jjs_complex.pdb,4,115,119,1.85,B,D,2jjs_complex,R0577,L0471,R0577_L0471
2jjt,2jjt_complex.pdb,C:\Users\86198\Desktop\P-P\01_cleaned_protein_pdb\2jjt_complex.pdb,4,113,114,2.3,A,C,2jjt_complex,R0577,L0471,R0577_L0471
2noj,2noj_complex.pdb,C:\Users\86198\Desktop\P-P\01_cleaned_protein_pdb\2noj_complex.pdb,8,58,291,2.7,C,D,2noj_complex,R0000,L0713,R0000_L0713
2nup,2nup_complex.pdb,C:\Users\86198\Desktop\P-P\01_cleaned_protein_pdb\2nup_complex.pdb,3,157,748,2.8,AB,C,2nup_complex,R0001,L0356,R0001_L0356
2nut,2nut_complex.pdb,C:\Users\86198\Desktop\P-P\01_cleaned_protein_pdb\2nut_complex.pdb,3,140,748,2.3,AB,C,2nut_complex,R0001,L0356,R0001_L0356
2nyy,2nyy_complex.pdb,C:\Users\86198\Desktop\P-P\01_cleaned_protein_pdb\2nyy_complex.pdb,3,216,1274,2.61,DC,A,2nyy_complex,R0085,L0000,R0085_L0000
2nyz,2nyz_complex.pdb,C:\Users\86198\Desktop\P-P\01_cleaned_protein_pdb\2nyz_complex.pdb,4,61,371,2.6,B,E,2nyz_complex,R0154,L0702,R0154_L0702
2nz1,2nz1_complex.pdb,C:\Users\86198\Desktop\P-P\01_cleaned_protein_pdb\2nz1_complex.pdb,6,64,371,2.5,B,E,2nz1_complex,R0154,L0690,R0154_L0690
2ody,2ody_complex.pdb,C:\Users\86198\Desktop\P-P\01_cleaned_protein_pdb\2ody_complex.pdb,6,40,255,2.35,B,E,2ody_complex,R0271,L0440,R0271_L0440
2oob,2oob_complex.pdb,C:\Users\86198\Desktop\P-P\01_cleaned_protein_pdb\2oob_complex.pdb,2,44,72,1.9,A,B,2oob_complex,R0707,L0212,R0707_L0212
2p42,2p42_complex.pdb,C:\Users\86198\Desktop\P-P\01_cleaned_protein_pdb\2p42_complex.pdb,4,118,124,1.8,C,D,2p42_complex,R0558,L0412,R0558_L0412
2p43,2p43_complex.pdb,C:\Users\86198\Desktop\P-P\01_cleaned_protein_pdb\2p43_complex.pdb,2,120,124,1.65,A,B,2p43_complex,R0558,L0412,R0558_L0412
2p44,2p44_complex.pdb,C:\Users\86198\Desktop\P-P\01_cleaned_protein_pdb\2p44_complex.pdb,2,118,124,1.8,A,B,2p44_complex,R0558,L0412,R0558_L0412
2p45,2p45_complex.pdb,C:\Users\86198\Desktop\P-P\01_cleaned_protein_pdb\2p45_complex.pdb,2,116,124,1.1,A,B,2p45_complex,R0558,L0412,R0558_L0412
2p46,2p46_complex.pdb,C:\Users\86198\Desktop\P-P\01_cleaned_protein_pdb\2p46_complex.pdb,4,116,123,2.5,A,B,2p46_complex,R0558,L0412,R0558_L0412
2p47,2p47_complex.pdb,C:\Users\86198\Desktop\P-P\01_cleaned_protein_pdb\2p47_complex.pdb,2,116,123,2.5,A,B,2p47_complex,R0558,L0412,R0558_L0412
2p48,2p48_complex.pdb,C:\Users\86198\Desktop\P-P\01_cleaned_protein_pdb\2p48_complex.pdb,2,116,124,2.3,A,B,2p48_complex,R0558,L0412,R0558_L0412
2p49,2p49_complex.pdb,C:\Users\86198\Desktop\P-P\01_cleaned_protein_pdb\2p49_complex.pdb,2,123,123,1.38,A,B,2p49_complex,R0558,L0412,R0558_L0412
2p4a,2p4a_complex.pdb,C:\Users\86198\Desktop\P-P\01_cleaned_protein_pdb\2p4a_complex.pdb,4,121,124,1.9,A,B,2p4a_complex,R0558,L0412,R0558_L0412
2pcb,2pcb_complex.pdb,C:\Users\86198\Desktop\P-P\01_cleaned_protein_pdb\2pcb_complex.pdb,3,104,294,2.8,A,B,2pcb_complex,R0224,L0511,R0224_L0511
2pcc,2pcc_complex.pdb,C:\Users\86198\Desktop\P-P\01_cleaned_protein_pdb\2pcc_complex.pdb,4,108,294,2.3,C,D,2pcc_complex,R0224,L0511,R0224_L0511
2pjy,2pjy_complex.pdb,C:\Users\86198\Desktop\P-P\01_cleaned_protein_pdb\2pjy_complex.pdb,3,79,112,3.0,AC,B,2pjy_complex,R0412,L0513,R0412_L0513
2ptc,2ptc_complex.pdb,C:\Users\86198\Desktop\P-P\01_cleaned_protein_pdb\2ptc_complex.pdb,2,58,223,1.9,E,I,2ptc_complex,R0297,L0334,R0297_L0334
2qho,2qho_complex.pdb,C:\Users\86198\Desktop\P-P\01_cleaned_protein_pdb\2qho_complex.pdb,8,47,76,1.85,E,F,2qho_complex,R0340,L0779,R0340_L0779
2qj9,2qj9_complex.pdb,C:\Users\86198\Desktop\P-P\01_cleaned_protein_pdb\2qj9_complex.pdb,4,86,104,2.44,B,D,2qj9_complex,R0368,L0590,R0368_L0590
2qja,2qja_complex.pdb,C:\Users\86198\Desktop\P-P\01_cleaned_protein_pdb\2qja_complex.pdb,4,85,104,2.6,B,D,2qja_complex,R0368,L0590,R0368_L0590
2qjb,2qjb_complex.pdb,C:\Users\86198\Desktop\P-P\01_cleaned_protein_pdb\2qjb_complex.pdb,4,85,104,2.5,B,D,2qjb_complex,R0368,L0590,R0368_L0590
2r56,2r56_complex.pdb,C:\Users\86198\Desktop\P-P\01_cleaned_protein_pdb\2r56_complex.pdb,6,159,221,2.8,HL,A,2r56_complex,R0085,L0349,R0085_L0349
2r9p,2r9p_complex.pdb,C:\Users\86198\Desktop\P-P\01_cleaned_protein_pdb\2r9p_complex.pdb,8,58,224,1.4,B,F,2r9p_complex,R0291,L0334,R0291_L0334
2ra3,2ra3_complex.pdb,C:\Users\86198\Desktop\P-P\01_cleaned_protein_pdb\2ra3_complex.pdb,4,56,224,1.46,B,I,2ra3_complex,R0291,L0334,R0291_L0334
2tgp,2tgp_complex.pdb,C:\Users\86198\Desktop\P-P\01_cleaned_protein_pdb\2tgp_complex.pdb,2,58,223,1.9,Z,I,2tgp_complex,R0297,L0334,R0297_L0334
2uuy,2uuy_complex.pdb,C:\Users\86198\Desktop\P-P\01_cleaned_protein_pdb\2uuy_complex.pdb,2,52,223,1.15,A,B,2uuy_complex,R0297,L0770,R0297_L0770
2uyz,2uyz_complex.pdb,C:\Users\86198\Desktop\P-P\01_cleaned_protein_pdb\2uyz_complex.pdb,2,78,156,1.4,A,B,2uyz_complex,R0485,L0630,R0485_L0630
2uzi,2uzi_complex.pdb,C:\Users\86198\Desktop\P-P\01_cleaned_protein_pdb\2uzi_complex.pdb,3,104,166,2.0,HL,R,2uzi_complex,R0026,L0317,R0026_L0317
2v4z,2v4z_complex.pdb,C:\Users\86198\Desktop\P-P\01_cleaned_protein_pdb\2v4z_complex.pdb,2,128,316,2.8,A,B,2v4z_complex,R0192,L0427,R0192_L0427
2v52,2v52_complex.pdb,C:\Users\86198\Desktop\P-P\01_cleaned_protein_pdb\2v52_complex.pdb,2,30,373,1.45,B,M,2v52_complex,R0150,L0062,R0150_L0062
2v5q,2v5q_complex.pdb,C:\Users\86198\Desktop\P-P\01_cleaned_protein_pdb\2v5q_complex.pdb,4,129,285,2.3,A,D,2v5q_complex,R0240,L0112,R0240_L0112
2vxq,2vxq_complex.pdb,C:\Users\86198\Desktop\P-P\01_cleaned_protein_pdb\2vxq_complex.pdb,3,92,216,1.9,HL,A,2vxq_complex,R0085,L0595,R0085_L0595
2vxs,2vxs_complex.pdb,C:\Users\86198\Desktop\P-P\01_cleaned_protein_pdb\2vxs_complex.pdb,12,77,221,2.63,IM,A,2vxs_complex,R0026,L0463,R0026_L0463
2vxt,2vxt_complex.pdb,C:\Users\86198\Desktop\P-P\01_cleaned_protein_pdb\2vxt_complex.pdb,3,156,213,1.49,HL,I,2vxt_complex,R0085,L0357,R0085_L0357
2vyr,2vyr_complex.pdb,C:\Users\86198\Desktop\P-P\01_cleaned_protein_pdb\2vyr_complex.pdb,12,86,125,2.0,C,G,2vyr_complex,R0664,L0412,R0664_L0412
2w2m,2w2m_complex.pdb,C:\Users\86198\Desktop\P-P\01_cleaned_protein_pdb\2w2m_complex.pdb,3,49,295,2.4,A,E,2w2m_complex,R0135,L0780,R0135_L0780
2w2n,2w2n_complex.pdb,C:\Users\86198\Desktop\P-P\01_cleaned_protein_pdb\2w2n_complex.pdb,3,49,294,2.3,A,E,2w2n_complex,R0135,L0780,R0135_L0780
2w80,2w80_complex.pdb,C:\Users\86198\Desktop\P-P\01_cleaned_protein_pdb\2w80_complex.pdb,8,123,244,2.35,E,F,2w80_complex,R0569,L0180,R0569_L0180
2w81,2w81_complex.pdb,C:\Users\86198\Desktop\P-P\01_cleaned_protein_pdb\2w81_complex.pdb,6,119,244,2.35,E,F,2w81_complex,R0569,L0180,R0569_L0180
2w9e,2w9e_complex.pdb,C:\Users\86198\Desktop\P-P\01_cleaned_protein_pdb\2w9e_complex.pdb,3,99,215,2.9,HL,A,2w9e_complex,R0085,L0541,R0085_L0541
2wbj,2wbj_complex.pdb,C:\Users\86198\Desktop\P-P\01_cleaned_protein_pdb\2wbj_complex.pdb,8,177,270,3.0,CD,AB,2wbj_complex,R0080,L0068,R0080_L0068
2wii,2wii_complex.pdb,C:\Users\86198\Desktop\P-P\01_cleaned_protein_pdb\2wii_complex.pdb,3,245,912,2.7,AB,C,2wii_complex,R0000,L0178,R0000_L0178
2wx0,2wx0_complex.pdb,C:\Users\86198\Desktop\P-P\01_cleaned_protein_pdb\2wx0_complex.pdb,6,30,73,2.4,A,C,2wx0_complex,R0340,L0095,R0340_L0095
2wy8,2wy8_complex.pdb,C:\Users\86198\Desktop\P-P\01_cleaned_protein_pdb\2wy8_complex.pdb,2,66,292,1.7,A,Q,2wy8_complex,R0000,L0703,R0000_L0703
2x2d,2x2d_complex.pdb,C:\Users\86198\Desktop\P-P\01_cleaned_protein_pdb\2x2d_complex.pdb,4,136,164,1.9,C,D,2x2d_complex,R0449,L0234,R0449_L0234
2x89,2x89_complex.pdb,C:\Users\86198\Desktop\P-P\01_cleaned_protein_pdb\2x89_complex.pdb,7,91,128,2.16,A,D,2x89_complex,R0092,L0048,R0092_L0048
2xbb,2xbb_complex.pdb,C:\Users\86198\Desktop\P-P\01_cleaned_protein_pdb\2xbb_complex.pdb,4,76,376,2.68,B,D,2xbb_complex,R0146,L0212,R0146_L0212
2xqb,2xqb_complex.pdb,C:\Users\86198\Desktop\P-P\01_cleaned_protein_pdb\2xqb_complex.pdb,3,113,227,2.6,HL,A,2xqb_complex,R0026,L0488,R0026_L0488
2xqw,2xqw_complex.pdb,C:\Users\86198\Desktop\P-P\01_cleaned_protein_pdb\2xqw_complex.pdb,3,123,294,2.3,A,C,2xqw_complex,R0000,L0448,R0000_L0448
2xra,2xra_complex.pdb,C:\Users\86198\Desktop\P-P\01_cleaned_protein_pdb\2xra_complex.pdb,3,215,223,2.3,HL,A,2xra_complex,R0085,L0225,R0085_L0225
2xtj,2xtj_complex.pdb,C:\Users\86198\Desktop\P-P\01_cleaned_protein_pdb\2xtj_complex.pdb,6,92,248,2.7,DB,A,2xtj_complex,R0311,L0011,R0311_L0011
2xtt,2xtt_complex.pdb,C:\Users\86198\Desktop\P-P\01_cleaned_protein_pdb\2xtt_complex.pdb,2,35,223,0.93,A,B,2xtt_complex,R0712,L0211,R0712_L0211
2xzd,2xzd_complex.pdb,C:\Users\86198\Desktop\P-P\01_cleaned_protein_pdb\2xzd_complex.pdb,6,93,141,2.1,AB,G,2xzd_complex,R0298,L0112,R0298_L0112
2y0b,2y0b_complex.pdb,C:\Users\86198\Desktop\P-P\01_cleaned_protein_pdb\2y0b_complex.pdb,6,93,140,2.1,AB,G,2y0b_complex,R0298,L0112,R0298_L0112
2y5b,2y5b_complex.pdb,C:\Users\86198\Desktop\P-P\01_cleaned_protein_pdb\2y5b_complex.pdb,4,151,335,2.7,E,F,2y5b_complex,R0172,L0212,R0172_L0212
2y6t,2y6t_complex.pdb,C:\Users\86198\Desktop\P-P\01_cleaned_protein_pdb\2y6t_complex.pdb,8,138,245,2.74,C,G,2y6t_complex,R0297,L0402,R0297_L0402
2y8s,2y8s_complex.pdb,C:\Users\86198\Desktop\P-P\01_cleaned_protein_pdb\2y8s_complex.pdb,4,35,405,2.55,A,B,2y8s_complex,R0115,L0825,R0115_L0825
2y8t,2y8t_complex.pdb,C:\Users\86198\Desktop\P-P\01_cleaned_protein_pdb\2y8t_complex.pdb,4,36,405,1.95,D,E,2y8t_complex,R0115,L0825,R0115_L0825
2ybr,2ybr_complex.pdb,C:\Users\86198\Desktop\P-P\01_cleaned_protein_pdb\2ybr_complex.pdb,9,65,116,2.55,GH,I,2ybr_complex,R0311,L0704,R0311_L0704
2ypv,2ypv_complex.pdb,C:\Users\86198\Desktop\P-P\01_cleaned_protein_pdb\2ypv_complex.pdb,3,212,242,1.8,HL,A,2ypv_complex,R0085,L0184,R0085_L0184
2z7f,2z7f_complex.pdb,C:\Users\86198\Desktop\P-P\01_cleaned_protein_pdb\2z7f_complex.pdb,2,50,218,1.7,E,I,2z7f_complex,R0349,L0775,R0349_L0775
2z8v,2z8v_complex.pdb,C:\Users\86198\Desktop\P-P\01_cleaned_protein_pdb\2z8v_complex.pdb,4,116,335,2.35,B,C,2z8v_complex,R0128,L0480,R0128_L0480
2z8w,2z8w_complex.pdb,C:\Users\86198\Desktop\P-P\01_cleaned_protein_pdb\2z8w_complex.pdb,4,116,335,2.45,A,D,2z8w_complex,R0128,L0480,R0128_L0480
3a4s,3a4s_complex.pdb,C:\Users\86198\Desktop\P-P\01_cleaned_protein_pdb\3a4s_complex.pdb,4,72,159,2.7,B,C,3a4s_complex,R0485,L0662,R0485_L0662
3a67,3a67_complex.pdb,C:\Users\86198\Desktop\P-P\01_cleaned_protein_pdb\3a67_complex.pdb,3,107,129,1.8,HL,Y,3a67_complex,R0026,L0431,R0026_L0431
3a6b,3a6b_complex.pdb,C:\Users\86198\Desktop\P-P\01_cleaned_protein_pdb\3a6b_complex.pdb,3,107,129,1.8,HL,Y,3a6b_complex,R0026,L0431,R0026_L0431
3a6c,3a6c_complex.pdb,C:\Users\86198\Desktop\P-P\01_cleaned_protein_pdb\3a6c_complex.pdb,3,107,129,1.8,HL,Y,3a6c_complex,R0026,L0431,R0026_L0431
3ay4,3ay4_complex.pdb,C:\Users\86198\Desktop\P-P\01_cleaned_protein_pdb\3ay4_complex.pdb,3,170,216,2.2,A,C,3ay4_complex,R0353,L0162,R0353_L0162
3b08,3b08_complex.pdb,C:\Users\86198\Desktop\P-P\01_cleaned_protein_pdb\3b08_complex.pdb,8,58,151,1.7,G,H,3b08_complex,R0340,L0745,R0340_L0745
3b2u,3b2u_complex.pdb,C:\Users\86198\Desktop\P-P\01_cleaned_protein_pdb\3b2u_complex.pdb,3,193,222,2.58,WX,V,3b2u_complex,R0085,L0008,R0085_L0008
3b4v,3b4v_complex.pdb,C:\Users\86198\Desktop\P-P\01_cleaned_protein_pdb\3b4v_complex.pdb,8,107,213,2.48,F,G,3b4v_complex,R0590,L0132,R0590_L0132
3b9f,3b9f_complex.pdb,C:\Users\86198\Desktop\P-P\01_cleaned_protein_pdb\3b9f_complex.pdb,3,44,360,1.6,I,H,3b9f_complex,R0149,L0166,R0149_L0166
3bdy,3bdy_complex.pdb,C:\Users\86198\Desktop\P-P\01_cleaned_protein_pdb\3bdy_complex.pdb,3,95,221,2.6,HL,V,3bdy_complex,R0085,L0559,R0085_L0559
3be1,3be1_complex.pdb,C:\Users\86198\Desktop\P-P\01_cleaned_protein_pdb\3be1_complex.pdb,3,216,595,2.9,HL,A,3be1_complex,R0085,L0009,R0085_L0009
3bgf,3bgf_complex.pdb,C:\Users\86198\Desktop\P-P\01_cleaned_protein_pdb\3bgf_complex.pdb,6,179,220,3.0,BC,A,3bgf_complex,R0085,L0277,R0085_L0277
3bik,3bik_complex.pdb,C:\Users\86198\Desktop\P-P\01_cleaned_protein_pdb\3bik_complex.pdb,3,116,212,2.65,A,B,3bik_complex,R0357,L0476,R0357_L0476
3bk3,3bk3_complex.pdb,C:\Users\86198\Desktop\P-P\01_cleaned_protein_pdb\3bk3_complex.pdb,4,67,104,2.7,B,D,3bk3_complex,R0368,L0696,R0368_L0696
3bpo,3bpo_complex.pdb,C:\Users\86198\Desktop\P-P\01_cleaned_protein_pdb\3bpo_complex.pdb,3,111,311,3.0,AC,B,3bpo_complex,R0061,L0263,R0061_L0263
3bzd,3bzd_complex.pdb,C:\Users\86198\Desktop\P-P\01_cleaned_protein_pdb\3bzd_complex.pdb,2,109,234,2.3,A,B,3bzd_complex,R0089,L0193,R0089_L0193
3cx6,3cx6_complex.pdb,C:\Users\86198\Desktop\P-P\01_cleaned_protein_pdb\3cx6_complex.pdb,2,196,323,2.5,A,B,3cx6_complex,R0192,L0269,R0192_L0269
3cx7,3cx7_complex.pdb,C:\Users\86198\Desktop\P-P\01_cleaned_protein_pdb\3cx7_complex.pdb,2,196,323,2.25,A,B,3cx7_complex,R0192,L0269,R0192_L0269
3cx8,3cx8_complex.pdb,C:\Users\86198\Desktop\P-P\01_cleaned_protein_pdb\3cx8_complex.pdb,2,196,323,2.0,A,B,3cx8_complex,R0192,L0269,R0192_L0269
3d5r,3d5r_complex.pdb,C:\Users\86198\Desktop\P-P\01_cleaned_protein_pdb\3d5r_complex.pdb,4,65,297,2.1,B,D,3d5r_complex,R0000,L0713,R0000_L0713
3d5s,3d5s_complex.pdb,C:\Users\86198\Desktop\P-P\01_cleaned_protein_pdb\3d5s_complex.pdb,4,65,297,2.3,A,C,3d5s_complex,R0000,L0713,R0000_L0713
3dbh,3dbh_complex.pdb,C:\Users\86198\Desktop\P-P\01_cleaned_protein_pdb\3dbh_complex.pdb,3,76,515,2.85,CD,J,3dbh_complex,R0006,L0212,R0006_L0212
3dbl,3dbl_complex.pdb,C:\Users\86198\Desktop\P-P\01_cleaned_protein_pdb\3dbl_complex.pdb,3,76,524,2.9,HG,L,3dbl_complex,R0005,L0212,R0005_L0212
3ddc,3ddc_complex.pdb,C:\Users\86198\Desktop\P-P\01_cleaned_protein_pdb\3ddc_complex.pdb,2,133,166,1.8,A,B,3ddc_complex,R0425,L0423,R0425_L0423
3di2,3di2_complex.pdb,C:\Users\86198\Desktop\P-P\01_cleaned_protein_pdb\3di2_complex.pdb,4,110,196,2.7,A,B,3di2_complex,R0582,L0271,R0582_L0271
3di3,3di3_complex.pdb,C:\Users\86198\Desktop\P-P\01_cleaned_protein_pdb\3di3_complex.pdb,2,118,193,2.9,A,B,3di3_complex,R0582,L0271,R0582_L0271
3dvg,3dvg_complex.pdb,C:\Users\86198\Desktop\P-P\01_cleaned_protein_pdb\3dvg_complex.pdb,4,75,221,2.6,BA,YX,3dvg_complex,R0085,L0212,R0085_L0212
3dvn,3dvn_complex.pdb,C:\Users\86198\Desktop\P-P\01_cleaned_protein_pdb\3dvn_complex.pdb,8,75,221,2.7,HL,VU,3dvn_complex,R0085,L0212,R0085_L0212
3eba,3eba_complex.pdb,C:\Users\86198\Desktop\P-P\01_cleaned_protein_pdb\3eba_complex.pdb,2,122,130,1.85,A,B,3eba_complex,R0092,L0431,R0092_L0431
3egg,3egg_complex.pdb,C:\Users\86198\Desktop\P-P\01_cleaned_protein_pdb\3egg_complex.pdb,4,66,294,1.85,B,D,3egg_complex,R0220,L0706,R0220_L0706
3ejj,3ejj_complex.pdb,C:\Users\86198\Desktop\P-P\01_cleaned_protein_pdb\3ejj_complex.pdb,3,145,277,2.4,A,X,3ejj_complex,R0507,L0027,R0507_L0027
3eoa,3eoa_complex.pdb,C:\Users\86198\Desktop\P-P\01_cleaned_protein_pdb\3eoa_complex.pdb,6,179,220,2.8,BA,J,3eoa_complex,R0085,L0301,R0085_L0301
3f4y,3f4y_complex.pdb,C:\Users\86198\Desktop\P-P\01_cleaned_protein_pdb\3f4y_complex.pdb,6,36,38,2.0,C,F,3f4y_complex,R0482,L0222,R0482_L0222
3ff7,3ff7_complex.pdb,C:\Users\86198\Desktop\P-P\01_cleaned_protein_pdb\3ff7_complex.pdb,4,100,112,1.8,B,D,3ff7_complex,R0628,L0489,R0628_L0489
3ff8,3ff8_complex.pdb,C:\Users\86198\Desktop\P-P\01_cleaned_protein_pdb\3ff8_complex.pdb,4,100,113,2.0,B,D,3ff8_complex,R0628,L0489,R0628_L0489
3fju,3fju_complex.pdb,C:\Users\86198\Desktop\P-P\01_cleaned_protein_pdb\3fju_complex.pdb,2,65,307,1.6,A,B,3fju_complex,R0142,L0714,R0142_L0714
3fp6,3fp6_complex.pdb,C:\Users\86198\Desktop\P-P\01_cleaned_protein_pdb\3fp6_complex.pdb,2,58,223,1.49,E,I,3fp6_complex,R0297,L0334,R0297_L0334
3fpu,3fpu_complex.pdb,C:\Users\86198\Desktop\P-P\01_cleaned_protein_pdb\3fpu_complex.pdb,2,66,100,1.76,A,B,3fpu_complex,R0629,L0690,R0629_L0690
3g3a,3g3a_complex.pdb,C:\Users\86198\Desktop\P-P\01_cleaned_protein_pdb\3g3a_complex.pdb,8,127,167,2.2,C,D,3g3a_complex,R0300,L0431,R0300_L0431
3g3b,3g3b_complex.pdb,C:\Users\86198\Desktop\P-P\01_cleaned_protein_pdb\3g3b_complex.pdb,8,121,169,2.4,A,B,3g3b_complex,R0300,L0431,R0300_L0431
3g7a,3g7a_complex.pdb,C:\Users\86198\Desktop\P-P\01_cleaned_protein_pdb\3g7a_complex.pdb,2,30,36,2.8,A,B,3g7a_complex,R0482,L0818,R0482_L0818
3g7z,3g7z_complex.pdb,C:\Users\86198\Desktop\P-P\01_cleaned_protein_pdb\3g7z_complex.pdb,4,33,101,2.35,B,D,3g7z_complex,R0623,L0526,R0623_L0526
3g9v,3g9v_complex.pdb,C:\Users\86198\Desktop\P-P\01_cleaned_protein_pdb\3g9v_complex.pdb,4,139,198,2.76,C,D,3g9v_complex,R0391,L0408,R0391_L0408
3h42,3h42_complex.pdb,C:\Users\86198\Desktop\P-P\01_cleaned_protein_pdb\3h42_complex.pdb,4,92,492,2.3,HL,BA,3h42_complex,R0026,L0011,R0026_L0011
3hct,3hct_complex.pdb,C:\Users\86198\Desktop\P-P\01_cleaned_protein_pdb\3hct_complex.pdb,2,104,148,2.1,A,B,3hct_complex,R0619,L0212,R0619_L0212
3hcu,3hcu_complex.pdb,C:\Users\86198\Desktop\P-P\01_cleaned_protein_pdb\3hcu_complex.pdb,4,104,150,2.6,C,D,3hcu_complex,R0619,L0212,R0619_L0212
3he6,3he6_complex.pdb,C:\Users\86198\Desktop\P-P\01_cleaned_protein_pdb\3he6_complex.pdb,4,99,292,2.9,AB,CD,3he6_complex,R0129,L0032,R0129_L0032
3hg0,3hg0_complex.pdb,C:\Users\86198\Desktop\P-P\01_cleaned_protein_pdb\3hg0_complex.pdb,4,124,137,2.1,A,D,3hg0_complex,R0478,L0112,R0478_L0112
3hh2,3hh2_complex.pdb,C:\Users\86198\Desktop\P-P\01_cleaned_protein_pdb\3hh2_complex.pdb,4,109,288,2.15,B,C,3hh2_complex,R0368,L0132,R0368_L0132
3hi1,3hi1_complex.pdb,C:\Users\86198\Desktop\P-P\01_cleaned_protein_pdb\3hi1_complex.pdb,6,215,297,2.9,BA,J,3hi1_complex,R0085,L0070,R0085_L0070
3hi6,3hi6_complex.pdb,C:\Users\86198\Desktop\P-P\01_cleaned_protein_pdb\3hi6_complex.pdb,6,180,220,2.3,XY,B,3hi6_complex,R0085,L0301,R0085_L0301
3hpw,3hpw_complex.pdb,C:\Users\86198\Desktop\P-P\01_cleaned_protein_pdb\3hpw_complex.pdb,3,33,101,1.45,B,C,3hpw_complex,R0623,L0526,R0623_L0526
3huj,3huj_complex.pdb,C:\Users\86198\Desktop\P-P\01_cleaned_protein_pdb\3huj_complex.pdb,8,97,275,2.5,AB,GH,3huj_complex,R0129,L0032,R0129_L0032
3idx,3idx_complex.pdb,C:\Users\86198\Desktop\P-P\01_cleaned_protein_pdb\3idx_complex.pdb,3,214,316,2.5,HL,G,3idx_complex,R0085,L0070,R0085_L0070
3it8,3it8_complex.pdb,C:\Users\86198\Desktop\P-P\01_cleaned_protein_pdb\3it8_complex.pdb,12,152,299,2.8,G,J,3it8_complex,R0498,L0115,R0498_L0115
3iu3,3iu3_complex.pdb,C:\Users\86198\Desktop\P-P\01_cleaned_protein_pdb\3iu3_complex.pdb,9,119,215,2.9,CD,J,3iu3_complex,R0085,L0437,R0085_L0437
3jsv,3jsv_complex.pdb,C:\Users\86198\Desktop\P-P\01_cleaned_protein_pdb\3jsv_complex.pdb,4,76,86,2.7,CD,A,3jsv_complex,R0462,L0212,R0462_L0212
3k2m,3k2m_complex.pdb,C:\Users\86198\Desktop\P-P\01_cleaned_protein_pdb\3k2m_complex.pdb,4,97,101,1.75,A,D,3k2m_complex,R0599,L0534,R0599_L0534
3k3q,3k3q_complex.pdb,C:\Users\86198\Desktop\P-P\01_cleaned_protein_pdb\3k3q_complex.pdb,3,137,249,2.6,BC,A,3k3q_complex,R0109,L0412,R0109_L0412
3kr3,3kr3_complex.pdb,C:\Users\86198\Desktop\P-P\01_cleaned_protein_pdb\3kr3_complex.pdb,3,60,223,2.2,HL,D,3kr3_complex,R0085,L0694,R0085_L0694
3kuc,3kuc_complex.pdb,C:\Users\86198\Desktop\P-P\01_cleaned_protein_pdb\3kuc_complex.pdb,2,76,167,1.92,A,B,3kuc_complex,R0425,L0651,R0425_L0651
3kud,3kud_complex.pdb,C:\Users\86198\Desktop\P-P\01_cleaned_protein_pdb\3kud_complex.pdb,2,76,165,2.15,A,B,3kud_complex,R0425,L0651,R0425_L0651
3kw5,3kw5_complex.pdb,C:\Users\86198\Desktop\P-P\01_cleaned_protein_pdb\3kw5_complex.pdb,2,75,223,2.83,A,B,3kw5_complex,R0328,L0212,R0328_L0212
3l33,3l33_complex.pdb,C:\Users\86198\Desktop\P-P\01_cleaned_protein_pdb\3l33_complex.pdb,8,52,224,2.48,C,G,3l33_complex,R0291,L0751,R0291_L0751
3l5w,3l5w_complex.pdb,C:\Users\86198\Desktop\P-P\01_cleaned_protein_pdb\3l5w_complex.pdb,6,104,223,2.0,HL,I,3l5w_complex,R0085,L0491,R0085_L0491
3l5x,3l5x_complex.pdb,C:\Users\86198\Desktop\P-P\01_cleaned_protein_pdb\3l5x_complex.pdb,3,105,223,1.9,HL,A,3l5x_complex,R0085,L0491,R0085_L0491
3l95,3l95_complex.pdb,C:\Users\86198\Desktop\P-P\01_cleaned_protein_pdb\3l95_complex.pdb,6,212,233,2.19,HL,Y,3l95_complex,R0085,L0200,R0085_L0200
3l9j,3l9j_complex.pdb,C:\Users\86198\Desktop\P-P\01_cleaned_protein_pdb\3l9j_complex.pdb,2,134,149,2.1,C,T,3l9j_complex,R0544,L0367,R0544_L0367
3lev,3lev_complex.pdb,C:\Users\86198\Desktop\P-P\01_cleaned_protein_pdb\3lev_complex.pdb,3,177,237,2.5,HL,A,3lev_complex,R0085,L0307,R0085_L0307
3lh2,3lh2_complex.pdb,C:\Users\86198\Desktop\P-P\01_cleaned_protein_pdb\3lh2_complex.pdb,12,66,132,2.65,HL,S,3lh2_complex,R0311,L0707,R0311_L0707
3lhp,3lhp_complex.pdb,C:\Users\86198\Desktop\P-P\01_cleaned_protein_pdb\3lhp_complex.pdb,6,110,127,2.7,IM,T,3lhp_complex,R0311,L0495,R0311_L0495
3lms,3lms_complex.pdb,C:\Users\86198\Desktop\P-P\01_cleaned_protein_pdb\3lms_complex.pdb,2,74,309,2.5,A,B,3lms_complex,R0142,L0661,R0142_L0661
3m18,3m18_complex.pdb,C:\Users\86198\Desktop\P-P\01_cleaned_protein_pdb\3m18_complex.pdb,2,127,245,1.95,A,B,3m18_complex,R0300,L0431,R0300_L0431
3ma9,3ma9_complex.pdb,C:\Users\86198\Desktop\P-P\01_cleaned_protein_pdb\3ma9_complex.pdb,3,209,216,2.05,HL,A,3ma9_complex,R0026,L0225,R0026_L0225
3mac,3mac_complex.pdb,C:\Users\86198\Desktop\P-P\01_cleaned_protein_pdb\3mac_complex.pdb,3,210,223,2.5,HL,A,3mac_complex,R0026,L0225,R0026_L0225
3mc0,3mc0_complex.pdb,C:\Users\86198\Desktop\P-P\01_cleaned_protein_pdb\3mc0_complex.pdb,4,109,233,2.0,C,D,3mc0_complex,R0089,L0193,R0089_L0193
3mj9,3mj9_complex.pdb,C:\Users\86198\Desktop\P-P\01_cleaned_protein_pdb\3mj9_complex.pdb,3,209,229,2.95,HL,A,3mj9_complex,R0026,L0202,R0026_L0202
3mxw,3mxw_complex.pdb,C:\Users\86198\Desktop\P-P\01_cleaned_protein_pdb\3mxw_complex.pdb,3,153,220,1.83,HL,A,3mxw_complex,R0085,L0363,R0085_L0363
3mzw,3mzw_complex.pdb,C:\Users\86198\Desktop\P-P\01_cleaned_protein_pdb\3mzw_complex.pdb,2,53,578,2.9,A,B,3mzw_complex,R0033,L0722,R0033_L0722
3nfp,3nfp_complex.pdb,C:\Users\86198\Desktop\P-P\01_cleaned_protein_pdb\3nfp_complex.pdb,6,124,216,2.86,AB,K,3nfp_complex,R0085,L0437,R0085_L0437
3ngb,3ngb_complex.pdb,C:\Users\86198\Desktop\P-P\01_cleaned_protein_pdb\3ngb_complex.pdb,3,208,353,2.68,HL,G,3ngb_complex,R0085,L0070,R0085_L0070
3nh7,3nh7_complex.pdb,C:\Users\86198\Desktop\P-P\01_cleaned_protein_pdb\3nh7_complex.pdb,12,85,221,2.7,IM,B,3nh7_complex,R0026,L0590,R0026_L0590
3noc,3noc_complex.pdb,C:\Users\86198\Desktop\P-P\01_cleaned_protein_pdb\3noc_complex.pdb,2,154,1032,2.7,B,D,3noc_complex,R0002,L0112,R0002_L0112
3nps,3nps_complex.pdb,C:\Users\86198\Desktop\P-P\01_cleaned_protein_pdb\3nps_complex.pdb,3,211,241,1.5,BC,A,3nps_complex,R0085,L0069,R0085_L0069
3o6f,3o6f_complex.pdb,C:\Users\86198\Desktop\P-P\01_cleaned_protein_pdb\3o6f_complex.pdb,8,178,245,2.8,CD,AB,3o6f_complex,R0080,L0049,R0080_L0049
3o8x,3o8x_complex.pdb,C:\Users\86198\Desktop\P-P\01_cleaned_protein_pdb\3o8x_complex.pdb,4,96,273,2.74,CD,A,3o8x_complex,R0080,L0059,R0080_L0059
3o9w,3o9w_complex.pdb,C:\Users\86198\Desktop\P-P\01_cleaned_protein_pdb\3o9w_complex.pdb,4,97,274,2.8,CD,A,3o9w_complex,R0080,L0059,R0080_L0059
3ogo,3ogo_complex.pdb,C:\Users\86198\Desktop\P-P\01_cleaned_protein_pdb\3ogo_complex.pdb,8,115,231,2.8,B,G,3ogo_complex,R0333,L0035,R0333_L0035
3oj2,3oj2_complex.pdb,C:\Users\86198\Desktop\P-P\01_cleaned_protein_pdb\3oj2_complex.pdb,4,135,209,2.2,B,D,3oj2_complex,R0518,L0233,R0518_L0233
3ojm,3ojm_complex.pdb,C:\Users\86198\Desktop\P-P\01_cleaned_protein_pdb\3ojm_complex.pdb,2,145,211,2.1,A,B,3ojm_complex,R0518,L0233,R0518_L0233
3olm,3olm_complex.pdb,C:\Users\86198\Desktop\P-P\01_cleaned_protein_pdb\3olm_complex.pdb,2,74,420,2.5,A,D,3olm_complex,R0103,L0212,R0103_L0212
3ona,3ona_complex.pdb,C:\Users\86198\Desktop\P-P\01_cleaned_protein_pdb\3ona_complex.pdb,2,66,158,2.6,A,B,3ona_complex,R0490,L0690,R0490_L0690
3onw,3onw_complex.pdb,C:\Users\86198\Desktop\P-P\01_cleaned_protein_pdb\3onw_complex.pdb,4,34,317,2.38,A,C,3onw_complex,R0192,L0829,R0192_L0829
3oxu,3oxu_complex.pdb,C:\Users\86198\Desktop\P-P\01_cleaned_protein_pdb\3oxu_complex.pdb,6,124,300,2.1,A,D,3oxu_complex,R0000,L0448,R0000_L0448
3p0y,3p0y_complex.pdb,C:\Users\86198\Desktop\P-P\01_cleaned_protein_pdb\3p0y_complex.pdb,3,194,223,1.8,HL,A,3p0y_complex,R0085,L0008,R0085_L0008
3p92,3p92_complex.pdb,C:\Users\86198\Desktop\P-P\01_cleaned_protein_pdb\3p92_complex.pdb,2,58,224,1.6,A,E,3p92_complex,R0291,L0440,R0291_L0440
3p95,3p95_complex.pdb,C:\Users\86198\Desktop\P-P\01_cleaned_protein_pdb\3p95_complex.pdb,2,58,224,1.3,A,E,3p95_complex,R0291,L0440,R0291_L0440
3p9w,3p9w_complex.pdb,C:\Users\86198\Desktop\P-P\01_cleaned_protein_pdb\3p9w_complex.pdb,8,96,123,2.41,E,F,3p9w_complex,R0631,L0035,R0631_L0035
3pl6,3pl6_complex.pdb,C:\Users\86198\Desktop\P-P\01_cleaned_protein_pdb\3pl6_complex.pdb,4,182,264,2.55,CD,AB,3pl6_complex,R0080,L0049,R0080_L0049
3q1s,3q1s_complex.pdb,C:\Users\86198\Desktop\P-P\01_cleaned_protein_pdb\3q1s_complex.pdb,3,124,225,2.15,HL,I,3q1s_complex,R0085,L0408,R0085_L0408
3q3g,3q3g_complex.pdb,C:\Users\86198\Desktop\P-P\01_cleaned_protein_pdb\3q3g_complex.pdb,12,189,224,2.7,BA,E,3q3g_complex,R0085,L0284,R0085_L0284
3q9n,3q9n_complex.pdb,C:\Users\86198\Desktop\P-P\01_cleaned_protein_pdb\3q9n_complex.pdb,4,140,158,2.0,A,C,3q9n_complex,R0526,L0112,R0526_L0112
3q9u,3q9u_complex.pdb,C:\Users\86198\Desktop\P-P\01_cleaned_protein_pdb\3q9u_complex.pdb,4,140,158,2.3,A,C,3q9u_complex,R0526,L0112,R0526_L0112
3qht,3qht_complex.pdb,C:\Users\86198\Desktop\P-P\01_cleaned_protein_pdb\3qht_complex.pdb,4,73,93,2.4,A,C,3qht_complex,R0216,L0534,R0216_L0534
3qi2,3qi2_complex.pdb,C:\Users\86198\Desktop\P-P\01_cleaned_protein_pdb\3qi2_complex.pdb,4,34,318,2.8,A,C,3qi2_complex,R0192,L0829,R0192_L0829
3qsk,3qsk_complex.pdb,C:\Users\86198\Desktop\P-P\01_cleaned_protein_pdb\3qsk_complex.pdb,2,123,124,1.75,A,B,3qsk_complex,R0558,L0412,R0558_L0412
3qux,3qux_complex.pdb,C:\Users\86198\Desktop\P-P\01_cleaned_protein_pdb\3qux_complex.pdb,4,96,273,2.91,CD,A,3qux_complex,R0080,L0059,R0080_L0059
3quy,3quy_complex.pdb,C:\Users\86198\Desktop\P-P\01_cleaned_protein_pdb\3quy_complex.pdb,4,98,274,2.25,CD,A,3quy_complex,R0080,L0059,R0080_L0059
3quz,3quz_complex.pdb,C:\Users\86198\Desktop\P-P\01_cleaned_protein_pdb\3quz_complex.pdb,4,96,273,2.3,CD,A,3quz_complex,R0080,L0059,R0080_L0059
3qwo,3qwo_complex.pdb,C:\Users\86198\Desktop\P-P\01_cleaned_protein_pdb\3qwo_complex.pdb,6,53,220,1.9,AB,C,3qwo_complex,R0085,L0722,R0085_L0722
3qwq,3qwq_complex.pdb,C:\Users\86198\Desktop\P-P\01_cleaned_protein_pdb\3qwq_complex.pdb,2,100,613,2.75,A,B,3qwq_complex,R0033,L0534,R0033_L0534
3r1g,3r1g_complex.pdb,C:\Users\86198\Desktop\P-P\01_cleaned_protein_pdb\3r1g_complex.pdb,3,214,381,2.8,HL,B,3r1g_complex,R0085,L0055,R0085_L0055
3rdt,3rdt_complex.pdb,C:\Users\86198\Desktop\P-P\01_cleaned_protein_pdb\3rdt_complex.pdb,4,179,238,2.7,AB,CD,3rdt_complex,R0080,L0049,R0080_L0049
3rdz,3rdz_complex.pdb,C:\Users\86198\Desktop\P-P\01_cleaned_protein_pdb\3rdz_complex.pdb,4,67,223,2.26,A,C,3rdz_complex,R0297,L0697,R0297_L0697
3rkd,3rkd_complex.pdb,C:\Users\86198\Desktop\P-P\01_cleaned_protein_pdb\3rkd_complex.pdb,6,145,224,1.9,HL,A,3rkd_complex,R0085,L0385,R0085_L0385
3rpg,3rpg_complex.pdb,C:\Users\86198\Desktop\P-P\01_cleaned_protein_pdb\3rpg_complex.pdb,3,99,149,2.65,BC,A,3rpg_complex,R0387,L0212,R0387_L0212
3rtq,3rtq_complex.pdb,C:\Users\86198\Desktop\P-P\01_cleaned_protein_pdb\3rtq_complex.pdb,4,96,273,2.8,CD,A,3rtq_complex,R0080,L0059,R0080_L0059
3ru8,3ru8_complex.pdb,C:\Users\86198\Desktop\P-P\01_cleaned_protein_pdb\3ru8_complex.pdb,3,213,277,2.07,HL,X,3ru8_complex,R0085,L0145,R0085_L0145
3rug,3rug_complex.pdb,C:\Users\86198\Desktop\P-P\01_cleaned_protein_pdb\3rug_complex.pdb,8,98,289,2.2,GH,C,3rug_complex,R0080,L0059,R0080_L0059
3rzc,3rzc_complex.pdb,C:\Users\86198\Desktop\P-P\01_cleaned_protein_pdb\3rzc_complex.pdb,4,98,274,2.8,CD,A,3rzc_complex,R0080,L0059,R0080_L0059
3rzw,3rzw_complex.pdb,C:\Users\86198\Desktop\P-P\01_cleaned_protein_pdb\3rzw_complex.pdb,4,75,89,2.15,B,C,3rzw_complex,R0641,L0630,R0641_L0630
3s2k,3s2k_complex.pdb,C:\Users\86198\Desktop\P-P\01_cleaned_protein_pdb\3s2k_complex.pdb,3,85,619,2.8,B,C,3s2k_complex,R0032,L0625,R0032_L0625
3scm,3scm_complex.pdb,C:\Users\86198\Desktop\P-P\01_cleaned_protein_pdb\3scm_complex.pdb,4,99,289,2.5,CD,A,3scm_complex,R0080,L0059,R0080_L0059
3sda,3sda_complex.pdb,C:\Users\86198\Desktop\P-P\01_cleaned_protein_pdb\3sda_complex.pdb,4,99,290,2.8,CD,A,3sda_complex,R0080,L0059,R0080_L0059
3sdd,3sdd_complex.pdb,C:\Users\86198\Desktop\P-P\01_cleaned_protein_pdb\3sdd_complex.pdb,4,99,290,3.0,CD,A,3sdd_complex,R0080,L0059,R0080_L0059
3sdy,3sdy_complex.pdb,C:\Users\86198\Desktop\P-P\01_cleaned_protein_pdb\3sdy_complex.pdb,4,172,319,2.85,HL,AB,3sdy_complex,R0085,L0023,R0085_L0023
3sgk,3sgk_complex.pdb,C:\Users\86198\Desktop\P-P\01_cleaned_protein_pdb\3sgk_complex.pdb,3,170,212,2.4,A,C,3sgk_complex,R0353,L0162,R0353_L0162
3skj,3skj_complex.pdb,C:\Users\86198\Desktop\P-P\01_cleaned_protein_pdb\3skj_complex.pdb,6,99,231,2.5,IM,F,3skj_complex,R0085,L0556,R0085_L0556
3so3,3so3_complex.pdb,C:\Users\86198\Desktop\P-P\01_cleaned_protein_pdb\3so3_complex.pdb,3,216,241,2.1,CB,A,3so3_complex,R0085,L0069,R0085_L0069
3sqo,3sqo_complex.pdb,C:\Users\86198\Desktop\P-P\01_cleaned_protein_pdb\3sqo_complex.pdb,4,92,529,2.7,HL,A,3sqo_complex,R0085,L0011,R0085_L0011
3t04,3t04_complex.pdb,C:\Users\86198\Desktop\P-P\01_cleaned_protein_pdb\3t04_complex.pdb,2,98,103,2.1,A,D,3t04_complex,R0599,L0534,R0599_L0534
3t2n,3t2n_complex.pdb,C:\Users\86198\Desktop\P-P\01_cleaned_protein_pdb\3t2n_complex.pdb,6,211,370,2.55,IM,B,3t2n_complex,R0026,L0069,R0026_L0069
3tg1,3tg1_complex.pdb,C:\Users\86198\Desktop\P-P\01_cleaned_protein_pdb\3tg1_complex.pdb,2,140,348,2.71,A,B,3tg1_complex,R0163,L0403,R0163_L0403
3tgk,3tgk_complex.pdb,C:\Users\86198\Desktop\P-P\01_cleaned_protein_pdb\3tgk_complex.pdb,2,56,222,1.7,E,I,3tgk_complex,R0297,L0334,R0297_L0334
3thm,3thm_complex.pdb,C:\Users\86198\Desktop\P-P\01_cleaned_protein_pdb\3thm_complex.pdb,3,79,233,2.1,HL,F,3thm_complex,R0026,L0509,R0026_L0509
3tje,3tje_complex.pdb,C:\Users\86198\Desktop\P-P\01_cleaned_protein_pdb\3tje_complex.pdb,3,109,235,1.93,HL,F,3tje_complex,R0085,L0509,R0085_L0509
3tsr,3tsr_complex.pdb,C:\Users\86198\Desktop\P-P\01_cleaned_protein_pdb\3tsr_complex.pdb,8,122,457,2.2,D,H,3tsr_complex,R0558,L0029,R0558_L0029
3tvj,3tvj_complex.pdb,C:\Users\86198\Desktop\P-P\01_cleaned_protein_pdb\3tvj_complex.pdb,3,35,242,1.28,AB,I,3tvj_complex,R0197,L0200,R0197_L0200
3tvm,3tvm_complex.pdb,C:\Users\86198\Desktop\P-P\01_cleaned_protein_pdb\3tvm_complex.pdb,8,97,274,2.8,GH,E,3tvm_complex,R0080,L0059,R0080_L0059
3uc0,3uc0_complex.pdb,C:\Users\86198\Desktop\P-P\01_cleaned_protein_pdb\3uc0_complex.pdb,6,114,223,2.71,HL,A,3uc0_complex,R0085,L0449,R0085_L0449
3uir,3uir_complex.pdb,C:\Users\86198\Desktop\P-P\01_cleaned_protein_pdb\3uir_complex.pdb,4,56,247,2.78,B,D,3uir_complex,R0291,L0334,R0291_L0334
3ux9,3ux9_complex.pdb,C:\Users\86198\Desktop\P-P\01_cleaned_protein_pdb\3ux9_complex.pdb,4,148,230,2.8,C,D,3ux9_complex,R0508,L0182,R0508_L0182
3uyo,3uyo_complex.pdb,C:\Users\86198\Desktop\P-P\01_cleaned_protein_pdb\3uyo_complex.pdb,2,94,114,1.83,A,D,3uyo_complex,R0599,L0534,R0599_L0534
3uyp,3uyp_complex.pdb,C:\Users\86198\Desktop\P-P\01_cleaned_protein_pdb\3uyp_complex.pdb,2,96,226,2.0,A,B,3uyp_complex,R0311,L0003,R0311_L0003
3uze,3uze_complex.pdb,C:\Users\86198\Desktop\P-P\01_cleaned_protein_pdb\3uze_complex.pdb,4,94,244,2.04,A,C,3uze_complex,R0026,L0003,R0026_L0003
3uzq,3uzq_complex.pdb,C:\Users\86198\Desktop\P-P\01_cleaned_protein_pdb\3uzq_complex.pdb,2,95,243,1.6,A,B,3uzq_complex,R0026,L0003,R0026_L0003
3uzv,3uzv_complex.pdb,C:\Users\86198\Desktop\P-P\01_cleaned_protein_pdb\3uzv_complex.pdb,2,100,243,2.1,A,B,3uzv_complex,R0626,L0181,R0626_L0181
3v4y,3v4y_complex.pdb,C:\Users\86198\Desktop\P-P\01_cleaned_protein_pdb\3v4y_complex.pdb,8,39,297,2.1,A,B,3v4y_complex,R0220,L0759,R0220_L0759
3v6o,3v6o_complex.pdb,C:\Users\86198\Desktop\P-P\01_cleaned_protein_pdb\3v6o_complex.pdb,6,202,220,1.95,DF,B,3v6o_complex,R0085,L0253,R0085_L0253
3v96,3v96_complex.pdb,C:\Users\86198\Desktop\P-P\01_cleaned_protein_pdb\3v96_complex.pdb,2,159,178,1.9,A,B,3v96_complex,R0431,L0204,R0431_L0204
3vg9,3vg9_complex.pdb,C:\Users\86198\Desktop\P-P\01_cleaned_protein_pdb\3vg9_complex.pdb,3,212,304,2.7,CB,A,3vg9_complex,R0085,L0109,R0085_L0109
3vux,3vux_complex.pdb,C:\Users\86198\Desktop\P-P\01_cleaned_protein_pdb\3vux_complex.pdb,6,32,76,1.7,A,G,3vux_complex,R0340,L0836,R0340_L0836
3vwk,3vwk_complex.pdb,C:\Users\86198\Desktop\P-P\01_cleaned_protein_pdb\3vwk_complex.pdb,4,96,271,2.94,CD,A,3vwk_complex,R0080,L0059,R0080_L0059
3w9e,3w9e_complex.pdb,C:\Users\86198\Desktop\P-P\01_cleaned_protein_pdb\3w9e_complex.pdb,3,211,229,2.3,AB,C,3w9e_complex,R0085,L0203,R0085_L0203
3wih,3wih_complex.pdb,C:\Users\86198\Desktop\P-P\01_cleaned_protein_pdb\3wih_complex.pdb,6,96,219,1.7,IM,B,3wih_complex,R0085,L0573,R0085_L0573
3wn5,3wn5_complex.pdb,C:\Users\86198\Desktop\P-P\01_cleaned_protein_pdb\3wn5_complex.pdb,6,171,212,2.78,AB,C,3wn5_complex,R0100,L0162,R0100_L0162
3wwk,3wwk_complex.pdb,C:\Users\86198\Desktop\P-P\01_cleaned_protein_pdb\3wwk_complex.pdb,12,122,135,2.98,A,C,3wwk_complex,R0270,L0459,R0270_L0459
3wwq,3wwq_complex.pdb,C:\Users\86198\Desktop\P-P\01_cleaned_protein_pdb\3wwq_complex.pdb,12,37,76,1.9,AH,C,3wwq_complex,R0340,L0817,R0340_L0817
3zkq,3zkq_complex.pdb,C:\Users\86198\Desktop\P-P\01_cleaned_protein_pdb\3zkq_complex.pdb,2,113,386,1.51,A,D,3zkq_complex,R0134,L0181,R0134_L0181
3znz,3znz_complex.pdb,C:\Users\86198\Desktop\P-P\01_cleaned_protein_pdb\3znz_complex.pdb,2,146,274,1.9,A,B,3znz_complex,R0249,L0386,R0249_L0386
3zo0,3zo0_complex.pdb,C:\Users\86198\Desktop\P-P\01_cleaned_protein_pdb\3zo0_complex.pdb,2,180,208,1.99,A,B,3zo0_complex,R0353,L0298,R0353_L0298
3zu7,3zu7_complex.pdb,C:\Users\86198\Desktop\P-P\01_cleaned_protein_pdb\3zu7_complex.pdb,2,154,344,1.97,A,B,3zu7_complex,R0163,L0112,R0163_L0112
3zuv,3zuv_complex.pdb,C:\Users\86198\Desktop\P-P\01_cleaned_protein_pdb\3zuv_complex.pdb,4,122,357,2.72,C,D,3zuv_complex,R0163,L0112,R0163_L0112
3zwz,3zwz_complex.pdb,C:\Users\86198\Desktop\P-P\01_cleaned_protein_pdb\3zwz_complex.pdb,2,36,297,2.1,A,B,3zwz_complex,R0128,L0826,R0128_L0826
3zyi,3zyi_complex.pdb,C:\Users\86198\Desktop\P-P\01_cleaned_protein_pdb\3zyi_complex.pdb,2,330,398,2.6,A,B,3zyi_complex,R0122,L0086,R0122_L0086
4a49,4a49_complex.pdb,C:\Users\86198\Desktop\P-P\01_cleaned_protein_pdb\4a49_complex.pdb,2,76,146,2.21,A,B,4a49_complex,R0678,L0212,R0678_L0212
4a94,4a94_complex.pdb,C:\Users\86198\Desktop\P-P\01_cleaned_protein_pdb\4a94_complex.pdb,4,51,302,1.7,B,C,4a94_complex,R0142,L0769,R0142_L0769
4aei,4aei_complex.pdb,C:\Users\86198\Desktop\P-P\01_cleaned_protein_pdb\4aei_complex.pdb,9,64,221,2.3,JN,C,4aei_complex,R0085,L0704,R0085_L0704
4al8,4al8_complex.pdb,C:\Users\86198\Desktop\P-P\01_cleaned_protein_pdb\4al8_complex.pdb,3,98,216,1.66,HL,C,4al8_complex,R0085,L0003,R0085_L0003
4ala,4ala_complex.pdb,C:\Users\86198\Desktop\P-P\01_cleaned_protein_pdb\4ala_complex.pdb,3,92,217,1.84,HL,C,4ala_complex,R0085,L0003,R0085_L0003
4an7,4an7_complex.pdb,C:\Users\86198\Desktop\P-P\01_cleaned_protein_pdb\4an7_complex.pdb,2,174,223,2.23,A,B,4an7_complex,R0297,L0312,R0297_L0312
4aoq,4aoq_complex.pdb,C:\Users\86198\Desktop\P-P\01_cleaned_protein_pdb\4aoq_complex.pdb,6,34,223,2.0,C,F,4aoq_complex,R0297,L0086,R0297_L0086
4aor,4aor_complex.pdb,C:\Users\86198\Desktop\P-P\01_cleaned_protein_pdb\4aor_complex.pdb,6,34,223,1.7,A,D,4aor_complex,R0297,L0086,R0297_L0086
4auq,4auq_complex.pdb,C:\Users\86198\Desktop\P-P\01_cleaned_protein_pdb\4auq_complex.pdb,6,57,146,2.18,AB,C,4auq_complex,R0379,L0212,R0379_L0212
4ayd,4ayd_complex.pdb,C:\Users\86198\Desktop\P-P\01_cleaned_protein_pdb\4ayd_complex.pdb,6,120,247,2.4,A,D,4ayd_complex,R0569,L0180,R0569_L0180
4aye,4aye_complex.pdb,C:\Users\86198\Desktop\P-P\01_cleaned_protein_pdb\4aye_complex.pdb,6,120,243,2.8,A,D,4aye_complex,R0569,L0180,R0569_L0180
4ayi,4ayi_complex.pdb,C:\Users\86198\Desktop\P-P\01_cleaned_protein_pdb\4ayi_complex.pdb,3,119,243,2.31,A,D,4ayi_complex,R0569,L0184,R0569_L0184
4b1y,4b1y_complex.pdb,C:\Users\86198\Desktop\P-P\01_cleaned_protein_pdb\4b1y_complex.pdb,2,30,375,1.29,B,M,4b1y_complex,R0150,L0040,R0150_L0040
4bd9,4bd9_complex.pdb,C:\Users\86198\Desktop\P-P\01_cleaned_protein_pdb\4bd9_complex.pdb,2,165,304,2.2,A,B,4bd9_complex,R0142,L0334,R0142_L0334
4brw,4brw_complex.pdb,C:\Users\86198\Desktop\P-P\01_cleaned_protein_pdb\4brw_complex.pdb,2,30,376,2.8,A,B,4brw_complex,R0148,L0351,R0148_L0351
4cj0,4cj0_complex.pdb,C:\Users\86198\Desktop\P-P\01_cleaned_protein_pdb\4cj0_complex.pdb,2,65,534,1.1,A,B,4cj0_complex,R0046,L0698,R0046_L0698
4cj1,4cj1_complex.pdb,C:\Users\86198\Desktop\P-P\01_cleaned_protein_pdb\4cj1_complex.pdb,2,67,544,1.63,A,B,4cj1_complex,R0046,L0698,R0046_L0698
4cj2,4cj2_complex.pdb,C:\Users\86198\Desktop\P-P\01_cleaned_protein_pdb\4cj2_complex.pdb,4,62,129,1.5,A,D,4cj2_complex,R0549,L0698,R0549_L0698
4cmh,4cmh_complex.pdb,C:\Users\86198\Desktop\P-P\01_cleaned_protein_pdb\4cmh_complex.pdb,3,213,240,1.53,BC,A,4cmh_complex,R0085,L0189,R0085_L0189
4cmm,4cmm_complex.pdb,C:\Users\86198\Desktop\P-P\01_cleaned_protein_pdb\4cmm_complex.pdb,2,117,119,1.92,A,B,4cmm_complex,R0577,L0471,R0577_L0471
4cni,4cni_complex.pdb,C:\Users\86198\Desktop\P-P\01_cleaned_protein_pdb\4cni_complex.pdb,6,171,220,2.2,AB,D,4cni_complex,R0085,L0316,R0085_L0316
4d9q,4d9q_complex.pdb,C:\Users\86198\Desktop\P-P\01_cleaned_protein_pdb\4d9q_complex.pdb,6,213,228,2.28,HL,A,4d9q_complex,R0085,L0206,R0085_L0206
4d9r,4d9r_complex.pdb,C:\Users\86198\Desktop\P-P\01_cleaned_protein_pdb\4d9r_complex.pdb,6,213,228,2.42,ED,B,4d9r_complex,R0085,L0206,R0085_L0206
4dg4,4dg4_complex.pdb,C:\Users\86198\Desktop\P-P\01_cleaned_protein_pdb\4dg4_complex.pdb,8,58,224,1.4,B,C,4dg4_complex,R0291,L0334,R0291_L0334
4dge,4dge_complex.pdb,C:\Users\86198\Desktop\P-P\01_cleaned_protein_pdb\4dge_complex.pdb,4,143,164,2.2,B,D,4dge_complex,R0449,L0234,R0449_L0234
4dgi,4dgi_complex.pdb,C:\Users\86198\Desktop\P-P\01_cleaned_protein_pdb\4dgi_complex.pdb,3,97,218,2.4,HL,A,4dgi_complex,R0085,L0541,R0085_L0541
4dkd,4dkd_complex.pdb,C:\Users\86198\Desktop\P-P\01_cleaned_protein_pdb\4dkd_complex.pdb,3,160,276,3.0,A,C,4dkd_complex,R0458,L0027,R0458_L0027
4dke,4dke_complex.pdb,C:\Users\86198\Desktop\P-P\01_cleaned_protein_pdb\4dke_complex.pdb,6,148,225,3.0,HL,A,4dke_complex,R0085,L0351,R0085_L0351
4dkf,4dkf_complex.pdb,C:\Users\86198\Desktop\P-P\01_cleaned_protein_pdb\4dkf_complex.pdb,6,146,217,2.61,IM,B,4dkf_complex,R0085,L0351,R0085_L0351
4dn4,4dn4_complex.pdb,C:\Users\86198\Desktop\P-P\01_cleaned_protein_pdb\4dn4_complex.pdb,3,61,219,2.8,HL,M,4dn4_complex,R0085,L0690,R0085_L0690
4doq,4doq_complex.pdb,C:\Users\86198\Desktop\P-P\01_cleaned_protein_pdb\4doq_complex.pdb,5,47,223,2.0,C,D,4doq_complex,R0297,L0775,R0297_L0775
4drx,4drx_complex.pdb,C:\Users\86198\Desktop\P-P\01_cleaned_protein_pdb\4drx_complex.pdb,6,155,436,2.22,B,F,4drx_complex,R0012,L0112,R0012_L0112
4dtg,4dtg_complex.pdb,C:\Users\86198\Desktop\P-P\01_cleaned_protein_pdb\4dtg_complex.pdb,3,60,221,1.8,HL,K,4dtg_complex,R0085,L0334,R0085_L0334
4dxa,4dxa_complex.pdb,C:\Users\86198\Desktop\P-P\01_cleaned_protein_pdb\4dxa_complex.pdb,2,168,311,1.95,A,B,4dxa_complex,R0425,L0102,R0425_L0102
4dzu,4dzu_complex.pdb,C:\Users\86198\Desktop\P-P\01_cleaned_protein_pdb\4dzu_complex.pdb,2,38,198,2.1,A,B,4dzu_complex,R0392,L0818,R0392_L0818
4edw,4edw_complex.pdb,C:\Users\86198\Desktop\P-P\01_cleaned_protein_pdb\4edw_complex.pdb,3,108,221,2.48,HL,V,4edw_complex,R0085,L0516,R0085_L0516
4eee,4eee_complex.pdb,C:\Users\86198\Desktop\P-P\01_cleaned_protein_pdb\4eee_complex.pdb,4,115,156,2.71,C,D,4eee_complex,R0595,L0357,R0595_L0357
4eig,4eig_complex.pdb,C:\Users\86198\Desktop\P-P\01_cleaned_protein_pdb\4eig_complex.pdb,2,117,159,2.5,A,B,4eig_complex,R0486,L0181,R0486_L0181
4eiz,4eiz_complex.pdb,C:\Users\86198\Desktop\P-P\01_cleaned_protein_pdb\4eiz_complex.pdb,4,127,159,2.2,A,D,4eiz_complex,R0486,L0412,R0486_L0412
4ekd,4ekd_complex.pdb,C:\Users\86198\Desktop\P-P\01_cleaned_protein_pdb\4ekd_complex.pdb,2,132,318,2.71,A,B,4ekd_complex,R0192,L0427,R0192_L0427
4en3,4en3_complex.pdb,C:\Users\86198\Desktop\P-P\01_cleaned_protein_pdb\4en3_complex.pdb,4,99,253,2.57,AB,C,4en3_complex,R0080,L0059,R0080_L0059
4ers,4ers_complex.pdb,C:\Users\86198\Desktop\P-P\01_cleaned_protein_pdb\4ers_complex.pdb,3,96,231,2.64,HL,A,4ers_complex,R0085,L0526,R0085_L0526
4etq,4etq_complex.pdb,C:\Users\86198\Desktop\P-P\01_cleaned_protein_pdb\4etq_complex.pdb,6,212,235,2.1,AB,X,4etq_complex,R0085,L0196,R0085_L0196
4exp,4exp_complex.pdb,C:\Users\86198\Desktop\P-P\01_cleaned_protein_pdb\4exp_complex.pdb,2,171,283,2.8,A,X,4exp_complex,R0458,L0027,R0458_L0027
4f37,4f37_complex.pdb,C:\Users\86198\Desktop\P-P\01_cleaned_protein_pdb\4f37_complex.pdb,6,102,225,2.57,FK,B,4f37_complex,R0085,L0540,R0085_L0540
4f3f,4f3f_complex.pdb,C:\Users\86198\Desktop\P-P\01_cleaned_protein_pdb\4f3f_complex.pdb,3,59,219,2.65,BA,C,4f3f_complex,R0085,L0746,R0085_L0746
4f6r,4f6r_complex.pdb,C:\Users\86198\Desktop\P-P\01_cleaned_protein_pdb\4f6r_complex.pdb,4,79,437,2.64,AB,C,4f6r_complex,R0012,L0643,R0012_L0643
4ffy,4ffy_complex.pdb,C:\Users\86198\Desktop\P-P\01_cleaned_protein_pdb\4ffy_complex.pdb,3,97,119,2.5,HL,A,4ffy_complex,R0026,L0003,R0026_L0003
4fqi,4fqi_complex.pdb,C:\Users\86198\Desktop\P-P\01_cleaned_protein_pdb\4fqi_complex.pdb,4,176,324,1.71,HL,AB,4fqi_complex,R0026,L0023,R0026_L0023
4fqj,4fqj_complex.pdb,C:\Users\86198\Desktop\P-P\01_cleaned_protein_pdb\4fqj_complex.pdb,3,215,294,2.5,HL,A,4fqj_complex,R0026,L0124,R0026_L0124
4g3y,4g3y_complex.pdb,C:\Users\86198\Desktop\P-P\01_cleaned_protein_pdb\4g3y_complex.pdb,3,148,220,2.6,HL,C,4g3y_complex,R0085,L0367,R0085_L0367
4g6j,4g6j_complex.pdb,C:\Users\86198\Desktop\P-P\01_cleaned_protein_pdb\4g6j_complex.pdb,3,149,218,2.03,HL,A,4g6j_complex,R0085,L0370,R0085_L0370
4g6m,4g6m_complex.pdb,C:\Users\86198\Desktop\P-P\01_cleaned_protein_pdb\4g6m_complex.pdb,3,150,220,1.81,HL,A,4g6m_complex,R0085,L0370,R0085_L0370
4gla,4gla_complex.pdb,C:\Users\86198\Desktop\P-P\01_cleaned_protein_pdb\4gla_complex.pdb,4,89,129,2.75,A,D,4gla_complex,R0549,L0507,R0549_L0507
4glv,4glv_complex.pdb,C:\Users\86198\Desktop\P-P\01_cleaned_protein_pdb\4glv_complex.pdb,8,106,129,2.57,A,B,4glv_complex,R0549,L0507,R0549_L0507
4gms,4gms_complex.pdb,C:\Users\86198\Desktop\P-P\01_cleaned_protein_pdb\4gms_complex.pdb,12,171,316,2.95,HL,A,4gms_complex,R0085,L0092,R0085_L0092
4gn3,4gn3_complex.pdb,C:\Users\86198\Desktop\P-P\01_cleaned_protein_pdb\4gn3_complex.pdb,18,108,129,1.95,A,B,4gn3_complex,R0549,L0507,R0549_L0507
4gn4,4gn4_complex.pdb,C:\Users\86198\Desktop\P-P\01_cleaned_protein_pdb\4gn4_complex.pdb,2,108,129,1.86,B,A,4gn4_complex,R0615,L0431,R0615_L0431
4gn5,4gn5_complex.pdb,C:\Users\86198\Desktop\P-P\01_cleaned_protein_pdb\4gn5_complex.pdb,4,107,129,1.86,B,C,4gn5_complex,R0615,L0431,R0615_L0431
4grl,4grl_complex.pdb,C:\Users\86198\Desktop\P-P\01_cleaned_protein_pdb\4grl_complex.pdb,4,182,264,2.86,CD,AB,4grl_complex,R0080,L0049,R0080_L0049
4h2s,4h2s_complex.pdb,C:\Users\86198\Desktop\P-P\01_cleaned_protein_pdb\4h2s_complex.pdb,4,37,297,2.15,B,D,4h2s_complex,R0221,L0666,R0221_L0666
4h2w,4h2w_complex.pdb,C:\Users\86198\Desktop\P-P\01_cleaned_protein_pdb\4h2w_complex.pdb,4,75,296,1.95,A,D,4h2w_complex,R0221,L0656,R0221_L0656
4h88,4h88_complex.pdb,C:\Users\86198\Desktop\P-P\01_cleaned_protein_pdb\4h88_complex.pdb,3,102,218,1.9,HL,A,4h88_complex,R0085,L0541,R0085_L0541
4hcn,4hcn_complex.pdb,C:\Users\86198\Desktop\P-P\01_cleaned_protein_pdb\4hcn_complex.pdb,2,77,250,2.6,A,B,4hcn_complex,R0288,L0212,R0288_L0212
4hcp,4hcp_complex.pdb,C:\Users\86198\Desktop\P-P\01_cleaned_protein_pdb\4hcp_complex.pdb,2,75,250,2.52,A,B,4hcp_complex,R0288,L0212,R0288_L0212
4hdo,4hdo_complex.pdb,C:\Users\86198\Desktop\P-P\01_cleaned_protein_pdb\4hdo_complex.pdb,2,167,314,1.67,A,B,4hdo_complex,R0206,L0317,R0206_L0317
4hem,4hem_complex.pdb,C:\Users\86198\Desktop\P-P\01_cleaned_protein_pdb\4hem_complex.pdb,6,122,131,1.65,B,E,4hem_complex,R0478,L0412,R0478_L0412
4hep,4hep_complex.pdb,C:\Users\86198\Desktop\P-P\01_cleaned_protein_pdb\4hep_complex.pdb,2,130,162,1.75,A,G,4hep_complex,R0478,L0412,R0478_L0412
4hgm,4hgm_complex.pdb,C:\Users\86198\Desktop\P-P\01_cleaned_protein_pdb\4hgm_complex.pdb,2,103,489,2.34,A,B,4hgm_complex,R0092,L0012,R0092_L0012
4hj0,4hj0_complex.pdb,C:\Users\86198\Desktop\P-P\01_cleaned_protein_pdb\4hj0_complex.pdb,6,91,215,3.0,PQ,A,4hj0_complex,R0026,L0526,R0026_L0526
4hjj,4hjj_complex.pdb,C:\Users\86198\Desktop\P-P\01_cleaned_protein_pdb\4hjj_complex.pdb,3,157,348,2.1,HL,A,4hjj_complex,R0026,L0357,R0026_L0357
4hkx,4hkx_complex.pdb,C:\Users\86198\Desktop\P-P\01_cleaned_protein_pdb\4hkx_complex.pdb,3,211,226,2.5,AB,E,4hkx_complex,R0026,L0023,R0026_L0023
4hlz,4hlz_complex.pdb,C:\Users\86198\Desktop\P-P\01_cleaned_protein_pdb\4hlz_complex.pdb,12,172,324,2.9,IJ,D,4hlz_complex,R0085,L0023,R0085_L0023
4hrl,4hrl_complex.pdb,C:\Users\86198\Desktop\P-P\01_cleaned_protein_pdb\4hrl_complex.pdb,2,162,169,2.55,C,A,4hrl_complex,R0033,L0112,R0033_L0112
4i0c,4i0c_complex.pdb,C:\Users\86198\Desktop\P-P\01_cleaned_protein_pdb\4i0c_complex.pdb,4,126,130,1.95,A,D,4i0c_complex,R0549,L0412,R0549_L0412
4i2x,4i2x_complex.pdb,C:\Users\86198\Desktop\P-P\01_cleaned_protein_pdb\4i2x_complex.pdb,6,214,316,2.48,BA,E,4i2x_complex,R0085,L0097,R0085_L0097
4i3r,4i3r_complex.pdb,C:\Users\86198\Desktop\P-P\01_cleaned_protein_pdb\4i3r_complex.pdb,3,190,228,3.0,HL,G,4i3r_complex,R0085,L0070,R0085_L0070
4i6l,4i6l_complex.pdb,C:\Users\86198\Desktop\P-P\01_cleaned_protein_pdb\4i6l_complex.pdb,2,75,229,2.49,A,B,4i6l_complex,R0331,L0212,R0331_L0212
4i77,4i77_complex.pdb,C:\Users\86198\Desktop\P-P\01_cleaned_protein_pdb\4i77_complex.pdb,3,101,219,1.9,HL,Z,4i77_complex,R0085,L0491,R0085_L0491
4i9x,4i9x_complex.pdb,C:\Users\86198\Desktop\P-P\01_cleaned_protein_pdb\4i9x_complex.pdb,4,103,206,2.1,B,C,4i9x_complex,R0375,L0512,R0375_L0512
4ic7,4ic7_complex.pdb,C:\Users\86198\Desktop\P-P\01_cleaned_protein_pdb\4ic7_complex.pdb,4,111,355,2.6,A,B,4ic7_complex,R0163,L0457,R0163_L0457
4iiq,4iiq_complex.pdb,C:\Users\86198\Desktop\P-P\01_cleaned_protein_pdb\4iiq_complex.pdb,3,199,359,2.86,AB,C,4iiq_complex,R0080,L0048,R0080_L0048
4ij3,4ij3_complex.pdb,C:\Users\86198\Desktop\P-P\01_cleaned_protein_pdb\4ij3_complex.pdb,3,214,237,2.7,CB,A,4ij3_complex,R0085,L0192,R0085_L0192
4ilw,4ilw_complex.pdb,C:\Users\86198\Desktop\P-P\01_cleaned_protein_pdb\4ilw_complex.pdb,4,159,182,2.1,A,D,4ilw_complex,R0431,L0204,R0431_L0204
4ios,4ios_complex.pdb,C:\Users\86198\Desktop\P-P\01_cleaned_protein_pdb\4ios_complex.pdb,8,99,121,2.4,C,F,4ios_complex,R0478,L0412,R0478_L0412
4j2y,4j2y_complex.pdb,C:\Users\86198\Desktop\P-P\01_cleaned_protein_pdb\4j2y_complex.pdb,2,174,223,2.0,A,B,4j2y_complex,R0448,L0211,R0448_L0211
4j4p,4j4p_complex.pdb,C:\Users\86198\Desktop\P-P\01_cleaned_protein_pdb\4j4p_complex.pdb,6,215,317,2.91,CD,B,4j4p_complex,R0026,L0096,R0026_L0096
4jb8,4jb8_complex.pdb,C:\Users\86198\Desktop\P-P\01_cleaned_protein_pdb\4jb8_complex.pdb,3,92,158,1.7,AB,P,4jb8_complex,R0298,L0112,R0298_L0112
4je4,4je4_complex.pdb,C:\Users\86198\Desktop\P-P\01_cleaned_protein_pdb\4je4_complex.pdb,2,93,102,2.31,A,B,4je4_complex,R0583,L0534,R0583_L0534
4jeg,4jeg_complex.pdb,C:\Users\86198\Desktop\P-P\01_cleaned_protein_pdb\4jeg_complex.pdb,2,93,118,2.3,A,B,4jeg_complex,R0583,L0534,R0583_L0534
4jkp,4jkp_complex.pdb,C:\Users\86198\Desktop\P-P\01_cleaned_protein_pdb\4jkp_complex.pdb,3,207,344,2.82,HL,G,4jkp_complex,R0085,L0070,R0085_L0070
4jlr,4jlr_complex.pdb,C:\Users\86198\Desktop\P-P\01_cleaned_protein_pdb\4jlr_complex.pdb,6,103,220,2.71,AB,C,4jlr_complex,R0085,L0495,R0085_L0495
4jpk,4jpk_complex.pdb,C:\Users\86198\Desktop\P-P\01_cleaned_protein_pdb\4jpk_complex.pdb,3,169,221,2.4,HL,A,4jpk_complex,R0085,L0321,R0085_L0321
4jra,4jra_complex.pdb,C:\Users\86198\Desktop\P-P\01_cleaned_protein_pdb\4jra_complex.pdb,4,85,422,2.3,A,D,4jra_complex,R0093,L0570,R0093_L0570
4jw2,4jw2_complex.pdb,C:\Users\86198\Desktop\P-P\01_cleaned_protein_pdb\4jw2_complex.pdb,2,73,190,1.9,A,B,4jw2_complex,R0487,L0179,R0487_L0179
4jw3,4jw3_complex.pdb,C:\Users\86198\Desktop\P-P\01_cleaned_protein_pdb\4jw3_complex.pdb,4,96,112,2.6,B,D,4jw3_complex,R0604,L0179,R0604_L0179
4jzj,4jzj_complex.pdb,C:\Users\86198\Desktop\P-P\01_cleaned_protein_pdb\4jzj_complex.pdb,6,219,266,2.8,AB,D,4jzj_complex,R0085,L0156,R0085_L0156
4k1r,4k1r_complex.pdb,C:\Users\86198\Desktop\P-P\01_cleaned_protein_pdb\4k1r_complex.pdb,4,76,189,1.63,A,B,4k1r_complex,R0415,L0212,R0415_L0212
4k2u,4k2u_complex.pdb,C:\Users\86198\Desktop\P-P\01_cleaned_protein_pdb\4k2u_complex.pdb,6,200,275,2.45,HL,A,4k2u_complex,R0026,L0170,R0026_L0170
4k3j,4k3j_complex.pdb,C:\Users\86198\Desktop\P-P\01_cleaned_protein_pdb\4k3j_complex.pdb,4,217,509,2.8,HL,B,4k3j_complex,R0085,L0022,R0085_L0022
4k5a,4k5a_complex.pdb,C:\Users\86198\Desktop\P-P\01_cleaned_protein_pdb\4k5a_complex.pdb,2,161,164,1.5,A,B,4k5a_complex,R0473,L0112,R0473_L0112
4k5b,4k5b_complex.pdb,C:\Users\86198\Desktop\P-P\01_cleaned_protein_pdb\4k5b_complex.pdb,4,144,156,1.85,B,C,4k5b_complex,R0404,L0390,R0404_L0390
4k71,4k71_complex.pdb,C:\Users\86198\Desktop\P-P\01_cleaned_protein_pdb\4k71_complex.pdb,6,99,584,2.4,BC,A,4k71_complex,R0153,L0012,R0153_L0012
4k81,4k81_complex.pdb,C:\Users\86198\Desktop\P-P\01_cleaned_protein_pdb\4k81_complex.pdb,8,171,251,2.4,C,D,4k81_complex,R0286,L0317,R0286_L0317
4k94,4k94_complex.pdb,C:\Users\86198\Desktop\P-P\01_cleaned_protein_pdb\4k94_complex.pdb,3,199,217,2.4,HL,C,4k94_complex,R0085,L0260,R0085_L0260
4k9e,4k9e_complex.pdb,C:\Users\86198\Desktop\P-P\01_cleaned_protein_pdb\4k9e_complex.pdb,3,199,226,2.7,HL,C,4k9e_complex,R0085,L0260,R0085_L0260
4kfz,4kfz_complex.pdb,C:\Users\86198\Desktop\P-P\01_cleaned_protein_pdb\4kfz_complex.pdb,4,127,148,2.8,B,D,4kfz_complex,R0509,L0205,R0509_L0205
4kht,4kht_complex.pdb,C:\Users\86198\Desktop\P-P\01_cleaned_protein_pdb\4kht_complex.pdb,3,66,219,2.82,HL,A,4kht_complex,R0026,L0709,R0026_L0709
4khx,4khx_complex.pdb,C:\Users\86198\Desktop\P-P\01_cleaned_protein_pdb\4khx_complex.pdb,3,66,217,2.92,HL,A,4khx_complex,R0085,L0709,R0085_L0709
4kjy,4kjy_complex.pdb,C:\Users\86198\Desktop\P-P\01_cleaned_protein_pdb\4kjy_complex.pdb,4,113,116,1.93,C,D,4kjy_complex,R0600,L0097,R0600_L0097
4kr0,4kr0_complex.pdb,C:\Users\86198\Desktop\P-P\01_cleaned_protein_pdb\4kr0_complex.pdb,2,208,728,2.7,A,B,4kr0_complex,R0023,L0240,R0023_L0240
4krl,4krl_complex.pdb,C:\Users\86198\Desktop\P-P\01_cleaned_protein_pdb\4krl_complex.pdb,2,122,205,2.85,B,A,4krl_complex,R0092,L0008,R0092_L0008
4krp,4krp_complex.pdb,C:\Users\86198\Desktop\P-P\01_cleaned_protein_pdb\4krp_complex.pdb,4,124,534,2.82,DC,A,4krp_complex,R0085,L0008,R0085_L0008
4kv5,4kv5_complex.pdb,C:\Users\86198\Desktop\P-P\01_cleaned_protein_pdb\4kv5_complex.pdb,8,112,230,3.0,A,H,4kv5_complex,R0412,L0181,R0412_L0181
4kvg,4kvg_complex.pdb,C:\Users\86198\Desktop\P-P\01_cleaned_protein_pdb\4kvg_complex.pdb,4,166,260,1.65,A,B,4kvg_complex,R0425,L0164,R0425_L0164
4kxz,4kxz_complex.pdb,C:\Users\86198\Desktop\P-P\01_cleaned_protein_pdb\4kxz_complex.pdb,12,112,223,2.83,HL,A,4kxz_complex,R0085,L0497,R0085_L0497
4lad,4lad_complex.pdb,C:\Users\86198\Desktop\P-P\01_cleaned_protein_pdb\4lad_complex.pdb,2,69,163,2.3,A,B,4lad_complex,R0477,L0685,R0477_L0685
4leo,4leo_complex.pdb,C:\Users\86198\Desktop\P-P\01_cleaned_protein_pdb\4leo_complex.pdb,3,219,604,2.64,AB,C,4leo_complex,R0085,L0009,R0085_L0009
4lgp,4lgp_complex.pdb,C:\Users\86198\Desktop\P-P\01_cleaned_protein_pdb\4lgp_complex.pdb,4,115,261,2.4,C,D,4lgp_complex,R0264,L0205,R0264_L0205
4lgr,4lgr_complex.pdb,C:\Users\86198\Desktop\P-P\01_cleaned_protein_pdb\4lgr_complex.pdb,2,122,255,1.65,A,B,4lgr_complex,R0264,L0412,R0264_L0412
4liq,4liq_complex.pdb,C:\Users\86198\Desktop\P-P\01_cleaned_protein_pdb\4liq_complex.pdb,3,213,481,2.6,HL,E,4liq_complex,R0085,L0027,R0085_L0027
4lmq,4lmq_complex.pdb,C:\Users\86198\Desktop\P-P\01_cleaned_protein_pdb\4lmq_complex.pdb,6,58,220,2.77,HL,D,4lmq_complex,R0085,L0749,R0085_L0749
4ln0,4ln0_complex.pdb,C:\Users\86198\Desktop\P-P\01_cleaned_protein_pdb\4ln0_complex.pdb,3,50,221,2.9,B,C,4ln0_complex,R0350,L0163,R0350_L0163
4lqf,4lqf_complex.pdb,C:\Users\86198\Desktop\P-P\01_cleaned_protein_pdb\4lqf_complex.pdb,3,86,219,2.3,HL,A,4lqf_complex,R0085,L0314,R0085_L0314
4lqw,4lqw_complex.pdb,C:\Users\86198\Desktop\P-P\01_cleaned_protein_pdb\4lqw_complex.pdb,4,145,169,1.95,A,D,4lqw_complex,R0449,L0234,R0449_L0234
4lu5,4lu5_complex.pdb,C:\Users\86198\Desktop\P-P\01_cleaned_protein_pdb\4lu5_complex.pdb,6,88,219,2.9,HL,B,4lu5_complex,R0026,L0314,R0026_L0314
4m0w,4m0w_complex.pdb,C:\Users\86198\Desktop\P-P\01_cleaned_protein_pdb\4m0w_complex.pdb,2,76,317,1.4,A,B,4m0w_complex,R0202,L0212,R0202_L0212
4m1g,4m1g_complex.pdb,C:\Users\86198\Desktop\P-P\01_cleaned_protein_pdb\4m1g_complex.pdb,4,86,220,1.6,HL,AB,4m1g_complex,R0085,L0314,R0085_L0314
4m5z,4m5z_complex.pdb,C:\Users\86198\Desktop\P-P\01_cleaned_protein_pdb\4m5z_complex.pdb,3,212,226,2.25,HL,A,4m5z_complex,R0085,L0023,R0085_L0023
4m62,4m62_complex.pdb,C:\Users\86198\Desktop\P-P\01_cleaned_protein_pdb\4m62_complex.pdb,6,113,155,1.8,HL,S,4m62_complex,R0311,L0362,R0311_L0362
4m6b,4m6b_complex.pdb,C:\Users\86198\Desktop\P-P\01_cleaned_protein_pdb\4m6b_complex.pdb,4,31,187,1.78,D,F,4m6b_complex,R0418,L0159,R0418_L0159
4m8q,4m8q_complex.pdb,C:\Users\86198\Desktop\P-P\01_cleaned_protein_pdb\4m8q_complex.pdb,6,106,154,2.89,HL,C,4m8q_complex,R0311,L0362,R0311_L0362
4may,4may_complex.pdb,C:\Users\86198\Desktop\P-P\01_cleaned_protein_pdb\4may_complex.pdb,4,181,262,2.2,CD,AB,4may_complex,R0080,L0049,R0080_L0049
4ml7,4ml7_complex.pdb,C:\Users\86198\Desktop\P-P\01_cleaned_protein_pdb\4ml7_complex.pdb,4,98,130,1.8,A,B,4ml7_complex,R0549,L0564,R0549_L0564
4msm,4msm_complex.pdb,C:\Users\86198\Desktop\P-P\01_cleaned_protein_pdb\4msm_complex.pdb,4,76,186,1.74,C,D,4msm_complex,R0415,L0212,R0415_L0212
4n9g,4n9g_complex.pdb,C:\Users\86198\Desktop\P-P\01_cleaned_protein_pdb\4n9g_complex.pdb,12,35,228,2.5,HL,Y,4n9g_complex,R0085,L0827,R0085_L0827
4np4,4np4_complex.pdb,C:\Users\86198\Desktop\P-P\01_cleaned_protein_pdb\4np4_complex.pdb,5,213,271,2.89,IM,A,4np4_complex,R0085,L0151,R0085_L0151
4nzl,4nzl_complex.pdb,C:\Users\86198\Desktop\P-P\01_cleaned_protein_pdb\4nzl_complex.pdb,2,98,218,1.85,A,B,4nzl_complex,R0349,L0565,R0349_L0565
4ov6,4ov6_complex.pdb,C:\Users\86198\Desktop\P-P\01_cleaned_protein_pdb\4ov6_complex.pdb,6,92,294,2.69,AB,F,4ov6_complex,R0135,L0534,R0135_L0534
4oyd,4oyd_complex.pdb,C:\Users\86198\Desktop\P-P\01_cleaned_protein_pdb\4oyd_complex.pdb,4,117,158,1.8,A,B,4oyd_complex,R0493,L0478,R0493_L0478
4p23,4p23_complex.pdb,C:\Users\86198\Desktop\P-P\01_cleaned_protein_pdb\4p23_complex.pdb,4,179,239,2.25,CD,AB,4p23_complex,R0144,L0032,R0144_L0032
4p2c,4p2c_complex.pdb,C:\Users\86198\Desktop\P-P\01_cleaned_protein_pdb\4p2c_complex.pdb,11,68,280,2.82,HC,A,4p2c_complex,R0092,L0139,R0092_L0139
4p46,4p46_complex.pdb,C:\Users\86198\Desktop\P-P\01_cleaned_protein_pdb\4p46_complex.pdb,4,179,238,2.85,AB,CD,4p46_complex,R0080,L0049,R0080_L0049
4p9h,4p9h_complex.pdb,C:\Users\86198\Desktop\P-P\01_cleaned_protein_pdb\4p9h_complex.pdb,4,176,352,3.0,HL,G,4p9h_complex,R0085,L0070,R0085_L0070
4peq,4peq_complex.pdb,C:\Users\86198\Desktop\P-P\01_cleaned_protein_pdb\4peq_complex.pdb,4,123,456,2.21,C,D,4peq_complex,R0558,L0029,R0558_L0029
4pgj,4pgj_complex.pdb,C:\Users\86198\Desktop\P-P\01_cleaned_protein_pdb\4pgj_complex.pdb,4,118,128,2.6,A,B,4pgj_complex,R0092,L0431,R0092_L0431
4pj7,4pj7_complex.pdb,C:\Users\86198\Desktop\P-P\01_cleaned_protein_pdb\4pj7_complex.pdb,8,96,270,2.5,HG,A,4pj7_complex,R0089,L0048,R0089_L0048
4pj9,4pj9_complex.pdb,C:\Users\86198\Desktop\P-P\01_cleaned_protein_pdb\4pj9_complex.pdb,4,98,271,2.0,CD,A,4pj9_complex,R0080,L0048,R0080_L0048
4pja,4pja_complex.pdb,C:\Users\86198\Desktop\P-P\01_cleaned_protein_pdb\4pja_complex.pdb,8,96,270,2.68,GH,C,4pja_complex,R0080,L0048,R0080_L0048
4pjb,4pjb_complex.pdb,C:\Users\86198\Desktop\P-P\01_cleaned_protein_pdb\4pjb_complex.pdb,8,96,270,2.85,GH,C,4pjb_complex,R0080,L0048,R0080_L0048
4pjc,4pjc_complex.pdb,C:\Users\86198\Desktop\P-P\01_cleaned_protein_pdb\4pjc_complex.pdb,8,96,270,2.5,GH,C,4pjc_complex,R0080,L0048,R0080_L0048
4pjd,4pjd_complex.pdb,C:\Users\86198\Desktop\P-P\01_cleaned_protein_pdb\4pjd_complex.pdb,8,96,270,2.78,GH,C,4pjd_complex,R0080,L0048,R0080_L0048
4pjf,4pjf_complex.pdb,C:\Users\86198\Desktop\P-P\01_cleaned_protein_pdb\4pjf_complex.pdb,8,97,269,2.45,GH,A,4pjf_complex,R0080,L0048,R0080_L0048
4pou,4pou_complex.pdb,C:\Users\86198\Desktop\P-P\01_cleaned_protein_pdb\4pou_complex.pdb,2,122,124,1.75,A,B,4pou_complex,R0558,L0412,R0558_L0412
4pqt,4pqt_complex.pdb,C:\Users\86198\Desktop\P-P\01_cleaned_protein_pdb\4pqt_complex.pdb,2,76,185,2.05,A,B,4pqt_complex,R0415,L0212,R0415_L0212
4ps4,4ps4_complex.pdb,C:\Users\86198\Desktop\P-P\01_cleaned_protein_pdb\4ps4_complex.pdb,3,86,223,2.8,HL,A,4ps4_complex,R0085,L0491,R0085_L0491
4py8,4py8_complex.pdb,C:\Users\86198\Desktop\P-P\01_cleaned_protein_pdb\4py8_complex.pdb,4,173,328,2.91,JI,AB,4py8_complex,R0092,L0023,R0092_L0023
4qci,4qci_complex.pdb,C:\Users\86198\Desktop\P-P\01_cleaned_protein_pdb\4qci_complex.pdb,6,92,220,2.3,BA,D,4qci_complex,R0026,L0575,R0026_L0575
4qlb,4qlb_complex.pdb,C:\Users\86198\Desktop\P-P\01_cleaned_protein_pdb\4qlb_complex.pdb,8,33,658,2.6,C,G,4qlb_complex,R0029,L0026,R0029_L0026
4qnp,4qnp_complex.pdb,C:\Users\86198\Desktop\P-P\01_cleaned_protein_pdb\4qnp_complex.pdb,6,211,386,2.8,EF,AB,4qnp_complex,R0085,L0005,R0085_L0005
4qti,4qti_complex.pdb,C:\Users\86198\Desktop\P-P\01_cleaned_protein_pdb\4qti_complex.pdb,3,212,277,3.0,HL,U,4qti_complex,R0085,L0143,R0085_L0143
4qzv,4qzv_complex.pdb,C:\Users\86198\Desktop\P-P\01_cleaned_protein_pdb\4qzv_complex.pdb,4,208,727,2.59,C,D,4qzv_complex,R0023,L0240,R0023_L0240
4r8w,4r8w_complex.pdb,C:\Users\86198\Desktop\P-P\01_cleaned_protein_pdb\4r8w_complex.pdb,4,110,316,2.79,HL,AB,4r8w_complex,R0311,L0023,R0311_L0023
4rdq,4rdq_complex.pdb,C:\Users\86198\Desktop\P-P\01_cleaned_protein_pdb\4rdq_complex.pdb,3,212,366,2.85,IH,A,4rdq_complex,R0085,L0065,R0085_L0065
4re1,4re1_complex.pdb,C:\Users\86198\Desktop\P-P\01_cleaned_protein_pdb\4re1_complex.pdb,4,47,218,2.2,B,C,4re1_complex,R0350,L0777,R0350_L0777
4rgm,4rgm_complex.pdb,C:\Users\86198\Desktop\P-P\01_cleaned_protein_pdb\4rgm_complex.pdb,6,213,236,2.69,CB,A,4rgm_complex,R0085,L0193,R0085_L0193
4rgo,4rgo_complex.pdb,C:\Users\86198\Desktop\P-P\01_cleaned_protein_pdb\4rgo_complex.pdb,3,212,237,1.8,HL,S,4rgo_complex,R0085,L0193,R0085_L0193
4rs1,4rs1_complex.pdb,C:\Users\86198\Desktop\P-P\01_cleaned_protein_pdb\4rs1_complex.pdb,2,112,281,2.68,B,A,4rs1_complex,R0246,L0468,R0246_L0468
4rwt,4rwt_complex.pdb,C:\Users\86198\Desktop\P-P\01_cleaned_protein_pdb\4rwt_complex.pdb,4,168,369,2.98,B,D,4rwt_complex,R0150,L0140,R0150_L0140
4s0s,4s0s_complex.pdb,C:\Users\86198\Desktop\P-P\01_cleaned_protein_pdb\4s0s_complex.pdb,4,94,287,2.8,B,E,4s0s_complex,R0238,L0534,R0238_L0534
4s3o,4s3o_complex.pdb,C:\Users\86198\Desktop\P-P\01_cleaned_protein_pdb\4s3o_complex.pdb,6,95,148,2.0,E,D,4s3o_complex,R0387,L0212,R0387_L0212
4u30,4u30_complex.pdb,C:\Users\86198\Desktop\P-P\01_cleaned_protein_pdb\4u30_complex.pdb,8,54,224,2.5,D,Y,4u30_complex,R0291,L0334,R0291_L0334
4u32,4u32_complex.pdb,C:\Users\86198\Desktop\P-P\01_cleaned_protein_pdb\4u32_complex.pdb,2,54,224,1.65,X,A,4u32_complex,R0323,L0211,R0323_L0211
4u3j,4u3j_complex.pdb,C:\Users\86198\Desktop\P-P\01_cleaned_protein_pdb\4u3j_complex.pdb,3,241,438,2.81,AB,C,4u3j_complex,R0012,L0188,R0012_L0188
4u6v,4u6v_complex.pdb,C:\Users\86198\Desktop\P-P\01_cleaned_protein_pdb\4u6v_complex.pdb,6,213,282,2.56,KM,B,4u6v_complex,R0085,L0137,R0085_L0137
4ui0,4ui0_complex.pdb,C:\Users\86198\Desktop\P-P\01_cleaned_protein_pdb\4ui0_complex.pdb,3,69,104,2.8,B,C,4ui0_complex,R0368,L0673,R0368_L0673
4ui1,4ui1_complex.pdb,C:\Users\86198\Desktop\P-P\01_cleaned_protein_pdb\4ui1_complex.pdb,4,72,105,2.35,A,D,4ui1_complex,R0368,L0673,R0368_L0673
4uu9,4uu9_complex.pdb,C:\Users\86198\Desktop\P-P\01_cleaned_protein_pdb\4uu9_complex.pdb,6,65,123,2.12,AB,C,4uu9_complex,R0311,L0716,R0311_L0716
4v3k,4v3k_complex.pdb,C:\Users\86198\Desktop\P-P\01_cleaned_protein_pdb\4v3k_complex.pdb,6,70,146,2.04,DE,F,4v3k_complex,R0340,L0680,R0340_L0680
4w4o,4w4o_complex.pdb,C:\Users\86198\Desktop\P-P\01_cleaned_protein_pdb\4w4o_complex.pdb,3,209,262,1.8,A,C,4w4o_complex,R0353,L0162,R0353_L0162
4w6w,4w6w_complex.pdb,C:\Users\86198\Desktop\P-P\01_cleaned_protein_pdb\4w6w_complex.pdb,2,124,142,2.51,A,B,4w6w_complex,R0517,L0412,R0517_L0412
4w6x,4w6x_complex.pdb,C:\Users\86198\Desktop\P-P\01_cleaned_protein_pdb\4w6x_complex.pdb,2,125,142,1.88,A,B,4w6x_complex,R0517,L0412,R0517_L0412
4w6y,4w6y_complex.pdb,C:\Users\86198\Desktop\P-P\01_cleaned_protein_pdb\4w6y_complex.pdb,2,128,146,1.57,A,B,4w6y_complex,R0517,L0412,R0517_L0412
4wem,4wem_complex.pdb,C:\Users\86198\Desktop\P-P\01_cleaned_protein_pdb\4wem_complex.pdb,2,121,258,1.55,A,B,4wem_complex,R0268,L0412,R0268_L0412
4wen,4wen_complex.pdb,C:\Users\86198\Desktop\P-P\01_cleaned_protein_pdb\4wen_complex.pdb,2,121,262,1.89,A,B,4wen_complex,R0268,L0412,R0268_L0412
4weu,4weu_complex.pdb,C:\Users\86198\Desktop\P-P\01_cleaned_protein_pdb\4weu_complex.pdb,4,121,263,2.61,D,B,4weu_complex,R0092,L0160,R0092_L0160
4wo4,4wo4_complex.pdb,C:\Users\86198\Desktop\P-P\01_cleaned_protein_pdb\4wo4_complex.pdb,4,98,273,2.5,CD,A,4wo4_complex,R0080,L0059,R0080_L0059
4wv1,4wv1_complex.pdb,C:\Users\86198\Desktop\P-P\01_cleaned_protein_pdb\4wv1_complex.pdb,6,98,230,2.36,ED,F,4wv1_complex,R0085,L0233,R0085_L0233
4ww2,4ww2_complex.pdb,C:\Users\86198\Desktop\P-P\01_cleaned_protein_pdb\4ww2_complex.pdb,4,96,275,2.48,AB,CF,4ww2_complex,R0080,L0059,R0080_L0059
4wwi,4wwi_complex.pdb,C:\Users\86198\Desktop\P-P\01_cleaned_protein_pdb\4wwi_complex.pdb,6,55,207,2.31,B,E,4wwi_complex,R0700,L0235,R0700_L0235
4x7d,4x7d_complex.pdb,C:\Users\86198\Desktop\P-P\01_cleaned_protein_pdb\4x7d_complex.pdb,4,116,307,2.15,B,C,4x7d_complex,R0205,L0412,R0205_L0412
4x7e,4x7e_complex.pdb,C:\Users\86198\Desktop\P-P\01_cleaned_protein_pdb\4x7e_complex.pdb,4,120,315,2.11,B,D,4x7e_complex,R0205,L0412,R0205_L0412
4x7f,4x7f_complex.pdb,C:\Users\86198\Desktop\P-P\01_cleaned_protein_pdb\4x7f_complex.pdb,4,112,315,1.7,A,C,4x7f_complex,R0205,L0412,R0205_L0412
4x7s,4x7s_complex.pdb,C:\Users\86198\Desktop\P-P\01_cleaned_protein_pdb\4x7s_complex.pdb,2,218,222,1.9,H,L,4x7s_complex,R0092,L0035,R0092_L0035
4xkh,4xkh_complex.pdb,C:\Users\86198\Desktop\P-P\01_cleaned_protein_pdb\4xkh_complex.pdb,9,40,76,3.0,A,E,4xkh_complex,R0340,L0003,R0340_L0003
4xkl,4xkl_complex.pdb,C:\Users\86198\Desktop\P-P\01_cleaned_protein_pdb\4xkl_complex.pdb,4,30,78,2.1,C,D,4xkl_complex,R0340,L0850,R0340_L0850
4xl5,4xl5_complex.pdb,C:\Users\86198\Desktop\P-P\01_cleaned_protein_pdb\4xl5_complex.pdb,2,226,245,2.0,A,C,4xl5_complex,R0333,L0179,R0333_L0179
4xnm,4xnm_complex.pdb,C:\Users\86198\Desktop\P-P\01_cleaned_protein_pdb\4xnm_complex.pdb,6,208,223,2.51,HL,C,4xnm_complex,R0085,L0023,R0085_L0023
4xwj,4xwj_complex.pdb,C:\Users\86198\Desktop\P-P\01_cleaned_protein_pdb\4xwj_complex.pdb,2,83,153,2.1,A,B,4xwj_complex,R0497,L0624,R0497_L0624
4yiz,4yiz_complex.pdb,C:\Users\86198\Desktop\P-P\01_cleaned_protein_pdb\4yiz_complex.pdb,6,39,400,2.2,E,F,4yiz_complex,R0115,L0812,R0115_L0812
4yk4,4yk4_complex.pdb,C:\Users\86198\Desktop\P-P\01_cleaned_protein_pdb\4yk4_complex.pdb,6,206,225,2.8,ZY,E,4yk4_complex,R0085,L0023,R0085_L0023
4ypg,4ypg_complex.pdb,C:\Users\86198\Desktop\P-P\01_cleaned_protein_pdb\4ypg_complex.pdb,6,159,219,3.0,BA,C,4ypg_complex,R0085,L0352,R0085_L0352
4yyp,4yyp_complex.pdb,C:\Users\86198\Desktop\P-P\01_cleaned_protein_pdb\4yyp_complex.pdb,2,32,87,2.6,A,B,4yyp_complex,R0662,L0029,R0662_L0029
4z5r,4z5r_complex.pdb,C:\Users\86198\Desktop\P-P\01_cleaned_protein_pdb\4z5r_complex.pdb,3,148,217,3.0,SR,H,4z5r_complex,R0085,L0352,R0085_L0352
4z9k,4z9k_complex.pdb,C:\Users\86198\Desktop\P-P\01_cleaned_protein_pdb\4z9k_complex.pdb,2,116,258,1.5,A,B,4z9k_complex,R0264,L0412,R0264_L0412
4zak,4zak_complex.pdb,C:\Users\86198\Desktop\P-P\01_cleaned_protein_pdb\4zak_complex.pdb,4,98,273,2.82,CD,A,4zak_complex,R0080,L0059,R0080_L0059
4zff,4zff_complex.pdb,C:\Users\86198\Desktop\P-P\01_cleaned_protein_pdb\4zff_complex.pdb,6,96,219,2.75,HL,D,4zff_complex,R0085,L0559,R0085_L0559
4zfg,4zfg_complex.pdb,C:\Users\86198\Desktop\P-P\01_cleaned_protein_pdb\4zfg_complex.pdb,3,213,220,2.27,HL,A,4zfg_complex,R0085,L0220,R0085_L0220
4zfo,4zfo_complex.pdb,C:\Users\86198\Desktop\P-P\01_cleaned_protein_pdb\4zfo_complex.pdb,6,35,221,1.9,AB,F,4zfo_complex,R0085,L0815,R0085_L0815
4zk9,4zk9_complex.pdb,C:\Users\86198\Desktop\P-P\01_cleaned_protein_pdb\4zk9_complex.pdb,2,61,216,2.6,A,B,4zk9_complex,R0352,L0690,R0352_L0690
4zlt,4zlt_complex.pdb,C:\Users\86198\Desktop\P-P\01_cleaned_protein_pdb\4zlt_complex.pdb,4,62,384,3.0,A,L,4zlt_complex,R0139,L0690,R0139_L0690
4zpt,4zpt_complex.pdb,C:\Users\86198\Desktop\P-P\01_cleaned_protein_pdb\4zpt_complex.pdb,6,208,216,2.59,AB,R,4zpt_complex,R0085,L0240,R0085_L0240
4zs7,4zs7_complex.pdb,C:\Users\86198\Desktop\P-P\01_cleaned_protein_pdb\4zs7_complex.pdb,3,162,222,2.93,HL,A,4zs7_complex,R0085,L0316,R0085_L0316
5a3i,5a3i_complex.pdb,C:\Users\86198\Desktop\P-P\01_cleaned_protein_pdb\5a3i_complex.pdb,8,166,323,2.89,CD,A,5a3i_complex,R0085,L0023,R0085_L0023
5aam,5aam_complex.pdb,C:\Users\86198\Desktop\P-P\01_cleaned_protein_pdb\5aam_complex.pdb,4,95,242,2.49,A,C,5aam_complex,R0026,L0003,R0026_L0003
5anm,5anm_complex.pdb,C:\Users\86198\Desktop\P-P\01_cleaned_protein_pdb\5anm_complex.pdb,9,208,223,2.85,BA,G,5anm_complex,R0026,L0096,R0026_L0096
5b71,5b71_complex.pdb,C:\Users\86198\Desktop\P-P\01_cleaned_protein_pdb\5b71_complex.pdb,6,102,224,2.11,BA,E,5b71_complex,R0085,L0543,R0085_L0543
5bk1,5bk1_complex.pdb,C:\Users\86198\Desktop\P-P\01_cleaned_protein_pdb\5bk1_complex.pdb,6,209,366,2.15,CD,B,5bk1_complex,R0085,L0051,R0085_L0051
5bo1,5bo1_complex.pdb,C:\Users\86198\Desktop\P-P\01_cleaned_protein_pdb\5bo1_complex.pdb,6,150,219,2.56,HL,B,5bo1_complex,R0085,L0118,R0085_L0118
5bvp,5bvp_complex.pdb,C:\Users\86198\Desktop\P-P\01_cleaned_protein_pdb\5bvp_complex.pdb,3,151,219,2.2,HL,I,5bvp_complex,R0085,L0370,R0085_L0370
5bw7,5bw7_complex.pdb,C:\Users\86198\Desktop\P-P\01_cleaned_protein_pdb\5bw7_complex.pdb,3,165,215,3.0,A,C,5bw7_complex,R0353,L0162,R0353_L0162
5c0n,5c0n_complex.pdb,C:\Users\86198\Desktop\P-P\01_cleaned_protein_pdb\5c0n_complex.pdb,6,131,219,3.0,HL,A,5c0n_complex,R0085,L0424,R0085_L0424
5c67,5c67_complex.pdb,C:\Users\86198\Desktop\P-P\01_cleaned_protein_pdb\5c67_complex.pdb,4,53,224,1.83,A,E,5c67_complex,R0291,L0751,R0291_L0751
5c7x,5c7x_complex.pdb,C:\Users\86198\Desktop\P-P\01_cleaned_protein_pdb\5c7x_complex.pdb,6,116,218,2.95,HL,A,5c7x_complex,R0026,L0468,R0026_L0468
5czx,5czx_complex.pdb,C:\Users\86198\Desktop\P-P\01_cleaned_protein_pdb\5czx_complex.pdb,6,213,230,2.1,CD,B,5czx_complex,R0085,L0200,R0085_L0200
5d1k,5d1k_complex.pdb,C:\Users\86198\Desktop\P-P\01_cleaned_protein_pdb\5d1k_complex.pdb,2,110,146,1.78,A,B,5d1k_complex,R0379,L0503,R0379_L0503
5d1l,5d1l_complex.pdb,C:\Users\86198\Desktop\P-P\01_cleaned_protein_pdb\5d1l_complex.pdb,2,111,146,1.62,A,B,5d1l_complex,R0379,L0503,R0379_L0503
5d1m,5d1m_complex.pdb,C:\Users\86198\Desktop\P-P\01_cleaned_protein_pdb\5d1m_complex.pdb,2,110,146,1.58,A,B,5d1m_complex,R0379,L0503,R0379_L0503
5d28,5d28_complex.pdb,C:\Users\86198\Desktop\P-P\01_cleaned_protein_pdb\5d28_complex.pdb,4,111,245,2.85,D,C,5d28_complex,R0301,L0468,R0301_L0468
5d5m,5d5m_complex.pdb,C:\Users\86198\Desktop\P-P\01_cleaned_protein_pdb\5d5m_complex.pdb,8,98,270,2.2,GH,A,5d5m_complex,R0080,L0048,R0080_L0048
5d70,5d70_complex.pdb,C:\Users\86198\Desktop\P-P\01_cleaned_protein_pdb\5d70_complex.pdb,3,115,216,2.06,HL,A,5d70_complex,R0026,L0468,R0026_L0468
5d71,5d71_complex.pdb,C:\Users\86198\Desktop\P-P\01_cleaned_protein_pdb\5d71_complex.pdb,3,114,215,2.25,HL,A,5d71_complex,R0026,L0468,R0026_L0468
5d72,5d72_complex.pdb,C:\Users\86198\Desktop\P-P\01_cleaned_protein_pdb\5d72_complex.pdb,6,115,218,2.6,HL,A,5d72_complex,R0026,L0468,R0026_L0468
5d7i,5d7i_complex.pdb,C:\Users\86198\Desktop\P-P\01_cleaned_protein_pdb\5d7i_complex.pdb,8,98,269,2.0,GH,A,5d7i_complex,R0080,L0048,R0080_L0048
5d7j,5d7j_complex.pdb,C:\Users\86198\Desktop\P-P\01_cleaned_protein_pdb\5d7j_complex.pdb,8,98,269,1.97,GH,C,5d7j_complex,R0080,L0048,R0080_L0048
5d8j,5d8j_complex.pdb,C:\Users\86198\Desktop\P-P\01_cleaned_protein_pdb\5d8j_complex.pdb,3,133,220,3.0,HL,A,5d8j_complex,R0085,L0424,R0085_L0424
5d93,5d93_complex.pdb,C:\Users\86198\Desktop\P-P\01_cleaned_protein_pdb\5d93_complex.pdb,6,212,240,2.2,FE,D,5d93_complex,R0085,L0192,R0085_L0192
5d96,5d96_complex.pdb,C:\Users\86198\Desktop\P-P\01_cleaned_protein_pdb\5d96_complex.pdb,6,214,237,2.3,CB,A,5d96_complex,R0085,L0192,R0085_L0192
5dc4,5dc4_complex.pdb,C:\Users\86198\Desktop\P-P\01_cleaned_protein_pdb\5dc4_complex.pdb,2,92,100,1.48,A,B,5dc4_complex,R0599,L0534,R0599_L0534
5dcq,5dcq_complex.pdb,C:\Users\86198\Desktop\P-P\01_cleaned_protein_pdb\5dcq_complex.pdb,6,155,207,1.83,C,F,5dcq_complex,R0487,L0246,R0487_L0246
5dfv,5dfv_complex.pdb,C:\Users\86198\Desktop\P-P\01_cleaned_protein_pdb\5dfv_complex.pdb,6,84,217,2.8,EF,B,5dfv_complex,R0026,L0627,R0026_L0627
5dfw,5dfw_complex.pdb,C:\Users\86198\Desktop\P-P\01_cleaned_protein_pdb\5dfw_complex.pdb,2,90,222,2.33,A,H,5dfw_complex,R0655,L0216,R0655_L0216
5djt,5djt_complex.pdb,C:\Users\86198\Desktop\P-P\01_cleaned_protein_pdb\5djt_complex.pdb,2,59,144,1.4,A,B,5djt_complex,R0522,L0722,R0522_L0722
5dju,5dju_complex.pdb,C:\Users\86198\Desktop\P-P\01_cleaned_protein_pdb\5dju_complex.pdb,4,55,145,2.1,D,C,5dju_complex,R0700,L0391,R0700_L0391
5dmj,5dmj_complex.pdb,C:\Users\86198\Desktop\P-P\01_cleaned_protein_pdb\5dmj_complex.pdb,6,116,167,2.79,A,B,5dmj_complex,R0471,L0035,R0471_L0035
5do2,5do2_complex.pdb,C:\Users\86198\Desktop\P-P\01_cleaned_protein_pdb\5do2_complex.pdb,6,208,219,2.41,CD,B,5do2_complex,R0085,L0240,R0085_L0240
5e4e,5e4e_complex.pdb,C:\Users\86198\Desktop\P-P\01_cleaned_protein_pdb\5e4e_complex.pdb,3,113,309,3.0,BC,A,5e4e_complex,R0061,L0491,R0061_L0491
5e6j,5e6j_complex.pdb,C:\Users\86198\Desktop\P-P\01_cleaned_protein_pdb\5e6j_complex.pdb,6,74,317,2.85,A,B,5e6j_complex,R0202,L0212,R0202_L0212
5e7f,5e7f_complex.pdb,C:\Users\86198\Desktop\P-P\01_cleaned_protein_pdb\5e7f_complex.pdb,6,125,129,2.7,C,I,5e7f_complex,R0092,L0439,R0092_L0439
5e8d,5e8d_complex.pdb,C:\Users\86198\Desktop\P-P\01_cleaned_protein_pdb\5e8d_complex.pdb,3,43,219,2.5,HL,A,5e8d_complex,R0085,L0786,R0085_L0786
5e8e,5e8e_complex.pdb,C:\Users\86198\Desktop\P-P\01_cleaned_protein_pdb\5e8e_complex.pdb,4,33,259,1.9,BA,H,5e8e_complex,R0085,L0166,R0085_L0166
5e94,5e94_complex.pdb,C:\Users\86198\Desktop\P-P\01_cleaned_protein_pdb\5e94_complex.pdb,6,100,224,2.0,DC,H,5e94_complex,R0085,L0526,R0085_L0526
5e95,5e95_complex.pdb,C:\Users\86198\Desktop\P-P\01_cleaned_protein_pdb\5e95_complex.pdb,2,94,168,1.4,B,A,5e95_complex,R0641,L0317,R0641_L0317
5elu,5elu_complex.pdb,C:\Users\86198\Desktop\P-P\01_cleaned_protein_pdb\5elu_complex.pdb,2,75,91,2.35,A,B,5elu_complex,R0654,L0630,R0654_L0630
5eql,5eql_complex.pdb,C:\Users\86198\Desktop\P-P\01_cleaned_protein_pdb\5eql_complex.pdb,2,76,88,2.49,A,B,5eql_complex,R0654,L0630,R0654_L0630
5eyp,5eyp_complex.pdb,C:\Users\86198\Desktop\P-P\01_cleaned_protein_pdb\5eyp_complex.pdb,3,130,437,1.9,AB,F,5eyp_complex,R0012,L0112,R0012_L0112
5f3b,5f3b_complex.pdb,C:\Users\86198\Desktop\P-P\01_cleaned_protein_pdb\5f3b_complex.pdb,6,109,218,1.76,AB,C,5f3b_complex,R0085,L0510,R0085_L0510
5fcu,5fcu_complex.pdb,C:\Users\86198\Desktop\P-P\01_cleaned_protein_pdb\5fcu_complex.pdb,3,131,223,1.85,HL,G,5fcu_complex,R0085,L0070,R0085_L0070
5fhx,5fhx_complex.pdb,C:\Users\86198\Desktop\P-P\01_cleaned_protein_pdb\5fhx_complex.pdb,3,124,345,2.55,HL,A,5fhx_complex,R0026,L0453,R0026_L0453
5fo8,5fo8_complex.pdb,C:\Users\86198\Desktop\P-P\01_cleaned_protein_pdb\5fo8_complex.pdb,3,129,910,2.4,AB,C,5fo8_complex,R0000,L0435,R0000_L0435
5fob,5fob_complex.pdb,C:\Users\86198\Desktop\P-P\01_cleaned_protein_pdb\5fob_complex.pdb,3,240,911,2.6,AB,C,5fob_complex,R0000,L0190,R0000_L0190
5g15,5g15_complex.pdb,C:\Users\86198\Desktop\P-P\01_cleaned_protein_pdb\5g15_complex.pdb,2,88,265,2.06,A,B,5g15_complex,R0259,L0534,R0259_L0534
5gvi,5gvi_complex.pdb,C:\Users\86198\Desktop\P-P\01_cleaned_protein_pdb\5gvi_complex.pdb,3,72,340,1.87,BC,A,5gvi_complex,R0340,L0079,R0340_L0079
5gzn,5gzn_complex.pdb,C:\Users\86198\Desktop\P-P\01_cleaned_protein_pdb\5gzn_complex.pdb,8,184,407,3.0,HL,AE,5gzn_complex,R0026,L0003,R0026_L0003
5gzo,5gzo_complex.pdb,C:\Users\86198\Desktop\P-P\01_cleaned_protein_pdb\5gzo_complex.pdb,6,213,405,2.76,HL,A,5gzo_complex,R0085,L0047,R0085_L0047
5hdq,5hdq_complex.pdb,C:\Users\86198\Desktop\P-P\01_cleaned_protein_pdb\5hdq_complex.pdb,3,218,277,1.83,HL,A,5hdq_complex,R0085,L0146,R0085_L0146
5hgg,5hgg_complex.pdb,C:\Users\86198\Desktop\P-P\01_cleaned_protein_pdb\5hgg_complex.pdb,4,127,246,1.97,A,T,5hgg_complex,R0294,L0412,R0294_L0412
5hpk,5hpk_complex.pdb,C:\Users\86198\Desktop\P-P\01_cleaned_protein_pdb\5hpk_complex.pdb,2,78,377,2.43,A,B,5hpk_complex,R0146,L0212,R0146_L0212
5hps,5hps_complex.pdb,C:\Users\86198\Desktop\P-P\01_cleaned_protein_pdb\5hps_complex.pdb,2,73,377,2.05,A,B,5hps_complex,R0146,L0212,R0146_L0212
5hvf,5hvf_complex.pdb,C:\Users\86198\Desktop\P-P\01_cleaned_protein_pdb\5hvf_complex.pdb,2,118,381,2.85,A,B,5hvf_complex,R0142,L0412,R0142_L0412
5hys,5hys_complex.pdb,C:\Users\86198\Desktop\P-P\01_cleaned_protein_pdb\5hys_complex.pdb,12,213,222,2.5,HL,I,5hys_complex,R0085,L0096,R0085_L0096
5ibk,5ibk_complex.pdb,C:\Users\86198\Desktop\P-P\01_cleaned_protein_pdb\5ibk_complex.pdb,6,46,146,2.5,AB,C,5ibk_complex,R0413,L0212,R0413_L0212
5ies,5ies_complex.pdb,C:\Users\86198\Desktop\P-P\01_cleaned_protein_pdb\5ies_complex.pdb,3,169,219,2.16,HL,C,5ies_complex,R0085,L0321,R0085_L0321
5ikc,5ikc_complex.pdb,C:\Users\86198\Desktop\P-P\01_cleaned_protein_pdb\5ikc_complex.pdb,6,89,214,2.06,HL,N,5ikc_complex,R0085,L0607,R0085_L0607
5imk,5imk_complex.pdb,C:\Users\86198\Desktop\P-P\01_cleaned_protein_pdb\5imk_complex.pdb,2,118,125,1.23,B,A,5imk_complex,R0092,L0469,R0092_L0469
5imm,5imm_complex.pdb,C:\Users\86198\Desktop\P-P\01_cleaned_protein_pdb\5imm_complex.pdb,2,120,125,1.2,B,A,5imm_complex,R0092,L0469,R0092_L0469
5inb,5inb_complex.pdb,C:\Users\86198\Desktop\P-P\01_cleaned_protein_pdb\5inb_complex.pdb,2,33,293,1.3,A,B,5inb_complex,R0220,L0032,R0220_L0032
5ioh,5ioh_complex.pdb,C:\Users\86198\Desktop\P-P\01_cleaned_protein_pdb\5ioh_complex.pdb,4,30,294,2.57,A,B,5ioh_complex,R0220,L0032,R0220_L0032
5ip4,5ip4_complex.pdb,C:\Users\86198\Desktop\P-P\01_cleaned_protein_pdb\5ip4_complex.pdb,4,80,110,1.81,B,D,5ip4_complex,R0092,L0640,R0092_L0640
5ius,5ius_complex.pdb,C:\Users\86198\Desktop\P-P\01_cleaned_protein_pdb\5ius_complex.pdb,4,118,214,2.89,A,C,5ius_complex,R0579,L0229,R0579_L0229
5j11,5j11_complex.pdb,C:\Users\86198\Desktop\P-P\01_cleaned_protein_pdb\5j11_complex.pdb,3,127,196,2.56,AC,B,5j11_complex,R0203,L0271,R0203_L0271
5j13,5j13_complex.pdb,C:\Users\86198\Desktop\P-P\01_cleaned_protein_pdb\5j13_complex.pdb,3,124,221,2.3,CB,A,5j13_complex,R0026,L0454,R0026_L0454
5j28,5j28_complex.pdb,C:\Users\86198\Desktop\P-P\01_cleaned_protein_pdb\5j28_complex.pdb,4,33,293,2.0,B,D,5j28_complex,R0220,L0847,R0220_L0847
5j56,5j56_complex.pdb,C:\Users\86198\Desktop\P-P\01_cleaned_protein_pdb\5j56_complex.pdb,2,129,255,1.8,A,B,5j56_complex,R0264,L0412,R0264_L0412
5j57,5j57_complex.pdb,C:\Users\86198\Desktop\P-P\01_cleaned_protein_pdb\5j57_complex.pdb,2,127,264,1.7,A,B,5j57_complex,R0264,L0412,R0264_L0412
5j7c,5j7c_complex.pdb,C:\Users\86198\Desktop\P-P\01_cleaned_protein_pdb\5j7c_complex.pdb,4,97,129,2.54,B,D,5j7c_complex,R0549,L0534,R0549_L0534
5jds,5jds_complex.pdb,C:\Users\86198\Desktop\P-P\01_cleaned_protein_pdb\5jds_complex.pdb,2,115,127,1.7,B,A,5jds_complex,R0092,L0229,R0092_L0229
5jg6,5jg6_complex.pdb,C:\Users\86198\Desktop\P-P\01_cleaned_protein_pdb\5jg6_complex.pdb,4,65,77,2.0,D,C,5jg6_complex,R0689,L0212,R0689_L0212
5jhl,5jhl_complex.pdb,C:\Users\86198\Desktop\P-P\01_cleaned_protein_pdb\5jhl_complex.pdb,3,211,385,3.0,HL,A,5jhl_complex,R0085,L0047,R0085_L0047
5jhw,5jhw_complex.pdb,C:\Users\86198\Desktop\P-P\01_cleaned_protein_pdb\5jhw_complex.pdb,4,109,288,2.35,B,C,5jhw_complex,R0590,L0132,R0590_L0132
5jlv,5jlv_complex.pdb,C:\Users\86198\Desktop\P-P\01_cleaned_protein_pdb\5jlv_complex.pdb,4,91,427,2.0,A,C,5jlv_complex,R0093,L0570,R0093_L0570
5jmc,5jmc_complex.pdb,C:\Users\86198\Desktop\P-P\01_cleaned_protein_pdb\5jmc_complex.pdb,8,89,431,2.64,E,F,5jmc_complex,R0093,L0570,R0093_L0570
5jq6,5jq6_complex.pdb,C:\Users\86198\Desktop\P-P\01_cleaned_protein_pdb\5jq6_complex.pdb,3,216,323,2.4,HL,A,5jq6_complex,R0085,L0089,R0085_L0089
5jsb,5jsb_complex.pdb,C:\Users\86198\Desktop\P-P\01_cleaned_protein_pdb\5jsb_complex.pdb,12,116,151,2.74,G,H,5jsb_complex,R0501,L0478,R0501_L0478
5jsn,5jsn_complex.pdb,C:\Users\86198\Desktop\P-P\01_cleaned_protein_pdb\5jsn_complex.pdb,4,115,149,2.1,A,B,5jsn_complex,R0473,L0478,R0473_L0478
5jyl,5jyl_complex.pdb,C:\Users\86198\Desktop\P-P\01_cleaned_protein_pdb\5jyl_complex.pdb,4,96,244,2.55,A,B,5jyl_complex,R0628,L0181,R0628_L0181
5k59,5k59_complex.pdb,C:\Users\86198\Desktop\P-P\01_cleaned_protein_pdb\5k59_complex.pdb,8,212,295,2.84,HL,A,5k59_complex,R0085,L0122,R0085_L0122
5kho,5kho_complex.pdb,C:\Users\86198\Desktop\P-P\01_cleaned_protein_pdb\5kho_complex.pdb,4,123,167,2.78,B,D,5kho_complex,R0565,L0317,R0565_L0317
5kn5,5kn5_complex.pdb,C:\Users\86198\Desktop\P-P\01_cleaned_protein_pdb\5kn5_complex.pdb,6,39,217,2.8,AB,C,5kn5_complex,R0085,L0786,R0085_L0786
5kvd,5kvd_complex.pdb,C:\Users\86198\Desktop\P-P\01_cleaned_protein_pdb\5kvd_complex.pdb,3,108,221,1.65,HL,E,5kvd_complex,R0085,L0047,R0085_L0047
5kve,5kve_complex.pdb,C:\Users\86198\Desktop\P-P\01_cleaned_protein_pdb\5kve_complex.pdb,2,101,244,1.7,E,L,5kve_complex,R0626,L0182,R0626_L0182
5kvf,5kvf_complex.pdb,C:\Users\86198\Desktop\P-P\01_cleaned_protein_pdb\5kvf_complex.pdb,3,105,220,1.4,HL,E,5kvf_complex,R0085,L0047,R0085_L0047
5kvg,5kvg_complex.pdb,C:\Users\86198\Desktop\P-P\01_cleaned_protein_pdb\5kvg_complex.pdb,3,107,218,1.4,HL,E,5kvg_complex,R0085,L0003,R0085_L0003
5kw9,5kw9_complex.pdb,C:\Users\86198\Desktop\P-P\01_cleaned_protein_pdb\5kw9_complex.pdb,3,219,290,2.3,HL,A,5kw9_complex,R0085,L0130,R0085_L0130
5kxh,5kxh_complex.pdb,C:\Users\86198\Desktop\P-P\01_cleaned_protein_pdb\5kxh_complex.pdb,2,38,353,1.33,A,B,5kxh_complex,R0165,L0747,R0165_L0747
5ky0,5ky0_complex.pdb,C:\Users\86198\Desktop\P-P\01_cleaned_protein_pdb\5ky0_complex.pdb,2,38,354,1.53,A,B,5ky0_complex,R0165,L0819,R0165_L0819
5ky4,5ky4_complex.pdb,C:\Users\86198\Desktop\P-P\01_cleaned_protein_pdb\5ky4_complex.pdb,2,36,354,1.47,A,B,5ky4_complex,R0165,L0819,R0165_L0819
5ky5,5ky5_complex.pdb,C:\Users\86198\Desktop\P-P\01_cleaned_protein_pdb\5ky5_complex.pdb,2,40,352,1.5,A,B,5ky5_complex,R0165,L0118,R0165_L0118
5ky9,5ky9_complex.pdb,C:\Users\86198\Desktop\P-P\01_cleaned_protein_pdb\5ky9_complex.pdb,2,37,353,1.83,A,B,5ky9_complex,R0165,L0819,R0165_L0819
5l21,5l21_complex.pdb,C:\Users\86198\Desktop\P-P\01_cleaned_protein_pdb\5l21_complex.pdb,2,119,428,1.68,A,B,5l21_complex,R0093,L0412,R0093_L0412
5l6y,5l6y_complex.pdb,C:\Users\86198\Desktop\P-P\01_cleaned_protein_pdb\5l6y_complex.pdb,3,109,237,1.99,HL,C,5l6y_complex,R0026,L0491,R0026_L0491
5l8j,5l8j_complex.pdb,C:\Users\86198\Desktop\P-P\01_cleaned_protein_pdb\5l8j_complex.pdb,2,105,253,1.68,A,B,5l8j_complex,R0259,L0480,R0259_L0480
5lcv,5lcv_complex.pdb,C:\Users\86198\Desktop\P-P\01_cleaned_protein_pdb\5lcv_complex.pdb,4,212,404,2.64,HL,AB,5lcv_complex,R0026,L0003,R0026_L0003
5lhn,5lhn_complex.pdb,C:\Users\86198\Desktop\P-P\01_cleaned_protein_pdb\5lhn_complex.pdb,2,135,247,2.55,A,B,5lhn_complex,R0294,L0412,R0294_L0412
5lqb,5lqb_complex.pdb,C:\Users\86198\Desktop\P-P\01_cleaned_protein_pdb\5lqb_complex.pdb,3,128,219,1.95,HL,A,5lqb_complex,R0085,L0430,R0085_L0430
5lrw,5lrw_complex.pdb,C:\Users\86198\Desktop\P-P\01_cleaned_protein_pdb\5lrw_complex.pdb,4,75,289,2.0,C,D,5lrw_complex,R0235,L0212,R0235_L0212
5lxm,5lxm_complex.pdb,C:\Users\86198\Desktop\P-P\01_cleaned_protein_pdb\5lxm_complex.pdb,2,36,266,2.08,A,D,5lxm_complex,R0259,L0617,R0259_L0617
5m2i,5m2i_complex.pdb,C:\Users\86198\Desktop\P-P\01_cleaned_protein_pdb\5m2i_complex.pdb,12,121,148,2.15,A,H,5m2i_complex,R0498,L0412,R0498_L0412
5m2j,5m2j_complex.pdb,C:\Users\86198\Desktop\P-P\01_cleaned_protein_pdb\5m2j_complex.pdb,2,115,149,1.9,A,D,5m2j_complex,R0498,L0181,R0498_L0181
5m2m,5m2m_complex.pdb,C:\Users\86198\Desktop\P-P\01_cleaned_protein_pdb\5m2m_complex.pdb,12,127,151,2.3,G,H,5m2m_complex,R0498,L0412,R0498_L0412
5m5e,5m5e_complex.pdb,C:\Users\86198\Desktop\P-P\01_cleaned_protein_pdb\5m5e_complex.pdb,3,130,203,2.3,BC,D,5m5e_complex,R0056,L0430,R0056_L0430
5ma3,5ma3_complex.pdb,C:\Users\86198\Desktop\P-P\01_cleaned_protein_pdb\5ma3_complex.pdb,2,227,302,1.7,B,A,5ma3_complex,R0333,L0112,R0333_L0112
5ma4,5ma4_complex.pdb,C:\Users\86198\Desktop\P-P\01_cleaned_protein_pdb\5ma4_complex.pdb,2,229,294,1.4,B,A,5ma4_complex,R0333,L0112,R0333_L0112
5ma5,5ma5_complex.pdb,C:\Users\86198\Desktop\P-P\01_cleaned_protein_pdb\5ma5_complex.pdb,4,226,299,1.85,B,A,5ma5_complex,R0333,L0112,R0333_L0112
5ma6,5ma6_complex.pdb,C:\Users\86198\Desktop\P-P\01_cleaned_protein_pdb\5ma6_complex.pdb,2,159,226,2.3,A,B,5ma6_complex,R0333,L0112,R0333_L0112
5mad,5mad_complex.pdb,C:\Users\86198\Desktop\P-P\01_cleaned_protein_pdb\5mad_complex.pdb,8,154,231,1.53,G,H,5mad_complex,R0404,L0194,R0404_L0194
5mak,5mak_complex.pdb,C:\Users\86198\Desktop\P-P\01_cleaned_protein_pdb\5mak_complex.pdb,4,226,293,2.5,B,A,5mak_complex,R0333,L0112,R0333_L0112
5mfc,5mfc_complex.pdb,C:\Users\86198\Desktop\P-P\01_cleaned_protein_pdb\5mfc_complex.pdb,4,237,285,2.4,C,D,5mfc_complex,R0244,L0194,R0244_L0194
5mi0,5mi0_complex.pdb,C:\Users\86198\Desktop\P-P\01_cleaned_protein_pdb\5mi0_complex.pdb,3,217,293,2.35,BC,A,5mi0_complex,R0085,L0127,R0085_L0127
5mrv,5mrv_complex.pdb,C:\Users\86198\Desktop\P-P\01_cleaned_protein_pdb\5mrv_complex.pdb,3,53,307,1.85,A,C,5mrv_complex,R0142,L0769,R0142_L0769
5mtj,5mtj_complex.pdb,C:\Users\86198\Desktop\P-P\01_cleaned_protein_pdb\5mtj_complex.pdb,2,96,109,1.95,A,B,5mtj_complex,R0613,L0534,R0613_L0534
5mtm,5mtm_complex.pdb,C:\Users\86198\Desktop\P-P\01_cleaned_protein_pdb\5mtm_complex.pdb,2,92,108,2.41,A,B,5mtm_complex,R0613,L0534,R0613_L0534
5mtn,5mtn_complex.pdb,C:\Users\86198\Desktop\P-P\01_cleaned_protein_pdb\5mtn_complex.pdb,2,90,94,2.85,A,B,5mtn_complex,R0613,L0534,R0613_L0534
5my6,5my6_complex.pdb,C:\Users\86198\Desktop\P-P\01_cleaned_protein_pdb\5my6_complex.pdb,2,115,574,2.25,A,B,5my6_complex,R0033,L0181,R0033_L0181
5n7w,5n7w_complex.pdb,C:\Users\86198\Desktop\P-P\01_cleaned_protein_pdb\5n7w_complex.pdb,6,117,222,1.96,AB,Y,5n7w_complex,R0085,L0463,R0085_L0463
5n88,5n88_complex.pdb,C:\Users\86198\Desktop\P-P\01_cleaned_protein_pdb\5n88_complex.pdb,4,79,126,1.7,A,D,5n88_complex,R0092,L0633,R0092_L0633
5ngv,5ngv_complex.pdb,C:\Users\86198\Desktop\P-P\01_cleaned_protein_pdb\5ngv_complex.pdb,3,93,113,2.0,HL,A,5ngv_complex,R0311,L0585,R0311_L0585
5nh3,5nh3_complex.pdb,C:\Users\86198\Desktop\P-P\01_cleaned_protein_pdb\5nh3_complex.pdb,6,94,113,2.35,HL,A,5nh3_complex,R0311,L0585,R0311_L0585
5nmv,5nmv_complex.pdb,C:\Users\86198\Desktop\P-P\01_cleaned_protein_pdb\5nmv_complex.pdb,3,63,221,1.65,HL,K,5nmv_complex,R0085,L0440,R0085_L0440
5nqf,5nqf_complex.pdb,C:\Users\86198\Desktop\P-P\01_cleaned_protein_pdb\5nqf_complex.pdb,2,35,305,1.9,A,B,5nqf_complex,R0128,L0825,R0128_L0825
5nqg,5nqg_complex.pdb,C:\Users\86198\Desktop\P-P\01_cleaned_protein_pdb\5nqg_complex.pdb,2,33,394,2.15,A,B,5nqg_complex,R0128,L0826,R0128_L0826
5o03,5o03_complex.pdb,C:\Users\86198\Desktop\P-P\01_cleaned_protein_pdb\5o03_complex.pdb,4,135,315,2.19,A,D,5o03_complex,R0205,L0412,R0205_L0412
5o05,5o05_complex.pdb,C:\Users\86198\Desktop\P-P\01_cleaned_protein_pdb\5o05_complex.pdb,4,118,315,2.0,D,A,5o05_complex,R0092,L0099,R0092_L0099
5o0w,5o0w_complex.pdb,C:\Users\86198\Desktop\P-P\01_cleaned_protein_pdb\5o0w_complex.pdb,8,136,360,2.57,A,E,5o0w_complex,R0160,L0412,R0160_L0412
5o2t,5o2t_complex.pdb,C:\Users\86198\Desktop\P-P\01_cleaned_protein_pdb\5o2t_complex.pdb,2,142,164,2.19,A,B,5o2t_complex,R0425,L0112,R0425_L0112
5o2u,5o2u_complex.pdb,C:\Users\86198\Desktop\P-P\01_cleaned_protein_pdb\5o2u_complex.pdb,4,73,116,2.76,C,D,5o2u_complex,R0684,L0412,R0684_L0412
5o4e,5o4e_complex.pdb,C:\Users\86198\Desktop\P-P\01_cleaned_protein_pdb\5o4e_complex.pdb,6,95,216,2.15,D,E,5o4e_complex,R0353,L0559,R0353_L0559
5oaq,5oaq_complex.pdb,C:\Users\86198\Desktop\P-P\01_cleaned_protein_pdb\5oaq_complex.pdb,2,40,218,1.95,A,L,5oaq_complex,R0350,L0777,R0350_L0777
5oc7,5oc7_complex.pdb,C:\Users\86198\Desktop\P-P\01_cleaned_protein_pdb\5oc7_complex.pdb,4,89,120,1.65,A,C,5oc7_complex,R0576,L0534,R0576_L0534
5ohp,5ohp_complex.pdb,C:\Users\86198\Desktop\P-P\01_cleaned_protein_pdb\5ohp_complex.pdb,3,74,334,2.8,A,B,5ohp_complex,R0184,L0212,R0184_L0212
5omm,5omm_complex.pdb,C:\Users\86198\Desktop\P-P\01_cleaned_protein_pdb\5omm_complex.pdb,3,117,314,1.7,A,C,5omm_complex,R0205,L0412,R0205_L0412
5omn,5omn_complex.pdb,C:\Users\86198\Desktop\P-P\01_cleaned_protein_pdb\5omn_complex.pdb,2,113,315,2.68,B,C,5omn_complex,R0205,L0181,R0205_L0181
5otj,5otj_complex.pdb,C:\Users\86198\Desktop\P-P\01_cleaned_protein_pdb\5otj_complex.pdb,6,69,222,2.35,BA,D,5otj_complex,R0026,L0688,R0026_L0688
5ovw,5ovw_complex.pdb,C:\Users\86198\Desktop\P-P\01_cleaned_protein_pdb\5ovw_complex.pdb,12,126,245,2.65,F,L,5ovw_complex,R0302,L0412,R0302_L0412
5sv3,5sv3_complex.pdb,C:\Users\86198\Desktop\P-P\01_cleaned_protein_pdb\5sv3_complex.pdb,4,125,167,2.73,C,D,5sv3_complex,R0092,L0327,R0092_L0327
5swk,5swk_complex.pdb,C:\Users\86198\Desktop\P-P\01_cleaned_protein_pdb\5swk_complex.pdb,4,84,107,1.92,A,C,5swk_complex,R0664,L0525,R0664_L0525
5sx4,5sx4_complex.pdb,C:\Users\86198\Desktop\P-P\01_cleaned_protein_pdb\5sx4_complex.pdb,6,191,218,2.8,JI,M,5sx4_complex,R0085,L0280,R0085_L0280
5sx5,5sx5_complex.pdb,C:\Users\86198\Desktop\P-P\01_cleaned_protein_pdb\5sx5_complex.pdb,6,192,218,2.5,HL,N,5sx5_complex,R0085,L0008,R0085_L0008
5sy8,5sy8_complex.pdb,C:\Users\86198\Desktop\P-P\01_cleaned_protein_pdb\5sy8_complex.pdb,3,155,234,1.62,HL,O,5sy8_complex,R0085,L0362,R0085_L0362
5t29,5t29_complex.pdb,C:\Users\86198\Desktop\P-P\01_cleaned_protein_pdb\5t29_complex.pdb,3,149,232,2.03,HL,O,5t29_complex,R0026,L0362,R0026_L0362
5t5b,5t5b_complex.pdb,C:\Users\86198\Desktop\P-P\01_cleaned_protein_pdb\5t5b_complex.pdb,6,151,231,2.07,HL,E,5t5b_complex,R0026,L0362,R0026_L0362
5t5f,5t5f_complex.pdb,C:\Users\86198\Desktop\P-P\01_cleaned_protein_pdb\5t5f_complex.pdb,3,212,226,2.98,HL,A,5t5f_complex,R0085,L0180,R0085_L0180
5t6l,5t6l_complex.pdb,C:\Users\86198\Desktop\P-P\01_cleaned_protein_pdb\5t6l_complex.pdb,6,152,232,2.1,HL,I,5t6l_complex,R0026,L0362,R0026_L0362
5tar,5tar_complex.pdb,C:\Users\86198\Desktop\P-P\01_cleaned_protein_pdb\5tar_complex.pdb,2,148,184,1.9,A,B,5tar_complex,R0425,L0378,R0425_L0378
5te4,5te4_complex.pdb,C:\Users\86198\Desktop\P-P\01_cleaned_protein_pdb\5te4_complex.pdb,3,210,358,2.75,HL,G,5te4_complex,R0085,L0070,R0085_L0070
5te6,5te6_complex.pdb,C:\Users\86198\Desktop\P-P\01_cleaned_protein_pdb\5te6_complex.pdb,3,210,353,2.4,HL,G,5te6_complex,R0085,L0070,R0085_L0070
5te7,5te7_complex.pdb,C:\Users\86198\Desktop\P-P\01_cleaned_protein_pdb\5te7_complex.pdb,3,210,348,2.15,HL,G,5te7_complex,R0085,L0070,R0085_L0070
5tfw,5tfw_complex.pdb,C:\Users\86198\Desktop\P-P\01_cleaned_protein_pdb\5tfw_complex.pdb,3,154,233,2.17,HL,O,5tfw_complex,R0026,L0362,R0026_L0362
5th9,5th9_complex.pdb,C:\Users\86198\Desktop\P-P\01_cleaned_protein_pdb\5th9_complex.pdb,9,106,229,3.0,IM,B,5th9_complex,R0085,L0204,R0085_L0204
5tl6,5tl6_complex.pdb,C:\Users\86198\Desktop\P-P\01_cleaned_protein_pdb\5tl6_complex.pdb,4,77,315,2.62,D,C,5tl6_complex,R0202,L0648,R0202_L0648
5tru,5tru_complex.pdb,C:\Users\86198\Desktop\P-P\01_cleaned_protein_pdb\5tru_complex.pdb,6,116,220,3.0,hl,c,5tru_complex,R0085,L0474,R0085_L0474
5tvq,5tvq_complex.pdb,C:\Users\86198\Desktop\P-P\01_cleaned_protein_pdb\5tvq_complex.pdb,2,75,253,2.35,A,B,5tvq_complex,R0284,L0630,R0284_L0630
5tz2,5tz2_complex.pdb,C:\Users\86198\Desktop\P-P\01_cleaned_protein_pdb\5tz2_complex.pdb,3,114,220,2.3,HL,C,5tz2_complex,R0085,L0471,R0085_L0471
5tzt,5tzt_complex.pdb,C:\Users\86198\Desktop\P-P\01_cleaned_protein_pdb\5tzt_complex.pdb,6,110,219,2.89,AB,D,5tzt_complex,R0085,L0471,R0085_L0471
5u4m,5u4m_complex.pdb,C:\Users\86198\Desktop\P-P\01_cleaned_protein_pdb\5u4m_complex.pdb,2,129,255,2.5,A,B,5u4m_complex,R0264,L0412,R0264_L0412
5u4y,5u4y_complex.pdb,C:\Users\86198\Desktop\P-P\01_cleaned_protein_pdb\5u4y_complex.pdb,4,53,212,2.5,B,D,5u4y_complex,R0353,L0722,R0353_L0722
5u52,5u52_complex.pdb,C:\Users\86198\Desktop\P-P\01_cleaned_protein_pdb\5u52_complex.pdb,4,34,209,1.94,B,Z,5u52_complex,R0353,L0838,R0353_L0838
5ufe,5ufe_complex.pdb,C:\Users\86198\Desktop\P-P\01_cleaned_protein_pdb\5ufe_complex.pdb,2,58,166,2.3,A,B,5ufe_complex,R0425,L0698,R0425_L0698
5ufq,5ufq_complex.pdb,C:\Users\86198\Desktop\P-P\01_cleaned_protein_pdb\5ufq_complex.pdb,4,60,166,2.2,A,C,5ufq_complex,R0425,L0698,R0425_L0698
5uk5,5uk5_complex.pdb,C:\Users\86198\Desktop\P-P\01_cleaned_protein_pdb\5uk5_complex.pdb,2,194,299,2.51,A,B,5uk5_complex,R0403,L0118,R0403_L0118
5un5,5un5_complex.pdb,C:\Users\86198\Desktop\P-P\01_cleaned_protein_pdb\5un5_complex.pdb,4,88,119,2.99,B,C,5un5_complex,R0574,L0529,R0574_L0529
5ush,5ush_complex.pdb,C:\Users\86198\Desktop\P-P\01_cleaned_protein_pdb\5ush_complex.pdb,6,212,234,2.3,HL,X,5ush_complex,R0026,L0196,R0026_L0196
5usl,5usl_complex.pdb,C:\Users\86198\Desktop\P-P\01_cleaned_protein_pdb\5usl_complex.pdb,6,210,232,2.9,BC,A,5usl_complex,R0026,L0196,R0026_L0196
5utz,5utz_complex.pdb,C:\Users\86198\Desktop\P-P\01_cleaned_protein_pdb\5utz_complex.pdb,12,128,223,2.75,JK,I,5utz_complex,R0085,L0430,R0085_L0430
5v5g,5v5g_complex.pdb,C:\Users\86198\Desktop\P-P\01_cleaned_protein_pdb\5v5g_complex.pdb,4,80,164,2.1,C,D,5v5g_complex,R0474,L0386,R0474_L0386
5v5h,5v5h_complex.pdb,C:\Users\86198\Desktop\P-P\01_cleaned_protein_pdb\5v5h_complex.pdb,2,79,162,1.5,A,B,5v5h_complex,R0474,L0386,R0474_L0386
5v5i,5v5i_complex.pdb,C:\Users\86198\Desktop\P-P\01_cleaned_protein_pdb\5v5i_complex.pdb,4,75,161,2.2,A,B,5v5i_complex,R0474,L0212,R0474_L0212
5v69,5v69_complex.pdb,C:\Users\86198\Desktop\P-P\01_cleaned_protein_pdb\5v69_complex.pdb,2,75,322,2.55,A,B,5v69_complex,R0198,L0212,R0198_L0212
5v6a,5v6a_complex.pdb,C:\Users\86198\Desktop\P-P\01_cleaned_protein_pdb\5v6a_complex.pdb,2,75,320,2.7,A,B,5v6a_complex,R0198,L0212,R0198_L0212
5vag,5vag_complex.pdb,C:\Users\86198\Desktop\P-P\01_cleaned_protein_pdb\5vag_complex.pdb,3,209,221,1.9,CB,A,5vag_complex,R0085,L0237,R0085_L0237
5vpg,5vpg_complex.pdb,C:\Users\86198\Desktop\P-P\01_cleaned_protein_pdb\5vpg_complex.pdb,3,211,222,1.95,DC,A,5vpg_complex,R0085,L0215,R0085_L0215
5vpl,5vpl_complex.pdb,C:\Users\86198\Desktop\P-P\01_cleaned_protein_pdb\5vpl_complex.pdb,3,211,223,1.9,DC,A,5vpl_complex,R0085,L0215,R0085_L0215
5vu0,5vu0_complex.pdb,C:\Users\86198\Desktop\P-P\01_cleaned_protein_pdb\5vu0_complex.pdb,3,172,216,2.26,A,C,5vu0_complex,R0353,L0162,R0353_L0162
5vyf,5vyf_complex.pdb,C:\Users\86198\Desktop\P-P\01_cleaned_protein_pdb\5vyf_complex.pdb,6,136,213,2.9,HL,F,5vyf_complex,R0085,L0413,R0085_L0413
5w06,5w06_complex.pdb,C:\Users\86198\Desktop\P-P\01_cleaned_protein_pdb\5w06_complex.pdb,3,208,221,2.6,HL,T,5w06_complex,R0085,L0238,R0085_L0238
5w08,5w08_complex.pdb,C:\Users\86198\Desktop\P-P\01_cleaned_protein_pdb\5w08_complex.pdb,3,212,273,2.6,QR,D,5w08_complex,R0026,L0092,R0026_L0092
5w6g,5w6g_complex.pdb,C:\Users\86198\Desktop\P-P\01_cleaned_protein_pdb\5w6g_complex.pdb,4,168,326,2.79,HL,A,5w6g_complex,R0026,L0023,R0026_L0023
5wb7,5wb7_complex.pdb,C:\Users\86198\Desktop\P-P\01_cleaned_protein_pdb\5wb7_complex.pdb,8,44,504,2.94,A,E,5wb7_complex,R0033,L0786,R0033_L0786
5wb8,5wb8_complex.pdb,C:\Users\86198\Desktop\P-P\01_cleaned_protein_pdb\5wb8_complex.pdb,4,36,506,3.0,A,C,5wb8_complex,R0033,L0786,R0033_L0786
5whk,5whk_complex.pdb,C:\Users\86198\Desktop\P-P\01_cleaned_protein_pdb\5whk_complex.pdb,4,99,267,2.5,HL,AB,5whk_complex,R0026,L0066,R0026_L0066
5wi9,5wi9_complex.pdb,C:\Users\86198\Desktop\P-P\01_cleaned_protein_pdb\5wi9_complex.pdb,6,207,431,2.7,FE,B,5wi9_complex,R0085,L0037,R0085_L0037
5wt9,5wt9_complex.pdb,C:\Users\86198\Desktop\P-P\01_cleaned_protein_pdb\5wt9_complex.pdb,3,118,216,2.4,HL,G,5wt9_complex,R0085,L0476,R0085_L0476
5wux,5wux_complex.pdb,C:\Users\86198\Desktop\P-P\01_cleaned_protein_pdb\5wux_complex.pdb,9,149,220,2.9,HL,E,5wux_complex,R0085,L0367,R0085_L0367
5xis,5xis_complex.pdb,C:\Users\86198\Desktop\P-P\01_cleaned_protein_pdb\5xis_complex.pdb,6,72,82,1.78,A,BC,5xis_complex,R0671,L0212,R0671_L0212
5xiu,5xiu_complex.pdb,C:\Users\86198\Desktop\P-P\01_cleaned_protein_pdb\5xiu_complex.pdb,2,47,73,1.8,A,B,5xiu_complex,R0705,L0212,R0705_L0212
5xj4,5xj4_complex.pdb,C:\Users\86198\Desktop\P-P\01_cleaned_protein_pdb\5xj4_complex.pdb,3,113,211,2.3,HL,A,5xj4_complex,R0311,L0229,R0311_L0229
5xku,5xku_complex.pdb,C:\Users\86198\Desktop\P-P\01_cleaned_protein_pdb\5xku_complex.pdb,3,208,225,1.78,CB,A,5xku_complex,R0085,L0237,R0085_L0237
5xmh,5xmh_complex.pdb,C:\Users\86198\Desktop\P-P\01_cleaned_protein_pdb\5xmh_complex.pdb,6,107,222,2.8,DC,B,5xmh_complex,R0311,L0235,R0311_L0235
5xwd,5xwd_complex.pdb,C:\Users\86198\Desktop\P-P\01_cleaned_protein_pdb\5xwd_complex.pdb,3,108,611,2.89,HD,A,5xwd_complex,R0311,L0008,R0311_L0008
5xxy,5xxy_complex.pdb,C:\Users\86198\Desktop\P-P\01_cleaned_protein_pdb\5xxy_complex.pdb,3,115,218,2.9,HL,A,5xxy_complex,R0085,L0229,R0085_L0229
5y11,5y11_complex.pdb,C:\Users\86198\Desktop\P-P\01_cleaned_protein_pdb\5y11_complex.pdb,3,215,319,2.1,AB,C,5y11_complex,R0085,L0094,R0085_L0094
5y9j,5y9j_complex.pdb,C:\Users\86198\Desktop\P-P\01_cleaned_protein_pdb\5y9j_complex.pdb,3,144,223,2.05,HL,A,5y9j_complex,R0026,L0393,R0026_L0393
5yc5,5yc5_complex.pdb,C:\Users\86198\Desktop\P-P\01_cleaned_protein_pdb\5yc5_complex.pdb,3,171,213,2.71,A,C,5yc5_complex,R0353,L0162,R0353_L0162
5ydr,5ydr_complex.pdb,C:\Users\86198\Desktop\P-P\01_cleaned_protein_pdb\5ydr_complex.pdb,3,73,250,2.0,A,B,5ydr_complex,R0340,L0173,R0340_L0173
5yoy,5yoy_complex.pdb,C:\Users\86198\Desktop\P-P\01_cleaned_protein_pdb\5yoy_complex.pdb,18,108,154,2.73,RO,J,5yoy_complex,R0311,L0367,R0311_L0367
5ywr,5ywr_complex.pdb,C:\Users\86198\Desktop\P-P\01_cleaned_protein_pdb\5ywr_complex.pdb,2,87,150,1.47,A,B,5ywr_complex,R0340,L0617,R0340_L0617
6a0z,6a0z_complex.pdb,C:\Users\86198\Desktop\P-P\01_cleaned_protein_pdb\6a0z_complex.pdb,3,212,270,2.33,HL,A,6a0z_complex,R0085,L0023,R0085_L0023
6a3w,6a3w_complex.pdb,C:\Users\86198\Desktop\P-P\01_cleaned_protein_pdb\6a3w_complex.pdb,12,95,135,2.0,GH,I,6a3w_complex,R0311,L0396,R0311_L0396
6a67,6a67_complex.pdb,C:\Users\86198\Desktop\P-P\01_cleaned_protein_pdb\6a67_complex.pdb,6,210,226,2.33,HL,A,6a67_complex,R0085,L0023,R0085_L0023
6a6i,6a6i_complex.pdb,C:\Users\86198\Desktop\P-P\01_cleaned_protein_pdb\6a6i_complex.pdb,8,74,94,2.6,A,B,6a6i_complex,R0643,L0212,R0643_L0212
6a78,6a78_complex.pdb,C:\Users\86198\Desktop\P-P\01_cleaned_protein_pdb\6a78_complex.pdb,6,90,122,2.1,HL,A,6a78_complex,R0311,L0608,R0311_L0608
6a79,6a79_complex.pdb,C:\Users\86198\Desktop\P-P\01_cleaned_protein_pdb\6a79_complex.pdb,6,90,122,2.31,IM,B,6a79_complex,R0311,L0608,R0311_L0608
6amb,6amb_complex.pdb,C:\Users\86198\Desktop\P-P\01_cleaned_protein_pdb\6amb_complex.pdb,2,95,170,2.5,A,B,6amb_complex,R0461,L0581,R0461_L0581
6aod,6aod_complex.pdb,C:\Users\86198\Desktop\P-P\01_cleaned_protein_pdb\6aod_complex.pdb,3,207,236,1.8,BA,C,6aod_complex,R0085,L0043,R0085_L0043
6aqr,6aqr_complex.pdb,C:\Users\86198\Desktop\P-P\01_cleaned_protein_pdb\6aqr_complex.pdb,5,76,470,2.1,A,D,6aqr_complex,R0076,L0212,R0076_L0212
6asr,6asr_complex.pdb,C:\Users\86198\Desktop\P-P\01_cleaned_protein_pdb\6asr_complex.pdb,3,39,76,2.36,A,B,6asr_complex,R0340,L0814,R0340_L0814
6azz,6azz_complex.pdb,C:\Users\86198\Desktop\P-P\01_cleaned_protein_pdb\6azz_complex.pdb,6,156,222,2.4,CB,A,6azz_complex,R0026,L0309,R0026_L0309
6b08,6b08_complex.pdb,C:\Users\86198\Desktop\P-P\01_cleaned_protein_pdb\6b08_complex.pdb,3,174,221,2.2,CB,A,6b08_complex,R0026,L0309,R0026_L0309
6b0a,6b0a_complex.pdb,C:\Users\86198\Desktop\P-P\01_cleaned_protein_pdb\6b0a_complex.pdb,3,171,227,2.5,HL,A,6b0a_complex,R0085,L0309,R0085_L0309
6b0g,6b0g_complex.pdb,C:\Users\86198\Desktop\P-P\01_cleaned_protein_pdb\6b0g_complex.pdb,3,157,226,1.9,DC,E,6b0g_complex,R0085,L0309,R0085_L0309
6b0s,6b0s_complex.pdb,C:\Users\86198\Desktop\P-P\01_cleaned_protein_pdb\6b0s_complex.pdb,3,65,224,1.95,HL,C,6b0s_complex,R0026,L0717,R0026_L0717
6b3s,6b3s_complex.pdb,C:\Users\86198\Desktop\P-P\01_cleaned_protein_pdb\6b3s_complex.pdb,12,191,220,2.8,JK,I,6b3s_complex,R0085,L0008,R0085_L0008
6b9j,6b9j_complex.pdb,C:\Users\86198\Desktop\P-P\01_cleaned_protein_pdb\6b9j_complex.pdb,6,214,235,2.9,HL,X,6b9j_complex,R0085,L0196,R0085_L0196
6bck,6bck_complex.pdb,C:\Users\86198\Desktop\P-P\01_cleaned_protein_pdb\6bck_complex.pdb,3,199,352,2.7,HL,G,6bck_complex,R0026,L0070,R0026_L0070
6bf4,6bf4_complex.pdb,C:\Users\86198\Desktop\P-P\01_cleaned_protein_pdb\6bf4_complex.pdb,6,218,344,2.38,HL,G,6bf4_complex,R0085,L0070,R0085_L0070
6bit,6bit_complex.pdb,C:\Users\86198\Desktop\P-P\01_cleaned_protein_pdb\6bit_complex.pdb,6,115,213,2.19,IK,H,6bit_complex,R0085,L0097,R0085_L0097
6bkb,6bkb_complex.pdb,C:\Users\86198\Desktop\P-P\01_cleaned_protein_pdb\6bkb_complex.pdb,3,164,227,2.8,HL,E,6bkb_complex,R0085,L0340,R0085_L0340
6bkc,6bkc_complex.pdb,C:\Users\86198\Desktop\P-P\01_cleaned_protein_pdb\6bkc_complex.pdb,3,152,225,2.6,HL,E,6bkc_complex,R0085,L0340,R0085_L0340
6blh,6blh_complex.pdb,C:\Users\86198\Desktop\P-P\01_cleaned_protein_pdb\6blh_complex.pdb,3,35,223,2.0,HL,G,6blh_complex,R0026,L0832,R0026_L0832
6bva,6bva_complex.pdb,C:\Users\86198\Desktop\P-P\01_cleaned_protein_pdb\6bva_complex.pdb,6,40,162,2.66,DE,B,6bva_complex,R0044,L0386,R0044_L0386
6bx4,6bx4_complex.pdb,C:\Users\86198\Desktop\P-P\01_cleaned_protein_pdb\6bx4_complex.pdb,4,96,123,2.55,B,D,6bx4_complex,R0567,L0534,R0567_L0534
6bx5,6bx5_complex.pdb,C:\Users\86198\Desktop\P-P\01_cleaned_protein_pdb\6bx5_complex.pdb,4,95,125,3.0,B,D,6bx5_complex,R0567,L0534,R0567_L0534
6bx8,6bx8_complex.pdb,C:\Users\86198\Desktop\P-P\01_cleaned_protein_pdb\6bx8_complex.pdb,8,53,224,1.98,A,B,6bx8_complex,R0291,L0440,R0291_L0440
6byh,6byh_complex.pdb,C:\Users\86198\Desktop\P-P\01_cleaned_protein_pdb\6byh_complex.pdb,9,39,163,2.61,AE,D,6byh_complex,R0044,L0386,R0044_L0386
6c83,6c83_complex.pdb,C:\Users\86198\Desktop\P-P\01_cleaned_protein_pdb\6c83_complex.pdb,4,48,263,2.55,A,D,6c83_complex,R0259,L0784,R0259_L0784
6cbp,6cbp_complex.pdb,C:\Users\86198\Desktop\P-P\01_cleaned_protein_pdb\6cbp_complex.pdb,2,30,235,2.17,P,A,6cbp_complex,R0001,L0181,R0001_L0181
6cmg,6cmg_complex.pdb,C:\Users\86198\Desktop\P-P\01_cleaned_protein_pdb\6cmg_complex.pdb,3,213,428,2.7,CB,A,6cmg_complex,R0085,L0038,R0085_L0038
6cug,6cug_complex.pdb,C:\Users\86198\Desktop\P-P\01_cleaned_protein_pdb\6cug_complex.pdb,4,97,276,2.4,DE,A,6cug_complex,R0080,L0059,R0080_L0059
6cwg,6cwg_complex.pdb,C:\Users\86198\Desktop\P-P\01_cleaned_protein_pdb\6cwg_complex.pdb,4,127,263,2.6,C,D,6cwg_complex,R0264,L0412,R0264_L0412
6cxf,6cxf_complex.pdb,C:\Users\86198\Desktop\P-P\01_cleaned_protein_pdb\6cxf_complex.pdb,4,97,273,2.5,C,A,6cxf_complex,R0080,L0059,R0080_L0059
6d4p,6d4p_complex.pdb,C:\Users\86198\Desktop\P-P\01_cleaned_protein_pdb\6d4p_complex.pdb,2,74,149,2.11,A,C,6d4p_complex,R0379,L0212,R0379_L0212
6d68,6d68_complex.pdb,C:\Users\86198\Desktop\P-P\01_cleaned_protein_pdb\6d68_complex.pdb,4,74,167,2.36,A,C,6d68_complex,R0477,L0212,R0477_L0212
6d7g,6d7g_complex.pdb,C:\Users\86198\Desktop\P-P\01_cleaned_protein_pdb\6d7g_complex.pdb,3,201,399,2.75,DE,A,6d7g_complex,R0104,L0048,R0104_L0048
6ddm,6ddm_complex.pdb,C:\Users\86198\Desktop\P-P\01_cleaned_protein_pdb\6ddm_complex.pdb,3,94,219,1.3,BA,C,6ddm_complex,R0085,L0586,R0085_L0586
6ddr,6ddr_complex.pdb,C:\Users\86198\Desktop\P-P\01_cleaned_protein_pdb\6ddr_complex.pdb,3,94,221,1.9,BA,C,6ddr_complex,R0085,L0586,R0085_L0586
6ddv,6ddv_complex.pdb,C:\Users\86198\Desktop\P-P\01_cleaned_protein_pdb\6ddv_complex.pdb,3,94,222,2.05,BA,C,6ddv_complex,R0085,L0586,R0085_L0586
6dg5,6dg5_complex.pdb,C:\Users\86198\Desktop\P-P\01_cleaned_protein_pdb\6dg5_complex.pdb,3,100,209,2.52,BC,A,6dg5_complex,R0056,L0553,R0056_L0553
6dgf,6dgf_complex.pdb,C:\Users\86198\Desktop\P-P\01_cleaned_protein_pdb\6dgf_complex.pdb,2,76,343,2.34,A,B,6dgf_complex,R0172,L0212,R0172_L0212
6dkj,6dkj_complex.pdb,C:\Users\86198\Desktop\P-P\01_cleaned_protein_pdb\6dkj_complex.pdb,6,102,222,1.95,AB,D,6dkj_complex,R0085,L0526,R0085_L0526
6dwf,6dwf_complex.pdb,C:\Users\86198\Desktop\P-P\01_cleaned_protein_pdb\6dwf_complex.pdb,12,163,223,1.94,B,H,6dwf_complex,R0297,L0342,R0297_L0342
6dwh,6dwh_complex.pdb,C:\Users\86198\Desktop\P-P\01_cleaned_protein_pdb\6dwh_complex.pdb,12,163,223,2.0,D,J,6dwh_complex,R0297,L0342,R0297_L0342
6e62,6e62_complex.pdb,C:\Users\86198\Desktop\P-P\01_cleaned_protein_pdb\6e62_complex.pdb,6,137,220,2.7,BC,A,6e62_complex,R0026,L0414,R0026_L0414
6e63,6e63_complex.pdb,C:\Users\86198\Desktop\P-P\01_cleaned_protein_pdb\6e63_complex.pdb,6,134,222,2.6,BC,A,6e63_complex,R0026,L0414,R0026_L0414
6ehg,6ehg_complex.pdb,C:\Users\86198\Desktop\P-P\01_cleaned_protein_pdb\6ehg_complex.pdb,3,124,911,2.65,AB,C,6ehg_complex,R0000,L0412,R0000_L0412
6ejg,6ejg_complex.pdb,C:\Users\86198\Desktop\P-P\01_cleaned_protein_pdb\6ejg_complex.pdb,4,89,231,2.82,A,C,6ejg_complex,R0655,L0182,R0655_L0182
6ejm,6ejm_complex.pdb,C:\Users\86198\Desktop\P-P\01_cleaned_protein_pdb\6ejm_complex.pdb,4,91,229,2.15,B,H,6ejm_complex,R0655,L0181,R0655_L0181
6er6,6er6_complex.pdb,C:\Users\86198\Desktop\P-P\01_cleaned_protein_pdb\6er6_complex.pdb,2,88,127,1.56,B,A,6er6_complex,R0557,L0540,R0557_L0540
6ere,6ere_complex.pdb,C:\Users\86198\Desktop\P-P\01_cleaned_protein_pdb\6ere_complex.pdb,4,83,129,2.25,B,C,6ere_complex,R0557,L0540,R0557_L0540
6ewb,6ewb_complex.pdb,C:\Users\86198\Desktop\P-P\01_cleaned_protein_pdb\6ewb_complex.pdb,12,209,310,2.78,HL,B,6ewb_complex,R0085,L0099,R0085_L0099
6f2g,6f2g_complex.pdb,C:\Users\86198\Desktop\P-P\01_cleaned_protein_pdb\6f2g_complex.pdb,2,131,430,2.92,A,B,6f2g_complex,R0094,L0412,R0094_L0412
6fe4,6fe4_complex.pdb,C:\Users\86198\Desktop\P-P\01_cleaned_protein_pdb\6fe4_complex.pdb,10,70,119,3.0,A,F,6fe4_complex,R0685,L0181,R0685_L0181
6fg1,6fg1_complex.pdb,C:\Users\86198\Desktop\P-P\01_cleaned_protein_pdb\6fg1_complex.pdb,4,211,236,2.03,AD,HL,6fg1_complex,R0085,L0035,R0085_L0035
6fg2,6fg2_complex.pdb,C:\Users\86198\Desktop\P-P\01_cleaned_protein_pdb\6fg2_complex.pdb,8,211,225,2.79,DE,MI,6fg2_complex,R0026,L0036,R0026_L0036
6fgb,6fgb_complex.pdb,C:\Users\86198\Desktop\P-P\01_cleaned_protein_pdb\6fgb_complex.pdb,4,99,265,2.9,HL,A,6fgb_complex,R0085,L0066,R0085_L0066
6fgo,6fgo_complex.pdb,C:\Users\86198\Desktop\P-P\01_cleaned_protein_pdb\6fgo_complex.pdb,8,64,209,2.5,A,E,6fgo_complex,R0353,L0722,R0353_L0722
6flb,6flb_complex.pdb,C:\Users\86198\Desktop\P-P\01_cleaned_protein_pdb\6flb_complex.pdb,3,100,218,2.2,HL,G,6flb_complex,R0026,L0003,R0026_L0003
6flc,6flc_complex.pdb,C:\Users\86198\Desktop\P-P\01_cleaned_protein_pdb\6flc_complex.pdb,6,97,221,2.0,HL,G,6flc_complex,R0085,L0003,R0085_L0003
6fp7,6fp7_complex.pdb,C:\Users\86198\Desktop\P-P\01_cleaned_protein_pdb\6fp7_complex.pdb,2,163,225,1.58,A,B,6fp7_complex,R0339,L0112,R0339_L0112
6fuz,6fuz_complex.pdb,C:\Users\86198\Desktop\P-P\01_cleaned_protein_pdb\6fuz_complex.pdb,2,112,267,2.7,A,N,6fuz_complex,R0254,L0181,R0254_L0181
6fv0,6fv0_complex.pdb,C:\Users\86198\Desktop\P-P\01_cleaned_protein_pdb\6fv0_complex.pdb,2,114,270,2.29,A,F,6fv0_complex,R0254,L0181,R0254_L0181
6gfi,6gfi_complex.pdb,C:\Users\86198\Desktop\P-P\01_cleaned_protein_pdb\6gfi_complex.pdb,4,56,224,2.3,A,E,6gfi_complex,R0291,L0751,R0291_L0751
6gjq,6gjq_complex.pdb,C:\Users\86198\Desktop\P-P\01_cleaned_protein_pdb\6gjq_complex.pdb,8,121,195,2.49,G,H,6gjq_complex,R0400,L0412,R0400_L0412
6gku,6gku_complex.pdb,C:\Users\86198\Desktop\P-P\01_cleaned_protein_pdb\6gku_complex.pdb,3,140,222,1.91,HL,A,6gku_complex,R0026,L0406,R0026_L0406
6gum,6gum_complex.pdb,C:\Users\86198\Desktop\P-P\01_cleaned_protein_pdb\6gum_complex.pdb,2,111,155,1.79,A,B,6gum_complex,R0485,L0504,R0485_L0504
6gwc,6gwc_complex.pdb,C:\Users\86198\Desktop\P-P\01_cleaned_protein_pdb\6gwc_complex.pdb,3,217,437,2.6,A,C,6gwc_complex,R0012,L0179,R0012_L0179
6h15,6h15_complex.pdb,C:\Users\86198\Desktop\P-P\01_cleaned_protein_pdb\6h15_complex.pdb,4,123,616,2.6,A,C,6h15_complex,R0032,L0412,R0032_L0412
6h16,6h16_complex.pdb,C:\Users\86198\Desktop\P-P\01_cleaned_protein_pdb\6h16_complex.pdb,2,119,618,2.9,A,B,6h16_complex,R0032,L0412,R0032_L0412
6h2y,6h2y_complex.pdb,C:\Users\86198\Desktop\P-P\01_cleaned_protein_pdb\6h2y_complex.pdb,3,212,223,2.65,HL,D,6h2y_complex,R0026,L0184,R0026_L0184
6h3t,6h3t_complex.pdb,C:\Users\86198\Desktop\P-P\01_cleaned_protein_pdb\6h3t_complex.pdb,6,113,232,2.84,HL,A,6h3t_complex,R0311,L0201,R0311_L0201
6h46,6h46_complex.pdb,C:\Users\86198\Desktop\P-P\01_cleaned_protein_pdb\6h46_complex.pdb,2,156,168,2.22,A,B,6h46_complex,R0425,L0112,R0425_L0112
6h47,6h47_complex.pdb,C:\Users\86198\Desktop\P-P\01_cleaned_protein_pdb\6h47_complex.pdb,2,155,166,1.7,A,B,6h47_complex,R0425,L0112,R0425_L0112
6h6y,6h6y_complex.pdb,C:\Users\86198\Desktop\P-P\01_cleaned_protein_pdb\6h6y_complex.pdb,8,116,290,1.58,D,H,6h6y_complex,R0232,L0412,R0232_L0412
6h6z,6h6z_complex.pdb,C:\Users\86198\Desktop\P-P\01_cleaned_protein_pdb\6h6z_complex.pdb,4,126,291,2.09,A,D,6h6z_complex,R0232,L0412,R0232_L0412
6h71,6h71_complex.pdb,C:\Users\86198\Desktop\P-P\01_cleaned_protein_pdb\6h71_complex.pdb,4,121,288,2.31,A,C,6h71_complex,R0232,L0412,R0232_L0412
6har,6har_complex.pdb,C:\Users\86198\Desktop\P-P\01_cleaned_protein_pdb\6har_complex.pdb,2,54,224,1.5,A,E,6har_complex,R0291,L0751,R0291_L0751
6her,6her_complex.pdb,C:\Users\86198\Desktop\P-P\01_cleaned_protein_pdb\6her_complex.pdb,2,110,124,1.2,A,B,6her_complex,R0611,L0412,R0611_L0412
6hhc,6hhc_complex.pdb,C:\Users\86198\Desktop\P-P\01_cleaned_protein_pdb\6hhc_complex.pdb,3,213,236,2.7,HL,A,6hhc_complex,R0085,L0043,R0085_L0043
6hpr,6hpr_complex.pdb,C:\Users\86198\Desktop\P-P\01_cleaned_protein_pdb\6hpr_complex.pdb,4,63,146,1.7,A,CD,6hpr_complex,R0379,L0212,R0379_L0212
6i07,6i07_complex.pdb,C:\Users\86198\Desktop\P-P\01_cleaned_protein_pdb\6i07_complex.pdb,4,226,236,2.35,A,C,6i07_complex,R0026,L0198,R0026_L0198
6iea,6iea_complex.pdb,C:\Users\86198\Desktop\P-P\01_cleaned_protein_pdb\6iea_complex.pdb,3,218,315,2.0,HL,A,6iea_complex,R0085,L0100,R0085_L0100
6ieb,6ieb_complex.pdb,C:\Users\86198\Desktop\P-P\01_cleaned_protein_pdb\6ieb_complex.pdb,6,204,299,2.41,EF,B,6ieb_complex,R0026,L0100,R0026_L0100
6isu,6isu_complex.pdb,C:\Users\86198\Desktop\P-P\01_cleaned_protein_pdb\6isu_complex.pdb,3,75,227,1.87,A,B,6isu_complex,R0328,L0212,R0328_L0212
6ivz,6ivz_complex.pdb,C:\Users\86198\Desktop\P-P\01_cleaned_protein_pdb\6ivz_complex.pdb,3,106,391,2.4,HL,A,6ivz_complex,R0311,L0003,R0311_L0003
6j11,6j11_complex.pdb,C:\Users\86198\Desktop\P-P\01_cleaned_protein_pdb\6j11_complex.pdb,9,111,336,3.0,HL,A,6j11_complex,R0311,L0078,R0311_L0078
6j14,6j14_complex.pdb,C:\Users\86198\Desktop\P-P\01_cleaned_protein_pdb\6j14_complex.pdb,3,106,117,1.4,AB,G,6j14_complex,R0311,L0476,R0311_L0476
6j5d,6j5d_complex.pdb,C:\Users\86198\Desktop\P-P\01_cleaned_protein_pdb\6j5d_complex.pdb,3,94,120,1.8,HL,A,6j5d_complex,R0311,L0587,R0311_L0587
6j5f,6j5f_complex.pdb,C:\Users\86198\Desktop\P-P\01_cleaned_protein_pdb\6j5f_complex.pdb,3,94,120,1.8,HL,A,6j5f_complex,R0311,L0587,R0311_L0587
6j6y,6j6y_complex.pdb,C:\Users\86198\Desktop\P-P\01_cleaned_protein_pdb\6j6y_complex.pdb,6,101,221,2.15,EF,D,6j6y_complex,R0026,L0233,R0026_L0233
6j7w,6j7w_complex.pdb,C:\Users\86198\Desktop\P-P\01_cleaned_protein_pdb\6j7w_complex.pdb,4,36,118,2.6,A,C,6j7w_complex,R0092,L0815,R0092_L0815
6jb2,6jb2_complex.pdb,C:\Users\86198\Desktop\P-P\01_cleaned_protein_pdb\6jb2_complex.pdb,2,126,129,1.5,A,B,6jb2_complex,R0092,L0431,R0092_L0431
6jb8,6jb8_complex.pdb,C:\Users\86198\Desktop\P-P\01_cleaned_protein_pdb\6jb8_complex.pdb,2,125,129,1.65,A,B,6jb8_complex,R0092,L0431,R0092_L0431
6jbt,6jbt_complex.pdb,C:\Users\86198\Desktop\P-P\01_cleaned_protein_pdb\6jbt_complex.pdb,3,118,223,2.47,HL,F,6jbt_complex,R0085,L0476,R0085_L0476
6jep,6jep_complex.pdb,C:\Users\86198\Desktop\P-P\01_cleaned_protein_pdb\6jep_complex.pdb,6,101,235,2.32,KI,F,6jep_complex,R0085,L0003,R0085_L0003
6jjp,6jjp_complex.pdb,C:\Users\86198\Desktop\P-P\01_cleaned_protein_pdb\6jjp_complex.pdb,6,117,220,2.9,AB,C,6jjp_complex,R0085,L0476,R0085_L0476
6k0y,6k0y_complex.pdb,C:\Users\86198\Desktop\P-P\01_cleaned_protein_pdb\6k0y_complex.pdb,3,116,218,1.7,AB,C,6k0y_complex,R0085,L0476,R0085_L0476
6k7o,6k7o_complex.pdb,C:\Users\86198\Desktop\P-P\01_cleaned_protein_pdb\6k7o_complex.pdb,12,94,225,3.0,DE,Q,6k7o_complex,R0085,L0588,R0085_L0588
6mft,6mft_complex.pdb,C:\Users\86198\Desktop\P-P\01_cleaned_protein_pdb\6mft_complex.pdb,6,208,342,2.32,HL,G,6mft_complex,R0085,L0070,R0085_L0070
6mgp,6mgp_complex.pdb,C:\Users\86198\Desktop\P-P\01_cleaned_protein_pdb\6mgp_complex.pdb,6,143,154,2.13,B,Y,6mgp_complex,R0480,L0396,R0480_L0396
6mhr,6mhr_complex.pdb,C:\Users\86198\Desktop\P-P\01_cleaned_protein_pdb\6mhr_complex.pdb,6,140,222,2.8,DE,F,6mhr_complex,R0085,L0396,R0085_L0396
6mi2,6mi2_complex.pdb,C:\Users\86198\Desktop\P-P\01_cleaned_protein_pdb\6mi2_complex.pdb,6,133,217,2.72,AB,C,6mi2_complex,R0026,L0396,R0026_L0396
6mkz,6mkz_complex.pdb,C:\Users\86198\Desktop\P-P\01_cleaned_protein_pdb\6mkz_complex.pdb,4,85,165,2.65,C,B,6mkz_complex,R0480,L0396,R0480_L0396
6mlk,6mlk_complex.pdb,C:\Users\86198\Desktop\P-P\01_cleaned_protein_pdb\6mlk_complex.pdb,3,217,264,2.45,HL,A,6mlk_complex,R0085,L0159,R0085_L0159
6moe,6moe_complex.pdb,C:\Users\86198\Desktop\P-P\01_cleaned_protein_pdb\6moe_complex.pdb,4,161,217,2.09,A,D,6moe_complex,R0404,L0226,R0404_L0226
6mss,6mss_complex.pdb,C:\Users\86198\Desktop\P-P\01_cleaned_protein_pdb\6mss_complex.pdb,4,98,274,3.0,AB,CD,6mss_complex,R0080,L0059,R0080_L0059
6mvl,6mvl_complex.pdb,C:\Users\86198\Desktop\P-P\01_cleaned_protein_pdb\6mvl_complex.pdb,3,147,224,1.61,HL,A,6mvl_complex,R0085,L0381,R0085_L0381
6n85,6n85_complex.pdb,C:\Users\86198\Desktop\P-P\01_cleaned_protein_pdb\6n85_complex.pdb,2,393,426,2.5,B,M,6n85_complex,R0097,L0051,R0097_L0051
6ndz,6ndz_complex.pdb,C:\Users\86198\Desktop\P-P\01_cleaned_protein_pdb\6ndz_complex.pdb,6,120,190,2.26,A,B,6ndz_complex,R0574,L0112,R0574_L0112
6ne2,6ne2_complex.pdb,C:\Users\86198\Desktop\P-P\01_cleaned_protein_pdb\6ne2_complex.pdb,2,119,193,1.3,B,A,6ne2_complex,R0404,L0444,R0404_L0444
6ne4,6ne4_complex.pdb,C:\Users\86198\Desktop\P-P\01_cleaned_protein_pdb\6ne4_complex.pdb,2,119,194,1.65,B,A,6ne4_complex,R0404,L0444,R0404_L0444
6nha,6nha_complex.pdb,C:\Users\86198\Desktop\P-P\01_cleaned_protein_pdb\6nha_complex.pdb,4,99,264,2.38,HL,AB,6nha_complex,R0085,L0066,R0085_L0066
6nmr,6nmr_complex.pdb,C:\Users\86198\Desktop\P-P\01_cleaned_protein_pdb\6nmr_complex.pdb,12,112,221,2.42,HL,S,6nmr_complex,R0085,L0097,R0085_L0097
6nms,6nms_complex.pdb,C:\Users\86198\Desktop\P-P\01_cleaned_protein_pdb\6nms_complex.pdb,6,116,221,2.11,HL,S,6nms_complex,R0085,L0097,R0085_L0097
6nmt,6nmt_complex.pdb,C:\Users\86198\Desktop\P-P\01_cleaned_protein_pdb\6nmt_complex.pdb,3,115,220,1.83,BA,C,6nmt_complex,R0085,L0097,R0085_L0097
6nmu,6nmu_complex.pdb,C:\Users\86198\Desktop\P-P\01_cleaned_protein_pdb\6nmu_complex.pdb,6,114,222,2.55,HL,S,6nmu_complex,R0085,L0097,R0085_L0097
6nmv,6nmv_complex.pdb,C:\Users\86198\Desktop\P-P\01_cleaned_protein_pdb\6nmv_complex.pdb,3,116,215,2.61,HL,S,6nmv_complex,R0026,L0097,R0026_L0097
6o1f,6o1f_complex.pdb,C:\Users\86198\Desktop\P-P\01_cleaned_protein_pdb\6o1f_complex.pdb,4,177,243,2.15,HL,AI,6o1f_complex,R0085,L0043,R0085_L0043
6o39,6o39_complex.pdb,C:\Users\86198\Desktop\P-P\01_cleaned_protein_pdb\6o39_complex.pdb,3,120,221,1.8,BA,C,6o39_complex,R0085,L0444,R0085_L0444
6o3a,6o3a_complex.pdb,C:\Users\86198\Desktop\P-P\01_cleaned_protein_pdb\6o3a_complex.pdb,3,118,218,2.1,BA,E,6o3a_complex,R0085,L0444,R0085_L0444
6o3b,6o3b_complex.pdb,C:\Users\86198\Desktop\P-P\01_cleaned_protein_pdb\6o3b_complex.pdb,6,124,221,2.5,BA,C,6o3b_complex,R0085,L0444,R0085_L0444
6o60,6o60_complex.pdb,C:\Users\86198\Desktop\P-P\01_cleaned_protein_pdb\6o60_complex.pdb,4,159,392,2.5,CD,A,6o60_complex,R0044,L0114,R0044_L0114
6oan,6oan_complex.pdb,C:\Users\86198\Desktop\P-P\01_cleaned_protein_pdb\6oan_complex.pdb,4,228,268,2.9,A,B,6oan_complex,R0257,L0205,R0257_L0205
6obn,6obn_complex.pdb,C:\Users\86198\Desktop\P-P\01_cleaned_protein_pdb\6obn_complex.pdb,4,283,298,2.7,A,C,6obn_complex,R0220,L0133,R0220_L0133
6oc3,6oc3_complex.pdb,C:\Users\86198\Desktop\P-P\01_cleaned_protein_pdb\6oc3_complex.pdb,6,212,227,2.85,AB,F,6oc3_complex,R0085,L0023,R0085_L0023
6oor,6oor_complex.pdb,C:\Users\86198\Desktop\P-P\01_cleaned_protein_pdb\6oor_complex.pdb,4,99,273,2.45,HL,A,6oor_complex,R0085,L0059,R0085_L0059
6otc,6otc_complex.pdb,C:\Users\86198\Desktop\P-P\01_cleaned_protein_pdb\6otc_complex.pdb,3,122,221,1.7,HL,A,6otc_complex,R0085,L0462,R0085_L0462
6oy4,6oy4_complex.pdb,C:\Users\86198\Desktop\P-P\01_cleaned_protein_pdb\6oy4_complex.pdb,3,129,221,2.45,DC,A,6oy4_complex,R0085,L0436,R0085_L0436
6p50,6p50_complex.pdb,C:\Users\86198\Desktop\P-P\01_cleaned_protein_pdb\6p50_complex.pdb,3,93,223,2.9,HL,C,6p50_complex,R0085,L0271,R0085_L0271
6p67,6p67_complex.pdb,C:\Users\86198\Desktop\P-P\01_cleaned_protein_pdb\6p67_complex.pdb,12,194,223,2.9,CD,J,6p67_complex,R0085,L0271,R0085_L0271
6phb,6phb_complex.pdb,C:\Users\86198\Desktop\P-P\01_cleaned_protein_pdb\6phb_complex.pdb,6,175,220,2.0,BA,E,6phb_complex,R0085,L0309,R0085_L0309
6phc,6phc_complex.pdb,C:\Users\86198\Desktop\P-P\01_cleaned_protein_pdb\6phc_complex.pdb,6,159,228,2.9,CD,E,6phc_complex,R0085,L0309,R0085_L0309
6plk,6plk_complex.pdb,C:\Users\86198\Desktop\P-P\01_cleaned_protein_pdb\6plk_complex.pdb,6,103,225,2.3,IM,F,6plk_complex,R0085,L0047,R0085_L0047
6ppg,6ppg_complex.pdb,C:\Users\86198\Desktop\P-P\01_cleaned_protein_pdb\6ppg_complex.pdb,6,121,226,2.75,BA,G,6ppg_complex,R0085,L0463,R0085_L0463
6pxh,6pxh_complex.pdb,C:\Users\86198\Desktop\P-P\01_cleaned_protein_pdb\6pxh_complex.pdb,6,218,341,2.3,HL,B,6pxh_complex,R0085,L0078,R0085_L0078
6q0h,6q0h_complex.pdb,C:\Users\86198\Desktop\P-P\01_cleaned_protein_pdb\6q0h_complex.pdb,3,211,232,2.75,HL,A,6q0h_complex,R0026,L0023,R0026_L0023
6q0o,6q0o_complex.pdb,C:\Users\86198\Desktop\P-P\01_cleaned_protein_pdb\6q0o_complex.pdb,3,211,232,3.0,ZB,A,6q0o_complex,R0026,L0023,R0026_L0023
6q18,6q18_complex.pdb,C:\Users\86198\Desktop\P-P\01_cleaned_protein_pdb\6q18_complex.pdb,3,210,231,2.55,HL,A,6q18_complex,R0026,L0023,R0026_L0023
6qb3,6qb3_complex.pdb,C:\Users\86198\Desktop\P-P\01_cleaned_protein_pdb\6qb3_complex.pdb,2,150,228,1.9,A,X,6qb3_complex,R0501,L0205,R0501_L0205
6qb6,6qb6_complex.pdb,C:\Users\86198\Desktop\P-P\01_cleaned_protein_pdb\6qb6_complex.pdb,3,159,218,2.24,HL,A,6qb6_complex,R0026,L0354,R0026_L0354
6r2g,6r2g_complex.pdb,C:\Users\86198\Desktop\P-P\01_cleaned_protein_pdb\6r2g_complex.pdb,2,34,161,1.9,A,C,6r2g_complex,R0482,L0225,R0482_L0225
6r8x,6r8x_complex.pdb,C:\Users\86198\Desktop\P-P\01_cleaned_protein_pdb\6r8x_complex.pdb,3,211,232,2.04,CB,A,6r8x_complex,R0026,L0043,R0026_L0043
6rhv,6rhv_complex.pdb,C:\Users\86198\Desktop\P-P\01_cleaned_protein_pdb\6rhv_complex.pdb,3,170,288,2.29,GH,C,6rhv_complex,R0040,L0284,R0040_L0284
6rhw,6rhw_complex.pdb,C:\Users\86198\Desktop\P-P\01_cleaned_protein_pdb\6rhw_complex.pdb,3,168,288,2.75,GH,C,6rhw_complex,R0040,L0284,R0040_L0284
6s53,6s53_complex.pdb,C:\Users\86198\Desktop\P-P\01_cleaned_protein_pdb\6s53_complex.pdb,12,76,149,2.8,CD,A,6s53_complex,R0340,L0645,R0340_L0645
6s8s,6s8s_complex.pdb,C:\Users\86198\Desktop\P-P\01_cleaned_protein_pdb\6s8s_complex.pdb,4,37,173,2.21,A,B,6s8s_complex,R0148,L0242,R0148_L0242
6sak,6sak_complex.pdb,C:\Users\86198\Desktop\P-P\01_cleaned_protein_pdb\6sak_complex.pdb,4,95,274,2.0,A,C,6sak_complex,R0249,L0582,R0249_L0582
6u8c,6u8c_complex.pdb,C:\Users\86198\Desktop\P-P\01_cleaned_protein_pdb\6u8c_complex.pdb,6,57,228,2.61,HL,A,6u8c_complex,R0085,L0755,R0085_L0755
6umt,6umt_complex.pdb,C:\Users\86198\Desktop\P-P\01_cleaned_protein_pdb\6umt_complex.pdb,2,102,117,1.99,A,B,6umt_complex,R0579,L0229,R0579_L0229
6uvo,6uvo_complex.pdb,C:\Users\86198\Desktop\P-P\01_cleaned_protein_pdb\6uvo_complex.pdb,3,30,229,2.9,HL,D,6uvo_complex,R0085,L0832,R0085_L0832
2hev,2hev_complex.pdb,C:\Users\86198\Desktop\P-P\01_cleaned_protein_pdb\2hev_complex.pdb,2,126,140,2.41,F,R,2hev_complex,R0559,L0401,R0559_L0401
1s4y,1s4y_complex.pdb,C:\Users\86198\Desktop\P-P\01_cleaned_protein_pdb\1s4y_complex.pdb,4,91,116,2.3,C,D,1s4y_complex,R0639,L0494,R0639_L0494
5hk5,5hk5_complex.pdb,C:\Users\86198\Desktop\P-P\01_cleaned_protein_pdb\5hk5_complex.pdb,8,105,138,2.9,E,A,5hk5_complex,R0534,L0494,R0534_L0494
5hlz,5hlz_complex.pdb,C:\Users\86198\Desktop\P-P\01_cleaned_protein_pdb\5hlz_complex.pdb,8,82,204,2.85,E,F,5hlz_complex,R0378,L0494,R0378_L0494
1t6b,1t6b_complex.pdb,C:\Users\86198\Desktop\P-P\01_cleaned_protein_pdb\1t6b_complex.pdb,2,170,688,2.5,X,Y,1t6b_complex,R0025,L0318,R0025_L0318
5e3e,5e3e_complex.pdb,C:\Users\86198\Desktop\P-P\01_cleaned_protein_pdb\5e3e_complex.pdb,6,92,113,1.7,C,D,5e3e_complex,R0650,L0498,R0650_L0498
3f7p,3f7p_complex.pdb,C:\Users\86198\Desktop\P-P\01_cleaned_protein_pdb\3f7p_complex.pdb,5,204,231,2.75,B,D,3f7p_complex,R0324,L0249,R0324_L0249
3zwh,3zwh_complex.pdb,C:\Users\86198\Desktop\P-P\01_cleaned_protein_pdb\3zwh_complex.pdb,3,43,99,1.94,A,Q,3zwh_complex,R0645,L0798,R0645_L0798
2wjv,2wjv_complex.pdb,C:\Users\86198\Desktop\P-P\01_cleaned_protein_pdb\2wjv_complex.pdb,4,59,798,2.85,B,E,2wjv_complex,R0016,L0742,R0016_L0742
4ct0,4ct0_complex.pdb,C:\Users\86198\Desktop\P-P\01_cleaned_protein_pdb\4ct0_complex.pdb,2,96,494,2.45,A,B,4ct0_complex,R0069,L0574,R0069_L0574
4yiq,4yiq_complex.pdb,C:\Users\86198\Desktop\P-P\01_cleaned_protein_pdb\4yiq_complex.pdb,4,107,108,1.85,C,D,4yiq_complex,R0610,L0517,R0610_L0517
6aw2,6aw2_complex.pdb,C:\Users\86198\Desktop\P-P\01_cleaned_protein_pdb\6aw2_complex.pdb,2,107,368,2.68,A,B,6aw2_complex,R0610,L0064,R0610_L0064
6gbg,6gbg_complex.pdb,C:\Users\86198\Desktop\P-P\01_cleaned_protein_pdb\6gbg_complex.pdb,2,110,367,2.8,D,A,6gbg_complex,R0610,L0064,R0610_L0064
6gbh,6gbh_complex.pdb,C:\Users\86198\Desktop\P-P\01_cleaned_protein_pdb\6gbh_complex.pdb,4,108,357,2.59,B,A,6gbh_complex,R0610,L0064,R0610_L0064
4g6v,4g6v_complex.pdb,C:\Users\86198\Desktop\P-P\01_cleaned_protein_pdb\4g6v_complex.pdb,8,101,132,2.64,A,B,4g6v_complex,R0547,L0535,R0547_L0535
3mzg,3mzg_complex.pdb,C:\Users\86198\Desktop\P-P\01_cleaned_protein_pdb\3mzg_complex.pdb,2,186,206,2.1,A,B,3mzg_complex,R0419,L0245,R0419_L0245
3n06,3n06_complex.pdb,C:\Users\86198\Desktop\P-P\01_cleaned_protein_pdb\3n06_complex.pdb,2,186,206,2.0,A,B,3n06_complex,R0419,L0245,R0419_L0245
3n0p,3n0p_complex.pdb,C:\Users\86198\Desktop\P-P\01_cleaned_protein_pdb\3n0p_complex.pdb,2,186,206,2.1,A,B,3n0p_complex,R0419,L0245,R0419_L0245
3ncb,3ncb_complex.pdb,C:\Users\86198\Desktop\P-P\01_cleaned_protein_pdb\3ncb_complex.pdb,2,186,206,2.1,A,B,3ncb_complex,R0419,L0245,R0419_L0245
3ncc,3ncc_complex.pdb,C:\Users\86198\Desktop\P-P\01_cleaned_protein_pdb\3ncc_complex.pdb,2,186,206,2.5,A,B,3ncc_complex,R0419,L0245,R0419_L0245
6arq,6arq_complex.pdb,C:\Users\86198\Desktop\P-P\01_cleaned_protein_pdb\6arq_complex.pdb,2,111,303,2.88,A,D,6arq_complex,R0607,L0111,R0607_L0111
6isc,6isc_complex.pdb,C:\Users\86198\Desktop\P-P\01_cleaned_protein_pdb\6isc_complex.pdb,2,118,222,2.2,A,B,6isc_complex,R0343,L0111,R0343_L0111
6o3o,6o3o_complex.pdb,C:\Users\86198\Desktop\P-P\01_cleaned_protein_pdb\6o3o_complex.pdb,4,212,302,2.8,A,C,6o3o_complex,R0343,L0111,R0343_L0111
3oun,3oun_complex.pdb,C:\Users\86198\Desktop\P-P\01_cleaned_protein_pdb\3oun_complex.pdb,2,91,256,2.71,A,B,3oun_complex,R0653,L0167,R0653_L0167
5w9a,5w9a_complex.pdb,C:\Users\86198\Desktop\P-P\01_cleaned_protein_pdb\5w9a_complex.pdb,4,113,193,2.74,B,D,5w9a_complex,R0406,L0493,R0406_L0493
5w3x,5w3x_complex.pdb,C:\Users\86198\Desktop\P-P\01_cleaned_protein_pdb\5w3x_complex.pdb,4,67,343,2.0,A,B,5w3x_complex,R0183,L0700,R0183_L0700
1nm5,1nm5_complex.pdb,C:\Users\86198\Desktop\P-P\01_cleaned_protein_pdb\1nm5_complex.pdb,3,174,374,2.4,B,C,1nm5_complex,R0157,L0311,R0157_L0311
2oor,2oor_complex.pdb,C:\Users\86198\Desktop\P-P\01_cleaned_protein_pdb\2oor_complex.pdb,3,173,378,2.32,B,C,2oor_complex,R0157,L0311,R0157_L0311
5f4e,5f4e_complex.pdb,C:\Users\86198\Desktop\P-P\01_cleaned_protein_pdb\5f4e_complex.pdb,2,214,233,2.4,A,B,5f4e_complex,R0320,L0228,R0320_L0228
5jke,5jke_complex.pdb,C:\Users\86198\Desktop\P-P\01_cleaned_protein_pdb\5jke_complex.pdb,4,215,237,2.86,A,B,5jke_complex,R0320,L0228,R0320_L0228
1zm4,1zm4_complex.pdb,C:\Users\86198\Desktop\P-P\01_cleaned_protein_pdb\1zm4_complex.pdb,2,207,822,2.9,C,D,1zm4_complex,R0014,L0241,R0014_L0241
4hh3,4hh3_complex.pdb,C:\Users\86198\Desktop\P-P\01_cleaned_protein_pdb\4hh3_complex.pdb,3,217,253,1.75,A,C,4hh3_complex,R0285,L0224,R0285_L0224
3eab,3eab_complex.pdb,C:\Users\86198\Desktop\P-P\01_cleaned_protein_pdb\3eab_complex.pdb,12,39,89,2.5,B,H,3eab_complex,R0658,L0783,R0658_L0783
3cqx,3cqx_complex.pdb,C:\Users\86198\Desktop\P-P\01_cleaned_protein_pdb\3cqx_complex.pdb,4,81,377,2.3,B,C,3cqx_complex,R0145,L0636,R0145_L0636
3qml,3qml_complex.pdb,C:\Users\86198\Desktop\P-P\01_cleaned_protein_pdb\3qml_complex.pdb,4,266,377,2.31,A,C,3qml_complex,R0145,L0153,R0145_L0153
5lpu,5lpu_complex.pdb,C:\Users\86198\Desktop\P-P\01_cleaned_protein_pdb\5lpu_complex.pdb,4,89,338,2.1,B,D,5lpu_complex,R0181,L0580,R0181_L0580
3dgc,3dgc_complex.pdb,C:\Users\86198\Desktop\P-P\01_cleaned_protein_pdb\3dgc_complex.pdb,4,141,207,2.5,M,S,3dgc_complex,R0525,L0243,R0525_L0243
4dck,4dck_complex.pdb,C:\Users\86198\Desktop\P-P\01_cleaned_protein_pdb\4dck_complex.pdb,3,145,153,2.2,BC,A,4dck_complex,R0226,L0364,R0226_L0364
4lzx,4lzx_complex.pdb,C:\Users\86198\Desktop\P-P\01_cleaned_protein_pdb\4lzx_complex.pdb,2,37,145,1.5,A,B,4lzx_complex,R0226,L0822,R0226_L0822
4ovn,4ovn_complex.pdb,C:\Users\86198\Desktop\P-P\01_cleaned_protein_pdb\4ovn_complex.pdb,10,135,143,2.8,B,G,4ovn_complex,R0226,L0364,R0226_L0364
5ibw,5ibw_complex.pdb,C:\Users\86198\Desktop\P-P\01_cleaned_protein_pdb\5ibw_complex.pdb,3,43,76,1.9,A,C,5ibw_complex,R0226,L0800,R0226_L0800
6mud,6mud_complex.pdb,C:\Users\86198\Desktop\P-P\01_cleaned_protein_pdb\6mud_complex.pdb,2,136,147,2.69,A,B,6mud_complex,R0226,L0364,R0226_L0364
4x33,4x33_complex.pdb,C:\Users\86198\Desktop\P-P\01_cleaned_protein_pdb\4x33_complex.pdb,2,60,331,1.45,A,B,4x33_complex,R0696,L0085,R0696_L0085
2j0t,2j0t_complex.pdb,C:\Users\86198\Desktop\P-P\01_cleaned_protein_pdb\2j0t_complex.pdb,6,124,162,2.54,C,F,2j0t_complex,R0457,L0303,R0457_L0303
3ma2,3ma2_complex.pdb,C:\Users\86198\Desktop\P-P\01_cleaned_protein_pdb\3ma2_complex.pdb,4,124,171,2.05,D,C,3ma2_complex,R0457,L0303,R0457_L0303
6mav,6mav_complex.pdb,C:\Users\86198\Desktop\P-P\01_cleaned_protein_pdb\6mav_complex.pdb,2,161,179,2.37,A,B,6mav_complex,R0457,L0303,R0457_L0303
6n9d,6n9d_complex.pdb,C:\Users\86198\Desktop\P-P\01_cleaned_protein_pdb\6n9d_complex.pdb,2,161,179,2.67,A,B,6n9d_complex,R0457,L0303,R0457_L0303
1lzw,1lzw_complex.pdb,C:\Users\86198\Desktop\P-P\01_cleaned_protein_pdb\1lzw_complex.pdb,2,91,146,2.5,A,B,1lzw_complex,R0651,L0382,R0651_L0382
2wd5,2wd5_complex.pdb,C:\Users\86198\Desktop\P-P\01_cleaned_protein_pdb\2wd5_complex.pdb,2,177,194,2.7,A,B,2wd5_complex,R0441,L0273,R0441_L0273
4nqw,4nqw_complex.pdb,C:\Users\86198\Desktop\P-P\01_cleaned_protein_pdb\4nqw_complex.pdb,2,73,149,2.4,A,B,4nqw_complex,R0506,L0668,R0506_L0668
1o94,1o94_complex.pdb,C:\Users\86198\Desktop\P-P\01_cleaned_protein_pdb\1o94_complex.pdb,6,189,729,2.0,A,CD,1o94_complex,R0022,L0042,R0022_L0042
1jtd,1jtd_complex.pdb,C:\Users\86198\Desktop\P-P\01_cleaned_protein_pdb\1jtd_complex.pdb,2,262,273,2.3,A,B,1jtd_complex,R0260,L0150,R0260_L0150
1jtg,1jtg_complex.pdb,C:\Users\86198\Desktop\P-P\01_cleaned_protein_pdb\1jtg_complex.pdb,4,165,263,1.73,A,B,1jtg_complex,R0260,L0330,R0260_L0330
2g2u,2g2u_complex.pdb,C:\Users\86198\Desktop\P-P\01_cleaned_protein_pdb\2g2u_complex.pdb,2,165,265,1.6,A,B,2g2u_complex,R0260,L0330,R0260_L0330
2g2w,2g2w_complex.pdb,C:\Users\86198\Desktop\P-P\01_cleaned_protein_pdb\2g2w_complex.pdb,2,165,265,1.8,A,B,2g2w_complex,R0260,L0330,R0260_L0330
3c4o,3c4o_complex.pdb,C:\Users\86198\Desktop\P-P\01_cleaned_protein_pdb\3c4o_complex.pdb,2,165,265,1.7,A,B,3c4o_complex,R0260,L0330,R0260_L0330
3c4p,3c4p_complex.pdb,C:\Users\86198\Desktop\P-P\01_cleaned_protein_pdb\3c4p_complex.pdb,2,165,265,1.75,A,B,3c4p_complex,R0260,L0330,R0260_L0330
3e2k,3e2k_complex.pdb,C:\Users\86198\Desktop\P-P\01_cleaned_protein_pdb\3e2k_complex.pdb,4,165,261,2.1,A,D,3e2k_complex,R0260,L0330,R0260_L0330
3e2l,3e2l_complex.pdb,C:\Users\86198\Desktop\P-P\01_cleaned_protein_pdb\3e2l_complex.pdb,4,165,260,1.87,A,C,3e2l_complex,R0260,L0330,R0260_L0330
3gmw,3gmw_complex.pdb,C:\Users\86198\Desktop\P-P\01_cleaned_protein_pdb\3gmw_complex.pdb,4,154,261,2.1,C,D,3gmw_complex,R0260,L0360,R0260_L0360
3n4i,3n4i_complex.pdb,C:\Users\86198\Desktop\P-P\01_cleaned_protein_pdb\3n4i_complex.pdb,2,165,265,1.56,A,B,3n4i_complex,R0260,L0330,R0260_L0330
3qhy,3qhy_complex.pdb,C:\Users\86198\Desktop\P-P\01_cleaned_protein_pdb\3qhy_complex.pdb,2,258,271,2.06,A,B,3qhy_complex,R0275,L0150,R0275_L0150
5npo,5npo_complex.pdb,C:\Users\86198\Desktop\P-P\01_cleaned_protein_pdb\5npo_complex.pdb,2,248,263,1.95,A,B,5npo_complex,R0260,L0175,R0260_L0175
2b7c,2b7c_complex.pdb,C:\Users\86198\Desktop\P-P\01_cleaned_protein_pdb\2b7c_complex.pdb,2,90,437,1.8,A,B,2b7c_complex,R0088,L0602,R0088_L0602
5aoq,5aoq_complex.pdb,C:\Users\86198\Desktop\P-P\01_cleaned_protein_pdb\5aoq_complex.pdb,4,90,246,2.7,B,L,5aoq_complex,R0296,L0605,R0296_L0605
3ixe,3ixe_complex.pdb,C:\Users\86198\Desktop\P-P\01_cleaned_protein_pdb\3ixe_complex.pdb,2,70,171,1.9,A,B,3ixe_complex,R0456,L0679,R0456_L0679
4dbg,4dbg_complex.pdb,C:\Users\86198\Desktop\P-P\01_cleaned_protein_pdb\4dbg_complex.pdb,2,82,146,2.71,A,B,4dbg_complex,R0668,L0387,R0668_L0387
5iia,5iia_complex.pdb,C:\Users\86198\Desktop\P-P\01_cleaned_protein_pdb\5iia_complex.pdb,8,103,126,1.7,G,H,5iia_complex,R0561,L0518,R0561_L0518
5omb,5omb_complex.pdb,C:\Users\86198\Desktop\P-P\01_cleaned_protein_pdb\5omb_complex.pdb,4,98,125,1.94,B,C,5omb_complex,R0566,L0567,R0566_L0567
5uv8,5uv8_complex.pdb,C:\Users\86198\Desktop\P-P\01_cleaned_protein_pdb\5uv8_complex.pdb,4,105,265,2.7,G,I,5uv8_complex,R0258,L0499,R0258_L0499
5uwc,5uwc_complex.pdb,C:\Users\86198\Desktop\P-P\01_cleaned_protein_pdb\5uwc_complex.pdb,2,112,267,2.4,G,I,5uwc_complex,R0258,L0499,R0258_L0499
1avz,1avz_complex.pdb,C:\Users\86198\Desktop\P-P\01_cleaned_protein_pdb\1avz_complex.pdb,3,57,103,3.0,B,C,1avz_complex,R0620,L0335,R0620_L0335
3rbb,3rbb_complex.pdb,C:\Users\86198\Desktop\P-P\01_cleaned_protein_pdb\3rbb_complex.pdb,4,58,140,2.35,C,D,3rbb_complex,R0532,L0335,R0532_L0335
3rea,3rea_complex.pdb,C:\Users\86198\Desktop\P-P\01_cleaned_protein_pdb\3rea_complex.pdb,4,60,127,2.0,A,B,3rea_complex,R0532,L0335,R0532_L0335
4afq,4afq_complex.pdb,C:\Users\86198\Desktop\P-P\01_cleaned_protein_pdb\4afq_complex.pdb,4,58,226,1.51,A,C,4afq_complex,R0335,L0335,R0335_L0335
4afz,4afz_complex.pdb,C:\Users\86198\Desktop\P-P\01_cleaned_protein_pdb\4afz_complex.pdb,4,57,226,2.25,A,C,4afz_complex,R0335,L0335,R0335_L0335
4ag2,4ag2_complex.pdb,C:\Users\86198\Desktop\P-P\01_cleaned_protein_pdb\4ag2_complex.pdb,4,58,226,1.8,B,D,4ag2_complex,R0335,L0335,R0335_L0335
4u5w,4u5w_complex.pdb,C:\Users\86198\Desktop\P-P\01_cleaned_protein_pdb\4u5w_complex.pdb,4,111,165,1.86,C,D,4u5w_complex,R0532,L0335,R0532_L0335
3rt0,3rt0_complex.pdb,C:\Users\86198\Desktop\P-P\01_cleaned_protein_pdb\3rt0_complex.pdb,4,166,331,2.11,A,C,3rt0_complex,R0187,L0315,R0187_L0315
5gwo,5gwo_complex.pdb,C:\Users\86198\Desktop\P-P\01_cleaned_protein_pdb\5gwo_complex.pdb,4,165,321,2.82,B,D,5gwo_complex,R0187,L0315,R0187_L0315
5gwp,5gwp_complex.pdb,C:\Users\86198\Desktop\P-P\01_cleaned_protein_pdb\5gwp_complex.pdb,4,149,325,2.58,B,D,5gwp_complex,R0187,L0315,R0187_L0315
6imf,6imf_complex.pdb,C:\Users\86198\Desktop\P-P\01_cleaned_protein_pdb\6imf_complex.pdb,2,89,220,2.3,A,B,6imf_complex,R0346,L0610,R0346_L0610
1xu1,1xu1_complex.pdb,C:\Users\86198\Desktop\P-P\01_cleaned_protein_pdb\1xu1_complex.pdb,6,36,137,1.9,B,S,1xu1_complex,R0538,L0824,R0538_L0824
5dob,5dob_complex.pdb,C:\Users\86198\Desktop\P-P\01_cleaned_protein_pdb\5dob_complex.pdb,2,165,237,2.47,A,B,5dob_complex,R0319,L0336,R0319_L0336
6fto,6fto_complex.pdb,C:\Users\86198\Desktop\P-P\01_cleaned_protein_pdb\6fto_complex.pdb,3,66,75,1.6,A,C,6fto_complex,R0690,L0660,R0690_L0660
4noo,4noo_complex.pdb,C:\Users\86198\Desktop\P-P\01_cleaned_protein_pdb\4noo_complex.pdb,4,92,197,2.3,C,D,4noo_complex,R0396,L0596,R0396_L0596
4nso,4nso_complex.pdb,C:\Users\86198\Desktop\P-P\01_cleaned_protein_pdb\4nso_complex.pdb,2,91,194,2.4,A,B,4nso_complex,R0402,L0596,R0402_L0596
1vet,1vet_complex.pdb,C:\Users\86198\Desktop\P-P\01_cleaned_protein_pdb\1vet_complex.pdb,2,118,122,1.9,A,B,1vet_complex,R0571,L0470,R0571_L0470
1veu,1veu_complex.pdb,C:\Users\86198\Desktop\P-P\01_cleaned_protein_pdb\1veu_complex.pdb,2,118,119,2.15,A,B,1veu_complex,R0571,L0470,R0571_L0470
2wp0,2wp0_complex.pdb,C:\Users\86198\Desktop\P-P\01_cleaned_protein_pdb\2wp0_complex.pdb,4,86,180,2.67,A,C,2wp0_complex,R0433,L0622,R0433_L0622
6b12,6b12_complex.pdb,C:\Users\86198\Desktop\P-P\01_cleaned_protein_pdb\6b12_complex.pdb,4,117,148,1.71,A,C,6b12_complex,R0589,L0379,R0589_L0379
1xg2,1xg2_complex.pdb,C:\Users\86198\Desktop\P-P\01_cleaned_protein_pdb\1xg2_complex.pdb,2,151,317,1.9,A,B,1xg2_complex,R0201,L0369,R0201_L0369
5eb1,5eb1_complex.pdb,C:\Users\86198\Desktop\P-P\01_cleaned_protein_pdb\5eb1_complex.pdb,4,124,148,1.8,C,D,5eb1_complex,R0510,L0452,R0510_L0452
4g6u,4g6u_complex.pdb,C:\Users\86198\Desktop\P-P\01_cleaned_protein_pdb\4g6u_complex.pdb,2,160,205,2.35,A,B,4g6u_complex,R0374,L0313,R0374_L0313
4zqu,4zqu_complex.pdb,C:\Users\86198\Desktop\P-P\01_cleaned_protein_pdb\4zqu_complex.pdb,2,124,174,2.09,A,B,4zqu_complex,R0374,L0313,R0374_L0313
6ch2,6ch2_complex.pdb,C:\Users\86198\Desktop\P-P\01_cleaned_protein_pdb\6ch2_complex.pdb,6,144,332,2.7,C,F,6ch2_complex,R0188,L0388,R0188_L0388
6ch3,6ch3_complex.pdb,C:\Users\86198\Desktop\P-P\01_cleaned_protein_pdb\6ch3_complex.pdb,2,162,331,2.68,A,B,6ch3_complex,R0188,L0343,R0188_L0343
3p71,3p71_complex.pdb,C:\Users\86198\Desktop\P-P\01_cleaned_protein_pdb\3p71_complex.pdb,2,303,315,2.7,T,C,3p71_complex,R0204,L0110,R0204_L0110
4iyp,4iyp_complex.pdb,C:\Users\86198\Desktop\P-P\01_cleaned_protein_pdb\4iyp_complex.pdb,2,146,202,2.8,A,C,4iyp_complex,R0382,L0110,R0382_L0110
1kkl,1kkl_complex.pdb,C:\Users\86198\Desktop\P-P\01_cleaned_protein_pdb\1kkl_complex.pdb,6,86,177,2.8,C,H,1kkl_complex,R0439,L0618,R0439_L0618
3twi,3twi_complex.pdb,C:\Users\86198\Desktop\P-P\01_cleaned_protein_pdb\3twi_complex.pdb,6,117,168,2.55,C,F,3twi_complex,R0541,L0278,R0541_L0278
5gy2,5gy2_complex.pdb,C:\Users\86198\Desktop\P-P\01_cleaned_protein_pdb\5gy2_complex.pdb,4,169,442,2.1,A,C,5gy2_complex,R0087,L0322,R0087_L0322
6bxa,6bxa_complex.pdb,C:\Users\86198\Desktop\P-P\01_cleaned_protein_pdb\6bxa_complex.pdb,4,192,443,2.3,B,D,6bxa_complex,R0087,L0278,R0087_L0278
6bxc,6bxc_complex.pdb,C:\Users\86198\Desktop\P-P\01_cleaned_protein_pdb\6bxc_complex.pdb,4,165,441,2.5,A,C,6bxc_complex,R0087,L0278,R0087_L0278
1pvh,1pvh_complex.pdb,C:\Users\86198\Desktop\P-P\01_cleaned_protein_pdb\1pvh_complex.pdb,4,169,201,2.5,C,D,1pvh_complex,R0383,L0320,R0383_L0320
5cxb,5cxb_complex.pdb,C:\Users\86198\Desktop\P-P\01_cleaned_protein_pdb\5cxb_complex.pdb,2,352,476,2.1,A,B,5cxb_complex,R0072,L0073,R0072_L0073
5cyk,5cyk_complex.pdb,C:\Users\86198\Desktop\P-P\01_cleaned_protein_pdb\5cyk_complex.pdb,2,350,475,3.0,A,B,5cyk_complex,R0072,L0073,R0072_L0073
2wy3,2wy3_complex.pdb,C:\Users\86198\Desktop\P-P\01_cleaned_protein_pdb\2wy3_complex.pdb,4,133,176,1.8,A,B,2wy3_complex,R0444,L0411,R0444_L0411
2b42,2b42_complex.pdb,C:\Users\86198\Desktop\P-P\01_cleaned_protein_pdb\2b42_complex.pdb,2,184,376,2.5,A,B,2b42_complex,R0147,L0291,R0147_L0291
1i2m,1i2m_complex.pdb,C:\Users\86198\Desktop\P-P\01_cleaned_protein_pdb\1i2m_complex.pdb,4,170,396,1.76,A,B,1i2m_complex,R0371,L0050,R0371_L0050
1ibr,1ibr_complex.pdb,C:\Users\86198\Desktop\P-P\01_cleaned_protein_pdb\1ibr_complex.pdb,4,169,458,2.3,A,B,1ibr_complex,R0371,L0031,R0371_L0031
1k5d,1k5d_complex.pdb,C:\Users\86198\Desktop\P-P\01_cleaned_protein_pdb\1k5d_complex.pdb,12,146,344,2.7,A,C,1k5d_complex,R0371,L0077,R0371_L0077
3ch5,3ch5_complex.pdb,C:\Users\86198\Desktop\P-P\01_cleaned_protein_pdb\3ch5_complex.pdb,2,37,199,2.1,A,B,3ch5_complex,R0371,L0821,R0371_L0821
3vza,3vza_complex.pdb,C:\Users\86198\Desktop\P-P\01_cleaned_protein_pdb\3vza_complex.pdb,6,31,99,1.9,BD,F,3vza_complex,R0481,L0001,R0481_L0001
4ol0,4ol0_complex.pdb,C:\Users\86198\Desktop\P-P\01_cleaned_protein_pdb\4ol0_complex.pdb,2,172,920,2.9,A,B,4ol0_complex,R0371,L0001,R0371_L0001
3m63,3m63_complex.pdb,C:\Users\86198\Desktop\P-P\01_cleaned_protein_pdb\3m63_complex.pdb,2,72,957,2.4,A,B,3m63_complex,R0004,L0671,R0004_L0671
4ons,4ons_complex.pdb,C:\Users\86198\Desktop\P-P\01_cleaned_protein_pdb\4ons_complex.pdb,4,61,243,2.8,A,B,4ons_complex,R0307,L0737,R0307_L0737
1us7,1us7_complex.pdb,C:\Users\86198\Desktop\P-P\01_cleaned_protein_pdb\1us7_complex.pdb,2,201,207,2.3,A,B,1us7_complex,R0367,L0256,R0367_L0256
2es4,2es4_complex.pdb,C:\Users\86198\Desktop\P-P\01_cleaned_protein_pdb\2es4_complex.pdb,4,277,319,1.85,B,E,2es4_complex,R0200,L0144,R0200_L0144
2qc1,2qc1_complex.pdb,C:\Users\86198\Desktop\P-P\01_cleaned_protein_pdb\2qc1_complex.pdb,2,74,212,1.94,A,B,2qc1_complex,R0682,L0231,R0682_L0231
4p1n,4p1n_complex.pdb,C:\Users\86198\Desktop\P-P\01_cleaned_protein_pdb\4p1n_complex.pdb,4,53,213,2.2,B,D,4p1n_complex,R0355,L0767,R0355_L0767
1rke,1rke_complex.pdb,C:\Users\86198\Desktop\P-P\01_cleaned_protein_pdb\1rke_complex.pdb,2,182,262,2.35,A,B,1rke_complex,R0267,L0295,R0267_L0295
3hug,3hug_complex.pdb,C:\Users\86198\Desktop\P-P\01_cleaned_protein_pdb\3hug_complex.pdb,20,56,80,2.35,I,J,3hug_complex,R0675,L0720,R0675_L0720
4etw,4etw_complex.pdb,C:\Users\86198\Desktop\P-P\01_cleaned_protein_pdb\4etw_complex.pdb,4,75,255,2.05,C,D,4etw_complex,R0279,L0655,R0279_L0655
5kof,5kof_complex.pdb,C:\Users\86198\Desktop\P-P\01_cleaned_protein_pdb\5kof_complex.pdb,4,75,407,2.4,A,C,5kof_complex,R0114,L0655,R0114_L0655
3tl8,3tl8_complex.pdb,C:\Users\86198\Desktop\P-P\01_cleaned_protein_pdb\3tl8_complex.pdb,8,87,306,2.5,D,F,3tl8_complex,R0213,L0612,R0213_L0612
4dt1,4dt1_complex.pdb,C:\Users\86198\Desktop\P-P\01_cleaned_protein_pdb\4dt1_complex.pdb,2,213,232,1.9,A,B,4dt1_complex,R0354,L0199,R0354_L0199
3bpl,3bpl_complex.pdb,C:\Users\86198\Desktop\P-P\01_cleaned_protein_pdb\3bpl_complex.pdb,3,126,202,2.93,AB,C,3bpl_complex,R0191,L0274,R0191_L0274
1j2j,1j2j_complex.pdb,C:\Users\86198\Desktop\P-P\01_cleaned_protein_pdb\1j2j_complex.pdb,2,41,165,1.6,A,B,1j2j_complex,R0414,L0805,R0414_L0805
2j59,2j59_complex.pdb,C:\Users\86198\Desktop\P-P\01_cleaned_protein_pdb\2j59_complex.pdb,12,131,165,2.1,F,R,2j59_complex,R0414,L0422,R0414_L0422
2w83,2w83_complex.pdb,C:\Users\86198\Desktop\P-P\01_cleaned_protein_pdb\2w83_complex.pdb,5,62,162,1.93,B,C,2w83_complex,R0414,L0695,R0414_L0695
3bh6,3bh6_complex.pdb,C:\Users\86198\Desktop\P-P\01_cleaned_protein_pdb\3bh6_complex.pdb,2,161,314,2.6,A,B,3bh6_complex,R0414,L0101,R0414_L0101
3doe,3doe_complex.pdb,C:\Users\86198\Desktop\P-P\01_cleaned_protein_pdb\3doe_complex.pdb,2,116,189,2.25,A,B,3doe_complex,R0414,L0481,R0414_L0481
3tjz,3tjz_complex.pdb,C:\Users\86198\Desktop\P-P\01_cleaned_protein_pdb\3tjz_complex.pdb,6,140,275,2.9,A,B,3tjz_complex,R0414,L0148,R0414_L0148
3vhx,3vhx_complex.pdb,C:\Users\86198\Desktop\P-P\01_cleaned_protein_pdb\3vhx_complex.pdb,8,88,162,2.81,C,D,3vhx_complex,R0414,L0523,R0414_L0523
4zi2,4zi2_complex.pdb,C:\Users\86198\Desktop\P-P\01_cleaned_protein_pdb\4zi2_complex.pdb,4,125,185,2.2,B,D,4zi2_complex,R0414,L0438,R0414_L0438
4zi3,4zi3_complex.pdb,C:\Users\86198\Desktop\P-P\01_cleaned_protein_pdb\4zi3_complex.pdb,4,123,181,2.0,B,D,4zi3_complex,R0414,L0438,R0414_L0438
1wpx,1wpx_complex.pdb,C:\Users\86198\Desktop\P-P\01_cleaned_protein_pdb\1wpx_complex.pdb,2,219,421,2.7,A,B,1wpx_complex,R0101,L0221,R0101_L0221
3f1p,3f1p_complex.pdb,C:\Users\86198\Desktop\P-P\01_cleaned_protein_pdb\3f1p_complex.pdb,2,111,114,1.17,A,B,3f1p_complex,R0598,L0502,R0598_L0502
4h6j,4h6j_complex.pdb,C:\Users\86198\Desktop\P-P\01_cleaned_protein_pdb\4h6j_complex.pdb,2,106,111,1.52,A,B,4h6j_complex,R0598,L0502,R0598_L0502
3zv0,3zv0_complex.pdb,C:\Users\86198\Desktop\P-P\01_cleaned_protein_pdb\3zv0_complex.pdb,4,161,343,2.8,A,C,3zv0_complex,R0178,L0345,R0178_L0345
4p6i,4p6i_complex.pdb,C:\Users\86198\Desktop\P-P\01_cleaned_protein_pdb\4p6i_complex.pdb,6,97,295,2.3,A,D,4p6i_complex,R0624,L0121,R0624_L0121
3gqi,3gqi_complex.pdb,C:\Users\86198\Desktop\P-P\01_cleaned_protein_pdb\3gqi_complex.pdb,2,226,304,2.5,A,B,3gqi_complex,R0211,L0207,R0211_L0207
5eg3,5eg3_complex.pdb,C:\Users\86198\Desktop\P-P\01_cleaned_protein_pdb\5eg3_complex.pdb,2,113,308,2.61,A,B,5eg3_complex,R0211,L0207,R0211_L0207
3w8h,3w8h_complex.pdb,C:\Users\86198\Desktop\P-P\01_cleaned_protein_pdb\3w8h_complex.pdb,2,66,197,2.43,A,B,3w8h_complex,R0393,L0708,R0393_L0708
3w8i,3w8i_complex.pdb,C:\Users\86198\Desktop\P-P\01_cleaned_protein_pdb\3w8i_complex.pdb,2,67,193,2.4,A,B,3w8i_complex,R0393,L0684,R0393_L0684
4geh,4geh_complex.pdb,C:\Users\86198\Desktop\P-P\01_cleaned_protein_pdb\4geh_complex.pdb,4,66,198,1.95,C,D,4geh_complex,R0393,L0684,R0393_L0684
1xqs,1xqs_complex.pdb,C:\Users\86198\Desktop\P-P\01_cleaned_protein_pdb\1xqs_complex.pdb,4,165,264,2.9,B,D,1xqs_complex,R0263,L0331,R0263_L0331
3orv,3orv_complex.pdb,C:\Users\86198\Desktop\P-P\01_cleaned_protein_pdb\3orv_complex.pdb,6,123,376,1.91,A,CD,3orv_complex,R0164,L0024,R0164_L0024
5nvk,5nvk_complex.pdb,C:\Users\86198\Desktop\P-P\01_cleaned_protein_pdb\5nvk_complex.pdb,8,66,183,2.9,G,H,5nvk_complex,R0427,L0687,R0427_L0687
5nvl,5nvl_complex.pdb,C:\Users\86198\Desktop\P-P\01_cleaned_protein_pdb\5nvl_complex.pdb,4,67,172,2.3,A,B,5nvl_complex,R0427,L0687,R0427_L0687
5nvm,5nvm_complex.pdb,C:\Users\86198\Desktop\P-P\01_cleaned_protein_pdb\5nvm_complex.pdb,4,37,176,2.0,C,D,5nvm_complex,R0427,L0687,R0427_L0687
5nvn,5nvn_complex.pdb,C:\Users\86198\Desktop\P-P\01_cleaned_protein_pdb\5nvn_complex.pdb,4,34,179,1.9,C,D,5nvn_complex,R0427,L0024,R0427_L0024
4etp,4etp_complex.pdb,C:\Users\86198\Desktop\P-P\01_cleaned_protein_pdb\4etp_complex.pdb,2,307,384,2.3,A,B,4etp_complex,R0138,L0106,R0138_L0106
1dp5,1dp5_complex.pdb,C:\Users\86198\Desktop\P-P\01_cleaned_protein_pdb\1dp5_complex.pdb,2,31,329,2.2,A,B,1dp5_complex,R0190,L0054,R0190_L0054
1f34,1f34_complex.pdb,C:\Users\86198\Desktop\P-P\01_cleaned_protein_pdb\1f34_complex.pdb,2,148,325,2.45,A,B,1f34_complex,R0190,L0376,R0190_L0376
3qlu,3qlu_complex.pdb,C:\Users\86198\Desktop\P-P\01_cleaned_protein_pdb\3qlu_complex.pdb,4,374,382,2.91,A,C,3qlu_complex,R0152,L0054,R0152_L0054
1ul1,1ul1_complex.pdb,C:\Users\86198\Desktop\P-P\01_cleaned_protein_pdb\1ul1_complex.pdb,6,255,355,2.9,X,A,1ul1_complex,R0193,L0165,R0193_L0165
3vep,3vep_complex.pdb,C:\Users\86198\Desktop\P-P\01_cleaned_protein_pdb\3vep_complex.pdb,8,46,69,2.5,J,H,3vep_complex,R0090,L0683,R0090_L0683
3wwn,3wwn_complex.pdb,C:\Users\86198\Desktop\P-P\01_cleaned_protein_pdb\3wwn_complex.pdb,2,54,269,1.85,A,B,3wwn_complex,R0255,L0057,R0255_L0057
6m7l,6m7l_complex.pdb,C:\Users\86198\Desktop\P-P\01_cleaned_protein_pdb\6m7l_complex.pdb,2,379,433,2.65,B,A,6m7l_complex,R0090,L0057,R0090_L0057
4eef,4eef_complex.pdb,C:\Users\86198\Desktop\P-P\01_cleaned_protein_pdb\4eef_complex.pdb,9,45,325,2.7,AB,G,4eef_complex,R0065,L0792,R0065_L0792
3vpj,3vpj_complex.pdb,C:\Users\86198\Desktop\P-P\01_cleaned_protein_pdb\3vpj_complex.pdb,8,145,148,2.5,A,E,3vpj_complex,R0514,L0373,R0514_L0373
4eqa,4eqa_complex.pdb,C:\Users\86198\Desktop\P-P\01_cleaned_protein_pdb\4eqa_complex.pdb,4,146,150,1.6,A,C,4eqa_complex,R0514,L0373,R0514_L0373
2mta,2mta_complex.pdb,C:\Users\86198\Desktop\P-P\01_cleaned_protein_pdb\2mta_complex.pdb,4,105,373,2.4,HL,A,2mta_complex,R0066,L0528,R0066_L0528
1ugh,1ugh_complex.pdb,C:\Users\86198\Desktop\P-P\01_cleaned_protein_pdb\1ugh_complex.pdb,2,82,223,1.9,E,I,1ugh_complex,R0341,L0631,R0341_L0631
1uug,1uug_complex.pdb,C:\Users\86198\Desktop\P-P\01_cleaned_protein_pdb\1uug_complex.pdb,4,82,222,2.4,C,D,1uug_complex,R0341,L0631,R0341_L0631
2j8x,2j8x_complex.pdb,C:\Users\86198\Desktop\P-P\01_cleaned_protein_pdb\2j8x_complex.pdb,4,81,230,2.3,A,B,2j8x_complex,R0327,L0631,R0327_L0631
3wdg,3wdg_complex.pdb,C:\Users\86198\Desktop\P-P\01_cleaned_protein_pdb\3wdg_complex.pdb,2,110,216,2.2,A,B,3wdg_complex,R0341,L0506,R0341_L0506
4lyl,4lyl_complex.pdb,C:\Users\86198\Desktop\P-P\01_cleaned_protein_pdb\4lyl_complex.pdb,16,82,223,1.93,E,F,4lyl_complex,R0341,L0631,R0341_L0631
5ayr,5ayr_complex.pdb,C:\Users\86198\Desktop\P-P\01_cleaned_protein_pdb\5ayr_complex.pdb,4,109,224,2.4,C,D,5ayr_complex,R0341,L0506,R0341_L0506
5ays,5ays_complex.pdb,C:\Users\86198\Desktop\P-P\01_cleaned_protein_pdb\5ays_complex.pdb,4,109,230,2.09,B,D,5ays_complex,R0327,L0506,R0327_L0506
1tdq,1tdq_complex.pdb,C:\Users\86198\Desktop\P-P\01_cleaned_protein_pdb\1tdq_complex.pdb,2,126,271,2.6,A,B,1tdq_complex,R0251,L0443,R0251_L0443
3zet,3zet_complex.pdb,C:\Users\86198\Desktop\P-P\01_cleaned_protein_pdb\3zet_complex.pdb,2,229,337,2.31,A,B,3zet_complex,R0330,L0082,R0330_L0082
3zeu,3zeu_complex.pdb,C:\Users\86198\Desktop\P-P\01_cleaned_protein_pdb\3zeu_complex.pdb,4,225,337,1.65,D,E,3zeu_complex,R0330,L0082,R0330_L0082
1b6c,1b6c_complex.pdb,C:\Users\86198\Desktop\P-P\01_cleaned_protein_pdb\1b6c_complex.pdb,8,107,326,2.6,E,F,1b6c_complex,R0588,L0088,R0588_L0088
5gpg,5gpg_complex.pdb,C:\Users\86198\Desktop\P-P\01_cleaned_protein_pdb\5gpg_complex.pdb,2,92,117,1.67,A,B,5gpg_complex,R0588,L0597,R0588_L0597
3c9a,3c9a_complex.pdb,C:\Users\86198\Desktop\P-P\01_cleaned_protein_pdb\3c9a_complex.pdb,4,48,208,1.6,B,D,3c9a_complex,R0369,L0782,R0369_L0782
5jh5,5jh5_complex.pdb,C:\Users\86198\Desktop\P-P\01_cleaned_protein_pdb\5jh5_complex.pdb,4,96,263,2.55,CD,A,5jh5_complex,R0361,L0161,R0361_L0161
3w6j,3w6j_complex.pdb,C:\Users\86198\Desktop\P-P\01_cleaned_protein_pdb\3w6j_complex.pdb,6,146,170,2.6,D,F,3w6j_complex,R0515,L0319,R0515_L0319
4f48,4f48_complex.pdb,C:\Users\86198\Desktop\P-P\01_cleaned_protein_pdb\4f48_complex.pdb,2,99,241,3.0,A,B,4f48_complex,R0312,L0558,R0312_L0558
1vg0,1vg0_complex.pdb,C:\Users\86198\Desktop\P-P\01_cleaned_protein_pdb\1vg0_complex.pdb,2,186,500,2.2,A,B,1vg0_complex,R0063,L0288,R0063_L0288
2cjs,2cjs_complex.pdb,C:\Users\86198\Desktop\P-P\01_cleaned_protein_pdb\2cjs_complex.pdb,3,54,163,1.78,A,C,2cjs_complex,R0475,L0762,R0475_L0762
1x75,1x75_complex.pdb,C:\Users\86198\Desktop\P-P\01_cleaned_protein_pdb\1x75_complex.pdb,4,101,132,2.8,B,D,1x75_complex,R0546,L0548,R0546_L0548
3sf4,3sf4_complex.pdb,C:\Users\86198\Desktop\P-P\01_cleaned_protein_pdb\3sf4_complex.pdb,6,45,362,2.6,A,D,3sf4_complex,R0159,L0791,R0159_L0791
3fie,3fie_complex.pdb,C:\Users\86198\Desktop\P-P\01_cleaned_protein_pdb\3fie_complex.pdb,4,33,415,2.1,A,C,3fie_complex,R0107,L0842,R0107_L0842
3k75,3k75_complex.pdb,C:\Users\86198\Desktop\P-P\01_cleaned_protein_pdb\3k75_complex.pdb,4,151,248,2.95,B,D,3k75_complex,R0499,L0174,R0499_L0174
3t1q,3t1q_complex.pdb,C:\Users\86198\Desktop\P-P\01_cleaned_protein_pdb\3t1q_complex.pdb,3,132,184,2.7,A,B,3t1q_complex,R0424,L0426,R0424_L0426
4xxw,4xxw_complex.pdb,C:\Users\86198\Desktop\P-P\01_cleaned_protein_pdb\4xxw_complex.pdb,4,204,229,2.26,A,D,4xxw_complex,R0332,L0250,R0332_L0250
5cw7,5cw7_complex.pdb,C:\Users\86198\Desktop\P-P\01_cleaned_protein_pdb\5cw7_complex.pdb,16,54,95,2.83,I,J,5cw7_complex,R0701,L0584,R0701_L0584
5czf,5czf_complex.pdb,C:\Users\86198\Desktop\P-P\01_cleaned_protein_pdb\5czf_complex.pdb,4,40,93,2.67,A,D,5czf_complex,R0701,L0584,R0701_L0584
4gaf,4gaf_complex.pdb,C:\Users\86198\Desktop\P-P\01_cleaned_protein_pdb\4gaf_complex.pdb,2,152,310,2.15,A,B,4gaf_complex,R0500,L0103,R0500_L0103
2f4m,2f4m_complex.pdb,C:\Users\86198\Desktop\P-P\01_cleaned_protein_pdb\2f4m_complex.pdb,2,61,295,1.85,A,B,2f4m_complex,R0222,L0736,R0222_L0736
2zvn,2zvn_complex.pdb,C:\Users\86198\Desktop\P-P\01_cleaned_protein_pdb\2zvn_complex.pdb,8,85,149,3.0,A,D,2zvn_complex,R0325,L0611,R0325_L0611
2zvo,2zvo_complex.pdb,C:\Users\86198\Desktop\P-P\01_cleaned_protein_pdb\2zvo_complex.pdb,4,88,149,2.9,A,D,2zvo_complex,R0325,L0611,R0325_L0611
4q5e,4q5e_complex.pdb,C:\Users\86198\Desktop\P-P\01_cleaned_protein_pdb\4q5e_complex.pdb,3,76,168,1.87,BC,A,4q5e_complex,R0325,L0325,R0325_L0325
5h07,5h07_complex.pdb,C:\Users\86198\Desktop\P-P\01_cleaned_protein_pdb\5h07_complex.pdb,3,66,223,2.59,A,D,5h07_complex,R0325,L0646,R0325_L0646
6n6r,6n6r_complex.pdb,C:\Users\86198\Desktop\P-P\01_cleaned_protein_pdb\6n6r_complex.pdb,4,67,150,1.95,A,D,6n6r_complex,R0325,L0701,R0325_L0701
3qt2,3qt2_complex.pdb,C:\Users\86198\Desktop\P-P\01_cleaned_protein_pdb\3qt2_complex.pdb,6,109,307,2.55,A,C,3qt2_complex,R0212,L0505,R0212_L0505
4dh2,4dh2_complex.pdb,C:\Users\86198\Desktop\P-P\01_cleaned_protein_pdb\4dh2_complex.pdb,4,70,158,1.75,A,B,4dh2_complex,R0491,L0672,R0491_L0672
5fqd,5fqd_complex.pdb,C:\Users\86198\Desktop\P-P\01_cleaned_protein_pdb\5fqd_complex.pdb,6,294,836,2.45,B,A,5fqd_complex,R0131,L0002,R0131_L0002
3k1r,3k1r_complex.pdb,C:\Users\86198\Desktop\P-P\01_cleaned_protein_pdb\3k1r_complex.pdb,2,74,192,2.3,A,B,3k1r_complex,R0408,L0658,R0408_L0658
5f3x,5f3x_complex.pdb,C:\Users\86198\Desktop\P-P\01_cleaned_protein_pdb\5f3x_complex.pdb,4,75,191,2.65,A,B,5f3x_complex,R0408,L0658,R0408_L0658
1ffw,1ffw_complex.pdb,C:\Users\86198\Desktop\P-P\01_cleaned_protein_pdb\1ffw_complex.pdb,4,68,128,2.7,A,B,1ffw_complex,R0551,L0689,R0551_L0689
2ptt,2ptt_complex.pdb,C:\Users\86198\Desktop\P-P\01_cleaned_protein_pdb\2ptt_complex.pdb,2,103,108,1.63,A,B,2ptt_complex,R0622,L0514,R0622_L0514
5nt1,5nt1_complex.pdb,C:\Users\86198\Desktop\P-P\01_cleaned_protein_pdb\5nt1_complex.pdb,6,119,173,2.82,A,J,5nt1_complex,R0450,L0473,R0450_L0473
4zgq,4zgq_complex.pdb,C:\Users\86198\Desktop\P-P\01_cleaned_protein_pdb\4zgq_complex.pdb,2,102,275,3.0,A,B,4zgq_complex,R0247,L0542,R0247_L0542
3ul4,3ul4_complex.pdb,C:\Users\86198\Desktop\P-P\01_cleaned_protein_pdb\3ul4_complex.pdb,2,63,142,1.95,A,B,3ul4_complex,R0524,L0726,R0524_L0726
2i3s,2i3s_complex.pdb,C:\Users\86198\Desktop\P-P\01_cleaned_protein_pdb\2i3s_complex.pdb,6,36,340,1.9,E,F,2i3s_complex,R0176,L0796,R0176_L0796
2i3t,2i3t_complex.pdb,C:\Users\86198\Desktop\P-P\01_cleaned_protein_pdb\2i3t_complex.pdb,8,43,340,2.8,E,F,2i3t_complex,R0176,L0796,R0176_L0796
3gc3,3gc3_complex.pdb,C:\Users\86198\Desktop\P-P\01_cleaned_protein_pdb\3gc3_complex.pdb,2,348,380,2.2,A,B,3gc3_complex,R0143,L0075,R0143_L0075
2iyb,2iyb_complex.pdb,C:\Users\86198\Desktop\P-P\01_cleaned_protein_pdb\2iyb_complex.pdb,8,63,114,2.35,D,H,2iyb_complex,R0602,L0725,R0602_L0725
5z2w,5z2w_complex.pdb,C:\Users\86198\Desktop\P-P\01_cleaned_protein_pdb\5z2w_complex.pdb,2,35,209,3.0,A,B,5z2w_complex,R0363,L0831,R0363_L0831
4udm,4udm_complex.pdb,C:\Users\86198\Desktop\P-P\01_cleaned_protein_pdb\4udm_complex.pdb,2,84,96,2.96,A,B,4udm_complex,R0665,L0576,R0665_L0576
3kz1,3kz1_complex.pdb,C:\Users\86198\Desktop\P-P\01_cleaned_protein_pdb\3kz1_complex.pdb,4,179,369,2.7,A,F,3kz1_complex,R0155,L0302,R0155_L0302
4yc7,4yc7_complex.pdb,C:\Users\86198\Desktop\P-P\01_cleaned_protein_pdb\4yc7_complex.pdb,2,179,291,2.5,B,A,4yc7_complex,R0231,L0302,R0231_L0302
5hpy,5hpy_complex.pdb,C:\Users\86198\Desktop\P-P\01_cleaned_protein_pdb\5hpy_complex.pdb,4,178,203,2.4,D,F,5hpy_complex,R0385,L0302,R0385_L0302
5upk,5upk_complex.pdb,C:\Users\86198\Desktop\P-P\01_cleaned_protein_pdb\5upk_complex.pdb,3,40,288,2.4,B,C,5upk_complex,R0236,L0302,R0236_L0302
4apx,4apx_complex.pdb,C:\Users\86198\Desktop\P-P\01_cleaned_protein_pdb\4apx_complex.pdb,2,208,238,1.65,A,B,4apx_complex,R0364,L0191,R0364_L0191
4aqe,4aqe_complex.pdb,C:\Users\86198\Desktop\P-P\01_cleaned_protein_pdb\4aqe_complex.pdb,2,206,238,2.27,A,B,4aqe_complex,R0364,L0191,R0364_L0191
1ta3,1ta3_complex.pdb,C:\Users\86198\Desktop\P-P\01_cleaned_protein_pdb\1ta3_complex.pdb,2,274,301,1.7,A,B,1ta3_complex,R0248,L0113,R0248_L0113
1te1,1te1_complex.pdb,C:\Users\86198\Desktop\P-P\01_cleaned_protein_pdb\1te1_complex.pdb,2,190,274,2.5,A,B,1te1_complex,R0248,L0281,R0248_L0281
1zhi,1zhi_complex.pdb,C:\Users\86198\Desktop\P-P\01_cleaned_protein_pdb\1zhi_complex.pdb,2,125,205,2.7,A,B,1zhi_complex,R0373,L0446,R0373_L0446
4doh,4doh_complex.pdb,C:\Users\86198\Desktop\P-P\01_cleaned_protein_pdb\4doh_complex.pdb,6,153,204,2.8,BR,A,4doh_complex,R0124,L0365,R0124_L0365
4yoc,4yoc_complex.pdb,C:\Users\86198\Desktop\P-P\01_cleaned_protein_pdb\4yoc_complex.pdb,2,529,901,2.92,A,C,4yoc_complex,R0008,L0017,R0008_L0017
4kgg,4kgg_complex.pdb,C:\Users\86198\Desktop\P-P\01_cleaned_protein_pdb\4kgg_complex.pdb,4,149,165,2.78,D,A,4kgg_complex,R0476,L0374,R0476_L0374
5xjg,5xjg_complex.pdb,C:\Users\86198\Desktop\P-P\01_cleaned_protein_pdb\5xjg_complex.pdb,4,30,494,2.4,A,B,5xjg_complex,R0070,L0374,R0070_L0374
4lrz,4lrz_complex.pdb,C:\Users\86198\Desktop\P-P\01_cleaned_protein_pdb\4lrz_complex.pdb,8,211,294,2.32,D,E,4lrz_complex,R0359,L0125,R0359_L0125
5bqe,5bqe_complex.pdb,C:\Users\86198\Desktop\P-P\01_cleaned_protein_pdb\5bqe_complex.pdb,3,97,120,2.3,A,B,5bqe_complex,R0625,L0569,R0625_L0569
1icf,1icf_complex.pdb,C:\Users\86198\Desktop\P-P\01_cleaned_protein_pdb\1icf_complex.pdb,6,42,175,2.0,A,I,1icf_complex,R0345,L0712,R0345_L0712
3h6s,3h6s_complex.pdb,C:\Users\86198\Desktop\P-P\01_cleaned_protein_pdb\3h6s_complex.pdb,8,150,220,2.22,B,F,3h6s_complex,R0345,L0372,R0345_L0372
4rt6,4rt6_complex.pdb,C:\Users\86198\Desktop\P-P\01_cleaned_protein_pdb\4rt6_complex.pdb,2,185,813,2.8,A,B,4rt6_complex,R0015,L0290,R0015_L0290
5b3h,5b3h_complex.pdb,C:\Users\86198\Desktop\P-P\01_cleaned_protein_pdb\5b3h_complex.pdb,6,53,411,2.7,B,C,5b3h_complex,R0110,L0764,R0110_L0764
3h8d,3h8d_complex.pdb,C:\Users\86198\Desktop\P-P\01_cleaned_protein_pdb\3h8d_complex.pdb,8,37,122,2.2,A,E,3h8d_complex,R0575,L0816,R0575_L0816
2hrk,2hrk_complex.pdb,C:\Users\86198\Desktop\P-P\01_cleaned_protein_pdb\2hrk_complex.pdb,2,121,177,2.05,A,B,2hrk_complex,R0440,L0464,R0440_L0464
3knb,3knb_complex.pdb,C:\Users\86198\Desktop\P-P\01_cleaned_protein_pdb\3knb_complex.pdb,2,96,98,1.4,A,B,3knb_complex,R0634,L0572,R0634_L0572
5fug,5fug_complex.pdb,C:\Users\86198\Desktop\P-P\01_cleaned_protein_pdb\5fug_complex.pdb,12,57,91,2.7,AB,C,5fug_complex,R0438,L0753,R0438_L0753
4iu3,4iu3_complex.pdb,C:\Users\86198\Desktop\P-P\01_cleaned_protein_pdb\4iu3_complex.pdb,2,207,236,1.97,A,B,4iu3_complex,R0370,L0195,R0370_L0195
3wqb,3wqb_complex.pdb,C:\Users\86198\Desktop\P-P\01_cleaned_protein_pdb\3wqb_complex.pdb,2,99,597,1.41,A,B,3wqb_complex,R0036,L0557,R0036_L0557
1usu,1usu_complex.pdb,C:\Users\86198\Desktop\P-P\01_cleaned_protein_pdb\1usu_complex.pdb,2,142,256,2.15,A,B,1usu_complex,R0278,L0383,R0278_L0383
1usv,1usv_complex.pdb,C:\Users\86198\Desktop\P-P\01_cleaned_protein_pdb\1usv_complex.pdb,8,141,256,2.7,E,F,1usv_complex,R0278,L0383,R0278_L0383
3gni,3gni_complex.pdb,C:\Users\86198\Desktop\P-P\01_cleaned_protein_pdb\3gni_complex.pdb,2,309,335,2.35,A,B,3gni_complex,R0182,L0104,R0182_L0104
4p3y,4p3y_complex.pdb,C:\Users\86198\Desktop\P-P\01_cleaned_protein_pdb\4p3y_complex.pdb,2,181,386,2.15,A,B,4p3y_complex,R0136,L0300,R0136_L0300
5ee4,5ee4_complex.pdb,C:\Users\86198\Desktop\P-P\01_cleaned_protein_pdb\5ee4_complex.pdb,6,141,306,2.3,CD,A,5ee4_complex,R0239,L0108,R0239_L0108
1ewy,1ewy_complex.pdb,C:\Users\86198\Desktop\P-P\01_cleaned_protein_pdb\1ewy_complex.pdb,3,98,303,2.38,A,C,1ewy_complex,R0215,L0561,R0215_L0561
3m0a,3m0a_complex.pdb,C:\Users\86198\Desktop\P-P\01_cleaned_protein_pdb\3m0a_complex.pdb,4,62,74,2.61,C,D,3m0a_complex,R0693,L0664,R0693_L0664
4cvw,4cvw_complex.pdb,C:\Users\86198\Desktop\P-P\01_cleaned_protein_pdb\4cvw_complex.pdb,4,101,884,2.67,A,C,4cvw_complex,R0010,L0550,R0010_L0550
2v8s,2v8s_complex.pdb,C:\Users\86198\Desktop\P-P\01_cleaned_protein_pdb\2v8s_complex.pdb,2,93,137,2.22,E,V,2v8s_complex,R0531,L0591,R0531_L0591
3oiq,3oiq_complex.pdb,C:\Users\86198\Desktop\P-P\01_cleaned_protein_pdb\3oiq_complex.pdb,2,30,212,2.4,A,B,3oiq_complex,R0358,L0579,R0358_L0579
3onl,3onl_complex.pdb,C:\Users\86198\Desktop\P-P\01_cleaned_protein_pdb\3onl_complex.pdb,3,95,140,2.2,A,C,3onl_complex,R0531,L0579,R0531_L0579
3d7t,3d7t_complex.pdb,C:\Users\86198\Desktop\P-P\01_cleaned_protein_pdb\3d7t_complex.pdb,2,263,276,2.9,A,B,3d7t_complex,R0265,L0147,R0265_L0147
3k6g,3k6g_complex.pdb,C:\Users\86198\Desktop\P-P\01_cleaned_protein_pdb\3k6g_complex.pdb,6,31,92,1.95,C,F,3k6g_complex,R0648,L0147,R0648_L0147
4dx8,4dx8_complex.pdb,C:\Users\86198\Desktop\P-P\01_cleaned_protein_pdb\4dx8_complex.pdb,8,120,190,2.54,E,K,4dx8_complex,R0533,L0467,R0533_L0467
1z0k,1z0k_complex.pdb,C:\Users\86198\Desktop\P-P\01_cleaned_protein_pdb\1z0k_complex.pdb,4,61,169,1.92,A,B,1z0k_complex,R0447,L0734,R0447_L0734
2wwx,2wwx_complex.pdb,C:\Users\86198\Desktop\P-P\01_cleaned_protein_pdb\2wwx_complex.pdb,2,170,200,1.5,A,B,2wwx_complex,R0447,L0257,R0447_L0257
3jza,3jza_complex.pdb,C:\Users\86198\Desktop\P-P\01_cleaned_protein_pdb\3jza_complex.pdb,2,170,193,1.8,A,B,3jza_complex,R0447,L0257,R0447_L0257
3qbt,3qbt_complex.pdb,C:\Users\86198\Desktop\P-P\01_cleaned_protein_pdb\3qbt_complex.pdb,8,130,171,2.0,A,B,3qbt_complex,R0447,L0432,R0447_L0432
3tkl,3tkl_complex.pdb,C:\Users\86198\Desktop\P-P\01_cleaned_protein_pdb\3tkl_complex.pdb,2,171,192,2.18,A,B,3tkl_complex,R0447,L0056,R0447_L0056
3tnf,3tnf_complex.pdb,C:\Users\86198\Desktop\P-P\01_cleaned_protein_pdb\3tnf_complex.pdb,2,170,379,2.5,A,B,3tnf_complex,R0447,L0056,R0447_L0056
3tu3,3tu3_complex.pdb,C:\Users\86198\Desktop\P-P\01_cleaned_protein_pdb\3tu3_complex.pdb,2,119,564,1.92,A,B,3tu3_complex,R0578,L0015,R0578_L0015
3v1c,3v1c_complex.pdb,C:\Users\86198\Desktop\P-P\01_cleaned_protein_pdb\3v1c_complex.pdb,2,46,47,1.13,A,B,3v1c_complex,R0706,L0734,R0706_L0734
4c4p,4c4p_complex.pdb,C:\Users\86198\Desktop\P-P\01_cleaned_protein_pdb\4c4p_complex.pdb,2,56,167,2.0,A,B,4c4p_complex,R0447,L0756,R0447_L0756
4d0g,4d0g_complex.pdb,C:\Users\86198\Desktop\P-P\01_cleaned_protein_pdb\4d0g_complex.pdb,2,46,167,2.5,A,C,4d0g_complex,R0447,L0756,R0447_L0756
4ojk,4ojk_complex.pdb,C:\Users\86198\Desktop\P-P\01_cleaned_protein_pdb\4ojk_complex.pdb,4,33,174,2.66,A,C,4ojk_complex,R0447,L0015,R0447_L0015
5szi,5szi_complex.pdb,C:\Users\86198\Desktop\P-P\01_cleaned_protein_pdb\5szi_complex.pdb,2,149,174,2.85,A,B,5szi_complex,R0447,L0366,R0447_L0366
5szj,5szj_complex.pdb,C:\Users\86198\Desktop\P-P\01_cleaned_protein_pdb\5szj_complex.pdb,2,153,175,2.66,A,B,5szj_complex,R0447,L0366,R0447_L0366
5eoa,5eoa_complex.pdb,C:\Users\86198\Desktop\P-P\01_cleaned_protein_pdb\5eoa_complex.pdb,4,41,73,2.5,A,D,5eoa_complex,R0683,L0788,R0683_L0788
5eof,5eof_complex.pdb,C:\Users\86198\Desktop\P-P\01_cleaned_protein_pdb\5eof_complex.pdb,4,41,74,2.05,A,D,5eof_complex,R0683,L0788,R0683_L0788
5ep6,5ep6_complex.pdb,C:\Users\86198\Desktop\P-P\01_cleaned_protein_pdb\5ep6_complex.pdb,4,35,46,1.45,A,B,5ep6_complex,R0711,L0788,R0711_L0788
2wg3,2wg3_complex.pdb,C:\Users\86198\Desktop\P-P\01_cleaned_protein_pdb\2wg3_complex.pdb,4,154,425,2.6,A,C,2wg3_complex,R0483,L0041,R0483_L0041
3d1m,3d1m_complex.pdb,C:\Users\86198\Desktop\P-P\01_cleaned_protein_pdb\3d1m_complex.pdb,4,96,150,1.7,B,C,3d1m_complex,R0483,L0571,R0483_L0571
3o6q,3o6q_complex.pdb,C:\Users\86198\Desktop\P-P\01_cleaned_protein_pdb\3o6q_complex.pdb,4,43,141,2.5,C,D,3o6q_complex,R0530,L0794,R0530_L0794
1j7v,1j7v_complex.pdb,C:\Users\86198\Desktop\P-P\01_cleaned_protein_pdb\1j7v_complex.pdb,2,150,205,2.9,L,R,1j7v_complex,R0502,L0248,R0502_L0248
1y6k,1y6k_complex.pdb,C:\Users\86198\Desktop\P-P\01_cleaned_protein_pdb\1y6k_complex.pdb,2,145,205,2.52,L,R,1y6k_complex,R0502,L0248,R0502_L0248
1y6m,1y6m_complex.pdb,C:\Users\86198\Desktop\P-P\01_cleaned_protein_pdb\1y6m_complex.pdb,2,142,204,2.8,L,R,1y6m_complex,R0502,L0248,R0502_L0248
1y6n,1y6n_complex.pdb,C:\Users\86198\Desktop\P-P\01_cleaned_protein_pdb\1y6n_complex.pdb,2,137,202,2.7,L,R,1y6n_complex,R0502,L0248,R0502_L0248
1sq0,1sq0_complex.pdb,C:\Users\86198\Desktop\P-P\01_cleaned_protein_pdb\1sq0_complex.pdb,2,198,265,2.6,A,B,1sq0_complex,R0381,L0155,R0381_L0155
4c2a,4c2a_complex.pdb,C:\Users\86198\Desktop\P-P\01_cleaned_protein_pdb\4c2a_complex.pdb,2,202,266,2.08,A,B,4c2a_complex,R0381,L0155,R0381_L0155
4c2b,4c2b_complex.pdb,C:\Users\86198\Desktop\P-P\01_cleaned_protein_pdb\4c2b_complex.pdb,8,197,264,2.8,G,H,4c2b_complex,R0381,L0155,R0381_L0155
1oey,1oey_complex.pdb,C:\Users\86198\Desktop\P-P\01_cleaned_protein_pdb\1oey_complex.pdb,8,74,102,2.0,B,K,1oey_complex,R0681,L0547,R0681_L0547
4g59,4g59_complex.pdb,C:\Users\86198\Desktop\P-P\01_cleaned_protein_pdb\4g59_complex.pdb,4,172,264,2.44,A,C,4g59_complex,R0451,L0158,R0451_L0158
4tq0,4tq0_complex.pdb,C:\Users\86198\Desktop\P-P\01_cleaned_protein_pdb\4tq0_complex.pdb,6,37,271,2.7,E,F,4tq0_complex,R0252,L0808,R0252_L0808
4tq1,4tq1_complex.pdb,C:\Users\86198\Desktop\P-P\01_cleaned_protein_pdb\4tq1_complex.pdb,2,32,269,1.8,A,B,4tq1_complex,R0252,L0158,R0252_L0158
5jw9,5jw9_complex.pdb,C:\Users\86198\Desktop\P-P\01_cleaned_protein_pdb\5jw9_complex.pdb,2,35,113,2.0,A,B,5jw9_complex,R0451,L0492,R0451_L0492
3r9a,3r9a_complex.pdb,C:\Users\86198\Desktop\P-P\01_cleaned_protein_pdb\3r9a_complex.pdb,4,291,388,2.35,C,D,3r9a_complex,R0133,L0116,R0133_L0116
3vyr,3vyr_complex.pdb,C:\Users\86198\Desktop\P-P\01_cleaned_protein_pdb\3vyr_complex.pdb,2,72,371,2.55,A,B,3vyr_complex,R0102,L0060,R0102_L0060
3vys,3vys_complex.pdb,C:\Users\86198\Desktop\P-P\01_cleaned_protein_pdb\3vys_complex.pdb,3,53,368,2.35,AB,C,3vys_complex,R0102,L0083,R0102_L0083
6ff3,6ff3_complex.pdb,C:\Users\86198\Desktop\P-P\01_cleaned_protein_pdb\6ff3_complex.pdb,2,40,210,2.57,A,B,6ff3_complex,R0362,L0809,R0362_L0809
6ird,6ird_complex.pdb,C:\Users\86198\Desktop\P-P\01_cleaned_protein_pdb\6ird_complex.pdb,2,190,259,2.81,B,C,6ird_complex,R0273,L0283,R0273_L0283
3qc8,3qc8_complex.pdb,C:\Users\86198\Desktop\P-P\01_cleaned_protein_pdb\3qc8_complex.pdb,2,80,170,2.2,A,B,3qc8_complex,R0442,L0638,R0442_L0638
3qq8,3qq8_complex.pdb,C:\Users\86198\Desktop\P-P\01_cleaned_protein_pdb\3qq8_complex.pdb,2,80,177,2.0,A,B,3qq8_complex,R0442,L0638,R0442_L0638
4kdi,4kdi_complex.pdb,C:\Users\86198\Desktop\P-P\01_cleaned_protein_pdb\4kdi_complex.pdb,4,72,166,1.86,B,D,4kdi_complex,R0442,L0657,R0442_L0657
5x4l,5x4l_complex.pdb,C:\Users\86198\Desktop\P-P\01_cleaned_protein_pdb\5x4l_complex.pdb,4,77,167,2.4,B,D,5x4l_complex,R0442,L0650,R0442_L0650
3rgf,3rgf_complex.pdb,C:\Users\86198\Desktop\P-P\01_cleaned_protein_pdb\3rgf_complex.pdb,2,266,339,2.2,A,B,3rgf_complex,R0180,L0154,R0180_L0154
2psm,2psm_complex.pdb,C:\Users\86198\Desktop\P-P\01_cleaned_protein_pdb\2psm_complex.pdb,4,68,117,2.19,B,C,2psm_complex,R0587,L0649,R0587_L0649
2z3q,2z3q_complex.pdb,C:\Users\86198\Desktop\P-P\01_cleaned_protein_pdb\2z3q_complex.pdb,4,77,119,1.85,C,D,2z3q_complex,R0587,L0649,R0587_L0649
2z3r,2z3r_complex.pdb,C:\Users\86198\Desktop\P-P\01_cleaned_protein_pdb\2z3r_complex.pdb,16,72,119,2.0,A,B,2z3r_complex,R0587,L0649,R0587_L0649
2xhe,2xhe_complex.pdb,C:\Users\86198\Desktop\P-P\01_cleaned_protein_pdb\2xhe_complex.pdb,2,220,567,2.8,A,B,2xhe_complex,R0041,L0219,R0041_L0219
5ft8,5ft8_complex.pdb,C:\Users\86198\Desktop\P-P\01_cleaned_protein_pdb\5ft8_complex.pdb,2,141,400,2.5,I,Y,5ft8_complex,R0121,L0400,R0121_L0400
4jeh,4jeh_complex.pdb,C:\Users\86198\Desktop\P-P\01_cleaned_protein_pdb\4jeh_complex.pdb,2,221,563,2.5,A,B,4jeh_complex,R0043,L0218,R0043_L0218
4xhu,4xhu_complex.pdb,C:\Users\86198\Desktop\P-P\01_cleaned_protein_pdb\4xhu_complex.pdb,4,83,352,2.09,A,B,4xhu_complex,R0167,L0609,R0167_L0609
2xb6,2xb6_complex.pdb,C:\Users\86198\Desktop\P-P\01_cleaned_protein_pdb\2xb6_complex.pdb,4,177,549,2.6,A,C,2xb6_complex,R0048,L0306,R0048_L0306
2j1k,2j1k_complex.pdb,C:\Users\86198\Desktop\P-P\01_cleaned_protein_pdb\2j1k_complex.pdb,2,117,182,2.3,Z,S,2j1k_complex,R0586,L0296,R0586_L0296
3mca,3mca_complex.pdb,C:\Users\86198\Desktop\P-P\01_cleaned_protein_pdb\3mca_complex.pdb,2,347,384,2.74,A,B,3mca_complex,R0137,L0076,R0137_L0076
3lbx,3lbx_complex.pdb,C:\Users\86198\Desktop\P-P\01_cleaned_protein_pdb\3lbx_complex.pdb,2,140,184,2.8,A,B,3lbx_complex,R0529,L0293,R0529_L0293
4pas,4pas_complex.pdb,C:\Users\86198\Desktop\P-P\01_cleaned_protein_pdb\4pas_complex.pdb,2,35,39,1.62,A,B,4pas_complex,R0529,L0811,R0529_L0811
1pxv,1pxv_complex.pdb,C:\Users\86198\Desktop\P-P\01_cleaned_protein_pdb\1pxv_complex.pdb,4,111,183,1.8,A,C,1pxv_complex,R0426,L0500,R0426_L0500
3blh,3blh_complex.pdb,C:\Users\86198\Desktop\P-P\01_cleaned_protein_pdb\3blh_complex.pdb,2,255,317,2.48,A,B,3blh_complex,R0189,L0168,R0189_L0168
4nst,4nst_complex.pdb,C:\Users\86198\Desktop\P-P\01_cleaned_protein_pdb\4nst_complex.pdb,4,241,330,2.2,A,B,4nst_complex,R0189,L0176,R0189_L0176
5jw7,5jw7_complex.pdb,C:\Users\86198\Desktop\P-P\01_cleaned_protein_pdb\5jw7_complex.pdb,2,61,262,2.85,A,B,5jw7_complex,R0269,L0739,R0269_L0739
4pbv,4pbv_complex.pdb,C:\Users\86198\Desktop\P-P\01_cleaned_protein_pdb\4pbv_complex.pdb,5,192,261,2.5,B,D,4pbv_complex,R0276,L0265,R0276_L0265
4y5o,4y5o_complex.pdb,C:\Users\86198\Desktop\P-P\01_cleaned_protein_pdb\4y5o_complex.pdb,2,78,103,2.35,A,B,4y5o_complex,R0673,L0536,R0673_L0536
3bp8,3bp8_complex.pdb,C:\Users\86198\Desktop\P-P\01_cleaned_protein_pdb\3bp8_complex.pdb,4,75,396,2.85,B,D,3bp8_complex,R0126,L0653,R0126_L0653
1lqs,1lqs_complex.pdb,C:\Users\86198\Desktop\P-P\01_cleaned_protein_pdb\1lqs_complex.pdb,4,142,207,2.7,R,L,1lqs_complex,R0366,L0398,R0366_L0398
1u7f,1u7f_complex.pdb,C:\Users\86198\Desktop\P-P\01_cleaned_protein_pdb\1u7f_complex.pdb,3,191,196,2.6,A,B,1u7f_complex,R0397,L0239,R0397_L0239
1u7v,1u7v_complex.pdb,C:\Users\86198\Desktop\P-P\01_cleaned_protein_pdb\1u7v_complex.pdb,3,194,208,2.7,A,B,1u7v_complex,R0397,L0239,R0397_L0239
2f5z,2f5z_complex.pdb,C:\Users\86198\Desktop\P-P\01_cleaned_protein_pdb\2f5z_complex.pdb,2,43,471,2.18,B,K,2f5z_complex,R0074,L0425,R0074_L0425
2o8v,2o8v_complex.pdb,C:\Users\86198\Desktop\P-P\01_cleaned_protein_pdb\2o8v_complex.pdb,2,108,243,3.0,A,B,2o8v_complex,R0305,L0425,R0305_L0425
5c4v,5c4v_complex.pdb,C:\Users\86198\Desktop\P-P\01_cleaned_protein_pdb\5c4v_complex.pdb,6,91,196,2.6,C,D,5c4v_complex,R0397,L0600,R0397_L0600
5xoc,5xoc_complex.pdb,C:\Users\86198\Desktop\P-P\01_cleaned_protein_pdb\5xoc_complex.pdb,2,133,194,2.4,A,B,5xoc_complex,R0397,L0425,R0397_L0425
4w4l,4w4l_complex.pdb,C:\Users\86198\Desktop\P-P\01_cleaned_protein_pdb\4w4l_complex.pdb,3,84,297,2.45,AB,C,4w4l_complex,R0277,L0119,R0277_L0119
5xfs,5xfs_complex.pdb,C:\Users\86198\Desktop\P-P\01_cleaned_protein_pdb\5xfs_complex.pdb,3,78,293,2.9,AB,C,5xfs_complex,R0287,L0119,R0287_L0119
6fub,6fub_complex.pdb,C:\Users\86198\Desktop\P-P\01_cleaned_protein_pdb\6fub_complex.pdb,2,81,93,1.3,B,A,6fub_complex,R0646,L0637,R0646_L0637
2nqd,2nqd_complex.pdb,C:\Users\86198\Desktop\P-P\01_cleaned_protein_pdb\2nqd_complex.pdb,2,109,221,1.75,A,B,2nqd_complex,R0612,L0217,R0612_L0217
3e1z,3e1z_complex.pdb,C:\Users\86198\Desktop\P-P\01_cleaned_protein_pdb\3e1z_complex.pdb,2,109,212,1.86,A,B,3e1z_complex,R0612,L0217,R0612_L0217
3idb,3idb_complex.pdb,C:\Users\86198\Desktop\P-P\01_cleaned_protein_pdb\3idb_complex.pdb,2,158,341,1.62,A,B,3idb_complex,R0174,L0341,R0174_L0341
3idc,3idc_complex.pdb,C:\Users\86198\Desktop\P-P\01_cleaned_protein_pdb\3idc_complex.pdb,2,163,341,2.7,A,B,3idc_complex,R0174,L0341,R0174_L0341
6mm6,6mm6_complex.pdb,C:\Users\86198\Desktop\P-P\01_cleaned_protein_pdb\6mm6_complex.pdb,4,204,331,2.39,E,F,6mm6_complex,R0174,L0251,R0174_L0251
1ava,1ava_complex.pdb,C:\Users\86198\Desktop\P-P\01_cleaned_protein_pdb\1ava_complex.pdb,4,181,403,1.9,A,C,1ava_complex,R0117,L0297,R0117_L0297
1lw6,1lw6_complex.pdb,C:\Users\86198\Desktop\P-P\01_cleaned_protein_pdb\1lw6_complex.pdb,2,63,281,1.5,E,I,1lw6_complex,R0245,L0719,R0245_L0719
1oyv,1oyv_complex.pdb,C:\Users\86198\Desktop\P-P\01_cleaned_protein_pdb\1oyv_complex.pdb,3,116,274,2.5,A,I,1oyv_complex,R0245,L0479,R0245_L0479
1r0r,1r0r_complex.pdb,C:\Users\86198\Desktop\P-P\01_cleaned_protein_pdb\1r0r_complex.pdb,2,51,274,1.1,E,I,1r0r_complex,R0245,L0772,R0245_L0772
1tm1,1tm1_complex.pdb,C:\Users\86198\Desktop\P-P\01_cleaned_protein_pdb\1tm1_complex.pdb,2,64,281,1.7,E,I,1tm1_complex,R0245,L0719,R0245_L0719
1tm3,1tm3_complex.pdb,C:\Users\86198\Desktop\P-P\01_cleaned_protein_pdb\1tm3_complex.pdb,2,64,281,1.57,E,I,1tm3_complex,R0245,L0719,R0245_L0719
1tm4,1tm4_complex.pdb,C:\Users\86198\Desktop\P-P\01_cleaned_protein_pdb\1tm4_complex.pdb,2,64,281,1.7,E,I,1tm4_complex,R0245,L0719,R0245_L0719
1tm5,1tm5_complex.pdb,C:\Users\86198\Desktop\P-P\01_cleaned_protein_pdb\1tm5_complex.pdb,2,64,281,1.45,E,I,1tm5_complex,R0245,L0719,R0245_L0719
1tm7,1tm7_complex.pdb,C:\Users\86198\Desktop\P-P\01_cleaned_protein_pdb\1tm7_complex.pdb,2,64,281,1.59,E,I,1tm7_complex,R0245,L0719,R0245_L0719
1to1,1to1_complex.pdb,C:\Users\86198\Desktop\P-P\01_cleaned_protein_pdb\1to1_complex.pdb,2,64,281,1.68,E,I,1to1_complex,R0245,L0719,R0245_L0719
1y1k,1y1k_complex.pdb,C:\Users\86198\Desktop\P-P\01_cleaned_protein_pdb\1y1k_complex.pdb,2,64,281,1.56,E,I,1y1k_complex,R0245,L0719,R0245_L0719
1y33,1y33_complex.pdb,C:\Users\86198\Desktop\P-P\01_cleaned_protein_pdb\1y33_complex.pdb,2,64,281,1.8,E,I,1y33_complex,R0245,L0719,R0245_L0719
1y34,1y34_complex.pdb,C:\Users\86198\Desktop\P-P\01_cleaned_protein_pdb\1y34_complex.pdb,2,64,281,1.55,E,I,1y34_complex,R0245,L0719,R0245_L0719
1y3b,1y3b_complex.pdb,C:\Users\86198\Desktop\P-P\01_cleaned_protein_pdb\1y3b_complex.pdb,2,64,281,1.8,E,I,1y3b_complex,R0245,L0719,R0245_L0719
1y3c,1y3c_complex.pdb,C:\Users\86198\Desktop\P-P\01_cleaned_protein_pdb\1y3c_complex.pdb,2,64,281,1.69,E,I,1y3c_complex,R0245,L0719,R0245_L0719
1y3d,1y3d_complex.pdb,C:\Users\86198\Desktop\P-P\01_cleaned_protein_pdb\1y3d_complex.pdb,2,64,281,1.8,E,I,1y3d_complex,R0245,L0719,R0245_L0719
1y48,1y48_complex.pdb,C:\Users\86198\Desktop\P-P\01_cleaned_protein_pdb\1y48_complex.pdb,2,64,281,1.84,E,I,1y48_complex,R0245,L0719,R0245_L0719
1y4a,1y4a_complex.pdb,C:\Users\86198\Desktop\P-P\01_cleaned_protein_pdb\1y4a_complex.pdb,2,63,275,1.6,E,I,1y4a_complex,R0245,L0719,R0245_L0719
1y4d,1y4d_complex.pdb,C:\Users\86198\Desktop\P-P\01_cleaned_protein_pdb\1y4d_complex.pdb,2,63,276,2.0,E,I,1y4d_complex,R0245,L0719,R0245_L0719
2sic,2sic_complex.pdb,C:\Users\86198\Desktop\P-P\01_cleaned_protein_pdb\2sic_complex.pdb,2,107,275,1.8,E,I,2sic_complex,R0245,L0485,R0245_L0485
2sni,2sni_complex.pdb,C:\Users\86198\Desktop\P-P\01_cleaned_protein_pdb\2sni_complex.pdb,2,64,275,2.1,E,I,2sni_complex,R0245,L0719,R0245_L0719
3bx1,3bx1_complex.pdb,C:\Users\86198\Desktop\P-P\01_cleaned_protein_pdb\3bx1_complex.pdb,4,181,269,1.85,A,C,3bx1_complex,R0245,L0297,R0245_L0297
3qtl,3qtl_complex.pdb,C:\Users\86198\Desktop\P-P\01_cleaned_protein_pdb\3qtl_complex.pdb,4,75,274,2.6,C,D,3qtl_complex,R0245,L0654,R0245_L0654
3sgb,3sgb_complex.pdb,C:\Users\86198\Desktop\P-P\01_cleaned_protein_pdb\3sgb_complex.pdb,2,50,185,1.8,E,I,3sgb_complex,R0422,L0772,R0422_L0772
4gi3,4gi3_complex.pdb,C:\Users\86198\Desktop\P-P\01_cleaned_protein_pdb\4gi3_complex.pdb,2,57,274,1.75,A,C,4gi3_complex,R0245,L0752,R0245_L0752
4hx3,4hx3_complex.pdb,C:\Users\86198\Desktop\P-P\01_cleaned_protein_pdb\4hx3_complex.pdb,12,112,134,2.7,G,H,4hx3_complex,R0545,L0485,R0545_L0485
1wdw,1wdw_complex.pdb,C:\Users\86198\Desktop\P-P\01_cleaned_protein_pdb\1wdw_complex.pdb,2,248,385,3.0,C,D,1wdw_complex,R0292,L0053,R0292_L0053
2y9m,2y9m_complex.pdb,C:\Users\86198\Desktop\P-P\01_cleaned_protein_pdb\2y9m_complex.pdb,2,115,166,2.6,A,B,2y9m_complex,R0468,L0484,R0468_L0484
1e3u,1e3u_complex.pdb,C:\Users\86198\Desktop\P-P\01_cleaned_protein_pdb\1e3u_complex.pdb,4,243,245,1.66,B,D,1e3u_complex,R0304,L0177,R0304_L0177
